{"type":"FeatureCollection","features":[{"type":"Feature","properties":{"layer":"DP_10","label":"Ward boundary","confidence":"confirmed","NAME":"A"},"geometry":{"type":"Polygon","coordinates":[[[72.82947313366168,18.9129625063827],[72.82697553049516,18.911233911946216],[72.82671459784555,18.910172310902208],[72.82502858791285,18.907338165289268],[72.82221720223772,18.910171909185202],[72.81964780883928,18.90715929207925],[72.8194503070835,18.90730479178042],[72.81864913204494,18.90649651850725],[72.81787375912674,18.907061511584143],[72.81748907764832,18.906535707205627],[72.81768836344057,18.905869643065635],[72.8173724610124,18.905251733781924],[72.81774238948199,18.904414846454902],[72.81745038945468,18.90299928498098],[72.81794583244401,18.90283337698541],[72.8174255637046,18.902319816576835],[72.81873379574441,18.902328591908823],[72.81747203422118,18.902253034919347],[72.81720132375783,18.90138083530796],[72.81726953633763,18.90060461511831],[72.8147180976894,18.897537092628276],[72.81307436883365,18.89514939146561],[72.81246975794242,18.894917626279533],[72.81089961802878,18.89515941164698],[72.81022918789674,18.8946887786338],[72.80991156510193,18.89401613494965],[72.80952318741795,18.893990468184974],[72.80697266696384,18.89589701938103],[72.80477425073445,18.898747191383112],[72.80405186760821,18.900991715468848],[72.80354633897714,18.90410285703483],[72.80360220689006,18.90620350486366],[72.80448788962042,18.909439717692575],[72.80647644682446,18.91264530279226],[72.8099542952751,18.916998111318517],[72.81804093107554,18.92551111801861],[72.8219482593494,18.930251914286238],[72.8233965923116,18.93359724276126],[72.82386584501786,18.93581274512115],[72.82396256477242,18.938703945071016],[72.82354979615367,18.94146370802385],[72.8255989698281,18.941998012326614],[72.82708860671646,18.942789306903567],[72.82885446244386,18.9433178341495],[72.8308719678869,18.945371105971052],[72.83502526791469,18.948472406825594],[72.83771365689647,18.949054029578832],[72.84030270112366,18.948804332344285],[72.84150367083193,18.948991194675415],[72.8468075949199,18.948028844291898],[72.84365916441351,18.935521060468467],[72.84294726698081,18.93557461200289],[72.84424254508988,18.929005106070903],[72.84299133626325,18.92893568915416],[72.84227085025222,18.933083730965567],[72.8412601599929,18.93337423343859],[72.84009393302684,18.932871539540667],[72.84031228976028,18.931062948874082],[72.83752810798876,18.928976886775594],[72.83694133488324,18.929391331291793],[72.83720486585707,18.92877908590883],[72.83632860212866,18.928183970683683],[72.8368648406652,18.9273020044512],[72.83793743946136,18.927718918792685],[72.83839706925103,18.926782914735927],[72.84030703077929,18.927677740746866],[72.83795587216184,18.92649625598499],[72.83882456064171,18.924292252565472],[72.84028724446286,18.921546914783097],[72.84019357012252,18.92138172357979],[72.8404252058125,18.92124766832073],[72.84432060184773,18.925258743338475],[72.84444417718852,18.926080685791977],[72.84469263570932,18.926129156145684],[72.8446364596929,18.925280646056564],[72.84031752845205,18.92068117802397],[72.83951834531301,18.9202525065902],[72.83809842458214,18.920418305517334],[72.83487095386091,18.923599961528637],[72.83426448976294,18.923146125122553],[72.83491551067519,18.92294469271936],[72.83466312509952,18.922267675053014],[72.83490000776443,18.921992048666223],[72.834506501764,18.921642868439346],[72.83422333619758,18.9219276741361],[72.83358996873733,18.92166870608931],[72.83213855721274,18.918493242114955],[72.83283519079153,18.91818855985181],[72.83274778087245,18.91806135529246],[72.83207730494868,18.918129110010945],[72.83187110657886,18.917391971756025],[72.8313735894396,18.91731033951811],[72.82991627747641,18.916087707507344],[72.83051071730961,18.915380999116593],[72.8312373213162,18.91509194004563],[72.82947313366168,18.9129625063827]]]}},{"type":"Feature","properties":{"layer":"DP_10","label":"Ward boundary","confidence":"confirmed","NAME":"C"},"geometry":{"type":"Polygon","coordinates":[[[72.83197689968164,18.961744599359402],[72.8317456615205,18.95944082101736],[72.83218572418477,18.9550543498315],[72.83176396779876,18.95396511576286],[72.83366301423632,18.9474703029831],[72.83089175629449,18.94538846331836],[72.82877686229658,18.943267964976762],[72.82364173586109,18.941486501542066],[72.82171657975366,18.94572550671943],[72.81892459942763,18.949456423847653],[72.82026072220818,18.950650827328953],[72.82530731807073,18.95310570161524],[72.8251037849718,18.954500913821715],[72.82550831057317,18.955150146301673],[72.82504218918535,18.955647761038627],[72.82616024505162,18.958226524900233],[72.82624417024299,18.961555133596626],[72.83197689968164,18.961744599359402]]]}},{"type":"Feature","properties":{"layer":"DP_10","label":"Ward boundary","confidence":"confirmed","NAME":"D"},"geometry":{"type":"Polygon","coordinates":[[[72.79534701594322,18.942874360261044],[72.79516542967663,18.941634306681514],[72.79425618122755,18.93970799535472],[72.79477591472282,18.93971347385671],[72.79330150055596,18.93921205959397],[72.79277515352061,18.939509573089172],[72.79246365873435,18.940030486271006],[72.79338498896648,18.941945376848707],[72.79324534675231,18.942738585650194],[72.79364167133808,18.943801787882638],[72.79281377466312,18.945034907270472],[72.79204726090849,18.945701724926924],[72.79156495879137,18.948846207864957],[72.7918900281302,18.948908053629633],[72.79226569829166,18.95021993419216],[72.79440767281932,18.954466588801566],[72.79940578930841,18.962510356411435],[72.80014010069188,18.96490369865933],[72.80126743520213,18.970983185789695],[72.80177556146452,18.972531489153496],[72.80258347553966,18.97431937976728],[72.8058256372708,18.979288662820547],[72.80777554122609,18.978308396818576],[72.8087109674188,18.97825071311866],[72.80924243650988,18.978823088641796],[72.8096922542537,18.978272685340354],[72.8116031706798,18.978053665732308],[72.82373618976655,18.980489166108807],[72.81874571001923,18.969055363272723],[72.82258091262169,18.968622686364057],[72.8251652756964,18.967959541633107],[72.82448897495424,18.961759976277214],[72.8262470673701,18.96168799938736],[72.82616024505162,18.958226524900233],[72.82503173493615,18.955658853148183],[72.82561203569284,18.95503895135612],[72.82509687621648,18.954458233738556],[72.82541542279728,18.9531408112706],[72.82036643920334,18.95068497253243],[72.81895005263256,18.949474382921352],[72.81770439538606,18.95083242662033],[72.8155204495648,18.952176433270868],[72.81192664586288,18.9539174761995],[72.80913393742735,18.954932867412236],[72.80808180796106,18.954957149366212],[72.80670458235204,18.953381527916367],[72.80741677567208,18.95331030295684],[72.80672557535172,18.95266107613274],[72.8062671324732,18.952708143763005],[72.80597696153478,18.952298824860122],[72.80552726255954,18.952222781567738],[72.80471310746859,18.951225720760828],[72.80437784516577,18.951367994310008],[72.80400398186198,18.950990333748237],[72.80417562382365,18.95074546827332],[72.80278598848673,18.949616433218825],[72.80228547535397,18.948905752376927],[72.80126173485019,18.948284889866976],[72.80055573822567,18.948138341605056],[72.80041161662464,18.94832776974547],[72.79913453280588,18.947403779481323],[72.7980464899287,18.947425179813422],[72.79767312078957,18.946146322404463],[72.79686559062577,18.945448993628204],[72.79545504003994,18.943399941202475],[72.79534701594322,18.942874360261044]]]}},{"type":"Feature","properties":{"layer":"DP_10","label":"Ward boundary","confidence":"confirmed","NAME":"F/S"},"geometry":{"type":"Polygon","coordinates":[[[72.85625422916608,19.010586811850033],[72.86308509967753,19.015218732073446],[72.86309930866508,19.014924970132157],[72.86379101941093,19.015155775197385],[72.86530968156896,19.012927708140282],[72.86619278800603,19.012588935849685],[72.86671399081239,19.01178937787015],[72.86775677123464,19.010991631059667],[72.86791526369987,19.01048724209954],[72.86883212475887,19.00985705512389],[72.86902104493542,19.00852851614008],[72.86939391572082,19.008672127329426],[72.87098901088294,19.004450559486987],[72.86972642640085,19.004882748543118],[72.86884982395546,19.004663528663293],[72.86713526519553,19.003657919400442],[72.86602780989232,19.0043023659477],[72.86572407716774,19.00349226604754],[72.86407654994784,19.002158792002895],[72.86307512805985,19.00187835732766],[72.86102800217868,19.002165868289914],[72.86080599843672,19.000538391741927],[72.86063129795349,19.00056827068315],[72.86038875520714,18.999574850726848],[72.86005635303802,18.9991681982087],[72.86003189691714,18.99817963609861],[72.86089408384464,18.99609874295745],[72.8620388404479,18.995498609599053],[72.8619891728381,18.995284656846465],[72.86067539020513,18.995868589136904],[72.85609463596015,18.99413350900384],[72.85656721297491,18.992557059977244],[72.86118526909783,18.981637809790683],[72.85768291801733,18.978370862206145],[72.85002527032127,18.980015604739506],[72.84671426577708,18.9813704410643],[72.84677216259918,18.981834179170914],[72.84536554237158,18.98244078218097],[72.84413284053197,18.982949560973484],[72.84260679559355,18.983179812224638],[72.84143468787063,18.988048858333016],[72.841241653989,18.988139658244616],[72.83529347796689,18.9884984352037],[72.83317046232312,18.988128475521503],[72.83302028328696,18.989490249719097],[72.83310457032283,18.998340398331003],[72.8336463507387,19.00126028518775],[72.83419625188026,19.002905135016594],[72.83595221121593,19.006758062000504],[72.84284051379852,19.016966054210773],[72.84756268182824,19.013150501218956],[72.8548397351838,19.01117917937189],[72.85495245403604,19.010949475940468],[72.85625422916608,19.010586811850033]]]}},{"type":"Feature","properties":{"layer":"DP_10","label":"Ward boundary","confidence":"confirmed","NAME":"F/N"},"geometry":{"type":"Polygon","coordinates":[[[72.88497844597306,19.00976864424116],[72.8819420135595,19.007502644985685],[72.88072032030055,19.007249650848838],[72.87841165210648,19.006028208311225],[72.87514766504505,19.0058413531768],[72.8727844898768,19.006441530656694],[72.87222038084596,19.006345417159796],[72.87175238087403,19.006101038767554],[72.87098901088294,19.004450559486987],[72.8694192245615,19.008674235405483],[72.86902104493542,19.00852851614008],[72.86883212475887,19.00985705512389],[72.86846149454459,19.010289204854626],[72.86792805679785,19.010454594699812],[72.86775677123464,19.010991631059667],[72.86671399081239,19.01178937787015],[72.86613837304283,19.01262698868167],[72.86530968156896,19.012927708140282],[72.86403140320637,19.014510631698805],[72.86379101941093,19.015155775197385],[72.8631005642778,19.014925452905512],[72.86319166575605,19.015293136590905],[72.85630454876676,19.010530569182865],[72.85495245403604,19.010949475940468],[72.8548397351838,19.01117917937189],[72.84756268182824,19.013150501218956],[72.84284051379852,19.016966054210773],[72.86752565757854,19.052584965841852],[72.86817387727874,19.052213415300237],[72.86858739650816,19.05164492031469],[72.8688695400187,19.051647569037016],[72.86888966871597,19.051412551725956],[72.8709149484007,19.051193048156915],[72.87199249835172,19.049946896606087],[72.87370265541877,19.049897194099835],[72.87586517486076,19.048872456663435],[72.87667963736716,19.049021953266326],[72.87695184728628,19.048500576402123],[72.8780267763825,19.047554089461023],[72.87823176807544,19.0478236404812],[72.87904079585668,19.04785924163911],[72.87951822750159,19.047603659834095],[72.87998717558992,19.04691497947868],[72.87978717487059,19.045641559533713],[72.88072770696422,19.04213360881508],[72.88132828719154,19.036880830630647],[72.88078299651927,19.034599181582426],[72.87878365247158,19.030647533605922],[72.87814729870156,19.028707525650272],[72.87737783286298,19.025576675230347],[72.87729739591865,19.023928440928984],[72.87807717808023,19.021767214473403],[72.8798560829712,19.01940568968289],[72.88386428462798,19.01579661089389],[72.88429634408087,19.014519438885014],[72.88454603607711,19.0116949260535],[72.88497844597306,19.00976864424116]]]}},{"type":"Feature","properties":{"layer":"DP_10","label":"Ward boundary","confidence":"confirmed","NAME":"M/W"},"geometry":{"type":"Polygon","coordinates":[[[72.90391317079977,19.072847182566225],[72.9052151326344,19.071581527882348],[72.90730207976561,19.071959265655927],[72.90767934807293,19.070352357964932],[72.90925052224864,19.070400743193012],[72.90950763310919,19.06951277462725],[72.90986690179794,19.069563824766313],[72.91011275051649,19.06808163681168],[72.91060811411171,19.0675458718001],[72.91173875725283,19.065100082163024],[72.91156383312115,19.065018797400825],[72.91177295858961,19.064946857235007],[72.90763220784832,19.06024558852967],[72.90800001104942,19.06001560316827],[72.90772582921711,19.05973088644214],[72.91237327264753,19.057226712738686],[72.9111150057406,19.055281287792123],[72.91049496370104,19.050708988940745],[72.90934002064698,19.045713485296393],[72.89890674348098,19.04609547350723],[72.89895092880685,19.045029794226256],[72.89867098617042,19.044583998002555],[72.89656395026203,19.04379220738792],[72.89607838088999,19.042428394062195],[72.89528447791709,19.042646892492883],[72.89511265775184,19.041353859517592],[72.89388649678094,19.040941741842985],[72.89471286234496,19.039369864416212],[72.89512543014857,19.036318014008938],[72.89648573284701,19.032454051636478],[72.89682223087188,19.03125021918951],[72.89691745730327,19.029487679161125],[72.89767943562478,19.027491735838872],[72.89846765598354,19.009334167127463],[72.89985606499806,19.008848160351597],[72.90098155533724,19.007963094458123],[72.90534171579263,19.006838277049738],[72.90491058219368,19.003131368409083],[72.90432224906881,19.00296806198987],[72.90425795887252,18.994605402181474],[72.90444525364722,18.99398893061541],[72.9003453439726,18.99521212800057],[72.89581922755244,18.9952084271977],[72.89379984893627,18.994584014118022],[72.8914002766646,18.99436170088883],[72.88982615705459,18.993511157747704],[72.88759569721454,18.99164790248009],[72.88705313800406,18.992442797677224],[72.88662332775552,18.99959574773892],[72.88549641302319,18.999626680453616],[72.88491117028722,19.00120331873052],[72.88337969038382,19.00309773999324],[72.88387502462204,19.008630124580613],[72.88368433697813,19.008807186515632],[72.88497844597306,19.00976864424116],[72.88404801881408,19.015360855112277],[72.88357505363967,19.01617050297794],[72.8796194041572,19.019706381386936],[72.8781196236799,19.02169708580665],[72.87730429262609,19.023838300245135],[72.87737783286298,19.025576675230347],[72.87811068477387,19.028586265941527],[72.87881886079153,19.030729194005662],[72.8808385380016,19.034741031473096],[72.88138156594242,19.037515031156442],[72.88073380655081,19.04211800609346],[72.87980181371084,19.045576839981678],[72.88001845380236,19.046783242001535],[72.87935226571217,19.047738845925256],[72.87829569099947,19.047803765512185],[72.8951812934702,19.07153917826808],[72.89790360989889,19.072027458206453],[72.89922823560089,19.071853479866476],[72.90193436170242,19.072976074699863],[72.90221458995732,19.072804668511974],[72.90285704947763,19.07364367809207],[72.90391317079977,19.072847182566225]]]}},{"type":"Feature","properties":{"layer":"DP_10","label":"Ward boundary","confidence":"confirmed","NAME":"H/W"},"geometry":{"type":"Polygon","coordinates":[[[72.84276163693042,19.090429685745363],[72.83912531355901,19.062138733878864],[72.8392244099795,19.059922119894757],[72.83979545269254,19.057176635060312],[72.84213306865391,19.050931267713157],[72.838423588633,19.04831158868922],[72.83814058726878,19.04826450814173],[72.83795238085857,19.049091634872713],[72.837346965276,19.04952922049001],[72.83379565777128,19.049425831330037],[72.83234398279666,19.04859771767308],[72.82975824274253,19.04605179866006],[72.82976516327501,19.045519625603582],[72.82930659906394,19.04491544628297],[72.82754342007937,19.044207204982023],[72.82485999446912,19.042534484559955],[72.81924165370258,19.04085908694873],[72.81840799744388,19.041786864316485],[72.81807541130226,19.041682896556516],[72.81809980037144,19.042321630701007],[72.81718674100568,19.043012786448987],[72.8174007353236,19.044147140413433],[72.81864041301809,19.045565883590896],[72.82104862366643,19.050332615987898],[72.82194877421816,19.053519234908322],[72.82323661027777,19.054762441796232],[72.8234763106788,19.055868672233725],[72.82373727859266,19.055929484783906],[72.8229353905271,19.05713950564478],[72.82125397539363,19.058127267187505],[72.82117662027647,19.058644671156888],[72.82052646447984,19.058981027685345],[72.82122466747387,19.060253541710615],[72.82160805843365,19.062366790026008],[72.82195104719972,19.06231748051278],[72.8227357473741,19.064575739002514],[72.82275485647611,19.065356041324353],[72.82212390227168,19.0676748883056],[72.82239284478322,19.069516815976243],[72.82178282515493,19.07107348762233],[72.82126159870386,19.07384750318989],[72.82186920523665,19.07483186022146],[72.82139360285232,19.076469968815672],[72.82151469743633,19.077293265007384],[72.82197396631221,19.077578825794063],[72.82271835207925,19.078872401242574],[72.82342097255477,19.079269550664872],[72.82290756942778,19.08171825237547],[72.8226721201661,19.081967916075943],[72.8232175179105,19.082280940886882],[72.82399399100652,19.081036574494913],[72.82588438102694,19.079902554664223],[72.82780476521826,19.081079929510707],[72.82860042164599,19.082681326528476],[72.82979389918125,19.08371029731391],[72.83037264302529,19.085267753594756],[72.83219604033891,19.08483343096391],[72.8325216761708,19.086369670423018],[72.83812470136729,19.08668018317524],[72.83839313642545,19.08971998107656],[72.84155136190107,19.090568325392297],[72.84276163693042,19.090429685745363]]]}},{"type":"Feature","properties":{"layer":"DP_10","label":"Ward boundary","confidence":"confirmed","NAME":"G/N"},"geometry":{"type":"Polygon","coordinates":[[[72.83008605314879,19.02175228423791],[72.83325034104965,19.024829078104332],[72.83469441629573,19.026947254247855],[72.83737786425867,19.033172623108673],[72.8380237414947,19.037277080421006],[72.83727023537136,19.044055315268324],[72.83623049847965,19.046904005951347],[72.8365440118535,19.04790566217348],[72.838423588633,19.04831158868922],[72.84224418877841,19.05096023003334],[72.86005826312999,19.052277413630698],[72.8673767423321,19.05237393070731],[72.83751603540856,19.00911196255491],[72.83595865098526,19.01023295574591],[72.83326676766723,19.012805890442426],[72.8336492199544,19.0133629571855],[72.83206195887037,19.01558012374774],[72.82986884978207,19.016927274596178],[72.83220626392598,19.019853164567984],[72.83110197423426,19.020618669279415],[72.83008605314879,19.02175228423791]]]}},{"type":"Feature","properties":{"layer":"DP_10","label":"Ward boundary","confidence":"confirmed","NAME":"K/W","APPROVAL_NO":"MGC/F/9628 dtd. 09.07.2019","APPROVED_BY":"Mun. Commissioner"},"geometry":{"type":"Polygon","coordinates":[[[72.82284562493489,19.151006886167483],[72.8279937220946,19.15395666781402],[72.82994134578387,19.153102737879276],[72.83290492067488,19.151290866570115],[72.83945429221062,19.1508747072224],[72.84035548556344,19.149855143086608],[72.8433171768629,19.15022991795245],[72.84415221948787,19.14974517615753],[72.84507159536086,19.148723761068855],[72.84555787052858,19.14745443458322],[72.84591164905362,19.147222888297208],[72.84595649385032,19.14652150646584],[72.84653079287939,19.146126046294746],[72.84755811215973,19.14618960101279],[72.84817184430361,19.145568487976043],[72.8484737816254,19.144641399691604],[72.8483574811538,19.143841922671104],[72.84988968646947,19.143561772250777],[72.84717796154344,19.12209232184568],[72.84276958131831,19.09049701751631],[72.84155136190107,19.090568325392297],[72.83827451383497,19.089719767022252],[72.83812470136729,19.08668018317524],[72.8325216761708,19.086369670423018],[72.83221038142526,19.0848643402203],[72.8304069600422,19.085355016917397],[72.82979389918125,19.08371029731391],[72.82835224128779,19.082357533514845],[72.82780476521826,19.081079929510707],[72.82588438102694,19.079902554664223],[72.82399399100652,19.081036574494913],[72.82310058545369,19.082428026697645],[72.82339985084742,19.082912318712467],[72.8231113219263,19.083095140026916],[72.82339019759748,19.083688034609356],[72.82389973020658,19.083687658408643],[72.82413692217935,19.084039559714217],[72.8261525519274,19.088381119135697],[72.82653524320543,19.090627953322024],[72.82627095228837,19.09629290320462],[72.82415475709308,19.102897047521953],[72.82285061725642,19.109866001775995],[72.82139150864909,19.114818632447943],[72.81910770594939,19.1199205021257],[72.81305495792219,19.129862682276656],[72.81139121241603,19.13169010184931],[72.81013577843626,19.13362296933965],[72.80519555135335,19.13882952889461],[72.79485111329359,19.132918434952995],[72.79516423189362,19.131616674800725],[72.79298860398372,19.13070216553307],[72.79181366416309,19.131337405752443],[72.78962169744487,19.131131314058504],[72.78814159581354,19.129875915095027],[72.78720274030373,19.130063327007765],[72.78718985407608,19.13027439952774],[72.78803057546368,19.130426529368936],[72.78765595225688,19.13266407561347],[72.78823654946535,19.13472150515162],[72.78855224867614,19.139278487802905],[72.78813055127154,19.140263868279128],[72.78819884663609,19.141617677990254],[72.78767617865901,19.142120857147862],[72.7886451251392,19.144659810131913],[72.7902982924509,19.144990844652888],[72.79144512105111,19.14488356516317],[72.79352822853687,19.1438644614991],[72.79460868554789,19.14279597393565],[72.79511844015853,19.14262678513703],[72.79505149892127,19.14244314931872],[72.79600937431911,19.142021919905567],[72.79677197611929,19.14214581664974],[72.79814166002087,19.142847448458607],[72.79820355173248,19.139775457038997],[72.80127695500026,19.138627436032007],[72.80402046838135,19.14456546833565],[72.80472927553258,19.147073408503545],[72.80602166074867,19.149945550503016],[72.80974825714851,19.15442829919672],[72.81216696961879,19.15192339342221],[72.81822529679341,19.15653481927921],[72.82035464108704,19.155702833599864],[72.82096548242583,19.154383779895742],[72.82199965768045,19.150536184630678],[72.82284562493489,19.151006886167483]]]}},{"type":"Feature","properties":{"layer":"DP_10","label":"Ward boundary","confidence":"confirmed","NAME":"M/E"},"geometry":{"type":"Polygon","coordinates":[[[72.93773776700824,19.066736322125145],[72.93880699753493,19.064640504549693],[72.94134025763479,19.061417185386496],[72.94229518249844,19.056732210709193],[72.94267363581017,19.056500484078068],[72.94363039823463,19.05643559275518],[72.94912905484233,19.05877993262001],[72.95192151539801,19.062101311966117],[72.95371244660765,19.063386499374925],[72.96051893673491,19.063685798619026],[72.96107282696636,19.062614522720995],[72.9613829071463,19.06092113535058],[72.9619356582387,19.049921896257555],[72.96154790418518,19.04241458387474],[72.96115847847074,19.040234170113987],[72.95956282561119,19.035872524744743],[72.95756424877611,19.03408140823267],[72.9570783009513,19.032829851757814],[72.95670620375581,19.030612651088322],[72.9562464482589,19.02936208411237],[72.95549234321678,19.028272446888746],[72.95113994732576,19.023626027913068],[72.94850120967571,19.021596861755032],[72.92545520430937,19.00558411877281],[72.92342107702096,19.003701900042184],[72.92181876859412,19.003268649320376],[72.91929169848532,19.000449245315924],[72.91744124947782,18.999456716184746],[72.91377648785918,18.998386922875618],[72.9129532635918,18.99739778716477],[72.9118082141606,18.996668868495842],[72.90987964724215,18.995997917523706],[72.90800426518734,18.995890796433304],[72.90674445393647,18.99551377398042],[72.90452528954908,18.994008930381604],[72.90425795887252,18.994605402181474],[72.90432224906881,19.00296806198987],[72.90491058219368,19.003131368409083],[72.90539558065417,19.006724577790287],[72.90108933776304,19.0079061243045],[72.89998353741231,19.008789336344684],[72.89846765598354,19.009334167127463],[72.8976831420366,19.027459973191046],[72.89696130125033,19.029395702170127],[72.89684025452517,19.031161960534675],[72.89648573284701,19.032454051636478],[72.89512543014857,19.036318014008938],[72.89473738985919,19.03927844821745],[72.89388649678094,19.040941741842985],[72.89519272533997,19.041419555574443],[72.89528447791709,19.042646892492883],[72.89602081311925,19.042379150275945],[72.89650399163159,19.043721519576625],[72.89874810410338,19.04465939784912],[72.89895092880685,19.045029794226256],[72.89882823460331,19.04608665534939],[72.9092471260672,19.04571701383855],[72.91049496370104,19.050708988940745],[72.91108406382733,19.055171954417503],[72.9123540578506,19.057199347787424],[72.90784088634634,19.05967766987823],[72.90800001104942,19.06001560316827],[72.90765943292173,19.060402897653365],[72.91178623356204,19.064942290532866],[72.91156383312115,19.065018797400825],[72.91640852893023,19.066543726186577],[72.9191758618226,19.067925975770294],[72.91977302878915,19.068704805639182],[72.92097458657479,19.07364238918843],[72.92151895188019,19.074558031831923],[72.92221689075868,19.075061871736118],[72.92443673861862,19.075880440169918],[72.92567409586755,19.076005963007013],[72.92710905429672,19.07597251054401],[72.929149529373,19.075487075444144],[72.93243397652866,19.073330877645816],[72.93491246247002,19.07116480996075],[72.93647005696361,19.069127844231453],[72.93773776700824,19.066736322125145]]]}},{"type":"Feature","properties":{"layer":"DP_10","label":"Ward boundary","confidence":"confirmed","NAME":"E"},"geometry":{"type":"Polygon","coordinates":[[[72.84677216259918,18.981834179170914],[72.84657841382901,18.981428776755866],[72.85011523195887,18.979984192548518],[72.85004924177322,18.978956286734164],[72.85566206135033,18.977821797413732],[72.85528707660248,18.976684327530617],[72.84997096640893,18.977794738106905],[72.84955597532374,18.977545362643554],[72.84940063841265,18.976674516595214],[72.84957129184392,18.97644534054815],[72.85109666274393,18.976133278499027],[72.85146604013987,18.976564944489596],[72.85586494095608,18.97565996373373],[72.85590483041739,18.97537801884954],[72.855444801141,18.974572225670943],[72.85103652267813,18.975494673723958],[72.85092992733261,18.975061310231013],[72.8498855807934,18.975188435034816],[72.84977326968614,18.974717147366157],[72.85411089132141,18.973683159949307],[72.85370472043287,18.972087067516405],[72.85329789123512,18.972108513556563],[72.85335388948405,18.972469822435],[72.852103440385,18.972799014151153],[72.84898365262957,18.973429202719778],[72.84888301764538,18.973273756327156],[72.84875131732484,18.97271147077799],[72.84983934970515,18.972426640304157],[72.84977313171534,18.972191473039295],[72.84933384694413,18.972309320403987],[72.84925002450167,18.970979991501963],[72.84947444544073,18.97096098561341],[72.8490842669394,18.97027210700387],[72.85300062201244,18.969719606412124],[72.85297908338325,18.969291786409254],[72.85072271044649,18.969435682073268],[72.85113781371763,18.969263250240942],[72.85115576183577,18.96889326761742],[72.85215308627185,18.96871534795202],[72.85229654777638,18.967807685263363],[72.85141102294718,18.967834530119106],[72.85118609662098,18.967018740905843],[72.85038234387117,18.96716175702453],[72.8504149156547,18.96634064699657],[72.84982710483948,18.96633665185428],[72.84977868740101,18.966037820696993],[72.85005405787548,18.965986530742832],[72.8493755678258,18.96339541163271],[72.84767160164131,18.963750849686072],[72.84746976635647,18.963478689069873],[72.8467498965699,18.963629061716365],[72.84543606458102,18.96331059195676],[72.84441823057693,18.96344431980159],[72.83934916447211,18.96449847494512],[72.83881613714087,18.965107811687318],[72.83812333471766,18.964270550696813],[72.83737570231041,18.96259355038335],[72.83526158062908,18.962522167013343],[72.83438423377257,18.962132740422277],[72.831989691488,18.961872856572384],[72.82448897495424,18.961759976277214],[72.8251652756964,18.967959541633107],[72.82258091262169,18.968622686364057],[72.81878095028041,18.969001237290904],[72.8237361903741,18.98048916611596],[72.82635537935431,18.981005400722037],[72.82649061074949,18.981384884192718],[72.82705510226087,18.98142207588235],[72.83312155534274,18.988119194489425],[72.83569087224852,18.988498139044555],[72.84139196006664,18.988123344943354],[72.84272073405343,18.983162217033545],[72.84407746031447,18.982951561446836],[72.84677216259918,18.981834179170914]]]}},{"type":"Feature","properties":{"layer":"DP_10","label":"Ward boundary","confidence":"confirmed","NAME":"B"},"geometry":{"type":"Polygon","coordinates":[[[72.84456460599567,18.96342340112095],[72.84486135517871,18.963584349880634],[72.84530055257565,18.963277613815652],[72.84662396794243,18.96365536686813],[72.84746976635647,18.963478689069873],[72.84767160164131,18.963750849686072],[72.8493755678258,18.96339541163271],[72.84799996634683,18.957959028457797],[72.849605580836,18.95737852416291],[72.85058074510394,18.957909880550233],[72.85078237761255,18.95880245892576],[72.85106082058743,18.958761617779444],[72.85082383005948,18.957736415304765],[72.84980619381504,18.95726626698419],[72.84951838283868,18.9558702755301],[72.84910496112481,18.955962433708073],[72.8494351846508,18.957301625232375],[72.84795472407988,18.957772014127652],[72.84719656110909,18.95470934200559],[72.8467530251479,18.954265436988074],[72.84713217055013,18.954142656073557],[72.84667377162054,18.95395125957801],[72.84687832721681,18.953430340089085],[72.84632849968769,18.952005914083024],[72.84668495066288,18.951970898913945],[72.84618545200732,18.950569723074455],[72.8465047864715,18.950439742081585],[72.8468075949199,18.948028844291898],[72.84230550012036,18.948935515475096],[72.84030270112366,18.948804332344285],[72.83778137141076,18.949062921733777],[72.83487863573235,18.948420701351367],[72.83366301423632,18.9474703029831],[72.83176396779876,18.95396511576286],[72.83218572418477,18.9550543498315],[72.8317456615205,18.95944082101736],[72.83197689968164,18.961744599359402],[72.83299167465663,18.962074299475024],[72.83435254707595,18.962128015533228],[72.83535210021805,18.962533633878525],[72.83740395314781,18.962608907877144],[72.83808395671178,18.96420668935932],[72.83881613714087,18.965107811687318],[72.83944136193794,18.96446981969618],[72.84456460599567,18.96342340112095]]]}},{"type":"Feature","properties":{"layer":"DP_10","label":"Ward boundary","confidence":"confirmed","NAME":"H/E"},"geometry":{"type":"Polygon","coordinates":[[[72.86573117303537,19.0541280332586],[72.86355847496749,19.052333142580807],[72.86005826312999,19.052277413630698],[72.84224418877841,19.05096023003334],[72.84184435037047,19.051580127573917],[72.83973026433917,19.05742381275548],[72.8392244099795,19.059922119894757],[72.83912531355901,19.062138733878864],[72.84276163693042,19.090429685745363],[72.8433307991373,19.090369392828467],[72.84371906238296,19.090636039166373],[72.84587697315685,19.089753962039318],[72.84618630690049,19.089551770150823],[72.84620481714337,19.08922418929787],[72.84789853401794,19.08942456356683],[72.84863039747997,19.089024478365033],[72.84896135340145,19.089171295629544],[72.84938805306584,19.08881712277937],[72.85002501514126,19.08956377038193],[72.85220305042387,19.09120434656989],[72.85606425246586,19.092625818604553],[72.85787403183458,19.094425213691267],[72.86033929978288,19.093048158869685],[72.85769813849453,19.08874299143764],[72.85918418703154,19.088434718156],[72.85915813573888,19.087915930419005],[72.85975410984904,19.08737326046812],[72.85930846965763,19.083931639088846],[72.85846313078822,19.082039591585353],[72.85882335073381,19.082082635019926],[72.85976315075749,19.08385171689833],[72.86040229465016,19.083754410021786],[72.8610179245325,19.082356879322457],[72.86153190289568,19.081846205991503],[72.8620502590811,19.081700018865206],[72.86294075090666,19.081812299793587],[72.864078028326,19.082398893080263],[72.86448576751536,19.082828363152803],[72.86467799594452,19.08351549218711],[72.865023227975,19.083593823728823],[72.86642844511785,19.082447362144446],[72.86850574579225,19.082455477675175],[72.87590260497869,19.078873425029574],[72.874926684236,19.077497849806463],[72.87235564405972,19.07628757886582],[72.87187384285681,19.07498493783088],[72.87219814537556,19.073142595675822],[72.87333540083544,19.071924764017],[72.87369084038963,19.071177135360177],[72.87312821751082,19.068676267146483],[72.87316756921196,19.066476761372485],[72.87343633497774,19.065208228242767],[72.87320227744256,19.064358784485417],[72.87139038819632,19.061546602399897],[72.87128133639729,19.060513301560338],[72.86958708012374,19.057501782986332],[72.86573117303537,19.0541280332586]]]}},{"type":"Feature","properties":{"layer":"DP_10","label":"Ward boundary","confidence":"confirmed","NAME":"R/S"},"geometry":{"type":"Polygon","coordinates":[[[72.90105172127681,19.20114443030537],[72.90168232175333,19.19956920449426],[72.90239469655329,19.199394511251644],[72.90235762236013,19.19725122305782],[72.90146862503242,19.19636999985577],[72.90032263946709,19.191536706658],[72.90018820155785,19.18510180333301],[72.89739074609948,19.189204189984846],[72.89567511311809,19.190540671232377],[72.89108099206398,19.19119274962017],[72.88708096394087,19.192477952802914],[72.88278386391025,19.192455689116702],[72.87884107632121,19.192971346171095],[72.87680109789838,19.192853399549293],[72.87460674740338,19.193475055152067],[72.87415178274414,19.193945141552245],[72.8695396489402,19.19370915635921],[72.86818536391733,19.193918448896998],[72.86700018993184,19.193545449292927],[72.86476110526583,19.193430040412856],[72.86411435252758,19.19107715545752],[72.86146722126799,19.19157285537878],[72.859840611619,19.193371433233555],[72.86034487432372,19.194678805549696],[72.85642709656557,19.19434709239527],[72.85510026176058,19.193696698215707],[72.85367927106583,19.19389327972523],[72.85359823489323,19.195737632354742],[72.85404383273271,19.195841086532113],[72.85371189241609,19.198814060774044],[72.85352868784864,19.198891371387486],[72.85112356572077,19.198781985578673],[72.8505601059426,19.19487138547763],[72.84752718176345,19.19491881752173],[72.8471566438162,19.19498320713506],[72.84719223254481,19.195349578172166],[72.84672707021386,19.19546320502586],[72.84523472330639,19.195378827814807],[72.845115827961,19.196312789929912],[72.84450554341817,19.196379304161834],[72.84259310873587,19.199393963424534],[72.84126836232568,19.199703739731547],[72.83975731512696,19.20042703537517],[72.83701794094782,19.200670906021525],[72.83593168717134,19.200996607386553],[72.8319578667159,19.199277014672642],[72.83168918445314,19.198925221707906],[72.83185776411193,19.198220771608785],[72.83065057881558,19.196263907883985],[72.82910769463342,19.197704559764666],[72.82941327314381,19.199107427108885],[72.8285489091626,19.19967835963938],[72.82742633682918,19.201593459219417],[72.8230136257274,19.20451153316895],[72.82283365032094,19.20498533022803],[72.81663235209537,19.20437595434711],[72.81432435094182,19.204797578901296],[72.81092074060084,19.20650179451637],[72.8110664888194,19.20825765948957],[72.81039103099211,19.20805869176298],[72.81043760199307,19.208597011277675],[72.80946989756933,19.208548379902204],[72.8085963241177,19.209693470848663],[72.80890323373445,19.210768989947272],[72.80792200885962,19.211939533221134],[72.80423845221677,19.213047374875952],[72.80338593547046,19.213501396778753],[72.80360612468355,19.21414376500543],[72.81261756810491,19.214733819941795],[72.82097570726677,19.215607943801178],[72.82852301422645,19.215308510921425],[72.83577610657778,19.215382266808028],[72.8382572036128,19.215100801524194],[72.84189843308093,19.213117435078747],[72.84478798763496,19.212320208603206],[72.84626975036865,19.21215090709851],[72.8482422746008,19.21244229583001],[72.85115569292509,19.213855053616076],[72.85148722154905,19.21353894016089],[72.85359705582799,19.213906367669118],[72.85625018543534,19.212985806596095],[72.85743892271486,19.212892386911],[72.86347971153891,19.21307026635521],[72.86920152149352,19.21455371393438],[72.87758128607987,19.21444589732841],[72.87819260889154,19.214111939790474],[72.88205678746465,19.217322760427695],[72.88632672419094,19.21588269234163],[72.88920030135745,19.215283154771694],[72.8888795875758,19.213211008629113],[72.88931272355828,19.211502447697406],[72.89054919771716,19.210713684987077],[72.89412705693432,19.21067239315704],[72.8939681394188,19.20892833126202],[72.89432022752975,19.208541629608884],[72.89653463813205,19.208592158224917],[72.89768065425108,19.208978135855745],[72.89806277796608,19.207118395662114],[72.89976831346424,19.20442241583641],[72.90061823575226,19.2034875496395],[72.90118653707592,19.202117471744018],[72.90105172127681,19.20114443030537]]]}},{"type":"Feature","properties":{"layer":"DP_10","label":"Ward boundary","confidence":"confirmed","NAME":"T"},"geometry":{"type":"Polygon","coordinates":[[[72.93548305139751,19.199987993369568],[72.93532960550496,19.19399744601051],[72.93702278157687,19.19182902360909],[72.93952513732916,19.1894857428902],[72.94133433313445,19.188157338779828],[72.94193996398872,19.187386105338188],[72.9428766581672,19.187853197808263],[72.94343917256468,19.18759681390714],[72.94496806221522,19.1880811186626],[72.94672743617274,19.18802037119093],[72.94681499249683,19.187763063894874],[72.94729022616093,19.18763536023904],[72.94754121785653,19.187815129933128],[72.94960591004393,19.187075302911133],[72.95008135209976,19.18665613331446],[72.9500438036466,19.185992091852924],[72.95130464463338,19.18505272599755],[72.95441351247501,19.184778199099277],[72.95445952863847,19.18517011284514],[72.95488563158352,19.185198671714343],[72.95585571009408,19.18421672976651],[72.95578659122168,19.183330799357247],[72.9565578472134,19.18276438811715],[72.95802076327084,19.182552397891236],[72.95834739233145,19.182152835674447],[72.95865735595045,19.181686556567875],[72.95862202507594,19.18080917748347],[72.95901873004074,19.180814621199875],[72.95956044797028,19.180207423841946],[72.95939399520898,19.179420371941607],[72.95974658170044,19.17931440871705],[72.95975011568142,19.179061602123102],[72.96017344649982,19.1789000830959],[72.96049845218685,19.179114824491485],[72.96106223770373,19.17887073579862],[72.9615820735518,19.179478874636786],[72.96173235600361,19.179391055186148],[72.96185673745718,19.179010733456934],[72.96254952259972,19.178425242695884],[72.96255793215138,19.17761813440132],[72.96378391139652,19.176670320306222],[72.96574477900697,19.177143835288163],[72.96696913926746,19.17795059202733],[72.9680255669806,19.1779136462948],[72.96815560211499,19.17689945969257],[72.9686761083285,19.17591337642282],[72.97022132685433,19.175555356781338],[72.97091601519787,19.176089809585942],[72.97186129806563,19.17870284228328],[72.97267617016874,19.17853360254198],[72.97295376220104,19.178351765865962],[72.97270259685808,19.177306916130874],[72.97356837550089,19.177196465737854],[72.97355389409901,19.176810366200527],[72.97599290086552,19.17348510116832],[72.98064462537259,19.16771272561083],[72.97939025278215,19.159667302429106],[72.97904144972641,19.15268739721999],[72.97823646660049,19.14772333384048],[72.97689425692052,19.14281452670796],[72.97199349673025,19.131668360134153],[72.96371487532778,19.13288798703985],[72.96103858962057,19.132917041929254],[72.95885800858707,19.134715908069605],[72.95763024824869,19.13668762265715],[72.95681600191013,19.138662295292793],[72.95665410820187,19.14106357902916],[72.95681206205838,19.14247528718468],[72.95716129288128,19.14332050226311],[72.95822485164024,19.144568029823848],[72.96134606993104,19.146289553673046],[72.96185864798025,19.147284696106507],[72.96150411806941,19.148531829224584],[72.96116882520944,19.148876104459124],[72.95827815340517,19.150164111663695],[72.95624129219631,19.15023716915611],[72.95468132940229,19.15129842510795],[72.95692737970694,19.15468015100664],[72.94723280436959,19.15698719244086],[72.94663081597048,19.157816008858525],[72.94697640518896,19.15973219868326],[72.94641725517023,19.160636043642235],[72.94382912170437,19.16189049340017],[72.93927899617773,19.16362155598145],[72.93706188319733,19.163907573238923],[72.93122818003222,19.167205966929266],[72.92963264820392,19.166600308990667],[72.92869708570244,19.16651501870806],[72.92901821138138,19.165269845385453],[72.92872683031088,19.165313802967777],[72.92887809280396,19.164211985765267],[72.92866184585604,19.163264645157945],[72.9289811436394,19.16283404595791],[72.92850309024354,19.15939595669043],[72.92868656174021,19.157865383919752],[72.92803409212316,19.156238509715518],[72.92723833815988,19.155503895254753],[72.92744129781364,19.153919181176636],[72.92672342871703,19.153064967562706],[72.92601849979133,19.153109917322688],[72.92548996282113,19.152763494662395],[72.92510741933168,19.15201573828564],[72.92478445869038,19.152038214663634],[72.92405477516307,19.150852181425368],[72.92404629938575,19.149531507165978],[72.92296509442207,19.146297762563474],[72.92164264912408,19.144613032376903],[72.92066689301785,19.144063146875258],[72.91844632951445,19.140869902579418],[72.91812938347087,19.14140489244672],[72.91625806229071,19.141309182980343],[72.91392081997252,19.14179467032579],[72.91353518564432,19.14127136003138],[72.91287560557909,19.141168584179365],[72.91272229746015,19.140448523075545],[72.91183445073432,19.140244365765636],[72.91073157922011,19.140593883998708],[72.9101436991145,19.140115370682327],[72.91022418643747,19.13975768091387],[72.9078918008716,19.13874424992248],[72.90722336481055,19.138867663923516],[72.90738586506215,19.139331070489764],[72.90696028425026,19.14026075502763],[72.90662827802095,19.140304735190366],[72.90620046455655,19.139725958682487],[72.90478093254639,19.14034560795665],[72.90470274879425,19.141936229547884],[72.90424546216144,19.1419310150544],[72.90195940579534,19.14053622764628],[72.90159827683539,19.14041359538425],[72.90117818039089,19.14064288567461],[72.9006270267824,19.139707234729926],[72.90019943615411,19.13981088744888],[72.89978468514506,19.139349831922093],[72.89900959731901,19.14089457384536],[72.89636773680076,19.141887828887345],[72.89550107141703,19.142577423903187],[72.89463038173928,19.142611505846673],[72.89442314813692,19.14209034492528],[72.8941399072735,19.1420044364891],[72.89422340454996,19.1427606261155],[72.89533769557586,19.14520544367396],[72.89498977654482,19.147295086815067],[72.89298481380717,19.15067715274961],[72.89311367073856,19.15232797305893],[72.89359136462733,19.153159001689144],[72.89352281643173,19.15357300950417],[72.8926677940436,19.154119382454493],[72.89016699902915,19.156506873188583],[72.8894130080358,19.156848107530504],[72.89045643400145,19.15763254255659],[72.89046886093222,19.159889566687006],[72.89102576331095,19.16025826155521],[72.89155143414474,19.16026685104132],[72.8924382723112,19.163037513846714],[72.89247544652375,19.16429368931348],[72.8970485311781,19.17359872431738],[72.89932886041763,19.17608851114425],[72.90024326191006,19.179834850222182],[72.89999187394444,19.18326322732272],[72.90032263946709,19.191536706658],[72.90146859988714,19.196369895511108],[72.90235762236013,19.19725122305782],[72.90239469655329,19.199394511251644],[72.90390175389665,19.199343776566163],[72.9050051668574,19.199614501367453],[72.90531235741885,19.198399156242353],[72.90647188761487,19.19860837545857],[72.90892970042755,19.20238071266513],[72.9101687426747,19.207595403240386],[72.9133000297904,19.208079159542436],[72.91486052554379,19.210172686919414],[72.9167179243718,19.21538341266402],[72.91721176154232,19.216166327025082],[72.92008898748898,19.216933497652484],[72.92229102297136,19.21639445087466],[72.92615901231513,19.21352435431429],[72.9275650437222,19.211693537840592],[72.93098476636187,19.211228234043645],[72.93296306044766,19.207109229186184],[72.93550950300882,19.20549931096646],[72.93548305139751,19.199987993369568]]]}},{"type":"Feature","properties":{"layer":"DP_10","label":"Ward boundary","confidence":"confirmed","NAME":"N"},"geometry":{"type":"Polygon","coordinates":[[[72.9166989658595,19.109110321211137],[72.91610244009685,19.108640657128344],[72.91552395188376,19.107657210601374],[72.91564123238619,19.106961375029723],[72.91606867615918,19.106353927091185],[72.91591202073838,19.10502868449266],[72.91655734780105,19.104861234099136],[72.91994670010216,19.10242436158057],[72.9237800392997,19.107772087999845],[72.92545548795182,19.110659916794763],[72.9266524809585,19.111039395641978],[72.93313783264061,19.10880437702262],[72.93402100623463,19.110655056967907],[72.93461734997027,19.11086651296161],[72.93633873444847,19.113082590074892],[72.9412824433157,19.114108957348158],[72.9429258907532,19.114758472241206],[72.94536538608861,19.114591489707184],[72.94852294519552,19.11170004339639],[72.94932500337924,19.11121970831008],[72.95182355234232,19.11083155605954],[72.96239555828957,19.10776746046331],[72.96119627254815,19.103474499956192],[72.96106552681509,19.10173667766841],[72.9597374143218,19.097355559259036],[72.95879261146102,19.092676706895023],[72.95824210449439,19.08803268648377],[72.95786137007961,19.08121435194799],[72.95674377914564,19.077723478737905],[72.95842956905177,19.06818374566353],[72.95892536891571,19.06648312186403],[72.96051893673491,19.063685798619026],[72.9537345970001,19.06339048441389],[72.95192151539801,19.062101311966117],[72.94912905484233,19.05877993262001],[72.94363039823463,19.05643559275518],[72.94271473255131,19.05647539617913],[72.94229518249844,19.056732210709193],[72.94134025763479,19.061417185386496],[72.93880699753493,19.064640504549693],[72.93682857137591,19.068515576190396],[72.93576386359756,19.07011152969033],[72.93323777864093,19.072663747855557],[72.93059256203883,19.07459317035961],[72.929149529373,19.075487075444144],[72.92710905429672,19.07597251054401],[72.92443673861862,19.075880440169918],[72.92312439261099,19.07549367581507],[72.92151895188019,19.074558031831923],[72.92100560029644,19.07377301341179],[72.91975791813532,19.068565485952494],[72.9191758618226,19.067925975770294],[72.91640852893023,19.066543726186577],[72.91302875650847,19.065322556561675],[72.91173875725283,19.065100082163024],[72.91060811411171,19.0675458718001],[72.91011275051649,19.06808163681168],[72.90987089240195,19.06952443761455],[72.90950763310919,19.06951277462725],[72.90925052224864,19.070400743193012],[72.90767934807293,19.070352357964932],[72.907347953107,19.071871946722702],[72.90535455677214,19.071607058311873],[72.90285704947763,19.07364367809207],[72.90226957329887,19.07277103716829],[72.90193436170242,19.072976074699863],[72.89922823560089,19.071853479866476],[72.89790360989889,19.072027458206453],[72.89525485115664,19.071576890417944],[72.89277231128696,19.068244785596193],[72.89106167133643,19.068427766937404],[72.89144943463077,19.072412528142586],[72.89387480093069,19.08098470730551],[72.89375104718495,19.083350596279526],[72.89272556809269,19.084999266134304],[72.89441853094384,19.08571684439357],[72.89417452912231,19.08667875219555],[72.894623309687,19.088476816170573],[72.89434913831158,19.090973343362595],[72.89488478724742,19.091336898141506],[72.89497407553807,19.092284661053462],[72.89570360916196,19.09213388417104],[72.89594382912934,19.09157941664556],[72.89674086302036,19.09162590128113],[72.89838739645941,19.092589161563634],[72.89916865427547,19.09334935015867],[72.89957587311304,19.093823541701653],[72.89970146134509,19.094551786410925],[72.89934035496499,19.095765322533605],[72.89876318539297,19.09601773666609],[72.89968725006764,19.09899372077226],[72.90069874090547,19.09956860003311],[72.90098772931599,19.100385431411077],[72.90198585051068,19.101396211819694],[72.90364205006352,19.10232799581326],[72.90388892340732,19.10279207008518],[72.90459050957523,19.103270929849803],[72.90500772388341,19.104595844014607],[72.9069808264171,19.10732145257275],[72.90835494875519,19.10840873096249],[72.90904576599422,19.108298373792774],[72.90978074430606,19.108631231377785],[72.91330247492432,19.110652593158527],[72.91408934892122,19.111812130649984],[72.91521243642929,19.115155440230176],[72.91635477333571,19.115500482561288],[72.91830352390673,19.117047269392355],[72.91845931930453,19.1108119699475],[72.91762073994242,19.11057794740101],[72.9166989658595,19.109110321211137]]]}},{"type":"Feature","properties":{"layer":"DP_10","label":"Ward boundary","confidence":"confirmed","NAME":"P/S"},"geometry":{"type":"MultiPolygon","coordinates":[[[[72.78218692718472,19.132483429274583],[72.78138375046736,19.132609768580355],[72.78042474753813,19.13368643746223],[72.78047108013322,19.134503180476326],[72.78152021929175,19.13525041126324],[72.78313277142634,19.134535300075523],[72.7835747849842,19.133588414476307],[72.78284409775239,19.13257297482829],[72.78218692718472,19.132483429274583]]],[[[72.83770290243146,19.179329348306368],[72.84163713130741,19.179236930206827],[72.84476939279753,19.17888506345948],[72.84618420009274,19.1781540077407],[72.8484628267978,19.177784085718002],[72.85049703720352,19.176420852773038],[72.85141895870203,19.176279864281675],[72.85669850100356,19.177484325037348],[72.85715067644725,19.175865646219286],[72.8578660162878,19.175364054092945],[72.85937801446882,19.17540044843149],[72.85947101811718,19.174412536919377],[72.86668920120748,19.17583690470966],[72.86900395780322,19.17556094973629],[72.87403265550115,19.175965404123556],[72.87474967711228,19.170448717584502],[72.87736407865209,19.166383387805404],[72.87854848215821,19.16528559348523],[72.87969944654715,19.164779896299553],[72.8887407014228,19.16315380200329],[72.89051238009974,19.163855289539345],[72.89238286108194,19.16410069477644],[72.89247552000616,19.163176761995402],[72.89155143414474,19.16026685104132],[72.89102585302372,19.160258262874656],[72.89046886093222,19.159889566687006],[72.89045652761486,19.15763254796767],[72.88941301858428,19.156848115166927],[72.890163700342,19.156510081858478],[72.8926677940436,19.154119382454493],[72.89345789370937,19.153729021320917],[72.89359136462733,19.153159001689144],[72.8931715057193,19.152455225025026],[72.89298481380717,19.15067715274961],[72.89498977654482,19.147295086815067],[72.89528408177154,19.144903645791263],[72.89425883021545,19.142833873394704],[72.8941399072735,19.1420044364891],[72.89345839632244,19.1420903440844],[72.89463179959697,19.139940786822635],[72.89463386361507,19.139279815966535],[72.89310746539155,19.13709232845786],[72.89196781598137,19.136406463431683],[72.8909251995793,19.136147014167616],[72.89071562309786,19.135640237706163],[72.88558384285587,19.137577115935308],[72.88524603287124,19.136854373339673],[72.87883008898476,19.13796464784172],[72.87867572823767,19.138782765536256],[72.8781981691978,19.139577612421476],[72.87780555323606,19.138789194292375],[72.87736048240083,19.138563314597185],[72.87655958669596,19.138727137405034],[72.87595788247468,19.137810263033764],[72.87472032492771,19.137582954633995],[72.87445346008305,19.138388980175293],[72.87532819095333,19.138524287457525],[72.87089979445685,19.139548018344623],[72.86560209151784,19.141117462038334],[72.86387739584184,19.14129883680695],[72.86250823275185,19.141955996056538],[72.86064012039932,19.141992881924295],[72.85704877897305,19.14160500072602],[72.85525888009377,19.14194338759503],[72.85419146363154,19.142508361501108],[72.85273713464932,19.14248021729579],[72.85251459235587,19.14326566957031],[72.8483574811538,19.143841922671104],[72.8484737816254,19.144641399691604],[72.84801181714639,19.145776436111074],[72.8473768525095,19.14626400337759],[72.8465162777088,19.146122251023957],[72.84585590170478,19.14657929323077],[72.84596487708771,19.14718630832312],[72.84555787052858,19.14745443458322],[72.84508797202413,19.148699058758154],[72.84415221948787,19.14974517615753],[72.8432472127727,19.15024841158065],[72.84038348503411,19.149859072528727],[72.83982464814812,19.150271009291806],[72.83958102287477,19.150798860235433],[72.83926581505273,19.150877830265607],[72.83300142243431,19.1512704861895],[72.83231300433206,19.15150532217687],[72.82994134578387,19.153102737879276],[72.8279937220946,19.15395666781402],[72.82200161108138,19.15052891685441],[72.82096548242583,19.154383779895742],[72.82035464108704,19.155702833599864],[72.81822529679341,19.15653481927921],[72.81216696961879,19.15192339342221],[72.80974912652657,19.154427206610094],[72.81090703478858,19.155863822146358],[72.82503168595659,19.169629783542522],[72.82575514390153,19.172661520034726],[72.82723371039722,19.174408666852834],[72.82870172718927,19.175412075956853],[72.82930386111654,19.176419925811686],[72.82963844156411,19.17848852540049],[72.83491418998284,19.17872515297239],[72.83647227404529,19.17976243492023],[72.83770290243146,19.179329348306368]]]]}},{"type":"Feature","properties":{"layer":"DP_10","label":"Ward boundary","confidence":"confirmed","NAME":"P/N"},"geometry":{"type":"Polygon","coordinates":[[[72.87723130199923,19.16658753064866],[72.87475153966246,19.1704489998693],[72.87403451811039,19.17596568642132],[72.86900582039394,19.1755612320839],[72.86677299964231,19.17584413498491],[72.85947544424758,19.174357310584934],[72.85937987703088,19.17540073087511],[72.8577636515994,19.17539658693127],[72.85721001001725,19.175799504516867],[72.85688532282639,19.177263545675103],[72.85662494412055,19.177491068393866],[72.85146501257756,19.1762790262833],[72.85049889975201,19.17642113530651],[72.84855985482348,19.177748556548384],[72.84632798636807,19.17811309705975],[72.84484753671096,19.178865506499903],[72.84169757459289,19.17923795750282],[72.83753156404573,19.1793457341384],[72.83678321759265,19.179758135211028],[72.83633359765312,19.17975522505591],[72.83497579437406,19.178739062957938],[72.82976431878544,19.178497173316657],[72.82930572360553,19.176420208556916],[72.82870358966541,19.175412358707018],[72.82723557285813,19.174408949616588],[72.82575700633893,19.17266180281137],[72.82503354835843,19.169630066323105],[72.81090889699841,19.15586410505306],[72.8060235228793,19.14994583345203],[72.80473113762785,19.147073691462303],[72.80402233044694,19.144565751298735],[72.80127881699254,19.138627719015997],[72.79821098084294,19.13973339378616],[72.79800789148794,19.14279911525725],[72.79677383813765,19.14214609968248],[72.79601324777002,19.142021699875695],[72.7951618322818,19.142397355754117],[72.79503676921142,19.142746623516448],[72.7946171899851,19.142796042189033],[72.79308820194007,19.144155368185636],[72.79149991034409,19.144862462547273],[72.79030015448235,19.144991127753272],[72.7886469871623,19.14466009324844],[72.78898401365416,19.145567761271927],[72.78914617415828,19.147892277946525],[72.7887277059734,19.149750940492673],[72.78808472425156,19.15117627018925],[72.78664888638511,19.15300855179385],[72.78447612815566,19.154394245030634],[72.7842666124775,19.156194569514415],[72.78377529536839,19.15736487397555],[72.78265325278227,19.15794432181149],[72.78171786571379,19.157897727248926],[72.78233447349902,19.159006446826336],[72.78356426430423,19.15947877923937],[72.78379634464987,19.159795981985617],[72.78374845746283,19.160672061359634],[72.78319224544553,19.16208060058252],[72.78126384758315,19.164069243178822],[72.78112236512423,19.165204101079972],[72.78185318554063,19.167129555202067],[72.78400777302409,19.166983685978593],[72.78488595720665,19.16632137849845],[72.78612879968396,19.16654382404524],[72.78736096757476,19.16769083304367],[72.78864446593107,19.169841425811757],[72.79051824551269,19.171010692358514],[72.79249713228789,19.171395457052043],[72.79315739660655,19.171853587196463],[72.79606377868049,19.18002052212364],[72.79574180038074,19.183300307435925],[72.79621887222858,19.187537325003003],[72.79538782667703,19.1907228358117],[72.79655535676801,19.19362383887887],[72.79656182596958,19.19488007854536],[72.79640453793903,19.19616626596542],[72.79295535702902,19.195586890430345],[72.79128267823714,19.193512535089823],[72.78974042816382,19.193110087913734],[72.78762620823925,19.194001950309165],[72.78393860833107,19.193235237015617],[72.7831159152579,19.193817345975898],[72.78234829235303,19.19386661739856],[72.78166873542307,19.1945455348223],[72.78157550806392,19.195032082443642],[72.782412711178,19.197336530863673],[72.78265445059266,19.199892319973337],[72.78332583726979,19.200722230741412],[72.78496345257062,19.200751020647417],[72.7857468357284,19.20200404934193],[72.78584347013943,19.202880288747703],[72.78542506803463,19.204453794348712],[72.78375789072318,19.206218097630316],[72.7820297182574,19.206766333558548],[72.78121604981533,19.206614810425737],[72.78051565181723,19.20617936667389],[72.78008442293651,19.206418120892895],[72.78045619241789,19.20901489031903],[72.78037562492547,19.210233804137037],[72.78127283511158,19.21195251817163],[72.78153498078797,19.21394817986883],[72.78147444968106,19.21526899408111],[72.78080573452222,19.217253378805896],[72.780293707906,19.21792827852635],[72.78104112779093,19.218469528093323],[72.78029323574373,19.219009839471724],[72.78011037322551,19.219670180470786],[72.78142675332269,19.22028036393021],[72.78101041540808,19.222750612246596],[72.78190548621663,19.223306817022547],[72.78217469997772,19.224237245919788],[72.78253853258917,19.224270774018873],[72.78288000267828,19.22464023372109],[72.78431364233919,19.22496783094278],[72.79482557527386,19.225610263580947],[72.79518183975524,19.224975778768652],[72.79628856229442,19.224371459766207],[72.79839278259016,19.224463027980995],[72.80055610172873,19.22355811556736],[72.80407346070761,19.222715308893573],[72.80659493355671,19.221081984760414],[72.80697958624783,19.22040976719399],[72.80717366063494,19.219336562194318],[72.80603234025924,19.21720219518319],[72.80455271321117,19.217017046652387],[72.80439619794812,19.21677675454483],[72.80338779829707,19.213501679823324],[72.80424031504074,19.213047657911513],[72.80791989123504,19.211940821534107],[72.808833193613,19.21084617891115],[72.80859818691683,19.209693753836937],[72.80938527578604,19.20864990714904],[72.80959887516273,19.208406873207924],[72.81001717014357,19.208713434012477],[72.81043946478525,19.20859729424633],[72.81039340568002,19.20806406320278],[72.81106287832392,19.208256329003053],[72.81092260337114,19.206502077477943],[72.81432621370284,19.204797861826965],[72.81663360835175,19.2043761803093],[72.82283551310809,19.20498561306875],[72.82300713595392,19.20453358862959],[72.82739801689532,19.201613588971064],[72.82857639996766,19.199620626684865],[72.82941395032093,19.199113853460915],[72.82910955735753,19.197704842534794],[72.83065244152807,19.196264190637105],[72.8318596268495,19.198221054351954],[72.83169377157263,19.19891299250388],[72.83202481029865,19.199363910111934],[72.83593354995115,19.20099689009194],[72.83701980372706,19.200671188715727],[72.8397591779112,19.200427318041676],[72.84259497151663,19.199394246061562],[72.84449700566441,19.196398238972268],[72.84509932929801,19.196440773548236],[72.84522100986972,19.195511150880286],[72.84719409529367,19.195349860758878],[72.84715850656092,19.194983489721732],[72.84752904450849,19.194919100104613],[72.85050108314904,19.19483147576482],[72.85116206248112,19.198930750719075],[72.85365558704716,19.19889773920703],[72.8541067332276,19.195894960458013],[72.8536076754449,19.19545747726564],[72.85365192061276,19.1939080422162],[72.8551021245133,19.19369698072154],[72.85629936906238,19.194344274605317],[72.85816826445195,19.194653396702765],[72.85850730016756,19.194497765196633],[72.860346737102,19.194679088004122],[72.8598104521429,19.19351190007979],[72.86121796166047,19.191762856660787],[72.86404590868455,19.190984267881277],[72.86488970777566,19.1934184684629],[72.8680656885443,19.19370748057642],[72.8680462602699,19.193929601882484],[72.8695805735416,19.193699010751352],[72.87399450080194,19.193956393546056],[72.87467807944532,19.19345413386083],[72.87670249112603,19.192862853132812],[72.87884074502719,19.192971915222707],[72.88275181816812,19.192460405681896],[72.88703830506806,19.19247794507961],[72.89108285488933,19.191193031763436],[72.89566946053868,19.190541563686086],[72.89733807044657,19.189246694392068],[72.90019006434102,19.185102085378848],[72.900019495377,19.181302156712455],[72.9002671892099,19.179927739075918],[72.89933072309857,19.1760887931893],[72.89707702589119,19.17362822867347],[72.89238286614929,19.16410070292791],[72.89051424262082,19.1638555716597],[72.88893631055917,19.163146752427753],[72.88544184266405,19.16368487575113],[72.8794352096638,19.164849241141773],[72.8782706886174,19.16548783931572],[72.87723130199923,19.16658753064866]]]}},{"type":"Feature","properties":{"layer":"DP_10","label":"Ward boundary","confidence":"confirmed","NAME":"R/C"},"geometry":{"type":"Polygon","coordinates":[[[72.78986012398909,19.261473068411235],[72.7961020941845,19.262225240144744],[72.79972220512737,19.26226888467623],[72.8008909560358,19.261082857106654],[72.80035506783352,19.26040207841526],[72.80085023146616,19.259539197261216],[72.80080648985958,19.25882320150922],[72.80166286287249,19.259060882391],[72.80260566792182,19.258822388251158],[72.8035369967765,19.258245899939798],[72.80784359108965,19.254991884854093],[72.81273115698524,19.250115609762137],[72.81483348488344,19.248373369822968],[72.81651847040297,19.247222445316694],[72.81822710618562,19.246689718705195],[72.82720354001418,19.24497300739331],[72.82917654131793,19.247188616771457],[72.83496392924057,19.24952036489043],[72.84416923881314,19.241594162389394],[72.84842243604365,19.23869435501069],[72.84984434265456,19.23809465944624],[72.855171579493,19.23777396476676],[72.85764898712435,19.237229011943388],[72.85850123924222,19.237428078072206],[72.8592138837764,19.239275961384376],[72.8597933785417,19.239406208747912],[72.86101337546525,19.23889199089333],[72.86293872844112,19.237405853219663],[72.8641599047126,19.237243925706483],[72.86435267344483,19.23849597764937],[72.86705558785329,19.23846261964597],[72.86863943720635,19.238035745477823],[72.87027804451255,19.23796251992457],[72.87766304403486,19.23897620238],[72.89358256592178,19.249444678012352],[72.8986994520629,19.247942963299217],[72.90102818780768,19.241451987361256],[72.90879199843332,19.23280196313396],[72.90948191430252,19.22924073105703],[72.91009231933816,19.228703109875646],[72.9109748164174,19.22604088879182],[72.90991066833551,19.21849124471933],[72.90824511452547,19.216870690258343],[72.90745130069318,19.21046611617584],[72.9101687426747,19.207595403240386],[72.90898522504315,19.202468501247953],[72.90658114048483,19.198667390457434],[72.90531235741885,19.198399156242353],[72.90509116727105,19.19957724563599],[72.9033539285437,19.19929927269856],[72.90177770169099,19.199486649380827],[72.90104716915934,19.201074721425066],[72.90121849326539,19.20197802817656],[72.90061823575226,19.2034875496395],[72.89983787771331,19.20432105050311],[72.89806277796608,19.207118395662114],[72.89780275663453,19.208871991226598],[72.89744622823153,19.20901487927711],[72.89667791970315,19.208600972822875],[72.89503841333632,19.20844592095954],[72.89416107867685,19.20859357313792],[72.89396958443226,19.209111175097217],[72.89423212356114,19.2104226614817],[72.89391835451681,19.21076320027667],[72.89229097380975,19.210543734345126],[72.89128774604339,19.21079746843377],[72.89054919771716,19.210713684987077],[72.88931272355828,19.211502447697406],[72.8888795875758,19.213211008629113],[72.88920030135745,19.215283154771694],[72.88632672419094,19.21588269234163],[72.88205678746465,19.217322760427695],[72.87819991032248,19.214113529698157],[72.87683265386597,19.214457454441792],[72.86920152149352,19.21455371393438],[72.86347971153891,19.21307026635521],[72.85743892271486,19.212892386911],[72.85625018543534,19.212985806596095],[72.85359705582799,19.213906367669118],[72.85148722154905,19.21353894016089],[72.85115569292509,19.213855053616076],[72.8482422746008,19.21244229583001],[72.84626975036865,19.21215090709851],[72.84478798763496,19.212320208603206],[72.84189843308093,19.213117435078747],[72.8382572036128,19.215100801524194],[72.83577610657778,19.215382266808028],[72.82852301422645,19.215308510921425],[72.82097570726677,19.215607943801178],[72.81261756810491,19.214733819941795],[72.80360612468355,19.21414376500543],[72.8045508503423,19.21701676361564],[72.80603047738411,19.21720191216105],[72.80717179773292,19.219336279181263],[72.80698951509889,19.220388876359408],[72.80659307063695,19.2210817017397],[72.80407159777687,19.222715025845822],[72.8005542387986,19.223557832483465],[72.79839091965611,19.22446274487444],[72.79628669936736,19.2243711766387],[72.79523466854465,19.22488005549028],[72.79482469372726,19.22560910609192],[72.78498788574821,19.225044104604127],[72.78288419052899,19.224647338745093],[72.7825366697023,19.224270490753813],[72.78217283709225,19.224236962651126],[72.78190362334225,19.223306533752194],[72.78100780418892,19.22281368552362],[72.78142483742292,19.22028042945057],[72.78010851039659,19.219669897186463],[72.78029137292162,19.219009556189985],[72.78103926497268,19.218469244819648],[72.77998141971526,19.217934398308316],[72.7790687999133,19.219153402799922],[72.77906882250814,19.220446893296955],[72.77830061080202,19.220432178914145],[72.77769257867274,19.221681972479892],[72.77677591436763,19.222150435619547],[72.77677179785157,19.22299001809905],[72.77639018710754,19.223560802175793],[72.77633295148993,19.224945148869892],[72.77658059163562,19.225948237666994],[72.77781712648012,19.226525512435092],[72.7806410165372,19.231011439904783],[72.77968143303191,19.23547680687471],[72.77908225304147,19.236978919791742],[72.77941183884877,19.238014964806947],[72.78027136998571,19.238564176932307],[72.7811555399158,19.24046572502556],[72.7810088851116,19.243047315501826],[72.78254915155985,19.247791515421827],[72.7830892207939,19.250288927063146],[72.78311558279654,19.253267999459872],[72.78271456192041,19.25586536466924],[72.78166799280366,19.259664810695824],[72.78179354933323,19.259879814281987],[72.78298975335989,19.26007730784498],[72.78424712916576,19.26209519942139],[72.78452216441303,19.26313543644116],[72.78403540149026,19.26430875893739],[72.78415754835868,19.26477786264366],[72.78831116042664,19.2632059888968],[72.78986012398909,19.261473068411235]]]}},{"type":"Feature","properties":{"layer":"DP_10","label":"Ward boundary","confidence":"confirmed","NAME":"K/E"},"geometry":{"type":"Polygon","coordinates":[[[72.88477156534931,19.129537893464942],[72.88437514178747,19.129394075051906],[72.88421523846719,19.128919034064474],[72.88436186381551,19.12806752566697],[72.88513947457984,19.127424026538687],[72.88648004395593,19.127123732408823],[72.88752958306841,19.122793159359727],[72.88858005602219,19.121921805506727],[72.88852442883234,19.12149115072478],[72.88663299797518,19.120668222089407],[72.8858288434295,19.118392130027917],[72.88615949553724,19.116068710579814],[72.88732048498822,19.114057205322773],[72.88667138113242,19.11304702058391],[72.88587473234513,19.11269650396691],[72.88598743654296,19.112493345680218],[72.8852690970546,19.11163102237662],[72.88535763975369,19.111015731951277],[72.88695614571486,19.109841162522223],[72.88705656404927,19.109247412584587],[72.88634332266584,19.10723793443203],[72.88410851858644,19.10554127920336],[72.88410915607409,19.104644673558],[72.88363868943232,19.10382104672772],[72.88319784294258,19.103753762152273],[72.88193399901665,19.1028894710665],[72.88036102138875,19.10241314390583],[72.87913205795208,19.09975018785497],[72.87895251940027,19.098933184490747],[72.87909397319252,19.09855461547521],[72.8799628001829,19.098480616717342],[72.88055992002118,19.09812275872534],[72.88095059942037,19.09665121329157],[72.88076020393316,19.09607940668725],[72.8794817079127,19.094544838676036],[72.87869635541472,19.094257357738382],[72.87829398927106,19.09329371239999],[72.87845087809939,19.091960177345715],[72.8789002418601,19.091076590219046],[72.87871554065562,19.090879213423513],[72.87923990622302,19.090344680972603],[72.87875585631505,19.08844501064411],[72.87916214222098,19.085979225271167],[72.8762588470857,19.08616816806482],[72.87600435777932,19.084745449284704],[72.8701233954918,19.08172556883336],[72.8683151563297,19.08251167484536],[72.86657409421056,19.082411883310556],[72.8649220424497,19.08364574399346],[72.8646169849785,19.08348293006458],[72.86448576751536,19.082828363152803],[72.864078028326,19.082398893080263],[72.86294075090666,19.081812299793587],[72.86168865008958,19.08176128189442],[72.86073748962819,19.082721202836165],[72.86040229465016,19.083754410021786],[72.85985329796623,19.083875601550535],[72.85882335073381,19.082082635019926],[72.85846313078822,19.082039591585353],[72.85928377475858,19.08385401969941],[72.85975410984904,19.08737326046812],[72.85915813573888,19.087915930419005],[72.85917514774866,19.088289436987537],[72.85769813849453,19.08874299143764],[72.86033929978288,19.093048158869685],[72.8593449437469,19.09374587871783],[72.85787403183458,19.094425213691267],[72.85606425246586,19.092625818604553],[72.85220305042387,19.09120434656989],[72.84938805306584,19.08881712277937],[72.84908502388687,19.089142017572183],[72.84852709848748,19.08903885116664],[72.84789853401794,19.08942456356683],[72.84620481714337,19.08922418929787],[72.84618630690049,19.089551770150823],[72.84587697315685,19.089753962039318],[72.84376446830794,19.09067891237363],[72.84341542083472,19.090383821485656],[72.84281273829431,19.090422936555584],[72.84988968646947,19.143561772250777],[72.852398121211,19.143290865438114],[72.85272462817854,19.14251957496778],[72.85431254704457,19.14250180131767],[72.85525888009377,19.14194338759503],[72.85704877897305,19.14160500072602],[72.86063021826111,19.14199229030277],[72.86250823275185,19.141955996056538],[72.86387739584184,19.14129883680695],[72.86587810671062,19.14105662606361],[72.87089069240358,19.139550590600948],[72.87538300345321,19.138535367156518],[72.87445346008305,19.138388980175293],[72.87472032492771,19.137582954633995],[72.87595788247468,19.137810263033764],[72.8764513730237,19.138631041171884],[72.87736048240083,19.138563314597185],[72.87773745707258,19.13875463483519],[72.87805718841574,19.13948342332773],[72.87834736087068,19.139557256378453],[72.87883008898476,19.13796464784172],[72.88524603287124,19.136854373339673],[72.88558384285587,19.137577115935308],[72.89063670091613,19.13563682978952],[72.8895405556123,19.134076714302957],[72.88916627219774,19.132800958541075],[72.88858517881035,19.132210872783048],[72.88871441233898,19.13120503751417],[72.88688582758763,19.130075556569192],[72.8863950070098,19.129428521117774],[72.88477156534931,19.129537893464942]]]}},{"type":"Feature","properties":{"layer":"DP_10","label":"Ward boundary","confidence":"confirmed","NAME":"L"},"geometry":{"type":"Polygon","coordinates":[[[72.88814793995253,19.127913320255317],[72.88992629756984,19.126584496084888],[72.89207590009043,19.125392862305755],[72.89573103499136,19.12454880260534],[72.89587593916117,19.12146835986836],[72.89607357073538,19.121006532922955],[72.89833954484065,19.120101472067212],[72.90316689784555,19.1175527998138],[72.90331755475759,19.116910173438843],[72.9044868371912,19.115271696301583],[72.90431602814223,19.114100214474913],[72.90454830207506,19.11198503960038],[72.90628346300919,19.11135395393921],[72.90671379755774,19.110958608788664],[72.90762828135226,19.109393328790105],[72.90800999594065,19.10813679948892],[72.90679456739211,19.107168338107332],[72.90500772388341,19.104595844014607],[72.90459843562316,19.103276218631404],[72.9036596486013,19.10236443610466],[72.90198585051068,19.101396211819694],[72.90098772931599,19.100385431411077],[72.90058509379796,19.099448706384912],[72.89968725006764,19.09899372077226],[72.8987936007214,19.096097456900733],[72.89934035496499,19.095765322533605],[72.89970146134509,19.094551786410925],[72.89957587311304,19.093823541701653],[72.89838739645941,19.092589161563634],[72.89674086302036,19.09162590128113],[72.89594382912934,19.09157941664556],[72.89570360916196,19.09213388417104],[72.89497407553807,19.092284661053462],[72.89488478724742,19.091336898141506],[72.89440823126377,19.091055497100044],[72.89462232026084,19.088417245803758],[72.89418237163933,19.086737531441088],[72.89441853094384,19.08571684439357],[72.89267139879318,19.085083777661097],[72.89375104718495,19.083350596279526],[72.89385585115627,19.080881828679942],[72.89144943463077,19.072412528142586],[72.89121938165353,19.07040619627536],[72.89106196729769,19.0684299399224],[72.89271297947172,19.068168265345882],[72.87812172567804,19.04766329190297],[72.87695184728628,19.048500576402123],[72.87663417255702,19.04902909446778],[72.87595465886605,19.048854346901898],[72.87370265541877,19.049897194099835],[72.87204746209706,19.049966802370378],[72.87095812389587,19.051169086705688],[72.86895315859927,19.05131647838621],[72.86798850888681,19.05233996571198],[72.86355847496749,19.052333142580807],[72.86951768778336,19.05740129220331],[72.87128133639729,19.060513301560338],[72.87139038819632,19.061546602399897],[72.87292652083626,19.06377772163438],[72.87339532501325,19.064932563368096],[72.87312821751082,19.068676267146483],[72.87369087689893,19.071174273936286],[72.872040123373,19.07352133428935],[72.87197141785857,19.075418655144542],[72.87256069941128,19.076482576499217],[72.874926684236,19.077497849806463],[72.87584076187535,19.078750362697253],[72.8701102465304,19.081697996562283],[72.87600435777932,19.084745449284704],[72.8762588470857,19.08616816806482],[72.87916214222098,19.085979225271167],[72.87875585631505,19.08844501064411],[72.87923990622302,19.090344680972603],[72.87871554065562,19.090879213423513],[72.8789002418601,19.091076590219046],[72.87845087809939,19.091960177345715],[72.87829398927106,19.09329371239999],[72.87869635541472,19.094257357738382],[72.87973888884855,19.094786488624226],[72.88076020393316,19.09607940668725],[72.88095059942037,19.09665121329157],[72.88055992002118,19.09812275872534],[72.8790131365603,19.09870669372604],[72.87913205795208,19.09975018785497],[72.88036102138875,19.10241314390583],[72.88193399901665,19.1028894710665],[72.88353922447462,19.10379421468997],[72.88410915607409,19.104644673558],[72.88410851858644,19.10554127920336],[72.88490450457395,19.1063029974626],[72.88594613103218,19.10676182289284],[72.88650744038159,19.107666000094692],[72.88707378273506,19.10955979404511],[72.88535763975369,19.111015731951277],[72.8852690970546,19.11163102237662],[72.88598743654296,19.112493345680218],[72.88587473234513,19.11269650396691],[72.88667138113242,19.11304702058391],[72.88732048498822,19.114057205322773],[72.88615949553724,19.116068710579814],[72.885845172488,19.118576087722523],[72.88663299797518,19.120668222089407],[72.88852442883234,19.12149115072478],[72.88857320314818,19.121816479087904],[72.88752958306841,19.122793159359727],[72.88651085709564,19.12702922961254],[72.88460814396996,19.12768319452461],[72.88422889816964,19.128438820685243],[72.88640842043792,19.129178410295626],[72.88814793995253,19.127913320255317]]]}},{"type":"Feature","properties":{"layer":"DP_10","label":"Ward boundary","confidence":"confirmed","NAME":"S"},"geometry":{"type":"Polygon","coordinates":[[[72.93437917049316,19.165361921596947],[72.93698291228371,19.1639411964521],[72.93927899617773,19.16362155598145],[72.94382912170437,19.16189049340017],[72.94641725517023,19.160636043642235],[72.94697640518896,19.15973219868326],[72.94663081597048,19.157816008858525],[72.94723280436959,19.15698719244086],[72.95692737970694,19.15468015100664],[72.95468132940229,19.15129842510795],[72.95624129219631,19.15023716915611],[72.95827815340517,19.150164111663695],[72.96116882520944,19.148876104459124],[72.96150411806941,19.148531829224584],[72.96185864798025,19.147284696106507],[72.96134606993104,19.146289553673046],[72.95822485164024,19.144568029823848],[72.95716129288128,19.14332050226311],[72.95681206205838,19.14247528718468],[72.95665410820187,19.14106357902916],[72.95681600191013,19.138662295292793],[72.95763024824869,19.13668762265715],[72.95885800858707,19.134715908069605],[72.96103858962057,19.132917041929254],[72.96371487532778,19.13288798703985],[72.97199026405204,19.131661070839026],[72.96959297375356,19.12566139155609],[72.96732937305477,19.118935023798063],[72.96608070902481,19.11622792012584],[72.9642206881051,19.11313094054038],[72.96243977580016,19.107896131283777],[72.95182355234232,19.11083155605954],[72.94940010927853,19.1111806933924],[72.94852294519552,19.11170004339639],[72.94536538608861,19.114591489707184],[72.9429258907532,19.114758472241206],[72.9412824433157,19.114108957348158],[72.93633873444847,19.113082590074892],[72.93461734997027,19.11086651296161],[72.93407004590254,19.11077570994677],[72.93317211556159,19.10880770257879],[72.9266524809585,19.111039395641978],[72.92549782479333,19.110752165363554],[72.9237800392997,19.107772087999845],[72.91994670010216,19.10242436158057],[72.91655734780105,19.104861234099136],[72.91600017636836,19.105020763630517],[72.91610136118264,19.106313768688295],[72.91550361070566,19.10740032124833],[72.91630185088798,19.10897131018532],[72.9166989658595,19.109110321211137],[72.91762073994242,19.11057794740101],[72.91845931930453,19.1108119699475],[72.91830352390673,19.117047269392355],[72.91635477333571,19.115500482561288],[72.91521243642929,19.115155440230176],[72.91408934892122,19.111812130649984],[72.91330247492432,19.110652593158527],[72.90978074430606,19.108631231377785],[72.90904576599422,19.108298373792774],[72.90835494875519,19.10840873096249],[72.90800999594065,19.10813679948892],[72.90762828135226,19.109393328790105],[72.90671379755774,19.110958608788664],[72.90628346300919,19.11135395393921],[72.90454830207506,19.11198503960038],[72.90431602814223,19.114100214474913],[72.9044868371912,19.115271696301583],[72.90335707285978,19.116861302774442],[72.90316689784555,19.1175527998138],[72.89833954484065,19.120101472067212],[72.89608736094118,19.120960821052122],[72.89587593916117,19.12146835986836],[72.89573103499136,19.12454880260534],[72.89307782601003,19.125027639357402],[72.8918673570882,19.12549634288959],[72.88992629756984,19.126584496084888],[72.88640842043792,19.129178410295626],[72.88422836409221,19.128457592128445],[72.88421523846719,19.128919034064474],[72.88437514178747,19.129394075051906],[72.88477156534931,19.129537893464942],[72.8863950070098,19.129428521117774],[72.8868052746173,19.129962310801673],[72.88871441233898,19.13120503751417],[72.8885219907451,19.131313947664314],[72.88858517881035,19.132210872783048],[72.88916627219774,19.132800958541075],[72.88950465232472,19.134030398029992],[72.89051713657511,19.135221419273392],[72.8909251995793,19.136147014167616],[72.89184047692807,19.136345460199347],[72.89306641813995,19.137013624449636],[72.89462932224933,19.139267257444907],[72.89463179959697,19.139940786822635],[72.89345839633346,19.142090343217408],[72.89442314813692,19.14209034492528],[72.8944856448436,19.142610500485656],[72.89540057772565,19.142633653508327],[72.89636773680076,19.141887828887345],[72.89892604648587,19.140946798251154],[72.89978468514506,19.139349831922093],[72.90019943615411,19.13981088744888],[72.9006270267824,19.139707234729926],[72.90117818039089,19.14064288567461],[72.90159827683539,19.14041359538425],[72.90193535499913,19.140520700575678],[72.90411590682369,19.14194709923938],[72.90455798604953,19.14194043533956],[72.90476979839276,19.141748200126337],[72.90478093254639,19.14034560795665],[72.90616201636838,19.13967600020528],[72.90654270298154,19.140184779754907],[72.90696028425026,19.14026075502763],[72.90736227230528,19.13932523275216],[72.90722336481055,19.138867663923516],[72.9078918008716,19.13874424992248],[72.91031038257248,19.139676823843352],[72.9100301781854,19.140026535911996],[72.91073157922011,19.140593883998708],[72.91183445073432,19.140244365765636],[72.91272229746015,19.140448523075545],[72.91287560557909,19.141168584179365],[72.91353518564432,19.14127136003138],[72.91392081997252,19.14179467032579],[72.91625806229071,19.141309182980343],[72.91812938347087,19.14140489244672],[72.91844632951445,19.140869902579418],[72.92066689301785,19.144063146875258],[72.92164264912408,19.144613032376903],[72.92296509442207,19.146297762563474],[72.92404629938575,19.149531507165978],[72.92409226215585,19.15093491789996],[72.92478445869038,19.152038214663634],[72.92510741933168,19.15201573828564],[72.92543290263974,19.15268176319807],[72.92601849979133,19.153109917322688],[72.92658692972877,19.153069767417506],[72.92744129781364,19.153919181176636],[72.92720458890437,19.155455731820478],[72.928057832892,19.156305321880364],[72.92868656174021,19.157865383919752],[72.92849270606496,19.159264255131482],[72.9289811436394,19.16283404595791],[72.92866184585604,19.163264645157945],[72.92887809280396,19.164211985765267],[72.92869199954707,19.165222899272056],[72.92901821138138,19.165269845385453],[72.92869708570244,19.16651501870806],[72.92949485781813,19.166554120694688],[72.93062765792999,19.167114011930085],[72.9313402098484,19.16718984068421],[72.93437917049316,19.165361921596947]]]}},{"type":"Feature","properties":{"layer":"DP_10","label":"Ward boundary","confidence":"confirmed","NAME":"R/N"},"geometry":{"type":"Polygon","coordinates":[[[72.85492988203683,19.269947047239064],[72.85573439359871,19.26957496278467],[72.85683254654629,19.269703748913436],[72.85690137340464,19.268641423893353],[72.85763527268588,19.2686834809744],[72.85918953565762,19.268201235691567],[72.86117488519,19.266685607387416],[72.86198860051464,19.26674432462619],[72.86248864807594,19.267041628068345],[72.86263774679684,19.267785898861142],[72.86303145877476,19.267700313055],[72.86308387558941,19.267259063705083],[72.86428533258167,19.266584281102183],[72.86464540736785,19.266029612874398],[72.86618557143511,19.26658127290672],[72.86632663755489,19.26631420256794],[72.86593532299993,19.264663561049222],[72.86712696893967,19.262957808019827],[72.8688447898832,19.26115071384081],[72.86890684594746,19.261950557685505],[72.86935773190375,19.26209291063507],[72.86989511904119,19.26161790171895],[72.86981540864188,19.26061107636603],[72.87010502331509,19.261077333452427],[72.87186969542579,19.261251764624856],[72.87404261752998,19.26060744647986],[72.87505908250607,19.260726724805124],[72.87598351002327,19.260496012663033],[72.87765411108965,19.258786183525224],[72.87865425146573,19.256806787847733],[72.88015539753356,19.25582302822785],[72.88179536800322,19.254227818346575],[72.88484712873975,19.253278694025678],[72.88866898970971,19.249868420024978],[72.89357850640992,19.249445227557903],[72.8776630660633,19.238976051177435],[72.87027804451255,19.23796251992457],[72.86863943720635,19.238035745477823],[72.8671595089285,19.238446315963834],[72.86435267344483,19.23849597764937],[72.8641599047126,19.237243925706483],[72.86293872844112,19.237405853219663],[72.86086773351784,19.238960189968687],[72.8597933785417,19.239406208747912],[72.8592138837764,19.239275961384376],[72.85863390958292,19.237479975479918],[72.85775984345766,19.237237879080023],[72.855171579493,19.23777396476676],[72.84984434265456,19.23809465944624],[72.84901333405321,19.23835159803946],[72.84416923881314,19.241594162389394],[72.83496392924057,19.24952036489043],[72.83859942924987,19.25203856958791],[72.83617168993706,19.255060424221956],[72.83578023412554,19.258626531885863],[72.83695599067691,19.26339605600686],[72.83864563933648,19.265866919843575],[72.83980761497023,19.266739310480663],[72.8407631147755,19.267206415879933],[72.84204741439211,19.267435661666546],[72.84556193319057,19.26693461326202],[72.84707618844887,19.267341921715477],[72.85080794537105,19.269896211264623],[72.85267738323354,19.269915115256996],[72.85388310370872,19.270175719816],[72.85492988203683,19.269947047239064]]]}},{"type":"Feature","properties":{"layer":"DP_10","label":"Ward boundary","confidence":"confirmed","NAME":"G/S","APPROVAL_NO":"MCP/7950 dtd. 24.07.2023","APPROVED_BY":"Mun. Commissioner"},"geometry":{"type":"Polygon","coordinates":[[[72.82209938428639,19.017677013398355],[72.8227364473166,19.017570112533747],[72.82471656334431,19.018190043724783],[72.82830168188279,19.020273420727218],[72.83008605314879,19.02175228423791],[72.83108765118874,19.020631719847792],[72.83217365630753,19.019876536830385],[72.82986884978207,19.016927274596178],[72.83206195887037,19.01558012374774],[72.8336492199544,19.0133629571855],[72.83326676766723,19.012805890442426],[72.83595865098526,19.01023295574591],[72.83751603540856,19.00911196255491],[72.8350970583007,19.0051503897878],[72.83334137004371,18.999903800690355],[72.83302191356631,18.996401939178988],[72.83313351995864,18.988121836562154],[72.82709838829359,18.98147108524986],[72.82649061074949,18.981384884192718],[72.82635537935431,18.981005400722037],[72.81171489487726,18.978061073447424],[72.8095923849722,18.978280335426227],[72.8092955206682,18.978702663129873],[72.80852796689398,18.978198231897412],[72.80777554122609,18.978308396818576],[72.8058256372708,18.979288662820547],[72.80941318927455,18.985462954262964],[72.81140946242638,18.99118771286963],[72.81185288618404,18.993181376593142],[72.81187155916842,18.995901651472128],[72.811268016869,18.998175369375357],[72.81137150363242,19.00148328658159],[72.81328356690476,19.004982182445374],[72.81448329999304,19.008625706984493],[72.81639696487633,19.01195178807959],[72.81670992301068,19.01305748918772],[72.81644224733903,19.014859531354993],[72.81582016669174,19.016262433962822],[72.81533235809181,19.024015223511253],[72.81403359041794,19.026677569316746],[72.81464088092432,19.02687864636008],[72.81640547621423,19.02536012552634],[72.81737187347215,19.02398536647727],[72.81888531477429,19.022876242904747],[72.81924876389616,19.023068406582844],[72.8185785639652,19.02210159932455],[72.81899065137264,19.019425578935788],[72.81957563055815,19.018661823585195],[72.82057482352391,19.01841885657016],[72.82090435076057,19.01781763162776],[72.82209938428639,19.017677013398355]]]}},{"type":"Feature","properties":{"layer":"DP_72","label":"MBPT Boundary (Mumbai Port Trust)","confidence":"confirmed","ID":0,"DPMASTER.MBPT_BOUNDARY.AREA":9118.48046875},"geometry":{"type":"Polygon","coordinates":[[[72.85301108807933,18.99803875043851],[72.85147908874792,18.998171150716637],[72.85145373577845,18.997936397854932],[72.85119092089275,18.997924869068346],[72.85015485095151,18.998155920160837],[72.8504193740965,18.998674979910653],[72.85067194440461,18.99872815603652],[72.85151388468131,18.998387680617835],[72.85307789776701,18.998268654843244],[72.85301108807933,18.99803875043851]]]}},{"type":"Feature","properties":{"layer":"DP_72","label":"MBPT Boundary (Mumbai Port Trust)","confidence":"confirmed","ID":0,"DPMASTER.MBPT_BOUNDARY.AREA":13454.20019531},"geometry":{"type":"Polygon","coordinates":[[[72.84110797713679,18.964304270546936],[72.8413056712372,18.965195837611464],[72.8422249412274,18.965097244447744],[72.84230323203141,18.96406136068684],[72.84110797713679,18.964304270546936]]]}},{"type":"Feature","properties":{"layer":"DP_72","label":"MBPT Boundary (Mumbai Port Trust)","confidence":"confirmed","ID":0,"DPMASTER.MBPT_BOUNDARY.AREA":28353.09960938},"geometry":{"type":"Polygon","coordinates":[[[72.85384184155286,18.997529950606857],[72.85334000265632,18.9963641159432],[72.85301042553226,18.99612399154277],[72.85373810583998,18.999560009629224],[72.85398721569143,18.99992489078724],[72.85477148936,19.000127838548185],[72.85384184155286,18.997529950606857]]]}},{"type":"Feature","properties":{"layer":"DP_72","label":"MBPT Boundary (Mumbai Port Trust)","confidence":"confirmed","ID":0,"DPMASTER.MBPT_BOUNDARY.AREA":5895.18994141},"geometry":{"type":"Polygon","coordinates":[[[72.82460580923033,18.91572243753112],[72.82516751786785,18.915078381971956],[72.82458690867114,18.91472281191068],[72.82416927198611,18.915093616672205],[72.82460580923033,18.91572243753112]]]}},{"type":"Feature","properties":{"layer":"DP_72","label":"MBPT Boundary (Mumbai Port Trust)","confidence":"confirmed","ID":0,"DPMASTER.MBPT_BOUNDARY.AREA":4658.14990234},"geometry":{"type":"Polygon","coordinates":[[[72.8433427811129,18.963801147509326],[72.84301816778786,18.96386642373578],[72.84305677041412,18.96404171504694],[72.8432517131252,18.96478704533854],[72.8435751034421,18.964806411099733],[72.84366021383165,18.964438550098098],[72.8433427811129,18.963801147509326]]]}},{"type":"Feature","properties":{"layer":"DP_72","label":"MBPT Boundary (Mumbai Port Trust)","confidence":"confirmed","ID":0,"DPMASTER.MBPT_BOUNDARY.AREA":5761},"geometry":{"type":"Polygon","coordinates":[[[72.85049082468984,18.992395644095673],[72.85013132424338,18.99209230231978],[72.85121563330601,18.993253407924588],[72.85289261017164,18.995939784451206],[72.85318891981603,18.996095021150325],[72.85218161333329,18.994100241527843],[72.85049082468984,18.992395644095673]]]}},{"type":"Feature","properties":{"layer":"DP_72","label":"MBPT Boundary (Mumbai Port Trust)","confidence":"confirmed","ID":0,"DPMASTER.MBPT_BOUNDARY.AREA":13538.5},"geometry":{"type":"Polygon","coordinates":[[[72.84726298361656,18.990924610430213],[72.84815378452629,18.99079315846935],[72.8460892365668,18.98915285264588],[72.84670169650491,18.990533726875174],[72.84726298361656,18.990924610430213]]]}},{"type":"Feature","properties":{"layer":"DP_72","label":"MBPT Boundary (Mumbai Port Trust)","confidence":"confirmed","ID":0,"DPMASTER.MBPT_BOUNDARY.AREA":7339.72021484},"geometry":{"type":"Polygon","coordinates":[[[72.84952884902103,18.992007624693162],[72.84990811560549,18.993054291098247],[72.85086230898723,18.993018387155324],[72.84952884902103,18.992007624693162]]]}},{"type":"Feature","properties":{"layer":"DP_72","label":"MBPT Boundary (Mumbai Port Trust)","confidence":"confirmed","ID":0,"DPMASTER.MBPT_BOUNDARY.AREA":948.75897217},"geometry":{"type":"Polygon","coordinates":[[[72.82799412244526,18.911933289265168],[72.82840557089649,18.912297095377934],[72.82905559052615,18.91264512370805],[72.82799412244526,18.911933289265168]]]}},{"type":"Feature","properties":{"layer":"DP_72","label":"MBPT Boundary (Mumbai Port Trust)","confidence":"confirmed","ID":0,"DPMASTER.MBPT_BOUNDARY.AREA":9369960},"geometry":{"type":"Polygon","coordinates":[[[72.86090094672987,19.025743828194173],[72.86081779600397,19.02610500178604],[72.86186082971301,19.02358497594192],[72.86226207189691,19.018742462198638],[72.86209228921555,19.01848165125774],[72.86369465536602,19.018357701481555],[72.86420330456808,19.01744652859673],[72.86483524983807,19.017116776228946],[72.8638009648894,19.015248140378986],[72.86333875236443,19.015074375220188],[72.86319779097961,19.014732545740408],[72.86367837705593,19.01500721247655],[72.86393667948629,19.014838930077858],[72.86526889286198,19.012973526640454],[72.86617316488136,19.012602658391724],[72.86671399081239,19.01178937787015],[72.86775677123464,19.010991631059667],[72.86791526369987,19.01048724209954],[72.86862719954314,19.01012041434567],[72.8689877574316,19.009507356114963],[72.86902104493542,19.00852851614008],[72.86748429467897,19.00774994106563],[72.86674130321381,19.0069374773277],[72.86664733686628,19.006424952526416],[72.86546082887347,19.006099220169414],[72.86497294883331,19.006277454818047],[72.8644171545481,19.00602302514604],[72.86431018858696,19.005353064992597],[72.86340592380229,19.004956817956344],[72.86180836895018,19.004615314141],[72.86088222347053,19.004689769073774],[72.86092043849756,19.002538630153616],[72.86269007658152,19.00227818510518],[72.86247316691212,19.001928202829117],[72.86102800248251,19.00216586829344],[72.86078838976114,18.999977094749234],[72.860093049771,18.99919212227869],[72.86003189691714,18.99817963609861],[72.86100130650762,18.995963820563446],[72.86388740734573,18.99467690565803],[72.86379226494424,18.994483218863476],[72.86320450514536,18.994744468913396],[72.863416360674,18.99166473280405],[72.86409957697664,18.989123133246775],[72.86539510670865,18.986442502452633],[72.86743223898384,18.983799918679352],[72.86901856302345,18.983606445918078],[72.86899227784065,18.983411409481928],[72.86756116695041,18.98345528616051],[72.86126808591253,18.9776018996966],[72.85002527062134,18.98001560503202],[72.85004924359966,18.978956286466325],[72.85565762439622,18.977829261785878],[72.85528707689886,18.97668432811216],[72.84997096701278,18.977794738402963],[72.84972177646128,18.977558716094066],[72.85051691801247,18.977347758672142],[72.85039352894404,18.97681722011718],[72.85586494155625,18.975659964318748],[72.85590483040998,18.975378019427538],[72.85544480174853,18.974572225678003],[72.85103652267071,18.975494674301952],[72.85092992793277,18.975061310816056],[72.8494602509509,18.975283757787587],[72.84933639362809,18.97487096312091],[72.84964663635449,18.974742867012285],[72.85405470572445,18.973833046349135],[72.85370472043287,18.972087067516405],[72.85327598095613,18.972117630386858],[72.85335388948405,18.972469822435],[72.84898365293704,18.973429202434303],[72.84875131732484,18.97271147077799],[72.84983932502165,18.972426646087463],[72.84977313231919,18.972191473335354],[72.84933384694043,18.972309320693],[72.84925858185575,18.97108761134004],[72.84979660172904,18.97057271803598],[72.84910794654462,18.97048978906431],[72.8490842669394,18.97027210700387],[72.85081551035948,18.97030313331317],[72.85075650276151,18.969433541957535],[72.85113781432146,18.969263250537],[72.85115576213953,18.96889326762093],[72.84799145879161,18.968803253991695],[72.84776485388788,18.968867835556946],[72.84827640314674,18.9695760428026],[72.8466358750931,18.969732565142177],[72.84618849026658,18.96899584052456],[72.84599370181812,18.965764830162605],[72.84710515213365,18.965875160255433],[72.84693122296423,18.964686381849592],[72.84908976093331,18.96513866801601],[72.84970503658101,18.965012231746268],[72.84937556812585,18.963395411925234],[72.84767160164131,18.963750849686072],[72.847444122632,18.963172649340635],[72.84911044573616,18.962813000859878],[72.84818101740319,18.958684537965382],[72.8464881993913,18.9590290713535],[72.8463824037887,18.95859552533179],[72.849605580836,18.95737852416291],[72.85058074510394,18.957909880550233],[72.85078237761255,18.95880245892576],[72.85106082058743,18.958761617779444],[72.85082383005948,18.957736415304765],[72.84980619381504,18.95726626698419],[72.84951838283868,18.9558702755301],[72.84910496112481,18.955962433708073],[72.8494351846508,18.957301625232375],[72.84796943408783,18.95776734030354],[72.84786992025752,18.957431945461465],[72.84653410594142,18.952013026087684],[72.84668495127777,18.951970898342996],[72.84618545261478,18.95056972308153],[72.8465047864715,18.950439742081585],[72.84673065351417,18.947604643574905],[72.8436591644098,18.935521060757505],[72.84338197554597,18.935404043162848],[72.84324212789171,18.93593124462133],[72.84289802580022,18.935898881724686],[72.84424254539358,18.92900510607444],[72.84299133626325,18.92893568915416],[72.8422201014472,18.933373797345563],[72.83729138558509,18.934381629813313],[72.83706928387652,18.93665672838355],[72.83740931696099,18.936616982391037],[72.8372474496775,18.936904002492653],[72.83756337163133,18.93723057739204],[72.83737984409207,18.937496660400235],[72.8376769114528,18.937679188640708],[72.84032176423284,18.948439484227087],[72.83967145618917,18.94897007264915],[72.83845954654416,18.949080059468997],[72.83849866914161,18.953149966626444],[72.83829527484536,18.954870550968874],[72.8385667947054,18.95658328410416],[72.83904496417661,18.958173573555168],[72.84239229745424,18.957494308119358],[72.84255376228131,18.95766538487692],[72.84390946223475,18.96317301814269],[72.84377621984603,18.963610932669052],[72.84452688135458,18.96355263070692],[72.8447180650267,18.96396346159801],[72.84506096082512,18.964087294982765],[72.84534616936385,18.964893978307565],[72.84525086941137,18.965505559314945],[72.8445888449367,18.965418737044708],[72.84527452114169,18.965628672096525],[72.8452494543195,18.966142953909966],[72.84558990529636,18.966053149626124],[72.84571816182005,18.966801220847948],[72.84568303361223,18.968617461321738],[72.84552760518773,18.96761183698174],[72.84502976896015,18.967634554818375],[72.84550389749712,18.969395431152332],[72.84570891325468,18.96936624198757],[72.8456561538986,18.96973852145101],[72.84587315438766,18.969921082584563],[72.84573198162487,18.97068993832558],[72.84537376052192,18.970763181679395],[72.84419990599685,18.975456915331552],[72.84387968015446,18.975728181782166],[72.84275816034236,18.975733802603116],[72.84280578983453,18.975900875579566],[72.84161300928805,18.9762078571443],[72.8427027608264,18.976134509048638],[72.84296037787156,18.976326338822307],[72.84214122489436,18.97727230064079],[72.84332585675338,18.977631841003134],[72.8427743584292,18.978639298788433],[72.84310289214727,18.978997966965956],[72.84318634974034,18.979700322844952],[72.84097819167035,18.97931108930331],[72.840814817969,18.980040663889515],[72.84107157146585,18.981341862440505],[72.84131771064739,18.981364474006984],[72.84130839318537,18.981058403688444],[72.84170790370285,18.98114428511035],[72.84166654024949,18.98227141298004],[72.84199351908838,18.982371953893566],[72.8420868847252,18.98271761388318],[72.84162727184983,18.98267756889933],[72.84165912709953,18.98307546559794],[72.84132560912217,18.98316356774483],[72.84127898102871,18.9825954671173],[72.8408929912186,18.982341011627454],[72.84087221848344,18.982681807695748],[72.84109283557338,18.98270889581045],[72.8409008371207,18.982985866203748],[72.84099576279277,18.983388908336966],[72.84167743282954,18.98354708265886],[72.84172845439717,18.984640184246903],[72.84135147328746,18.985280795536],[72.8414524314626,18.988048321628956],[72.84384090503866,18.987835068382655],[72.84555671361524,18.988503354094867],[72.84481327404802,18.987985725942686],[72.84512896185059,18.987971265641587],[72.85102166705232,18.99259866381635],[72.85248461514256,18.994267589113996],[72.85457169146171,18.99840027987656],[72.8551664679733,19.00005163602707],[72.85538503734927,19.002440942701515],[72.85519419566921,19.007528348221857],[72.85592705683536,19.011460217811354],[72.85639585581977,19.012594755614824],[72.85754752515928,19.01424565829134],[72.86048218264358,19.017769520985322],[72.86149951795366,19.020278972352706],[72.86128090282814,19.023815714506874],[72.86090094672987,19.025743828194173]]]}},{"type":"Feature","properties":{"layer":"DP_72","label":"MBPT Boundary (Mumbai Port Trust)","confidence":"confirmed","ID":0,"DPMASTER.MBPT_BOUNDARY.AREA":205937},"geometry":{"type":"Polygon","coordinates":[[[72.82648292693506,18.910646885161604],[72.82678290702749,18.910406583762935],[72.82671459845285,18.910172310909296],[72.8252080811736,18.907614823315345],[72.82266456574581,18.910077146067565],[72.82260772001342,18.91078471463732],[72.82336217434795,18.911969048653614],[72.82306269174471,18.912588725977137],[72.82258482362188,18.912858882307862],[72.8245201359065,18.914634372508953],[72.82569943643362,18.913016006107657],[72.82720988823084,18.91415560591237],[72.82746635862844,18.913891721796514],[72.82619064105381,18.912620096083284],[72.82684307105649,18.912129139455647],[72.82623010056479,18.91249124338744],[72.82587007279444,18.91203889121754],[72.8268992858456,18.91126715381322],[72.82648292693506,18.910646885161604]]]}},{"type":"Feature","properties":{"layer":"DP_74","label":"Island City / Suburb classification","confidence":"confirmed","SUBURB":"EASTERN","NAME":"ES 32"},"geometry":{"type":"Polygon","coordinates":[[[72.88818142513571,19.098453810779045],[72.86006244053102,19.0981291452577],[72.85989270938657,19.11132147693934],[72.88801392020609,19.111646383643443],[72.88818142513571,19.098453810779045]]]}},{"type":"Feature","properties":{"layer":"DP_74","label":"Island City / Suburb classification","confidence":"confirmed","SUBURB":"EASTERN","NAME":"ES 28"},"geometry":{"type":"Polygon","coordinates":[[[72.88834879218723,19.08526121733637],[72.86023203196591,19.084936792960892],[72.86006244053102,19.0981291452577],[72.88818142513571,19.098453810779045],[72.88834879218723,19.08526121733637]]]}},{"type":"Feature","properties":{"layer":"DP_74","label":"Island City / Suburb classification","confidence":"confirmed","SUBURB":"EASTERN","NAME":"ES 16"},"geometry":{"type":"Polygon","coordinates":[[[72.88885006654542,19.04568331597354],[72.86073996849156,19.04535961481461],[72.86057079589541,19.058552027727004],[72.88868311284197,19.05887596992131],[72.88885006654542,19.04568331597354]]]}},{"type":"Feature","properties":{"layer":"DP_74","label":"Island City / Suburb classification","confidence":"confirmed","SUBURB":"ISLAND CITY","NAME":"IC 30"},"geometry":{"type":"Polygon","coordinates":[[[72.88901688257114,19.032490641496658],[72.86090900158119,19.03216718133634],[72.86073996849156,19.04535961481461],[72.88885006654542,19.04568331597354],[72.88901688257114,19.032490641496658]]]}},{"type":"Feature","properties":{"layer":"DP_74","label":"Island City / Suburb classification","confidence":"confirmed","SUBURB":"EASTERN","NAME":"ES 05"},"geometry":{"type":"Polygon","coordinates":[[[72.88935010177472,19.006105232160742],[72.8612466494285,19.00578225388751],[72.86107789520749,19.018974727882522],[72.88918356096184,19.01929794708096],[72.88935010177472,19.006105232160742]]]}},{"type":"Feature","properties":{"layer":"DP_74","label":"Island City / Suburb classification","confidence":"confirmed","SUBURB":"ISLAND CITY","NAME":"IC 33"},"geometry":{"type":"Polygon","coordinates":[[[72.86141526428732,18.992589759941605],[72.8895165050524,18.99291249732633],[72.88968277085192,18.97971974201202],[72.86158373984182,18.97939724547919],[72.86141526428732,18.992589759941605]]]}},{"type":"Feature","properties":{"layer":"DP_74","label":"Island City / Suburb classification","confidence":"confirmed","SUBURB":"ISLAND CITY","NAME":"IC 34"},"geometry":{"type":"Polygon","coordinates":[[[72.86158373984182,18.97939724547919],[72.88968277085192,18.97971974201202],[72.8898488992158,18.966526966808125],[72.86175207613509,18.96620471109061],[72.86158373984182,18.97939724547919]]]}},{"type":"Feature","properties":{"layer":"DP_74","label":"Island City / Suburb classification","confidence":"confirmed","SUBURB":"EASTERN","NAME":"ES 08"},"geometry":{"type":"Polygon","coordinates":[[[72.88918356096184,19.01929794708096],[72.86107789520749,19.018974727882522],[72.86090900158119,19.03216718133634],[72.88901688257114,19.032490641496658],[72.88918356096184,19.01929794708096]]]}},{"type":"Feature","properties":{"layer":"DP_74","label":"Island City / Suburb classification","confidence":"confirmed","SUBURB":"EASTERN","NAME":"ES 52"},"geometry":{"type":"Polygon","coordinates":[[[72.91547322179596,19.16473804112499],[72.88734252065744,19.16441647254068],[72.88717432556098,19.177608944063536],[72.91530726228926,19.177930750829166],[72.91547322179596,19.16473804112499]]]}},{"type":"Feature","properties":{"layer":"DP_74","label":"Island City / Suburb classification","confidence":"confirmed","SUBURB":"EASTERN","NAME":"ES 54"},"geometry":{"type":"Polygon","coordinates":[[[72.97173629532787,19.165368267154083],[72.94360448253111,19.165055306118063],[72.94344075881872,19.17824825081686],[72.97157480761155,19.178561443660456],[72.97173629532787,19.165368267154083]]]}},{"type":"Feature","properties":{"layer":"DP_74","label":"Island City / Suburb classification","confidence":"confirmed","SUBURB":"WESTERN","NAME":"WS 62"},"geometry":{"type":"Polygon","coordinates":[[[72.83021807998983,19.229720149015336],[72.80207790968649,19.229384432822417],[72.80190229010391,19.242576067893054],[72.8300447045492,19.242912032016342],[72.83021807998983,19.229720149015336]]]}},{"type":"Feature","properties":{"layer":"DP_74","label":"Island City / Suburb classification","confidence":"confirmed","SUBURB":"EASTERN","NAME":"ES 36"},"geometry":{"type":"Polygon","coordinates":[[[72.88801392020609,19.111646383643443],[72.85989270938657,19.11132147693934],[72.8597228384742,19.124513788571488],[72.88784627734083,19.124838936495284],[72.88801392020609,19.111646383643443]]]}},{"type":"Feature","properties":{"layer":"DP_74","label":"Island City / Suburb classification","confidence":"confirmed","SUBURB":"WESTERN","NAME":"WS 27"},"geometry":{"type":"Polygon","coordinates":[[[72.83142773324876,19.137376393909342],[72.8033032205189,19.13704241216078],[72.8031286071298,19.15023419093666],[72.83125535115127,19.150568420348783],[72.83142773324876,19.137376393909342]]]}},{"type":"Feature","properties":{"layer":"DP_74","label":"Island City / Suburb classification","confidence":"confirmed","SUBURB":"EASTERN","NAME":"ES 12"},"geometry":{"type":"Polygon","coordinates":[[[72.88901688257114,19.032490641496658],[72.86090900158119,19.03216718133634],[72.86073996849156,19.04535961481461],[72.88885006654542,19.04568331597354],[72.88901688257114,19.032490641496658]]]}},{"type":"Feature","properties":{"layer":"DP_74","label":"Island City / Suburb classification","confidence":"confirmed","SUBURB":"EASTERN","NAME":"ES 56"},"geometry":{"type":"Polygon","coordinates":[[[72.91530726228926,19.177930750829166],[72.88717432556098,19.177608944063536],[72.88700599228427,19.190801394934475],[72.91514116643806,19.191123439918055],[72.91530726228926,19.177930750829166]]]}},{"type":"Feature","properties":{"layer":"DP_74","label":"Island City / Suburb classification","confidence":"confirmed","SUBURB":"EASTERN","NAME":"ES 61"},"geometry":{"type":"Polygon","coordinates":[[[72.91497493418521,19.20431610895739],[72.88683752076948,19.203993825719234],[72.88666891097338,19.217186235827562],[72.9148085654881,19.217508757356995],[72.91497493418521,19.20431610895739]]]}},{"type":"Feature","properties":{"layer":"DP_74","label":"Island City / Suburb classification","confidence":"confirmed","SUBURB":"EASTERN","NAME":"ES 59"},"geometry":{"type":"Polygon","coordinates":[[[72.91514116643806,19.191123439918055],[72.88700599228427,19.190801394934475],[72.88683752076948,19.203993825719234],[72.91497493418521,19.20431610895739],[72.91514116643806,19.191123439918055]]]}},{"type":"Feature","properties":{"layer":"DP_74","label":"Island City / Suburb classification","confidence":"confirmed","SUBURB":"EASTERN","NAME":"ES 48"},"geometry":{"type":"Polygon","coordinates":[[[72.91563904500069,19.151545311395726],[72.88751057761685,19.15122398095617],[72.88734252065744,19.16441647254068],[72.91547322179596,19.16473804112499],[72.91563904500069,19.151545311395726]]]}},{"type":"Feature","properties":{"layer":"DP_74","label":"Island City / Suburb classification","confidence":"confirmed","SUBURB":"EASTERN","NAME":"ES 44"},"geometry":{"type":"Polygon","coordinates":[[[72.91580473196049,19.138352561075624],[72.88767849649697,19.138031468744277],[72.88751057761685,19.15122398095617],[72.91563904500069,19.151545311395726],[72.91580473196049,19.138352561075624]]]}},{"type":"Feature","properties":{"layer":"DP_74","label":"Island City / Suburb classification","confidence":"confirmed","SUBURB":"EASTERN","NAME":"ES 37"},"geometry":{"type":"Polygon","coordinates":[[[72.91613569732957,19.111966999867853],[72.88801392020609,19.111646383643443],[72.88784627734083,19.124838936495284],[72.91597028271781,19.125159790754925],[72.91613569732957,19.111966999867853]]]}},{"type":"Feature","properties":{"layer":"DP_74","label":"Island City / Suburb classification","confidence":"confirmed","SUBURB":"EASTERN","NAME":"ES 41"},"geometry":{"type":"Polygon","coordinates":[[[72.91597028271781,19.125159790754925],[72.88784627734083,19.124838936495284],[72.88767849649697,19.138031468744277],[72.91580473196049,19.138352561075624],[72.91597028271781,19.125159790754925]]]}},{"type":"Feature","properties":{"layer":"DP_74","label":"Island City / Suburb classification","confidence":"confirmed","SUBURB":"WESTERN","NAME":"WS 19"},"geometry":{"type":"Polygon","coordinates":[[[72.88801392020609,19.111646383643443],[72.85989270938657,19.11132147693934],[72.8597228384742,19.124513788571488],[72.88784627734083,19.124838936495284],[72.88801392020609,19.111646383643443]]]}},{"type":"Feature","properties":{"layer":"DP_74","label":"Island City / Suburb classification","confidence":"confirmed","SUBURB":"EASTERN","NAME":"ES 40"},"geometry":{"type":"Polygon","coordinates":[[[72.88784627734083,19.124838936495284],[72.8597228384742,19.124513788571488],[72.85955282775045,19.137706079563834],[72.88767849649697,19.138031468744277],[72.88784627734083,19.124838936495284]]]}},{"type":"Feature","properties":{"layer":"DP_74","label":"Island City / Suburb classification","confidence":"confirmed","SUBURB":"ISLAND CITY","NAME":"IC 21"},"geometry":{"type":"Polygon","coordinates":[[[72.86141526428732,18.992589759941605],[72.83331459547563,18.992262761087247],[72.83314376924291,19.005455010964802],[72.8612466494285,19.00578225388751],[72.86141526428732,18.992589759941605]]]}},{"type":"Feature","properties":{"layer":"DP_74","label":"Island City / Suburb classification","confidence":"confirmed","SUBURB":"EASTERN","NAME":"ES 03"},"geometry":{"type":"Polygon","coordinates":[[[72.91761831027293,18.993230972869785],[72.8895165050524,18.99291249732633],[72.88935010177472,19.006105232160742],[72.917454118781,19.006423945412607],[72.91761831027293,18.993230972869785]]]}},{"type":"Feature","properties":{"layer":"DP_74","label":"Island City / Suburb classification","confidence":"confirmed","SUBURB":"EASTERN","NAME":"ES 04"},"geometry":{"type":"Polygon","coordinates":[[[72.94572067245016,18.993545186205253],[72.91761831027293,18.993230972869785],[72.917454118781,19.006423945412607],[72.94555869294581,19.00673839327605],[72.94572067245016,18.993545186205253]]]}},{"type":"Feature","properties":{"layer":"DP_74","label":"Island City / Suburb classification","confidence":"confirmed","SUBURB":"ISLAND CITY","NAME":"IC 18"},"geometry":{"type":"Polygon","coordinates":[[[72.83348528057807,18.979070490656042],[72.80538740055502,18.97873947791875],[72.80521450611441,18.991931501139725],[72.83331459547563,18.992262761087247],[72.83348528057807,18.979070490656042]]]}},{"type":"Feature","properties":{"layer":"DP_74","label":"Island City / Suburb classification","confidence":"confirmed","SUBURB":"EASTERN","NAME":"ES 01"},"geometry":{"type":"Polygon","coordinates":[[[72.88968277085192,18.97971974201202],[72.86158373984182,18.97939724547919],[72.86141526428732,18.992589759941605],[72.8895165050524,18.99291249732633],[72.88968277085192,18.97971974201202]]]}},{"type":"Feature","properties":{"layer":"DP_74","label":"Island City / Suburb classification","confidence":"confirmed","SUBURB":"ISLAND CITY","NAME":"IC 19"},"geometry":{"type":"Polygon","coordinates":[[[72.86158373984182,18.97939724547919],[72.83348528057807,18.979070490656042],[72.83331459547563,18.992262761087247],[72.86141526428732,18.992589759941605],[72.86158373984182,18.97939724547919]]]}},{"type":"Feature","properties":{"layer":"DP_74","label":"Island City / Suburb classification","confidence":"confirmed","SUBURB":"WESTERN","NAME":"WS 71"},"geometry":{"type":"Polygon","coordinates":[[[72.77358245737987,19.25542714623639],[72.77340430223583,19.268618489024025],[72.80155061902288,19.26895927669864],[72.80172652656438,19.255767682715252],[72.77358245737987,19.25542714623639]]]}},{"type":"Feature","properties":{"layer":"DP_74","label":"Island City / Suburb classification","confidence":"confirmed","SUBURB":"WESTERN","NAME":"WS 72"},"geometry":{"type":"Polygon","coordinates":[[[72.82987118699015,19.256103894807097],[72.80172652656438,19.255767682715252],[72.80155061902288,19.26895927669864],[72.82969752726818,19.269295736797346],[72.82987118699015,19.256103894807097]]]}},{"type":"Feature","properties":{"layer":"DP_74","label":"Island City / Suburb classification","confidence":"confirmed","SUBURB":"WESTERN","NAME":"WS 74"},"geometry":{"type":"Polygon","coordinates":[[[72.88616225136118,19.256763344283364],[72.85801643110632,19.256435782124107],[72.85784501941815,19.269627868932016],[72.88599308791828,19.269955672719398],[72.88616225136118,19.256763344283364]]]}},{"type":"Feature","properties":{"layer":"DP_74","label":"Island City / Suburb classification","confidence":"confirmed","SUBURB":"WESTERN","NAME":"WS 73"},"geometry":{"type":"Polygon","coordinates":[[[72.85801643110632,19.256435782124107],[72.82987118699015,19.256103894807097],[72.82969752726818,19.269295736797346],[72.85784501941815,19.269627868932016],[72.85801643110632,19.256435782124107]]]}},{"type":"Feature","properties":{"layer":"DP_74","label":"Island City / Suburb classification","confidence":"confirmed","SUBURB":"WESTERN","NAME":"WS 66"},"geometry":{"type":"Polygon","coordinates":[[[72.80190229010391,19.242576067893054],[72.77376046668306,19.242235782571186],[72.77358245737987,19.25542714623639],[72.80172652656438,19.255767682715252],[72.80190229010391,19.242576067893054]]]}},{"type":"Feature","properties":{"layer":"DP_74","label":"Island City / Suburb classification","confidence":"confirmed","SUBURB":"WESTERN","NAME":"WS 67"},"geometry":{"type":"Polygon","coordinates":[[[72.8300447045492,19.242912032016342],[72.80190229010391,19.242576067893054],[72.80172652656438,19.255767682715252],[72.82987118699015,19.256103894807097],[72.8300447045492,19.242912032016342]]]}},{"type":"Feature","properties":{"layer":"DP_74","label":"Island City / Suburb classification","confidence":"confirmed","SUBURB":"WESTERN","NAME":"WS 69"},"geometry":{"type":"Polygon","coordinates":[[[72.88633127631995,19.24357099512188],[72.85818770247087,19.243243674553472],[72.85801643110632,19.256435782124107],[72.88616225136118,19.256763344283364],[72.88633127631995,19.24357099512188]]]}},{"type":"Feature","properties":{"layer":"DP_74","label":"Island City / Suburb classification","confidence":"confirmed","SUBURB":"WESTERN","NAME":"WS 68"},"geometry":{"type":"Polygon","coordinates":[[[72.85818770247087,19.243243674553472],[72.8300447045492,19.242912032016342],[72.82987118699015,19.256103894807097],[72.85801643110632,19.256435782124107],[72.85818770247087,19.243243674553472]]]}},{"type":"Feature","properties":{"layer":"DP_74","label":"Island City / Suburb classification","confidence":"confirmed","SUBURB":"WESTERN","NAME":"WS 70"},"geometry":{"type":"Polygon","coordinates":[[[72.91447541854657,19.243893993343978],[72.88633127631995,19.24357099512188],[72.88616225136118,19.256763344283364],[72.9143086402021,19.257086580906968],[72.91447541854657,19.243893993343978]]]}},{"type":"Feature","properties":{"layer":"DP_74","label":"Island City / Suburb classification","confidence":"confirmed","SUBURB":"WESTERN","NAME":"WS 56"},"geometry":{"type":"Polygon","coordinates":[[[72.80225338537264,19.216192776937675],[72.77411604796507,19.21585299381353],[72.77393833019104,19.229044398618765],[72.80207790968649,19.229384432822417],[72.80225338537264,19.216192776937675]]]}},{"type":"Feature","properties":{"layer":"DP_74","label":"Island City / Suburb classification","confidence":"confirmed","SUBURB":"WESTERN","NAME":"WS 57"},"geometry":{"type":"Polygon","coordinates":[[[72.83039131337176,19.21652824523846],[72.80225338537264,19.216192776937675],[72.80207790968649,19.229384432822417],[72.83021807998983,19.229720149015336],[72.83039131337176,19.21652824523846]]]}},{"type":"Feature","properties":{"layer":"DP_74","label":"Island City / Suburb classification","confidence":"confirmed","SUBURB":"WESTERN","NAME":"WS 59"},"geometry":{"type":"Polygon","coordinates":[[[72.88666891097338,19.217186235827562],[72.85852982441983,19.216859398329078],[72.85835883355574,19.230051546810362],[72.88650016283798,19.230378625825193],[72.88666891097338,19.217186235827562]]]}},{"type":"Feature","properties":{"layer":"DP_74","label":"Island City / Suburb classification","confidence":"confirmed","SUBURB":"WESTERN","NAME":"WS 58"},"geometry":{"type":"Polygon","coordinates":[[[72.85852982441983,19.216859398329078],[72.83039131337176,19.21652824523846],[72.83021807998983,19.229720149015336],[72.85835883355574,19.230051546810362],[72.85852982441983,19.216859398329078]]]}},{"type":"Feature","properties":{"layer":"DP_74","label":"Island City / Suburb classification","confidence":"confirmed","SUBURB":"WESTERN","NAME":"WS 60"},"geometry":{"type":"Polygon","coordinates":[[[72.9148085654881,19.217508757356995],[72.88666891097338,19.217186235827562],[72.88650016283798,19.230378625825193],[72.91464206028945,19.230701385682607],[72.9148085654881,19.217508757356995]]]}},{"type":"Feature","properties":{"layer":"DP_74","label":"Island City / Suburb classification","confidence":"confirmed","SUBURB":"WESTERN","NAME":"WS 61"},"geometry":{"type":"Polygon","coordinates":[[[72.80207790968649,19.229384432822417],[72.77393833019104,19.229044398618765],[72.77376046668306,19.242235782571186],[72.80190229010391,19.242576067893054],[72.80207790968649,19.229384432822417]]]}},{"type":"Feature","properties":{"layer":"DP_74","label":"Island City / Suburb classification","confidence":"confirmed","SUBURB":"WESTERN","NAME":"WS 64"},"geometry":{"type":"Polygon","coordinates":[[[72.88650016283798,19.230378625825193],[72.85835883355574,19.230051546810362],[72.85818770247087,19.243243674553472],[72.88633127631995,19.24357099512188],[72.88650016283798,19.230378625825193]]]}},{"type":"Feature","properties":{"layer":"DP_74","label":"Island City / Suburb classification","confidence":"confirmed","SUBURB":"WESTERN","NAME":"WS 63"},"geometry":{"type":"Polygon","coordinates":[[[72.85835883355574,19.230051546810362],[72.83021807998983,19.229720149015336],[72.8300447045492,19.242912032016342],[72.85818770247087,19.243243674553472],[72.85835883355574,19.230051546810362]]]}},{"type":"Feature","properties":{"layer":"DP_74","label":"Island City / Suburb classification","confidence":"confirmed","SUBURB":"WESTERN","NAME":"WS 65"},"geometry":{"type":"Polygon","coordinates":[[[72.91464206028945,19.230701385682607],[72.88650016283798,19.230378625825193],[72.88633127631995,19.24357099512188],[72.91447541854657,19.243893993343978],[72.91464206028945,19.230701385682607]]]}},{"type":"Feature","properties":{"layer":"DP_74","label":"Island City / Suburb classification","confidence":"confirmed","SUBURB":"WESTERN","NAME":"WS 36"},"geometry":{"type":"Polygon","coordinates":[[[72.80295385015962,19.16342594897262],[72.77482546274116,19.163087169780333],[72.77464832738549,19.176278656716878],[72.80277894954827,19.17661768683423],[72.80295385015962,19.16342594897262]]]}},{"type":"Feature","properties":{"layer":"DP_74","label":"Island City / Suburb classification","confidence":"confirmed","SUBURB":"WESTERN","NAME":"WS 37"},"geometry":{"type":"Polygon","coordinates":[[[72.83108282730637,19.163760426086327],[72.80295385015962,19.16342594897262],[72.80277894954827,19.17661768683423],[72.8309101616548,19.176952411687573],[72.83108282730637,19.163760426086327]]]}},{"type":"Feature","properties":{"layer":"DP_74","label":"Island City / Suburb classification","confidence":"confirmed","SUBURB":"WESTERN","NAME":"WS 39"},"geometry":{"type":"Polygon","coordinates":[[[72.88734252065744,19.16441647254068],[72.8592123866498,19.164090600735896],[72.85904195617077,19.177282830891],[72.88717432556098,19.177608944063536],[72.88734252065744,19.16441647254068]]]}},{"type":"Feature","properties":{"layer":"DP_74","label":"Island City / Suburb classification","confidence":"confirmed","SUBURB":"WESTERN","NAME":"WS 38"},"geometry":{"type":"Polygon","coordinates":[[[72.8592123866498,19.164090600735896],[72.83108282730637,19.163760426086327],[72.8309101616548,19.176952411687573],[72.85904195617077,19.177282830891],[72.8592123866498,19.164090600735896]]]}},{"type":"Feature","properties":{"layer":"DP_74","label":"Island City / Suburb classification","confidence":"confirmed","SUBURB":"EASTERN","NAME":"ES 55"},"geometry":{"type":"Polygon","coordinates":[[[72.9998686529545,19.16567692387553],[72.97173629532787,19.165368267154083],[72.97157480761155,19.178561443660456],[72.99970940143331,19.178870329002148],[72.9998686529545,19.16567692387553]]]}},{"type":"Feature","properties":{"layer":"DP_74","label":"Island City / Suburb classification","confidence":"confirmed","SUBURB":"WESTERN","NAME":"WS 40"},"geometry":{"type":"Polygon","coordinates":[[[72.91547322179596,19.16473804112499],[72.88734252065744,19.16441647254068],[72.88717432556098,19.177608944063536],[72.91530726228926,19.177930750829166],[72.91547322179596,19.16473804112499]]]}},{"type":"Feature","properties":{"layer":"DP_74","label":"Island City / Suburb classification","confidence":"confirmed","SUBURB":"EASTERN","NAME":"ES 53"},"geometry":{"type":"Polygon","coordinates":[[[72.94360448253111,19.165055306118063],[72.91547322179596,19.16473804112499],[72.91530726228926,19.177930750829166],[72.94344075881872,19.17824825081686],[72.94360448253111,19.165055306118063]]]}},{"type":"Feature","properties":{"layer":"DP_74","label":"Island City / Suburb classification","confidence":"confirmed","SUBURB":"WESTERN","NAME":"WS 41"},"geometry":{"type":"Polygon","coordinates":[[[72.80277894954827,19.17661768683423],[72.77464832738549,19.176278656716878],[72.77447104650899,19.189470122850214],[72.8026039052509,19.189809403931207],[72.80277894954827,19.17661768683423]]]}},{"type":"Feature","properties":{"layer":"DP_74","label":"Island City / Suburb classification","confidence":"confirmed","SUBURB":"WESTERN","NAME":"WS 42"},"geometry":{"type":"Polygon","coordinates":[[[72.8309101616548,19.176952411687573],[72.80277894954827,19.17661768683423],[72.8026039052509,19.189809403931207],[72.83073735415229,19.19014437656224],[72.8309101616548,19.176952411687573]]]}},{"type":"Feature","properties":{"layer":"DP_74","label":"Island City / Suburb classification","confidence":"confirmed","SUBURB":"WESTERN","NAME":"WS 44"},"geometry":{"type":"Polygon","coordinates":[[[72.88717432556098,19.177608944063536],[72.85904195617077,19.177282830891],[72.85887138567607,19.1904750403571],[72.88700599228427,19.190801394934475],[72.88717432556098,19.177608944063536]]]}},{"type":"Feature","properties":{"layer":"DP_74","label":"Island City / Suburb classification","confidence":"confirmed","SUBURB":"WESTERN","NAME":"WS 43"},"geometry":{"type":"Polygon","coordinates":[[[72.85904195617077,19.177282830891],[72.8309101616548,19.176952411687573],[72.83073735415229,19.19014437656224],[72.85887138567607,19.1904750403571],[72.85904195617077,19.177282830891]]]}},{"type":"Feature","properties":{"layer":"DP_74","label":"Island City / Suburb classification","confidence":"confirmed","SUBURB":"EASTERN","NAME":"ES 58"},"geometry":{"type":"Polygon","coordinates":[[[72.97157480761155,19.178561443660456],[72.94344075881872,19.17824825081686],[72.94327690059772,19.19144117493646],[72.97141318722274,19.191754599623287],[72.97157480761155,19.178561443660456]]]}},{"type":"Feature","properties":{"layer":"DP_74","label":"Island City / Suburb classification","confidence":"confirmed","SUBURB":"WESTERN","NAME":"WS 45"},"geometry":{"type":"Polygon","coordinates":[[[72.91530726228926,19.177930750829166],[72.88717432556098,19.177608944063536],[72.88700599228427,19.190801394934475],[72.91514116643806,19.191123439918055],[72.91530726228926,19.177930750829166]]]}},{"type":"Feature","properties":{"layer":"DP_74","label":"Island City / Suburb classification","confidence":"confirmed","SUBURB":"EASTERN","NAME":"ES 57"},"geometry":{"type":"Polygon","coordinates":[[[72.94344075881872,19.17824825081686],[72.91530726228926,19.177930750829166],[72.91514116643806,19.191123439918055],[72.94327690059772,19.19144117493646],[72.94344075881872,19.17824825081686]]]}},{"type":"Feature","properties":{"layer":"DP_74","label":"Island City / Suburb classification","confidence":"confirmed","SUBURB":"WESTERN","NAME":"WS 51"},"geometry":{"type":"Polygon","coordinates":[[[72.80242871720733,19.203001100829116],[72.77429362005068,19.20266156874586],[72.77411604796507,19.21585299381353],[72.80225338537264,19.216192776937675],[72.80242871720733,19.203001100829116]]]}},{"type":"Feature","properties":{"layer":"DP_74","label":"Island City / Suburb classification","confidence":"confirmed","SUBURB":"WESTERN","NAME":"WS 52"},"geometry":{"type":"Polygon","coordinates":[[[72.83056440473939,19.203336321275984],[72.80242871720733,19.203001100829116],[72.80225338537264,19.216192776937675],[72.83039131337176,19.21652824523846],[72.83056440473939,19.203336321275984]]]}},{"type":"Feature","properties":{"layer":"DP_74","label":"Island City / Suburb classification","confidence":"confirmed","SUBURB":"WESTERN","NAME":"WS 54"},"geometry":{"type":"Polygon","coordinates":[[[72.88683752076948,19.203993825719234],[72.85870067510702,19.203667229699874],[72.85852982441983,19.216859398329078],[72.88666891097338,19.217186235827562],[72.88683752076948,19.203993825719234]]]}},{"type":"Feature","properties":{"layer":"DP_74","label":"Island City / Suburb classification","confidence":"confirmed","SUBURB":"WESTERN","NAME":"WS 53"},"geometry":{"type":"Polygon","coordinates":[[[72.85870067510702,19.203667229699874],[72.83056440473939,19.203336321275984],[72.83039131337176,19.21652824523846],[72.85852982441983,19.216859398329078],[72.85870067510702,19.203667229699874]]]}},{"type":"Feature","properties":{"layer":"DP_74","label":"Island City / Suburb classification","confidence":"confirmed","SUBURB":"WESTERN","NAME":"WS 55"},"geometry":{"type":"Polygon","coordinates":[[[72.91497493418521,19.20431610895739],[72.88683752076948,19.203993825719234],[72.88666891097338,19.217186235827562],[72.9148085654881,19.217508757356995],[72.91497493418521,19.20431610895739]]]}},{"type":"Feature","properties":{"layer":"DP_74","label":"Island City / Suburb classification","confidence":"confirmed","SUBURB":"EASTERN","NAME":"ES 62"},"geometry":{"type":"Polygon","coordinates":[[[72.94311290781175,19.20463407904269],[72.91497493418521,19.20431610895739],[72.9148085654881,19.217508757356995],[72.94294878041875,19.217826962545363],[72.94311290781175,19.20463407904269]]]}},{"type":"Feature","properties":{"layer":"DP_74","label":"Island City / Suburb classification","confidence":"confirmed","SUBURB":"WESTERN","NAME":"WS 46"},"geometry":{"type":"Polygon","coordinates":[[[72.8026039052509,19.189809403931207],[72.77447104650899,19.189470122850214],[72.77429362005068,19.20266156874586],[72.80242871720733,19.203001100829116],[72.8026039052509,19.189809403931207]]]}},{"type":"Feature","properties":{"layer":"DP_74","label":"Island City / Suburb classification","confidence":"confirmed","SUBURB":"WESTERN","NAME":"WS 47"},"geometry":{"type":"Polygon","coordinates":[[[72.83073735415229,19.19014437656224],[72.8026039052509,19.189809403931207],[72.80242871720733,19.203001100829116],[72.83056440473939,19.203336321275984],[72.83073735415229,19.19014437656224]]]}},{"type":"Feature","properties":{"layer":"DP_74","label":"Island City / Suburb classification","confidence":"confirmed","SUBURB":"WESTERN","NAME":"WS 49"},"geometry":{"type":"Polygon","coordinates":[[[72.88700599228427,19.190801394934475],[72.85887138567607,19.1904750403571],[72.85870067510702,19.203667229699874],[72.88683752076948,19.203993825719234],[72.88700599228427,19.190801394934475]]]}},{"type":"Feature","properties":{"layer":"DP_74","label":"Island City / Suburb classification","confidence":"confirmed","SUBURB":"WESTERN","NAME":"WS 48"},"geometry":{"type":"Polygon","coordinates":[[[72.85887138567607,19.1904750403571],[72.83073735415229,19.19014437656224],[72.83056440473939,19.203336321275984],[72.85870067510702,19.203667229699874],[72.85887138567607,19.1904750403571]]]}},{"type":"Feature","properties":{"layer":"DP_74","label":"Island City / Suburb classification","confidence":"confirmed","SUBURB":"WESTERN","NAME":"WS 50"},"geometry":{"type":"Polygon","coordinates":[[[72.91514116643806,19.191123439918055],[72.88700599228427,19.190801394934475],[72.88683752076948,19.203993825719234],[72.91497493418521,19.20431610895739],[72.91514116643806,19.191123439918055]]]}},{"type":"Feature","properties":{"layer":"DP_74","label":"Island City / Suburb classification","confidence":"confirmed","SUBURB":"EASTERN","NAME":"ES 60"},"geometry":{"type":"Polygon","coordinates":[[[72.94327690059772,19.19144117493646],[72.91514116643806,19.191123439918055],[72.91497493418521,19.20431610895739],[72.94311290781175,19.20463407904269],[72.94327690059772,19.19144117493646]]]}},{"type":"Feature","properties":{"layer":"DP_74","label":"Island City / Suburb classification","confidence":"confirmed","SUBURB":"WESTERN","NAME":"WS 05"},"geometry":{"type":"Polygon","coordinates":[[[72.83245905194065,19.058223808159205],[72.80434788848832,19.05789131159602],[72.8041741355106,19.07108321281755],[72.83228751926589,19.071415956817034],[72.83245905194065,19.058223808159205]]]}},{"type":"Feature","properties":{"layer":"DP_74","label":"Island City / Suburb classification","confidence":"confirmed","SUBURB":"WESTERN","NAME":"WS 07"},"geometry":{"type":"Polygon","coordinates":[[[72.88868311284197,19.05887596992131],[72.86057079589541,19.058552027727004],[72.86040148373463,19.07174442063919],[72.8885160214035,19.072068603905688],[72.88868311284197,19.05887596992131]]]}},{"type":"Feature","properties":{"layer":"DP_74","label":"Island City / Suburb classification","confidence":"confirmed","SUBURB":"WESTERN","NAME":"WS 06"},"geometry":{"type":"Polygon","coordinates":[[[72.86057079589541,19.058552027727004],[72.83245905194065,19.058223808159205],[72.83228751926589,19.071415956817034],[72.86040148373463,19.07174442063919],[72.86057079589541,19.058552027727004]]]}},{"type":"Feature","properties":{"layer":"DP_74","label":"Island City / Suburb classification","confidence":"confirmed","SUBURB":"EASTERN","NAME":"ES 23"},"geometry":{"type":"Polygon","coordinates":[[[72.97302342651332,19.059822128556092],[72.9449094356637,19.05951102070168],[72.94474678628387,19.072704127282506],[72.9728629984644,19.07301546666057],[72.97302342651332,19.059822128556092]]]}},{"type":"Feature","properties":{"layer":"DP_74","label":"Island City / Suburb classification","confidence":"confirmed","SUBURB":"EASTERN","NAME":"ES 21"},"geometry":{"type":"Polygon","coordinates":[[[72.91679599526887,19.05919563436897],[72.88868311284197,19.05887596992131],[72.8885160214035,19.072068603905688],[72.91663112475828,19.072388506242984],[72.91679599526887,19.05919563436897]]]}},{"type":"Feature","properties":{"layer":"DP_74","label":"Island City / Suburb classification","confidence":"confirmed","SUBURB":"EASTERN","NAME":"ES 22"},"geometry":{"type":"Polygon","coordinates":[[[72.9449094356637,19.05951102070168],[72.91679599526887,19.05919563436897],[72.91663112475828,19.072388506242984],[72.94474678628387,19.072704127282506],[72.9449094356637,19.05951102070168]]]}},{"type":"Feature","properties":{"layer":"DP_74","label":"Island City / Suburb classification","confidence":"confirmed","SUBURB":"WESTERN","NAME":"WS 08"},"geometry":{"type":"Polygon","coordinates":[[[72.83228751926589,19.071415956817034],[72.8041741355106,19.07108321281755],[72.80400023926526,19.084275093373456],[72.83211584515324,19.084608084847005],[72.83228751926589,19.071415956817034]]]}},{"type":"Feature","properties":{"layer":"DP_74","label":"Island City / Suburb classification","confidence":"confirmed","SUBURB":"WESTERN","NAME":"WS 10"},"geometry":{"type":"Polygon","coordinates":[[[72.8885160214035,19.072068603905688],[72.86040148373463,19.07174442063919],[72.86023203196591,19.084936792960892],[72.88834879218723,19.08526121733637],[72.8885160214035,19.072068603905688]]]}},{"type":"Feature","properties":{"layer":"DP_74","label":"Island City / Suburb classification","confidence":"confirmed","SUBURB":"WESTERN","NAME":"WS 09"},"geometry":{"type":"Polygon","coordinates":[[[72.86040148373463,19.07174442063919],[72.83228751926589,19.071415956817034],[72.83211584515324,19.084608084847005],[72.86023203196591,19.084936792960892],[72.86040148373463,19.07174442063919]]]}},{"type":"Feature","properties":{"layer":"DP_74","label":"Island City / Suburb classification","confidence":"confirmed","SUBURB":"EASTERN","NAME":"ES 27"},"geometry":{"type":"Polygon","coordinates":[[[72.9728629984644,19.07301546666057],[72.94474678628387,19.072704127282506],[72.94458400278717,19.085897213381816],[72.97270243812937,19.086208784318934],[72.9728629984644,19.07301546666057]]]}},{"type":"Feature","properties":{"layer":"DP_74","label":"Island City / Suburb classification","confidence":"confirmed","SUBURB":"EASTERN","NAME":"ES 25"},"geometry":{"type":"Polygon","coordinates":[[[72.91663112475828,19.072388506242984],[72.8885160214035,19.072068603905688],[72.88834879218723,19.08526121733637],[72.91646611830026,19.08558135759964],[72.91663112475828,19.072388506242984]]]}},{"type":"Feature","properties":{"layer":"DP_74","label":"Island City / Suburb classification","confidence":"confirmed","SUBURB":"EASTERN","NAME":"ES 26"},"geometry":{"type":"Polygon","coordinates":[[[72.94474678628387,19.072704127282506],[72.91663112475828,19.072388506242984],[72.91646611830026,19.08558135759964],[72.94458400278717,19.085897213381816],[72.94474678628387,19.072704127282506]]]}},{"type":"Feature","properties":{"layer":"DP_74","label":"Island City / Suburb classification","confidence":"confirmed","SUBURB":"WESTERN","NAME":"WS 14"},"geometry":{"type":"Polygon","coordinates":[[[72.83194402954372,19.097800192814766],[72.80382619969258,19.097466953829294],[72.80365201674799,19.110658793594727],[72.83177207239335,19.110992280129974],[72.83194402954372,19.097800192814766]]]}},{"type":"Feature","properties":{"layer":"DP_74","label":"Island City / Suburb classification","confidence":"confirmed","SUBURB":"WESTERN","NAME":"WS 16"},"geometry":{"type":"Polygon","coordinates":[[[72.88818142513571,19.098453810779045],[72.86006244053102,19.0981291452577],[72.85989270938657,19.11132147693934],[72.88801392020609,19.111646383643443],[72.88818142513571,19.098453810779045]]]}},{"type":"Feature","properties":{"layer":"DP_74","label":"Island City / Suburb classification","confidence":"confirmed","SUBURB":"WESTERN","NAME":"WS 15"},"geometry":{"type":"Polygon","coordinates":[[[72.86006244053102,19.0981291452577],[72.83194402954372,19.097800192814766],[72.83177207239335,19.110992280129974],[72.85989270938657,19.11132147693934],[72.86006244053102,19.0981291452577]]]}},{"type":"Feature","properties":{"layer":"DP_74","label":"Island City / Suburb classification","confidence":"confirmed","SUBURB":"EASTERN","NAME":"ES 35"},"geometry":{"type":"Polygon","coordinates":[[[72.97254174545307,19.099402082096983],[72.94442108511768,19.09909027956541],[72.94425803323371,19.112283325243077],[72.97238092039437,19.112595359404512],[72.97254174545307,19.099402082096983]]]}},{"type":"Feature","properties":{"layer":"DP_74","label":"Island City / Suburb classification","confidence":"confirmed","SUBURB":"EASTERN","NAME":"ES 33"},"geometry":{"type":"Polygon","coordinates":[[[72.91630097583811,19.098774189004697],[72.88818142513571,19.098453810779045],[72.88801392020609,19.111646383643443],[72.91613569732957,19.111966999867853],[72.91630097583811,19.098774189004697]]]}},{"type":"Feature","properties":{"layer":"DP_74","label":"Island City / Suburb classification","confidence":"confirmed","SUBURB":"EASTERN","NAME":"ES 34"},"geometry":{"type":"Polygon","coordinates":[[[72.94442108511768,19.09909027956541],[72.91630097583811,19.098774189004697],[72.91613569732957,19.111966999867853],[72.94425803323371,19.112283325243077],[72.94442108511768,19.09909027956541]]]}},{"type":"Feature","properties":{"layer":"DP_74","label":"Island City / Suburb classification","confidence":"confirmed","SUBURB":"WESTERN","NAME":"WS 11"},"geometry":{"type":"Polygon","coordinates":[[[72.83211584515324,19.084608084847005],[72.80400023926526,19.084275093373456],[72.80382619969258,19.097466953829294],[72.83194402954372,19.097800192814766],[72.83211584515324,19.084608084847005]]]}},{"type":"Feature","properties":{"layer":"DP_74","label":"Island City / Suburb classification","confidence":"confirmed","SUBURB":"WESTERN","NAME":"WS 13"},"geometry":{"type":"Polygon","coordinates":[[[72.88834879218723,19.08526121733637],[72.86023203196591,19.084936792960892],[72.86006244053102,19.0981291452577],[72.88818142513571,19.098453810779045],[72.88834879218723,19.08526121733637]]]}},{"type":"Feature","properties":{"layer":"DP_74","label":"Island City / Suburb classification","confidence":"confirmed","SUBURB":"WESTERN","NAME":"WS 12"},"geometry":{"type":"Polygon","coordinates":[[[72.86023203196591,19.084936792960892],[72.83211584515324,19.084608084847005],[72.83194402954372,19.097800192814766],[72.86006244053102,19.0981291452577],[72.86023203196591,19.084936792960892]]]}},{"type":"Feature","properties":{"layer":"DP_74","label":"Island City / Suburb classification","confidence":"confirmed","SUBURB":"EASTERN","NAME":"ES 31"},"geometry":{"type":"Polygon","coordinates":[[[72.97270243812937,19.086208784318934],[72.94458400278717,19.085897213381816],[72.94442108511768,19.09909027956541],[72.97254174545307,19.099402082096983],[72.97270243812937,19.086208784318934]]]}},{"type":"Feature","properties":{"layer":"DP_74","label":"Island City / Suburb classification","confidence":"confirmed","SUBURB":"EASTERN","NAME":"ES 29"},"geometry":{"type":"Polygon","coordinates":[[[72.91646611830026,19.08558135759964],[72.88834879218723,19.08526121733637],[72.88818142513571,19.098453810779045],[72.91630097583811,19.098774189004697],[72.91646611830026,19.08558135759964]]]}},{"type":"Feature","properties":{"layer":"DP_74","label":"Island City / Suburb classification","confidence":"confirmed","SUBURB":"EASTERN","NAME":"ES 30"},"geometry":{"type":"Polygon","coordinates":[[[72.94458400278717,19.085897213381816],[72.91646611830026,19.08558135759964],[72.91630097583811,19.098774189004697],[72.94442108511768,19.09909027956541],[72.94458400278717,19.085897213381816]]]}},{"type":"Feature","properties":{"layer":"DP_74","label":"Island City / Suburb classification","confidence":"confirmed","SUBURB":"WESTERN","NAME":"WS 31"},"geometry":{"type":"Polygon","coordinates":[[[72.8031286071298,19.15023419093666],[72.77500245262141,19.149895662630946],[72.77482546274116,19.163087169780333],[72.80295385015962,19.16342594897262],[72.8031286071298,19.15023419093666]]]}},{"type":"Feature","properties":{"layer":"DP_74","label":"Island City / Suburb classification","confidence":"confirmed","SUBURB":"WESTERN","NAME":"WS 32"},"geometry":{"type":"Polygon","coordinates":[[[72.83125535115127,19.150568420348783],[72.8031286071298,19.15023419093666],[72.80295385015962,19.16342594897262],[72.83108282730637,19.163760426086327],[72.83125535115127,19.150568420348783]]]}},{"type":"Feature","properties":{"layer":"DP_74","label":"Island City / Suburb classification","confidence":"confirmed","SUBURB":"WESTERN","NAME":"WS 34"},"geometry":{"type":"Polygon","coordinates":[[[72.88751057761685,19.15122398095617],[72.85938267715684,19.15089835048208],[72.8592123866498,19.164090600735896],[72.88734252065744,19.16441647254068],[72.88751057761685,19.15122398095617]]]}},{"type":"Feature","properties":{"layer":"DP_74","label":"Island City / Suburb classification","confidence":"confirmed","SUBURB":"WESTERN","NAME":"WS 33"},"geometry":{"type":"Polygon","coordinates":[[[72.85938267715684,19.15089835048208],[72.83125535115127,19.150568420348783],[72.83108282730637,19.163760426086327],[72.8592123866498,19.164090600735896],[72.85938267715684,19.15089835048208]]]}},{"type":"Feature","properties":{"layer":"DP_74","label":"Island City / Suburb classification","confidence":"confirmed","SUBURB":"EASTERN","NAME":"ES 51"},"geometry":{"type":"Polygon","coordinates":[[[73.00002777368033,19.152483498830666],[72.97189765041308,19.15217507069436],[72.97173629532787,19.165368267154083],[72.9998686529545,19.16567692387553],[73.00002777368033,19.152483498830666]]]}},{"type":"Feature","properties":{"layer":"DP_74","label":"Island City / Suburb classification","confidence":"confirmed","SUBURB":"EASTERN","NAME":"ES 50"},"geometry":{"type":"Polygon","coordinates":[[[72.97189765041308,19.15217507069436],[72.94376807177687,19.151862341430295],[72.94360448253111,19.165055306118063],[72.97173629532787,19.165368267154083],[72.97189765041308,19.15217507069436]]]}},{"type":"Feature","properties":{"layer":"DP_74","label":"Island City / Suburb classification","confidence":"confirmed","SUBURB":"WESTERN","NAME":"WS 35"},"geometry":{"type":"Polygon","coordinates":[[[72.91563904500069,19.151545311395726],[72.88751057761685,19.15122398095617],[72.88734252065744,19.16441647254068],[72.91547322179596,19.16473804112499],[72.91563904500069,19.151545311395726]]]}},{"type":"Feature","properties":{"layer":"DP_74","label":"Island City / Suburb classification","confidence":"confirmed","SUBURB":"EASTERN","NAME":"ES 49"},"geometry":{"type":"Polygon","coordinates":[[[72.94376807177687,19.151862341430295],[72.91563904500069,19.151545311395726],[72.91547322179596,19.16473804112499],[72.94360448253111,19.165055306118063],[72.94376807177687,19.151862341430295]]]}},{"type":"Feature","properties":{"layer":"DP_74","label":"Island City / Suburb classification","confidence":"confirmed","SUBURB":"WESTERN","NAME":"WS 26"},"geometry":{"type":"Polygon","coordinates":[[[72.8033032205189,19.13704241216078],[72.775179297087,19.136704134703145],[72.77500245262141,19.149895662630946],[72.8031286071298,19.15023419093666],[72.8033032205189,19.13704241216078]]]}},{"type":"Feature","properties":{"layer":"DP_74","label":"Island City / Suburb classification","confidence":"confirmed","SUBURB":"WESTERN","NAME":"WS 29"},"geometry":{"type":"Polygon","coordinates":[[[72.88767849649697,19.138031468744277],[72.85955282775045,19.137706079563834],[72.85938267715684,19.15089835048208],[72.88751057761685,19.15122398095617],[72.88767849649697,19.138031468744277]]]}},{"type":"Feature","properties":{"layer":"DP_74","label":"Island City / Suburb classification","confidence":"confirmed","SUBURB":"WESTERN","NAME":"WS 28"},"geometry":{"type":"Polygon","coordinates":[[[72.85955282775045,19.137706079563834],[72.83142773324876,19.137376393909342],[72.83125535115127,19.150568420348783],[72.85938267715684,19.15089835048208],[72.85955282775045,19.137706079563834]]]}},{"type":"Feature","properties":{"layer":"DP_74","label":"Island City / Suburb classification","confidence":"confirmed","SUBURB":"EASTERN","NAME":"ES 47"},"geometry":{"type":"Polygon","coordinates":[[[73.0001867636655,19.139290053301654],[72.97205887292269,19.13898185371536],[72.97189765041308,19.15217507069436],[73.00002777368033,19.152483498830666],[73.0001867636655,19.139290053301654]]]}},{"type":"Feature","properties":{"layer":"DP_74","label":"Island City / Suburb classification","confidence":"confirmed","SUBURB":"EASTERN","NAME":"ES 46"},"geometry":{"type":"Polygon","coordinates":[[[72.97205887292269,19.13898185371536],[72.94393152661225,19.138669356187734],[72.94376807177687,19.151862341430295],[72.97189765041308,19.15217507069436],[72.97205887292269,19.13898185371536]]]}},{"type":"Feature","properties":{"layer":"DP_74","label":"Island City / Suburb classification","confidence":"confirmed","SUBURB":"WESTERN","NAME":"WS 30"},"geometry":{"type":"Polygon","coordinates":[[[72.91580473196049,19.138352561075624],[72.88767849649697,19.138031468744277],[72.88751057761685,19.15122398095617],[72.91563904500069,19.151545311395726],[72.91580473196049,19.138352561075624]]]}},{"type":"Feature","properties":{"layer":"DP_74","label":"Island City / Suburb classification","confidence":"confirmed","SUBURB":"EASTERN","NAME":"ES 45"},"geometry":{"type":"Polygon","coordinates":[[[72.94393152661225,19.138669356187734],[72.91580473196049,19.138352561075624],[72.91563904500069,19.151545311395726],[72.94376807177687,19.151862341430295],[72.94393152661225,19.138669356187734]]]}},{"type":"Feature","properties":{"layer":"DP_74","label":"Island City / Suburb classification","confidence":"confirmed","SUBURB":"WESTERN","NAME":"WS 17"},"geometry":{"type":"Polygon","coordinates":[[[72.83177207239335,19.110992280129974],[72.80365201674799,19.110658793594727],[72.80347769037164,19.123850613235334],[72.83159997364305,19.124184347358273],[72.83177207239335,19.110992280129974]]]}},{"type":"Feature","properties":{"layer":"DP_74","label":"Island City / Suburb classification","confidence":"confirmed","SUBURB":"WESTERN","NAME":"WS 18"},"geometry":{"type":"Polygon","coordinates":[[[72.85989270938657,19.11132147693934],[72.83177207239335,19.110992280129974],[72.83159997364305,19.124184347358273],[72.8597228384742,19.124513788571488],[72.85989270938657,19.11132147693934]]]}},{"type":"Feature","properties":{"layer":"DP_74","label":"Island City / Suburb classification","confidence":"confirmed","SUBURB":"EASTERN","NAME":"ES 39"},"geometry":{"type":"Polygon","coordinates":[[[72.97238092039437,19.112595359404512],[72.94425803323371,19.112283325243077],[72.94409484707914,19.125476350980602],[72.97221996289798,19.12578861680739],[72.97238092039437,19.112595359404512]]]}},{"type":"Feature","properties":{"layer":"DP_74","label":"Island City / Suburb classification","confidence":"confirmed","SUBURB":"WESTERN","NAME":"WS 20"},"geometry":{"type":"Polygon","coordinates":[[[72.91613569732957,19.111966999867853],[72.88801392020609,19.111646383643443],[72.88784627734083,19.124838936495284],[72.91597028271781,19.125159790754925],[72.91613569732957,19.111966999867853]]]}},{"type":"Feature","properties":{"layer":"DP_74","label":"Island City / Suburb classification","confidence":"confirmed","SUBURB":"EASTERN","NAME":"ES 38"},"geometry":{"type":"Polygon","coordinates":[[[72.94425803323371,19.112283325243077],[72.91613569732957,19.111966999867853],[72.91597028271781,19.125159790754925],[72.94409484707914,19.125476350980602],[72.94425803323371,19.112283325243077]]]}},{"type":"Feature","properties":{"layer":"DP_74","label":"Island City / Suburb classification","confidence":"confirmed","SUBURB":"WESTERN","NAME":"WS 21"},"geometry":{"type":"Polygon","coordinates":[[[72.80347769037164,19.123850613235334],[72.77535599618336,19.12351258658732],[72.775179297087,19.136704134703145],[72.8033032205189,19.13704241216078],[72.80347769037164,19.123850613235334]]]}},{"type":"Feature","properties":{"layer":"DP_74","label":"Island City / Suburb classification","confidence":"confirmed","SUBURB":"WESTERN","NAME":"WS 22"},"geometry":{"type":"Polygon","coordinates":[[[72.83159997364305,19.124184347358273],[72.80347769037164,19.123850613235334],[72.8033032205189,19.13704241216078],[72.83142773324876,19.137376393909342],[72.83159997364305,19.124184347358273]]]}},{"type":"Feature","properties":{"layer":"DP_74","label":"Island City / Suburb classification","confidence":"confirmed","SUBURB":"WESTERN","NAME":"WS 24"},"geometry":{"type":"Polygon","coordinates":[[[72.88784627734083,19.124838936495284],[72.8597228384742,19.124513788571488],[72.85955282775045,19.137706079563834],[72.88767849649697,19.138031468744277],[72.88784627734083,19.124838936495284]]]}},{"type":"Feature","properties":{"layer":"DP_74","label":"Island City / Suburb classification","confidence":"confirmed","SUBURB":"WESTERN","NAME":"WS 23"},"geometry":{"type":"Polygon","coordinates":[[[72.8597228384742,19.124513788571488],[72.83159997364305,19.124184347358273],[72.83142773324876,19.137376393909342],[72.85955282775045,19.137706079563834],[72.8597228384742,19.124513788571488]]]}},{"type":"Feature","properties":{"layer":"DP_74","label":"Island City / Suburb classification","confidence":"confirmed","SUBURB":"EASTERN","NAME":"ES 43"},"geometry":{"type":"Polygon","coordinates":[[[72.97221996289798,19.12578861680739],[72.94409484707914,19.125476350980602],[72.94393152661225,19.138669356187734],[72.97205887292269,19.13898185371536],[72.97221996289798,19.12578861680739]]]}},{"type":"Feature","properties":{"layer":"DP_74","label":"Island City / Suburb classification","confidence":"confirmed","SUBURB":"WESTERN","NAME":"WS 25"},"geometry":{"type":"Polygon","coordinates":[[[72.91597028271781,19.125159790754925],[72.88784627734083,19.124838936495284],[72.88767849649697,19.138031468744277],[72.91580473196049,19.138352561075624],[72.91597028271781,19.125159790754925]]]}},{"type":"Feature","properties":{"layer":"DP_74","label":"Island City / Suburb classification","confidence":"confirmed","SUBURB":"EASTERN","NAME":"ES 42"},"geometry":{"type":"Polygon","coordinates":[[[72.94409484707914,19.125476350980602],[72.91597028271781,19.125159790754925],[72.91580473196049,19.138352561075624],[72.94393152661225,19.138669356187734],[72.94409484707914,19.125476350980602]]]}},{"type":"Feature","properties":{"layer":"DP_74","label":"Island City / Suburb classification","confidence":"confirmed","SUBURB":"ISLAND CITY","NAME":"IC 01"},"geometry":{"type":"Polygon","coordinates":[[[72.80659366308907,18.886394749108817],[72.77851178261847,18.886061230497653],[72.77833769108956,18.899253145074074],[72.80642176792506,18.899586913808587],[72.80659366308907,18.886394749108817]]]}},{"type":"Feature","properties":{"layer":"DP_74","label":"Island City / Suburb classification","confidence":"confirmed","SUBURB":"ISLAND CITY","NAME":"IC 02"},"geometry":{"type":"Polygon","coordinates":[[[72.83467612881262,18.886724032424233],[72.80659366308907,18.886394749108817],[72.80642176792506,18.899586913808587],[72.83450643022445,18.89991644407204],[72.83467612881262,18.886724032424233]]]}},{"type":"Feature","properties":{"layer":"DP_74","label":"Island City / Suburb classification","confidence":"confirmed","SUBURB":"ISLAND CITY","NAME":"IC 09"},"geometry":{"type":"Polygon","coordinates":[[[72.80590522662752,18.939163287144616],[72.77781454976866,18.93882876781286],[72.77763988024823,18.952020601302145],[72.8057327607599,18.952355370908784],[72.80590522662752,18.939163287144616]]]}},{"type":"Feature","properties":{"layer":"DP_74","label":"Island City / Suburb classification","confidence":"confirmed","SUBURB":"ISLAND CITY","NAME":"IC 10"},"geometry":{"type":"Polygon","coordinates":[[[72.83399648958444,18.939493558476443],[72.80590522662752,18.939163287144616],[72.8057327607599,18.952355370908784],[72.83382622758145,18.952685889338277],[72.83399648958444,18.939493558476443]]]}},{"type":"Feature","properties":{"layer":"DP_74","label":"Island City / Suburb classification","confidence":"confirmed","SUBURB":"ISLAND CITY","NAME":"IC 11"},"geometry":{"type":"Polygon","coordinates":[[[72.86208833115406,18.93981958142827],[72.83399648958444,18.939493558476443],[72.83382622758145,18.952685889338277],[72.86192027322484,18.953012156210175],[72.86208833115406,18.93981958142827]]]}},{"type":"Feature","properties":{"layer":"DP_74","label":"Island City / Suburb classification","confidence":"confirmed","SUBURB":"ISLAND CITY","NAME":"IC 07"},"geometry":{"type":"Polygon","coordinates":[[[72.83416661066117,18.926301207110555],[72.80607754974575,18.92597118283892],[72.80590522662752,18.939163287144616],[72.83399648958444,18.939493558476443],[72.83416661066117,18.926301207110555]]]}},{"type":"Feature","properties":{"layer":"DP_74","label":"Island City / Suburb classification","confidence":"confirmed","SUBURB":"ISLAND CITY","NAME":"IC 08"},"geometry":{"type":"Polygon","coordinates":[[[72.86225624998036,18.926626986179244],[72.83416661066117,18.926301207110555],[72.83399648958444,18.939493558476443],[72.86208833115406,18.93981958142827],[72.86225624998036,18.926626986179244]]]}},{"type":"Feature","properties":{"layer":"DP_74","label":"Island City / Suburb classification","confidence":"confirmed","SUBURB":"ISLAND CITY","NAME":"IC 03"},"geometry":{"type":"Polygon","coordinates":[[[72.80642176792506,18.899586913808587],[72.77833769108956,18.899253145074074],[72.77816345513716,18.912445039686368],[72.80624973015858,18.912779058582107],[72.80642176792506,18.899586913808587]]]}},{"type":"Feature","properties":{"layer":"DP_74","label":"Island City / Suburb classification","confidence":"confirmed","SUBURB":"ISLAND CITY","NAME":"IC 04"},"geometry":{"type":"Polygon","coordinates":[[[72.83450643022445,18.89991644407204],[72.80642176792506,18.899586913808587],[72.80624973015858,18.912779058582107],[72.83433659085507,18.913108835830947],[72.83450643022445,18.89991644407204]]]}},{"type":"Feature","properties":{"layer":"DP_74","label":"Island City / Suburb classification","confidence":"confirmed","SUBURB":"ISLAND CITY","NAME":"IC 05"},"geometry":{"type":"Polygon","coordinates":[[[72.83433659085507,18.913108835830947],[72.80624973015858,18.912779058582107],[72.80607754974575,18.92597118283892],[72.83416661066117,18.926301207110555],[72.83433659085507,18.913108835830947]]]}},{"type":"Feature","properties":{"layer":"DP_74","label":"Island City / Suburb classification","confidence":"confirmed","SUBURB":"ISLAND CITY","NAME":"IC 06"},"geometry":{"type":"Polygon","coordinates":[[[72.86242402974665,18.91343437105348],[72.83433659085507,18.913108835830947],[72.83416661066117,18.926301207110555],[72.86225624998036,18.926626986179244],[72.86242402974665,18.91343437105348]]]}},{"type":"Feature","properties":{"layer":"DP_74","label":"Island City / Suburb classification","confidence":"confirmed","SUBURB":"WESTERN","NAME":"WS 02"},"geometry":{"type":"Polygon","coordinates":[[[72.8326304432214,19.04503163946392],[72.80452149824286,19.044699390299265],[72.80434788848832,19.05789131159602],[72.83245905194065,19.058223808159205],[72.8326304432214,19.04503163946392]]]}},{"type":"Feature","properties":{"layer":"DP_74","label":"Island City / Suburb classification","confidence":"confirmed","SUBURB":"ISLAND CITY","NAME":"IC 32"},"geometry":{"type":"Polygon","coordinates":[[[72.88885006654542,19.04568331597354],[72.86073996849156,19.04535961481461],[72.86057079589541,19.058552027727004],[72.88868311284197,19.05887596992131],[72.88885006654542,19.04568331597354]]]}},{"type":"Feature","properties":{"layer":"DP_74","label":"Island City / Suburb classification","confidence":"confirmed","SUBURB":"ISLAND CITY","NAME":"IC 31"},"geometry":{"type":"Polygon","coordinates":[[[72.86073996849156,19.04535961481461],[72.8326304432214,19.04503163946392],[72.83245905194065,19.058223808159205],[72.86057079589541,19.058552027727004],[72.86073996849156,19.04535961481461]]]}},{"type":"Feature","properties":{"layer":"DP_74","label":"Island City / Suburb classification","confidence":"confirmed","SUBURB":"EASTERN","NAME":"ES 19"},"geometry":{"type":"Polygon","coordinates":[[[72.9731837223172,19.046628770595703],[72.94507195096828,19.046317894229592],[72.9449094356637,19.05951102070168],[72.97302342651332,19.059822128556092],[72.9731837223172,19.046628770595703]]]}},{"type":"Feature","properties":{"layer":"DP_74","label":"Island City / Suburb classification","confidence":"confirmed","SUBURB":"EASTERN","NAME":"ES 17"},"geometry":{"type":"Polygon","coordinates":[[[72.9169607298742,19.04600274256787],[72.88885006654542,19.04568331597354],[72.88868311284197,19.05887596992131],[72.91679599526887,19.05919563436897],[72.9169607298742,19.04600274256787]]]}},{"type":"Feature","properties":{"layer":"DP_74","label":"Island City / Suburb classification","confidence":"confirmed","SUBURB":"WESTERN","NAME":"WS 01"},"geometry":{"type":"Polygon","coordinates":[[[72.83280169316701,19.031839450165513],[72.80469496483384,19.03150744836164],[72.80452149824286,19.044699390299265],[72.8326304432214,19.04503163946392],[72.83280169316701,19.031839450165513]]]}},{"type":"Feature","properties":{"layer":"DP_74","label":"Island City / Suburb classification","confidence":"confirmed","SUBURB":"ISLAND CITY","NAME":"IC 29"},"geometry":{"type":"Polygon","coordinates":[[[72.86090900158119,19.03216718133634],[72.83280169316701,19.031839450165513],[72.8326304432214,19.04503163946392],[72.86073996849156,19.04535961481461],[72.86090900158119,19.03216718133634]]]}},{"type":"Feature","properties":{"layer":"DP_74","label":"Island City / Suburb classification","confidence":"confirmed","SUBURB":"EASTERN","NAME":"ES 15"},"geometry":{"type":"Polygon","coordinates":[[[72.9733438859311,19.03343539221357],[72.94523433225345,19.03312474730048],[72.94507195096828,19.046317894229592],[72.9731837223172,19.046628770595703],[72.9733438859311,19.03343539221357]]]}},{"type":"Feature","properties":{"layer":"DP_74","label":"Island City / Suburb classification","confidence":"confirmed","SUBURB":"EASTERN","NAME":"ES 13"},"geometry":{"type":"Polygon","coordinates":[[[72.91712532863089,19.032809830273916],[72.88901688257114,19.032490641496658],[72.88885006654542,19.04568331597354],[72.9169607298742,19.04600274256787],[72.91712532863089,19.032809830273916]]]}},{"type":"Feature","properties":{"layer":"DP_74","label":"Island City / Suburb classification","confidence":"confirmed","SUBURB":"EASTERN","NAME":"ES 14"},"geometry":{"type":"Polygon","coordinates":[[[72.94523433225345,19.03312474730048],[72.91712532863089,19.032809830273916],[72.9169607298742,19.04600274256787],[72.94507195096828,19.046317894229592],[72.94523433225345,19.03312474730048]]]}},{"type":"Feature","properties":{"layer":"DP_74","label":"Island City / Suburb classification","confidence":"confirmed","SUBURB":"ISLAND CITY","NAME":"IC 23"},"geometry":{"type":"Polygon","coordinates":[[[72.83314376924291,19.005455010964802],[72.80504146871775,19.00512350376946],[72.80486828830564,19.01831548637358],[72.83297280182128,19.018647240854353],[72.83314376924291,19.005455010964802]]]}},{"type":"Feature","properties":{"layer":"DP_74","label":"Island City / Suburb classification","confidence":"confirmed","SUBURB":"ISLAND CITY","NAME":"IC 25"},"geometry":{"type":"Polygon","coordinates":[[[72.88935010177472,19.006105232160742],[72.8612466494285,19.00578225388751],[72.86107789520749,19.018974727882522],[72.88918356096184,19.01929794708096],[72.88935010177472,19.006105232160742]]]}},{"type":"Feature","properties":{"layer":"DP_74","label":"Island City / Suburb classification","confidence":"confirmed","SUBURB":"ISLAND CITY","NAME":"IC 24"},"geometry":{"type":"Polygon","coordinates":[[[72.8612466494285,19.00578225388751],[72.83314376924291,19.005455010964802],[72.83297280182128,19.018647240854353],[72.86107789520749,19.018974727882522],[72.8612466494285,19.00578225388751]]]}},{"type":"Feature","properties":{"layer":"DP_74","label":"Island City / Suburb classification","confidence":"confirmed","SUBURB":"EASTERN","NAME":"ES 06"},"geometry":{"type":"Polygon","coordinates":[[[72.917454118781,19.006423945412607],[72.88935010177472,19.006105232160742],[72.88918356096184,19.01929794708096],[72.91728979158098,19.01961689807742],[72.917454118781,19.006423945412607]]]}},{"type":"Feature","properties":{"layer":"DP_74","label":"Island City / Suburb classification","confidence":"confirmed","SUBURB":"EASTERN","NAME":"ES 07"},"geometry":{"type":"Polygon","coordinates":[[[72.94555869294581,19.00673839327605],[72.917454118781,19.006423945412607],[72.91728979158098,19.01961689807742],[72.94539657956072,19.019931580504554],[72.94555869294581,19.00673839327605]]]}},{"type":"Feature","properties":{"layer":"DP_74","label":"Island City / Suburb classification","confidence":"confirmed","SUBURB":"ISLAND CITY","NAME":"IC 26"},"geometry":{"type":"Polygon","coordinates":[[[72.83297280182128,19.018647240854353],[72.80486828830564,19.01831548637358],[72.80469496483384,19.03150744836164],[72.83280169316701,19.031839450165513],[72.83297280182128,19.018647240854353]]]}},{"type":"Feature","properties":{"layer":"DP_74","label":"Island City / Suburb classification","confidence":"confirmed","SUBURB":"ISLAND CITY","NAME":"IC 28"},"geometry":{"type":"Polygon","coordinates":[[[72.88918356096184,19.01929794708096],[72.86107789520749,19.018974727882522],[72.86090900158119,19.03216718133634],[72.88901688257114,19.032490641496658],[72.88918356096184,19.01929794708096]]]}},{"type":"Feature","properties":{"layer":"DP_74","label":"Island City / Suburb classification","confidence":"confirmed","SUBURB":"ISLAND CITY","NAME":"IC 27"},"geometry":{"type":"Polygon","coordinates":[[[72.86107789520749,19.018974727882522],[72.83297280182128,19.018647240854353],[72.83280169316701,19.031839450165513],[72.86090900158119,19.03216718133634],[72.86107789520749,19.018974727882522]]]}},{"type":"Feature","properties":{"layer":"DP_74","label":"Island City / Suburb classification","confidence":"confirmed","SUBURB":"EASTERN","NAME":"ES 11"},"geometry":{"type":"Polygon","coordinates":[[[72.973503917396,19.020241993999925],[72.94539657956072,19.019931580504554],[72.94523433225345,19.03312474730048],[72.9733438859311,19.03343539221357],[72.973503917396,19.020241993999925]]]}},{"type":"Feature","properties":{"layer":"DP_74","label":"Island City / Suburb classification","confidence":"confirmed","SUBURB":"EASTERN","NAME":"ES 09"},"geometry":{"type":"Polygon","coordinates":[[[72.91728979158098,19.01961689807742],[72.88918356096184,19.01929794708096],[72.88901688257114,19.032490641496658],[72.91712532863089,19.032809830273916],[72.91728979158098,19.01961689807742]]]}},{"type":"Feature","properties":{"layer":"DP_74","label":"Island City / Suburb classification","confidence":"confirmed","SUBURB":"EASTERN","NAME":"ES 10"},"geometry":{"type":"Polygon","coordinates":[[[72.94539657956072,19.019931580504554],[72.91728979158098,19.01961689807742],[72.91712532863089,19.032809830273916],[72.94523433225345,19.03312474730048],[72.94539657956072,19.019931580504554]]]}},{"type":"Feature","properties":{"layer":"DP_74","label":"Island City / Suburb classification","confidence":"confirmed","SUBURB":"ISLAND CITY","NAME":"IC 12"},"geometry":{"type":"Polygon","coordinates":[[[72.8057327607599,18.952355370908784],[72.77763988024823,18.952020601302145],[72.7774650660956,18.965212414777447],[72.80556015208377,18.96554743469696],[72.8057327607599,18.952355370908784]]]}},{"type":"Feature","properties":{"layer":"DP_74","label":"Island City / Suburb classification","confidence":"confirmed","SUBURB":"EASTERN","NAME":"ES 18"},"geometry":{"type":"Polygon","coordinates":[[[72.94507195096828,19.046317894229592],[72.9169607298742,19.04600274256787],[72.91679599526887,19.05919563436897],[72.9449094356637,19.05951102070168],[72.94507195096828,19.046317894229592]]]}},{"type":"Feature","properties":{"layer":"DP_74","label":"Island City / Suburb classification","confidence":"confirmed","SUBURB":"ISLAND CITY","NAME":"IC 13"},"geometry":{"type":"Polygon","coordinates":[[[72.83382622758145,18.952685889338277],[72.8057327607599,18.952355370908784],[72.80556015208377,18.96554743469696],[72.83365582459385,18.965878200261592],[72.83382622758145,18.952685889338277]]]}},{"type":"Feature","properties":{"layer":"DP_74","label":"Island City / Suburb classification","confidence":"confirmed","SUBURB":"ISLAND CITY","NAME":"IC 14"},"geometry":{"type":"Polygon","coordinates":[[[72.86192027322484,18.953012156210175],[72.83382622758145,18.952685889338277],[72.83365582459385,18.965878200261592],[72.86175207613509,18.96620471109061],[72.86192027322484,18.953012156210175]]]}},{"type":"Feature","properties":{"layer":"DP_74","label":"Island City / Suburb classification","confidence":"confirmed","SUBURB":"ISLAND CITY","NAME":"IC 15"},"geometry":{"type":"Polygon","coordinates":[[[72.80556015208377,18.96554743469696],[72.7774650660956,18.965212414777447],[72.77729010726614,18.978404207648367],[72.80538740055502,18.97873947791875],[72.80556015208377,18.96554743469696]]]}},{"type":"Feature","properties":{"layer":"DP_74","label":"Island City / Suburb classification","confidence":"confirmed","SUBURB":"ISLAND CITY","NAME":"IC 16"},"geometry":{"type":"Polygon","coordinates":[[[72.83365582459385,18.965878200261592],[72.80556015208377,18.96554743469696],[72.80538740055502,18.97873947791875],[72.83348528057807,18.979070490656042],[72.83365582459385,18.965878200261592]]]}},{"type":"Feature","properties":{"layer":"DP_74","label":"Island City / Suburb classification","confidence":"confirmed","SUBURB":"ISLAND CITY","NAME":"IC 17"},"geometry":{"type":"Polygon","coordinates":[[[72.86175207613509,18.96620471109061],[72.83365582459385,18.965878200261592],[72.83348528057807,18.979070490656042],[72.86158373984182,18.97939724547919],[72.86175207613509,18.96620471109061]]]}},{"type":"Feature","properties":{"layer":"DP_74","label":"Island City / Suburb classification","confidence":"confirmed","SUBURB":"ISLAND CITY","NAME":"IC 20"},"geometry":{"type":"Polygon","coordinates":[[[72.83331459547563,18.992262761087247],[72.80521450611441,18.991931501139725],[72.80504146871775,19.00512350376946],[72.83314376924291,19.005455010964802],[72.83331459547563,18.992262761087247]]]}},{"type":"Feature","properties":{"layer":"DP_74","label":"Island City / Suburb classification","confidence":"confirmed","SUBURB":"ISLAND CITY","NAME":"IC 22"},"geometry":{"type":"Polygon","coordinates":[[[72.8895165050524,18.99291249732633],[72.86141526428732,18.992589759941605],[72.8612466494285,19.00578225388751],[72.88935010177472,19.006105232160742],[72.8895165050524,18.99291249732633]]]}},{"type":"Feature","properties":{"layer":"DP_74","label":"Island City / Suburb classification","confidence":"confirmed","SUBURB":"WESTERN","NAME":"WS 03"},"geometry":{"type":"Polygon","coordinates":[[[72.86073996849156,19.04535961481461],[72.8326304432214,19.04503163946392],[72.83245905194065,19.058223808159205],[72.86057079589541,19.058552027727004],[72.86073996849156,19.04535961481461]]]}},{"type":"Feature","properties":{"layer":"DP_74","label":"Island City / Suburb classification","confidence":"confirmed","SUBURB":"WESTERN","NAME":"WS 04"},"geometry":{"type":"Polygon","coordinates":[[[72.88885006654542,19.04568331597354],[72.86073996849156,19.04535961481461],[72.86057079589541,19.058552027727004],[72.88868311284197,19.05887596992131],[72.88885006654542,19.04568331597354]]]}},{"type":"Feature","properties":{"layer":"DP_74","label":"Island City / Suburb classification","confidence":"confirmed","SUBURB":"EASTERN","NAME":"ES 02"},"geometry":{"type":"Polygon","coordinates":[[[72.8895165050524,18.99291249732633],[72.86141526428732,18.992589759941605],[72.8612466494285,19.00578225388751],[72.88935010177472,19.006105232160742],[72.8895165050524,18.99291249732633]]]}},{"type":"Feature","properties":{"layer":"DP_74","label":"Island City / Suburb classification","confidence":"confirmed","SUBURB":"EASTERN","NAME":"ES 20"},"geometry":{"type":"Polygon","coordinates":[[[72.88868311284197,19.05887596992131],[72.86057079589541,19.058552027727004],[72.86040148373463,19.07174442063919],[72.8885160214035,19.072068603905688],[72.88868311284197,19.05887596992131]]]}},{"type":"Feature","properties":{"layer":"DP_74","label":"Island City / Suburb classification","confidence":"confirmed","SUBURB":"EASTERN","NAME":"ES 24"},"geometry":{"type":"Polygon","coordinates":[[[72.8885160214035,19.072068603905688],[72.86040148373463,19.07174442063919],[72.86023203196591,19.084936792960892],[72.88834879218723,19.08526121733637],[72.8885160214035,19.072068603905688]]]}}]}