{"type":"FeatureCollection","features":[{"type":"Feature","properties":{"layer":"AKO_1022","label":"Gaothan boundary","confidence":"confirmed","GONTHAN_NAME":"Bandra-A Gaothan","WARD_NAME":"H/W","VILLAGE_NAME":"BANDRA-A","TIKKA_SHEET_NO":"25,36 & 37","SUBARB":"WESTERN","SHEET_NO":"WS 06, WS 03","SINGH":"Y","SR_NO_":4,"SHEET_NO_1":1},"geometry":{"type":"Polygon","coordinates":[[[72.84070397353533,19.057045950911657],[72.83998024124378,19.057110506233197],[72.8396532818719,19.058551573059066],[72.84094056802402,19.059002209315658],[72.84107795353226,19.058248752542358],[72.84070397353533,19.057045950911657]]]}},{"type":"Feature","properties":{"layer":"AKO_1022","label":"Gaothan boundary","confidence":"confirmed","GONTHAN_NAME":"Mulund-W Gaothan","WARD_NAME":"T","VILLAGE_NAME":"MULUND-W ","TIKKA_SHEET_NO":"28","SUBARB":"EASTERN","SHEET_NO":"ES 58","SINGH":"Y","SR_NO_":111,"SHEET_NO_1":20},"geometry":{"type":"Polygon","coordinates":[[[72.94802078846405,19.182858713977307],[72.94827073334001,19.182994912591997],[72.94848276770257,19.182321735258896],[72.94803874965476,19.182217501709438],[72.94802078846405,19.182858713977307]]]}},{"type":"Feature","properties":{"layer":"AKO_1022","label":"Gaothan boundary","confidence":"confirmed","GONTHAN_NAME":"Paspoli Gaothan","WARD_NAME":"S","VILLAGE_NAME":"PASPOLI","TIKKA_SHEET_NO":"24","SUBARB":"EASTERN","SHEET_NO":"ES 41","SINGH":"Y","SR_NO_":106,"SHEET_NO_1":18},"geometry":{"type":"Polygon","coordinates":[[[72.89911130556541,19.135848287817094],[72.89955724534236,19.136067202859035],[72.89992053534965,19.135371266478813],[72.89925960466874,19.13472413770422],[72.89911130556541,19.135848287817094]]]}},{"type":"Feature","properties":{"layer":"AKO_1022","label":"Gaothan boundary","confidence":"confirmed","GONTHAN_NAME":"Ambivali Gaothan","WARD_NAME":"K/W","VILLAGE_NAME":"AMBIVALI ","TIKKA_SHEET_NO":"41 & 54","SUBARB":"WESTERN","SHEET_NO":"WS 23","SINGH":"Y","SR_NO_":41,"SHEET_NO_1":8},"geometry":{"type":"Polygon","coordinates":[[[72.84544899867939,19.1279546374902],[72.84520820923326,19.128094924268265],[72.8453735561963,19.12882799378119],[72.84582499595187,19.12863567816268],[72.84686707520672,19.128885674794088],[72.84658470408134,19.127328023888612],[72.84511591743933,19.127622613127937],[72.84564168758702,19.12779331010532],[72.84544899867939,19.1279546374902]]]}},{"type":"Feature","properties":{"layer":"AKO_1022","label":"Gaothan boundary","confidence":"confirmed","GONTHAN_NAME":"Mulund-W Gaothan","WARD_NAME":"T","VILLAGE_NAME":"MULUND-W ","TIKKA_SHEET_NO":"62 & 75","SUBARB":"EASTERN","SHEET_NO":"ES 54","SINGH":"Y","SR_NO_":112,"SHEET_NO_1":19},"geometry":{"type":"Polygon","coordinates":[[[72.9555828628543,19.175436892922722],[72.95654971106444,19.175122392874624],[72.95636230592633,19.174533372893677],[72.95589528089572,19.174799313153468],[72.95553398032389,19.174491044133454],[72.95483145604213,19.17461291585288],[72.95444284139582,19.175156878276216],[72.95444330637412,19.175531457123647],[72.9555828628543,19.175436892922722]]]}},{"type":"Feature","properties":{"layer":"AKO_1022","label":"Gaothan boundary","confidence":"confirmed","GONTHAN_NAME":"Madh Gaothan","WARD_NAME":"K/W","VILLAGE_NAME":"MADH","TIKKA_SHEET_NO":",,5,6 & 9","SUBARB":"WESTERN","SHEET_NO":"WS 6","SINGH":"Y","SR_NO_":40,"SHEET_NO_1":8},"geometry":{"type":"Polygon","coordinates":[[[72.78898765215244,19.142976445804816],[72.79003703305541,19.143313697245535],[72.78985898171052,19.141496475031737],[72.78908373164735,19.140898455588918],[72.78942704654678,19.140764522622867],[72.78969471822722,19.13997714627379],[72.78855224946375,19.139278487941045],[72.78813055209991,19.14026386823619],[72.78804861238422,19.142967794251508],[72.78860666231982,19.143312646993838],[72.78898765215244,19.142976445804816]]]}},{"type":"Feature","properties":{"layer":"AKO_1022","label":"Gaothan boundary","confidence":"confirmed","GONTHAN_NAME":"Shimpavali Gaothan","WARD_NAME":"R/C","VILLAGE_NAME":"SHIMPAVALI","TIKKA_SHEET_NO":"2 & 3","SUBARB":"WESTERN","SHEET_NO":"WS 58","SINGH":"Y","SR_NO_":62,"SHEET_NO_1":13},"geometry":{"type":"Polygon","coordinates":[[[72.84326542870281,19.221959117390227],[72.84447252885758,19.22211930900965],[72.84462335136138,19.22185869505914],[72.84380038015829,19.221413170372344],[72.84330167351239,19.22149716472751],[72.84326542870281,19.221959117390227]]]}},{"type":"Feature","properties":{"layer":"AKO_1022","label":"Gaothan boundary","confidence":"confirmed","GONTHAN_NAME":"Bandra-C Gaothan","VILLAGE_NAME":"BANDRA-C","SUBARB":"WESTERN","SHEET_NO":"WS02","SINGH":"Y"},"geometry":{"type":"Polygon","coordinates":[[[72.82395329029208,19.056529515783023],[72.82360182126878,19.057209546885925],[72.82405623356563,19.057598544978188],[72.82453002269527,19.056543959160503],[72.82395329029208,19.056529515783023]]]}},{"type":"Feature","properties":{"layer":"AKO_1022","label":"Gaothan boundary","confidence":"confirmed","GONTHAN_NAME":"Bandra-C Gaothan","WARD_NAME":"H/W","VILLAGE_NAME":"BANDRA-C","TIKKA_SHEET_NO":"59,60 & 61","SUBARB":"WESTERN","SHEET_NO":"WS 05","SINGH":"Y","SR_NO_":9,"SHEET_NO_1":2},"geometry":{"type":"Polygon","coordinates":[[[72.8236776583423,19.066231894739385],[72.82403321988777,19.066470180155644],[72.82430571509101,19.06605877516992],[72.82492335174388,19.065938357693337],[72.82489245422958,19.065579025878467],[72.82429421227015,19.065206178218244],[72.82367273802629,19.06566446725631],[72.8236776583423,19.066231894739385]]]}},{"type":"Feature","properties":{"layer":"AKO_1022","label":"Gaothan boundary","confidence":"confirmed","GONTHAN_NAME":"Eksar Gaothan","WARD_NAME":"R/C","VILLAGE_NAME":"EKSAR","TIKKA_SHEET_NO":"65","SUBARB":"WESTERN","SHEET_NO":"WS 63","SINGH":"Y","SR_NO_":65,"SHEET_NO_1":10},"geometry":{"type":"Polygon","coordinates":[[[72.84634077250848,19.23610710689731],[72.84597391743695,19.235260301865527],[72.84512530296742,19.235594400755584],[72.84537728600762,19.23627186347304],[72.84634077250848,19.23610710689731]]]}},{"type":"Feature","properties":{"layer":"AKO_1022","label":"Gaothan boundary","confidence":"confirmed","GONTHAN_NAME":"Maravali Gaothan","WARD_NAME":"M/W","VILLAGE_NAME":"MARAVALI","TIKKA_SHEET_NO":"7,12 & 13","SUBARB":"EASTERN","SHEET_NO":"ES 13","SINGH":"Y","SR_NO_":98,"SHEET_NO_1":19},"geometry":{"type":"Polygon","coordinates":[[[72.89151739132254,19.0406076038455],[72.89158495012232,19.04111189705974],[72.89209992298332,19.041217290094615],[72.89218136085688,19.04042995648161],[72.89151739132254,19.0406076038455]]]}},{"type":"Feature","properties":{"layer":"AKO_1022","label":"Gaothan boundary","confidence":"confirmed","GONTHAN_NAME":"Kurla Gaothan","WARD_NAME":"L","VILLAGE_NAME":"KURLA-2","TIKKA_SHEET_NO":"36","SUBARB":"EASTERN","SHEET_NO":"ES 24","SINGH":"Y","SR_NO_":81,"SHEET_NO_1":14},"geometry":{"type":"Polygon","coordinates":[[[72.88396016839533,19.079147235456013],[72.88437836052069,19.079260353044784],[72.88434535258223,19.078518309110567],[72.88377669516969,19.077952786567256],[72.88396016839533,19.079147235456013]]]}},{"type":"Feature","properties":{"layer":"AKO_1022","label":"Gaothan boundary","confidence":"confirmed","GONTHAN_NAME":"Bandra-H Gaothan","WARD_NAME":"H/W","VILLAGE_NAME":"BANDRA-H","TIKKA_SHEET_NO":"110,116 & 117","SUBARB":"WESTERN","SHEET_NO":"WS 09","SINGH":"Y","SR_NO_":15,"SHEET_NO_1":3},"geometry":{"type":"Polygon","coordinates":[[[72.84004668108724,19.082129058854807],[72.84078611382985,19.082080539898268],[72.8407641204634,19.08178944745076],[72.84108601369094,19.081730463206995],[72.84078860298246,19.081414269376904],[72.84024904808699,19.08153504061609],[72.84004668108724,19.082129058854807]]]}},{"type":"Feature","properties":{"layer":"AKO_1022","label":"Gaothan boundary","confidence":"confirmed","GONTHAN_NAME":"Vikroli  Gaothan","WARD_NAME":"N","VILLAGE_NAME":"Vikroli ","TIKKA_SHEET_NO":"15,16 ,21 & 22","SUBARB":"EASTERN","SHEET_NO":"ES 34","SINGH":"Y","SR_NO_":104,"SHEET_NO_1":18},"geometry":{"type":"Polygon","coordinates":[[[72.92803456719926,19.10509468782636],[72.92915029350607,19.105541676130567],[72.92967447813353,19.105336246802864],[72.92961197717617,19.103927160370144],[72.92905631473151,19.10414324689594],[72.92850631691705,19.103987980996173],[72.92810221310035,19.104228583509467],[72.92803456719926,19.10509468782636]]]}},{"type":"Feature","properties":{"layer":"AKO_1022","label":"Gaothan boundary","confidence":"confirmed","GONTHAN_NAME":"Trombay Gaothan","WARD_NAME":"M/E","VILLAGE_NAME":"TROMBAY ","TIKKA_SHEET_NO":"44","SUBARB":"EASTERN","SHEET_NO":"ES 15","SINGH":"Y","SR_NO_":90,"SHEET_NO_1":15},"geometry":{"type":"Polygon","coordinates":[[[72.94804012264805,19.03675588798165],[72.94869360449074,19.036833029315893],[72.94871800825447,19.036317814414172],[72.94799189929421,19.03641809019644],[72.94804012264805,19.03675588798165]]]}},{"type":"Feature","properties":{"layer":"AKO_1022","label":"Gaothan boundary","confidence":"confirmed","GONTHAN_NAME":"Mulund-E Gaothan","WARD_NAME":"T","VILLAGE_NAME":"MULUND-E","TIKKA_SHEET_NO":"111 & 121","SUBARB":"EASTERN","SHEET_NO":"ES 54, ES 50","SINGH":"Y","SR_NO_":114,"SHEET_NO_1":20},"geometry":{"type":"Polygon","coordinates":[[[72.9612225930504,19.165405597447748],[72.96115342655554,19.16705122992382],[72.96232616619295,19.166608475620045],[72.96262307037061,19.166035689854347],[72.96246293229663,19.165757151924456],[72.96183786985111,19.16591369722377],[72.96121019107689,19.165178640939715],[72.9612225930504,19.165405597447748]]]}},{"type":"Feature","properties":{"layer":"AKO_1022","label":"Gaothan boundary","confidence":"confirmed","GONTHAN_NAME":"Mulund-E Gaothan","WARD_NAME":"T","VILLAGE_NAME":"MULUND-E","TIKKA_SHEET_NO":"77,90 & 91","SUBARB":"EASTERN","SHEET_NO":"ES 54","SINGH":"Y","SR_NO_":113,"SHEET_NO_1":20},"geometry":{"type":"Polygon","coordinates":[[[72.96351638963223,19.173292969268676],[72.96368182716726,19.172726450745532],[72.96338497353108,19.172611288305255],[72.96407013210812,19.172259382847518],[72.96426723273092,19.17172621234099],[72.96371774029551,19.171737775167244],[72.96373602879501,19.171279366653653],[72.96341715872718,19.171095793479864],[72.96251239950612,19.17312217241584],[72.96327647716755,19.173504021477463],[72.96351638963223,19.173292969268676]]]}},{"type":"Feature","properties":{"layer":"AKO_1022","label":"Gaothan boundary","confidence":"confirmed","GONTHAN_NAME":"Ambivali Gaothan","WARD_NAME":"K/W","VILLAGE_NAME":"AMBIVALI ","TIKKA_SHEET_NO":"25 & 39","SUBARB":"WESTERN","SHEET_NO":"WS 23","SINGH":"Y","SR_NO_":42,"SHEET_NO_1":8},"geometry":{"type":"Polygon","coordinates":[[[72.84088709714001,19.131645137446675],[72.84155889939714,19.1316124637542],[72.84179878674696,19.131287938039712],[72.84155132525537,19.131043778765374],[72.84060525683248,19.131061942679835],[72.84088709714001,19.131645137446675]]]}},{"type":"Feature","properties":{"layer":"AKO_1022","label":"Gaothan boundary","confidence":"confirmed","GONTHAN_NAME":"Malad-W Gaothan","WARD_NAME":"P/S","VILLAGE_NAME":"MALAD-W","TIKKA_SHEET_NO":"106 & 107","SUBARB":"WESTERN","SHEET_NO":"WS 43","SINGH":"Y","SR_NO_":58,"SHEET_NO_1":9},"geometry":{"type":"Polygon","coordinates":[[[72.84211492194612,19.17910620673012],[72.84285525290375,19.179059645255677],[72.84254414371223,19.17798754165819],[72.84268356620954,19.17748876502562],[72.84186287626093,19.17765509358592],[72.84026864922762,19.17874793089264],[72.84211492194612,19.17910620673012]]]}},{"type":"Feature","properties":{"layer":"AKO_1022","label":"Gaothan boundary","confidence":"confirmed","GONTHAN_NAME":"Kondivita Gaothan","WARD_NAME":"K/E","VILLAGE_NAME":"KONDIVITA","TIKKA_SHEET_NO":"10 ","SUBARB":"WESTERN","SHEET_NO":"WS 19","SINGH":"Y","SR_NO_":18,"SHEET_NO_1":5},"geometry":{"type":"Polygon","coordinates":[[[72.87010548698314,19.115921698762836],[72.87002188506865,19.116142538964677],[72.8704396022704,19.116005752837673],[72.87039145129465,19.115828648985413],[72.87010548698314,19.115921698762836]]]}},{"type":"Feature","properties":{"layer":"AKO_1022","label":"Gaothan boundary","confidence":"confirmed","GONTHAN_NAME":"Trombay Gaothan","WARD_NAME":"M/E","VILLAGE_NAME":"TROMBAY ","TIKKA_SHEET_NO":"42","SUBARB":"EASTERN","SHEET_NO":"ES 15, ES 14","SINGH":"Y","SR_NO_":89,"SHEET_NO_1":15},"geometry":{"type":"Polygon","coordinates":[[[72.94421285091143,19.036652554329464],[72.94506185031649,19.03662184473958],[72.94502729922269,19.036969665945048],[72.94540957598494,19.037168979093693],[72.94592854723274,19.0363516894733],[72.94607195938379,19.035517966345534],[72.94601448930975,19.03536113749252],[72.94488536228809,19.035579203277976],[72.94396065982667,19.034269444348727],[72.94370276384551,19.035578807572445],[72.94421285091143,19.036652554329464]]]}},{"type":"Feature","properties":{"layer":"AKO_1022","label":"Gaothan boundary","confidence":"confirmed","GONTHAN_NAME":"Malvani Gaothan","WARD_NAME":"P/N","VILLAGE_NAME":"MALVANI ","TIKKA_SHEET_NO":"39 & 40","SUBARB":"WESTERN","SHEET_NO":"WS 47","SINGH":"Y","SR_NO_":48,"SHEET_NO_1":10},"geometry":{"type":"Polygon","coordinates":[[[72.8080762501263,19.198991644896232],[72.80799562466167,19.198846034305582],[72.80800871061979,19.199400109394322],[72.80864263082549,19.199634788636743],[72.80914242146113,19.200141287763774],[72.80969701317268,19.19960098337411],[72.81066494109143,19.19970229204005],[72.8105178841174,19.199393734948867],[72.81014102524522,19.199288156279923],[72.81026180788395,19.19893563126451],[72.81008039341557,19.19896575707358],[72.81008022963674,19.198576980355227],[72.80953985264867,19.19772980974925],[72.80893303993189,19.197810695477763],[72.80899863717207,19.197995935839614],[72.80869123737675,19.198117314119557],[72.80890235140573,19.19844459420024],[72.80879158079208,19.198850985267022],[72.8080762501263,19.198991644896232]]]}},{"type":"Feature","properties":{"layer":"AKO_1022","label":"Gaothan boundary","confidence":"confirmed","GONTHAN_NAME":"Bandra-D Gaothan","WARD_NAME":"H/W","VILLAGE_NAME":"BANDRA-D","TIKKA_SHEET_NO":"77 & 88","SUBARB":"WESTERN","SHEET_NO":"WS 08","SINGH":"Y","SR_NO_":13,"SHEET_NO_1":6},"geometry":{"type":"Polygon","coordinates":[[[72.82545573997432,19.074455542517942],[72.82602898218171,19.074514963228133],[72.82617773731883,19.073418281578157],[72.82679289485199,19.072790476304093],[72.82563043262516,19.072801283004956],[72.82513367005821,19.07327011784108],[72.82482764495553,19.073880282096113],[72.82486265222813,19.07444492396813],[72.82545573997432,19.074455542517942]]]}},{"type":"Feature","properties":{"layer":"AKO_1022","label":"Gaothan boundary","confidence":"confirmed","GONTHAN_NAME":"Eksar Gaothan","WARD_NAME":"R/C","VILLAGE_NAME":"EKSAR","TIKKA_SHEET_NO":"51,52 & 65","SUBARB":"WESTERN","SHEET_NO":"WS 63","SINGH":"Y","SR_NO_":64,"SHEET_NO_1":10},"geometry":{"type":"Polygon","coordinates":[[[72.84539115166102,19.237329745413152],[72.8448734375066,19.237008256926696],[72.84376165072028,19.237144400831177],[72.8436340133256,19.23826970968107],[72.84412227708991,19.238528672072622],[72.8448570982617,19.238358822334074],[72.84472547918112,19.23776865050408],[72.84539115166102,19.237329745413152]]]}},{"type":"Feature","properties":{"layer":"AKO_1022","label":"Gaothan boundary","confidence":"confirmed","GONTHAN_NAME":"Vile Parle Gaothan","WARD_NAME":"K/W","VILLAGE_NAME":"VILE PARLE","TIKKA_SHEET_NO":"25 & 34","SUBARB":"WESTERN","SHEET_NO":"WS 15","SINGH":"Y","SR_NO_":32,"SHEET_NO_1":7},"geometry":{"type":"Polygon","coordinates":[[[72.84057459055542,19.108400680406895],[72.84109195220421,19.108500532074856],[72.84150910613508,19.10790959133329],[72.84037791650681,19.107632185109523],[72.84057459055542,19.108400680406895]]]}},{"type":"Feature","properties":{"layer":"AKO_1022","label":"Gaothan boundary","confidence":"confirmed","GONTHAN_NAME":"Sahar Gaothan","WARD_NAME":"K/E","VILLAGE_NAME":"SAHAR","TIKKA_SHEET_NO":"7 & 8","SUBARB":"WESTERN","SHEET_NO":"WS 5, WS 16","SINGH":"Y","SR_NO_":23,"SHEET_NO_1":5},"geometry":{"type":"Polygon","coordinates":[[[72.85998508826816,19.103573098542057],[72.86011675130175,19.103613303145696],[72.86002216641768,19.103514377820378],[72.85998508826816,19.103573098542057]]]}},{"type":"Feature","properties":{"layer":"AKO_1022","label":"Gaothan boundary","confidence":"confirmed","GONTHAN_NAME":"Deonar Gaothan","WARD_NAME":"M/E","VILLAGE_NAME":"DEONAR","TIKKA_SHEET_NO":"69 & 64","SUBARB":"EASTERN","SHEET_NO":"ES 18","SINGH":"Y","SR_NO_":83,"SHEET_NO_1":15},"geometry":{"type":"Polygon","coordinates":[[[72.92034100054813,19.048576807912635],[72.92069559323353,19.04848817029102],[72.9206182288762,19.048109677155487],[72.9203265217914,19.048229819361705],[72.92034100054813,19.048576807912635]]]}},{"type":"Feature","properties":{"layer":"AKO_1022","label":"Gaothan boundary","confidence":"confirmed","GONTHAN_NAME":"Poisar Gaothan","WARD_NAME":"R/C & R/S","VILLAGE_NAME":"POISAR","TIKKA_SHEET_NO":"2,3 & 16","SUBARB":"WESTERN","SHEET_NO":"WS 53, WS 53","SINGH":"Y","SR_NO_":70,"SHEET_NO_1":13},"geometry":{"type":"Polygon","coordinates":[[[72.85240200790786,19.215353097699754],[72.85288359970785,19.215635449657846],[72.85291082504408,19.21480582651761],[72.85346280062076,19.214458786324624],[72.85340747886941,19.213915422728423],[72.85328840844527,19.213365009216204],[72.85187425417179,19.213405495197126],[72.85194370571975,19.213142978835368],[72.85315391866345,19.21301717142646],[72.85320286958572,19.212796018619198],[72.85309651380322,19.212124256428318],[72.85177778155119,19.211515828367503],[72.85128171676878,19.21170111794826],[72.85188889661218,19.213061215542595],[72.85097908849485,19.214323291020406],[72.850949357117,19.214907020071603],[72.85240200790786,19.215353097699754]]]}},{"type":"Feature","properties":{"layer":"AKO_1022","label":"Gaothan boundary","confidence":"confirmed","GONTHAN_NAME":"Borivali Gaothan","WARD_NAME":"R/C","VILLAGE_NAME":"BORIVALI","TIKKA_SHEET_NO":"46,47 & 60","SUBARB":"WESTERN","SHEET_NO":"WS 58","SINGH":"Y","SR_NO_":61,"SHEET_NO_1":13},"geometry":{"type":"Polygon","coordinates":[[[72.84301111497312,19.229467151117458],[72.84407680317997,19.229155213820224],[72.84356551226621,19.228591064999787],[72.84402170898123,19.22831795529573],[72.84403161583049,19.22784634667772],[72.84336849029323,19.227405697196293],[72.84301031640042,19.227748529947227],[72.84301111497312,19.229467151117458]]]}},{"type":"Feature","properties":{"layer":"AKO_1022","label":"Gaothan boundary","confidence":"confirmed","GONTHAN_NAME":"Malvani Gaothan","WARD_NAME":"P/N","VILLAGE_NAME":"MALVANI ","TIKKA_SHEET_NO":"62","SUBARB":"WESTERN","SHEET_NO":"WS 47","SINGH":"Y","SR_NO_":47,"SHEET_NO_1":10},"geometry":{"type":"Polygon","coordinates":[[[72.81894635253772,19.196514625514773],[72.81909099368902,19.19684556293966],[72.81990824869573,19.19716784326499],[72.8203696721602,19.196750038047057],[72.82012184207508,19.19584770838804],[72.81946917820075,19.195903874659724],[72.81887726116257,19.196349700553725],[72.81894635253772,19.196514625514773]]]}},{"type":"Feature","properties":{"layer":"AKO_1022","label":"Gaothan boundary","confidence":"confirmed","GONTHAN_NAME":"Ghatkopar Kirol Gaothan","WARD_NAME":"N","VILLAGE_NAME":"GHATKOPAR KIROL","TIKKA_SHEET_NO":"37","SUBARB":"EASTERN","SHEET_NO":"ES 29","SINGH":"Y","SR_NO_":100,"SHEET_NO_1":18},"geometry":{"type":"Polygon","coordinates":[[[72.9056140123225,19.08592359885633],[72.90567764483887,19.085908482304642],[72.90566069641645,19.08584196611939],[72.9056140123225,19.08592359885633]]]}},{"type":"Feature","properties":{"layer":"AKO_1022","label":"Gaothan boundary","confidence":"confirmed","GONTHAN_NAME":"Kandivali Gaothan","WARD_NAME":"R/S","VILLAGE_NAME":"KANDIVALI","TIKKA_SHEET_NO":"71,72,85,86 & 87","SUBARB":"WESTERN","SHEET_NO":"WS 53","SINGH":"Y","SR_NO_":75,"SHEET_NO_1":12},"geometry":{"type":"Polygon","coordinates":[[[72.83708935355463,19.205050684049752],[72.83768056007689,19.204985128112074],[72.83874561106836,19.205722580441645],[72.83876810645313,19.206208267485902],[72.83935338151029,19.206306081654343],[72.83962787775803,19.20710311662572],[72.84027397679021,19.207909624291197],[72.84022874931014,19.20726921932963],[72.8409972545055,19.20732166056012],[72.84088339025956,19.20587637241091],[72.84111240373083,19.205882976268107],[72.84114425941097,19.205398728595142],[72.84002404613523,19.20494358707044],[72.83957084839138,19.205528589070955],[72.83881101300241,19.205681906567417],[72.83702143416075,19.204433031415153],[72.83708935355463,19.205050684049752]]]}},{"type":"Feature","properties":{"layer":"AKO_1022","label":"Gaothan boundary","confidence":"confirmed","GONTHAN_NAME":"Dahisar Gaothan","WARD_NAME":"R/N","VILLAGE_NAME":"DAHISAR","TIKKA_SHEET_NO":"50,51,52,62,63 & 64","SUBARB":"WESTERN","SHEET_NO":"WS 73, WS 68","SINGH":"Y","SR_NO_":73,"SHEET_NO_1":12},"geometry":{"type":"Polygon","coordinates":[[[72.85595444140729,19.2570254150746],[72.85604397401302,19.256174433001565],[72.8558758058618,19.25614244259698],[72.8533800920189,19.25634635620634],[72.85328880487229,19.257104570116994],[72.8550676022382,19.256749101737476],[72.85595444140729,19.2570254150746]]]}},{"type":"Feature","properties":{"layer":"AKO_1022","label":"Gaothan boundary","confidence":"confirmed","GONTHAN_NAME":"Pahadi Goregaon-W Gaothan","WARD_NAME":"P/S","VILLAGE_NAME":"PAHADI GOREGAON-W ","TIKKA_SHEET_NO":"73,73A & 72","SUBARB":"WESTERN","SHEET_NO":"WS 33","SINGH":"Y","SR_NO_":59,"SHEET_NO_1":11},"geometry":{"type":"Polygon","coordinates":[[[72.84577986904192,19.156261776089682],[72.8459353854767,19.15686464279128],[72.84609408478924,19.156826886819125],[72.84679660851542,19.155779664977032],[72.84693411313725,19.154968853061742],[72.84592951596495,19.15529053639352],[72.84586863604837,19.15581540025349],[72.8449272804327,19.155857389523764],[72.844716329469,19.156135552298984],[72.8447284087244,19.156309654255697],[72.84577986904192,19.156261776089682]]]}},{"type":"Feature","properties":{"layer":"AKO_1022","label":"Gaothan boundary","confidence":"confirmed","GONTHAN_NAME":"Ghatkopar Kirol Gaothan","WARD_NAME":"N","VILLAGE_NAME":"GHATKOPAR KIROL","TIKKA_SHEET_NO":"24","SUBARB":"EASTERN","SHEET_NO":"ES 25, ES 29","SINGH":"Y","SR_NO_":102,"SHEET_NO_1":18},"geometry":{"type":"Polygon","coordinates":[[[72.90565006465916,19.085687946709875],[72.90543179168675,19.085108433068374],[72.90557411620908,19.085708335710013],[72.90565006465916,19.085687946709875]]]}},{"type":"Feature","properties":{"layer":"AKO_1022","label":"Gaothan boundary","confidence":"confirmed","GONTHAN_NAME":"Vakola Kolekalyan Gaothan","WARD_NAME":"H/E","VILLAGE_NAME":"KOLEKALYAN","TIKKA_SHEET_NO":"14,15,31 & 32","SUBARB":"WESTERN","SHEET_NO":"WS 09","SINGH":"Y","SR_NO_":2,"SHEET_NO_1":1},"geometry":{"type":"Polygon","coordinates":[[[72.85546558880084,19.080093414820492],[72.85563645587767,19.080133050284505],[72.8548882362927,19.080179915481335],[72.85531947879922,19.080630128392013],[72.8559003798592,19.0807930397664],[72.8559405278792,19.081025981627878],[72.8550443472314,19.081014151379758],[72.85504367445925,19.081218803162347],[72.85633205059702,19.081579467968464],[72.8562349802803,19.080847335738778],[72.85644107599038,19.080808306297413],[72.85668947110358,19.08012478934743],[72.8565887955881,19.079691910499523],[72.85588875057901,19.079397083384897],[72.85546558880084,19.080093414820492]]]}},{"type":"Feature","properties":{"layer":"AKO_1022","label":"Gaothan boundary","confidence":"confirmed","GONTHAN_NAME":"Andheri Gaothan","WARD_NAME":"K/W","VILLAGE_NAME":"ANDHERI ","TIKKA_SHEET_NO":"30","SUBARB":"WESTERN","SHEET_NO":"WS 18","SINGH":"Y","SR_NO_":38,"SHEET_NO_1":4},"geometry":{"type":"Polygon","coordinates":[[[72.8406232248558,19.120347331080456],[72.84078148236338,19.120302991312503],[72.84005519862306,19.12046450261537],[72.83973714775567,19.120742845830467],[72.83984308574927,19.121000128571282],[72.84013913027619,19.120880173467757],[72.83998613730581,19.120522283584574],[72.8406232248558,19.120347331080456]]]}},{"type":"Feature","properties":{"layer":"AKO_1022","label":"Gaothan boundary","confidence":"confirmed","GONTHAN_NAME":"Marol Gaothan","WARD_NAME":"K/E","VILLAGE_NAME":"MAROL","TIKKA_SHEET_NO":"21,22,27 & 28","SUBARB":"WESTERN","SHEET_NO":"WS 19, WS 16","SINGH":"Y","SR_NO_":21,"SHEET_NO_1":5},"geometry":{"type":"Polygon","coordinates":[[[72.8770732253464,19.114001390707568],[72.87662902870574,19.114394732033375],[72.87714804594906,19.11509941972115],[72.87776138659491,19.115364670996655],[72.87808792479433,19.114857698427915],[72.87822438678245,19.11496162322462],[72.8780388216097,19.115080549844986],[72.87841275204327,19.11511454804],[72.87963124865712,19.11479660604738],[72.87939566567736,19.113140592598448],[72.87857385986078,19.11114758956399],[72.87824847817143,19.111094755455394],[72.87824240211523,19.11241442801569],[72.8776531913083,19.11244780844036],[72.87712828801662,19.112823693507302],[72.8767281317331,19.1128327717172],[72.87719776208213,19.111402851987986],[72.87703564607317,19.111067696947725],[72.87637742624882,19.11151327095448],[72.87667319028333,19.1128343434957],[72.8765041659551,19.11284217530828],[72.87716177775505,19.113069119961914],[72.8774178458261,19.11367869019003],[72.8770732253464,19.114001390707568]]]}},{"type":"Feature","properties":{"layer":"AKO_1022","label":"Gaothan boundary","confidence":"confirmed","GONTHAN_NAME":"Juhu Gaothan","WARD_NAME":"K/W","VILLAGE_NAME":"JUHU","TIKKA_SHEET_NO":"15 & 19","SUBARB":"WESTERN","SHEET_NO":"WS 14","SINGH":"Y","SR_NO_":31,"SHEET_NO_1":6},"geometry":{"type":"Polygon","coordinates":[[[72.8260383471413,19.109106520564904],[72.82636365170606,19.109298298342015],[72.82628801598872,19.10966746381847],[72.8264904172442,19.109652243053173],[72.82635573278078,19.10757745434125],[72.82580320314429,19.10773866820298],[72.82573003842451,19.10844129041323],[72.82608291498367,19.108594919746384],[72.8260383471413,19.109106520564904]]]}},{"type":"Feature","properties":{"layer":"AKO_1022","label":"Gaothan boundary","confidence":"confirmed","GONTHAN_NAME":"Andheri Gaothan","WARD_NAME":"K/W","VILLAGE_NAME":"ANDHERI ","TIKKA_SHEET_NO":"32 & 33","SUBARB":"WESTERN","SHEET_NO":"WS 18","SINGH":"Y","SR_NO_":39,"SHEET_NO_1":4},"geometry":{"type":"Polygon","coordinates":[[[72.84368283767532,19.122485843163556],[72.84389892626533,19.12232484204732],[72.84409461715782,19.122575351135996],[72.8440119694514,19.12219804740531],[72.84418762979693,19.122081994655694],[72.84455643933487,19.122334092486916],[72.84507039548437,19.122190159016693],[72.84530559669864,19.122741243272593],[72.84561571983387,19.122602746912214],[72.84585644159877,19.121034103664442],[72.84503832639949,19.12087582718517],[72.84497993832011,19.120660404124937],[72.84464309665961,19.120781400455208],[72.84464041182392,19.121124020042647],[72.8437878799359,19.121700148209342],[72.84368283767532,19.122485843163556]]]}},{"type":"Feature","properties":{"layer":"AKO_1022","label":"Gaothan boundary","confidence":"confirmed","GONTHAN_NAME":"Versova Gaothan","WARD_NAME":"K/W","VILLAGE_NAME":"VERSOVA","TIKKA_SHEET_NO":",,3,4,7 & 8","SUBARB":"WESTERN","SHEET_NO":"WS 7","SINGH":"Y","SR_NO_":44,"SHEET_NO_1":8},"geometry":{"type":"MultiPolygon","coordinates":[[[[72.80596682470205,19.139954907178954],[72.80626537046648,19.139148923763948],[72.80611855111509,19.13906944631135],[72.80515598899522,19.139610264637355],[72.80393888540988,19.141251061499894],[72.80506140164732,19.144409481846793],[72.8063585117652,19.1454553359913],[72.80680351992302,19.144168856225445],[72.80665171229383,19.143711476858677],[72.80799139771385,19.143276555800004],[72.80685322301092,19.14326033533753],[72.80700499517224,19.142740860225555],[72.8074105083252,19.14266418449556],[72.80731329256918,19.142227524969716],[72.80645904192377,19.142095315727488],[72.80648815270013,19.14112038646456],[72.80597077895897,19.14067236840425],[72.80596682470205,19.139954907178954]]],[[[72.80596682470205,19.139954907178954],[72.8059778787012,19.13995617992946],[72.80597492915125,19.139955503421774],[72.80596682470205,19.139954907178954]]]]}},{"type":"Feature","properties":{"layer":"AKO_1022","label":"Gaothan boundary","confidence":"confirmed","GONTHAN_NAME":"Kondivita Gaothan","WARD_NAME":"K/E","VILLAGE_NAME":"KONDIVITA","TIKKA_SHEET_NO":"5,6,10 & 11","SUBARB":"WESTERN","SHEET_NO":"WS 19","SINGH":"Y","SR_NO_":18,"SHEET_NO_1":5},"geometry":{"type":"Polygon","coordinates":[[[72.87172764191428,19.11626463114809],[72.8719761872936,19.115860666947164],[72.87131677669868,19.115984349610404],[72.87171757275412,19.115182880111426],[72.87147729753097,19.114793908974097],[72.87124054497937,19.114832822962754],[72.87127981902076,19.115263598712374],[72.8711493442584,19.114667199332857],[72.87067972630673,19.11603122486533],[72.87014649836277,19.116479927908525],[72.87011403337955,19.116672315700015],[72.87053680235536,19.116646067932628],[72.87010675124633,19.116866413154963],[72.87004060380828,19.11730841708551],[72.8708947455266,19.117579840806094],[72.87146615549973,19.11724770658359],[72.87172764191428,19.11626463114809]]]}},{"type":"Feature","properties":{"layer":"AKO_1022","label":"Gaothan boundary","confidence":"confirmed","GONTHAN_NAME":"Manori Gaothan","WARD_NAME":"P/N","VILLAGE_NAME":"MANORI","TIKKA_SHEET_NO":"2,4,6 & 7","SUBARB":"WESTERN","SHEET_NO":"WS 61","SINGH":"Y","SR_NO_":55,"SHEET_NO_1":12},"geometry":{"type":"Polygon","coordinates":[[[72.78072047370881,19.236491589631868],[72.78108247721464,19.23685023882664],[72.7815390576935,19.236807273095422],[72.78148565567652,19.236309216282105],[72.78194453394069,19.236187400673796],[72.78198897665848,19.233393936527513],[72.78157499034813,19.233416600603256],[72.78160352309682,19.23389950089395],[72.78121689750492,19.234190790165087],[72.78041403395628,19.23394242368725],[72.7810577860535,19.234217101801484],[72.78130805516199,19.234765625225933],[72.78103991334382,19.234892241579686],[72.7814669179116,19.235127915387444],[72.78121335563128,19.23646577880454],[72.78072047370881,19.236491589631868]]]}},{"type":"Feature","properties":{"layer":"AKO_1022","label":"Gaothan boundary","confidence":"confirmed","GONTHAN_NAME":"Malvani Gaothan","WARD_NAME":"P/N","VILLAGE_NAME":"MALVANI ","TIKKA_SHEET_NO":"60 & 61","SUBARB":"WESTERN","SHEET_NO":"WS 47","SINGH":"Y","SR_NO_":49,"SHEET_NO_1":10},"geometry":{"type":"Polygon","coordinates":[[[72.81587603488337,19.196631542157352],[72.81682931327241,19.19655122661259],[72.81668009199282,19.195355114312527],[72.81657376567722,19.195685557132357],[72.81628917646037,19.195532933709618],[72.81553762618682,19.195777180124388],[72.81587603488337,19.196631542157352]]]}},{"type":"Feature","properties":{"layer":"AKO_1022","label":"Gaothan boundary","confidence":"confirmed","GONTHAN_NAME":"Bandra-B Gaothan","WARD_NAME":"H/W","VILLAGE_NAME":"BANDRA-A & BANDRA-B","TIKKA_SHEET_NO":"4,21 & 22","SUBARB":"WESTERN","SHEET_NO":"WS 02, WS 03","SINGH":"Y","SR_NO_":5,"SHEET_NO_1":2},"geometry":{"type":"Polygon","coordinates":[[[72.83073273473639,19.05410356273251],[72.83080318183441,19.053483723555228],[72.82894324125775,19.05231050944789],[72.82866483039463,19.051671793377764],[72.82844833066025,19.051649898590618],[72.82829682977322,19.052185560419268],[72.82876787848052,19.053580033050256],[72.829238827435,19.05340672184735],[72.8293689428153,19.053894757537964],[72.82981886696714,19.053763831793347],[72.83030666269016,19.05413568920961],[72.83073273473639,19.05410356273251]]]}},{"type":"Feature","properties":{"layer":"AKO_1022","label":"Gaothan boundary","confidence":"confirmed","GONTHAN_NAME":"Kirol Gaothan","WARD_NAME":"N","VILLAGE_NAME":"KIROL","TIKKA_SHEET_NO":"29 & 29A","SUBARB":"EASTERN","SHEET_NO":"ES 25","SINGH":"Y","SR_NO_":103,"SHEET_NO_1":14},"geometry":{"type":"Polygon","coordinates":[[[72.89754500357864,19.081645251569828],[72.89757291312931,19.080626138282533],[72.89644917624727,19.08055035663002],[72.89638826406902,19.082483146978667],[72.89657339852269,19.082990420885192],[72.89698388210073,19.082795306825506],[72.89723573571494,19.082277097831145],[72.89763194287566,19.082293245175443],[72.89778009994573,19.08200778952141],[72.89742616836918,19.081918023580123],[72.89754500357864,19.081645251569828]]]}},{"type":"Feature","properties":{"layer":"AKO_1022","label":"Gaothan boundary","confidence":"confirmed","GONTHAN_NAME":"Kanjur-E Gaothan","WARD_NAME":"S","VILLAGE_NAME":"KANJUR-E","TIKKA_SHEET_NO":"74","SUBARB":"EASTERN","SHEET_NO":"ES 42","SINGH":"Y","SR_NO_":108,"SHEET_NO_1":19},"geometry":{"type":"Polygon","coordinates":[[[72.93796903287306,19.134819447271383],[72.93812763019633,19.134569151488133],[72.93797576592397,19.134534237623686],[72.93796903287306,19.134819447271383]]]}},{"type":"Feature","properties":{"layer":"AKO_1022","label":"Gaothan boundary","confidence":"confirmed","GONTHAN_NAME":"Chembur Gaothan","WARD_NAME":"M/W","VILLAGE_NAME":"Chembur ","TIKKA_SHEET_NO":"76 & 86","SUBARB":"EASTERN","SHEET_NO":"ES 17","SINGH":"Y","SR_NO_":93,"SHEET_NO_1":17},"geometry":{"type":"Polygon","coordinates":[[[72.89423609714707,19.052729658277126],[72.89446247255097,19.05297033389369],[72.89495175209724,19.052733016994356],[72.89549729618649,19.052373877309158],[72.89553789212705,19.052038728268478],[72.89407795981906,19.052090173790475],[72.89423609714707,19.052729658277126]]]}},{"type":"Feature","properties":{"layer":"AKO_1022","label":"Gaothan boundary","confidence":"confirmed","GONTHAN_NAME":"Akurli Gaothan","WARD_NAME":"R/S","VILLAGE_NAME":"AKURLI","TIKKA_SHEET_NO":"4 & 5","SUBARB":"WESTERN","SHEET_NO":"WS 48","SINGH":"Y","SR_NO_":74,"SHEET_NO_1":13},"geometry":{"type":"Polygon","coordinates":[[[72.85251713971793,19.203338884088538],[72.8529819195366,19.203334138334412],[72.85301719279187,19.203075766449135],[72.85220908584579,19.20297497399881],[72.85251713971793,19.203338884088538]]]}},{"type":"Feature","properties":{"layer":"AKO_1022","label":"Gaothan boundary","confidence":"confirmed","GONTHAN_NAME":"Eksar Gaothan","WARD_NAME":"R/N","VILLAGE_NAME":"EKSAR","TIKKA_SHEET_NO":"4","SUBARB":"WESTERN","SHEET_NO":"WS 68","SINGH":"Y","SR_NO_":71,"SHEET_NO_1":12},"geometry":{"type":"Polygon","coordinates":[[[72.85447526577846,19.256246579671842],[72.8546822811031,19.25597307296745],[72.85388313369602,19.256067603114353],[72.85402165020658,19.25632813117985],[72.85447526577846,19.256246579671842]]]}},{"type":"Feature","properties":{"layer":"AKO_1022","label":"Gaothan boundary","confidence":"confirmed","GONTHAN_NAME":"Chinchavali Gaothan","WARD_NAME":"P/N","VILLAGE_NAME":"CHINCHAVALI ","TIKKA_SHEET_NO":"1","SUBARB":"WESTERN","SHEET_NO":"WS 43","SINGH":"Y","SR_NO_":45,"SHEET_NO_1":9},"geometry":{"type":"Polygon","coordinates":[[[72.84298215124981,19.179132018567945],[72.84340630176303,19.179354727811205],[72.8433457568386,19.179047106756553],[72.84298215124981,19.179132018567945]]]}},{"type":"Feature","properties":{"layer":"AKO_1022","label":"Gaothan boundary","confidence":"confirmed","GONTHAN_NAME":"Juhu Gaothan","WARD_NAME":"K/W","VILLAGE_NAME":"JUHU","TIKKA_SHEET_NO":"11","SUBARB":"WESTERN","SHEET_NO":"WS 17","SINGH":"Y","SR_NO_":27,"SHEET_NO_1":6},"geometry":{"type":"Polygon","coordinates":[[[72.82510950711443,19.113882377422684],[72.82497109495014,19.113854941920092],[72.82500365643112,19.11394151153457],[72.82510950711443,19.113882377422684]]]}},{"type":"Feature","properties":{"layer":"AKO_1022","label":"Gaothan boundary","confidence":"confirmed","GONTHAN_NAME":"Sahar Gaothan","WARD_NAME":"K/E","VILLAGE_NAME":"SAHAR","TIKKA_SHEET_NO":"15 & 16","SUBARB":"WESTERN","SHEET_NO":"WS 16","SINGH":"Y","SR_NO_":25,"SHEET_NO_1":4},"geometry":{"type":"Polygon","coordinates":[[[72.86645200026763,19.100662384701135],[72.86716149734048,19.100681795355015],[72.86705753232967,19.09978640436659],[72.86646756338207,19.09889759335994],[72.86572978015217,19.099025162320125],[72.86593608385651,19.09973434521916],[72.86650815101028,19.10022393031667],[72.86645200026763,19.100662384701135]]]}},{"type":"Feature","properties":{"layer":"AKO_1022","label":"Gaothan boundary","confidence":"confirmed","GONTHAN_NAME":"Vile Parle Gaothan","WARD_NAME":"K/W","VILLAGE_NAME":"VILE PARLE","TIKKA_SHEET_NO":"24,25,34 & 35","SUBARB":"WESTERN","SHEET_NO":"WS 15","SINGH":"Y","SR_NO_":33,"SHEET_NO_1":7},"geometry":{"type":"Polygon","coordinates":[[[72.84402082922486,19.108098844217025],[72.84400624731958,19.107908142321772],[72.84323980071734,19.10779454912868],[72.84291640064532,19.108057772717245],[72.84294362735686,19.108373243497336],[72.84242360192134,19.108354913079275],[72.84243287490301,19.108519336735657],[72.84395306289102,19.108645275574688],[72.84402082922486,19.108098844217025]]]}},{"type":"Feature","properties":{"layer":"AKO_1022","label":"Gaothan boundary","confidence":"confirmed","GONTHAN_NAME":"Wadhavali Gaothan","WARD_NAME":"M/E","VILLAGE_NAME":"WADHAVALI ","TIKKA_SHEET_NO":"9 & 10","SUBARB":"EASTERN","SHEET_NO":"ES 13","SINGH":"Y","SR_NO_":86,"SHEET_NO_1":15},"geometry":{"type":"Polygon","coordinates":[[[72.90074195825284,19.045601660264293],[72.90091137565456,19.045607865225723],[72.90104066720382,19.04499552554299],[72.90065048086514,19.045142372231776],[72.90055174912364,19.045541086655064],[72.90074195825284,19.045601660264293]]]}},{"type":"Feature","properties":{"layer":"AKO_1022","label":"Gaothan boundary","confidence":"confirmed","GONTHAN_NAME":"Bhandup-E Gaothan","WARD_NAME":"S","VILLAGE_NAME":"BHANDUP-E","TIKKA_SHEET_NO":"44,45,55 & 56","SUBARB":"EASTERN","SHEET_NO":"ES 50, ES 46","SINGH":"Y","SR_NO_":105,"SHEET_NO_1":19},"geometry":{"type":"Polygon","coordinates":[[[72.94475883792796,19.150036836671887],[72.94510258168314,19.150913826573174],[72.94595920424648,19.151560997766826],[72.94633977204953,19.152639294212992],[72.9466294198034,19.152541500596637],[72.9467690714607,19.1510487330029],[72.94720315866886,19.151017383920895],[72.94683945925452,19.14984535641922],[72.94604306505977,19.150247602303015],[72.945529941069,19.149881304339637],[72.94479840182805,19.149838970001152],[72.94475883792796,19.150036836671887]]]}},{"type":"Feature","properties":{"layer":"AKO_1022","label":"Gaothan boundary","confidence":"confirmed","GONTHAN_NAME":"Juhu Gaothan","WARD_NAME":"K/W","VILLAGE_NAME":"JUHU","TIKKA_SHEET_NO":"11","SUBARB":"WESTERN","SHEET_NO":"WS 17","SINGH":"Y","SR_NO_":28,"SHEET_NO_1":6},"geometry":{"type":"Polygon","coordinates":[[[72.8253975147099,19.11441734901904],[72.82566432027762,19.11423260072113],[72.82554791210438,19.113900484577197],[72.82535788865596,19.11389539169129],[72.8253975147099,19.11441734901904]]]}},{"type":"Feature","properties":{"layer":"AKO_1022","label":"Gaothan boundary","confidence":"confirmed","GONTHAN_NAME":"Eksar Gaothan","WARD_NAME":"R/C","VILLAGE_NAME":"EKSAR","TIKKA_SHEET_NO":" 52","SUBARB":"WESTERN","SHEET_NO":"WS 63","SINGH":"Y","SR_NO_":67,"SHEET_NO_1":10},"geometry":{"type":"Polygon","coordinates":[[[72.8448367734833,19.239466365990967],[72.84576161848375,19.23976459066593],[72.84582622559248,19.23911881628255],[72.84498405221093,19.238797001325338],[72.8448367734833,19.239466365990967]]]}},{"type":"Feature","properties":{"layer":"AKO_1022","label":"Gaothan boundary","confidence":"confirmed","GONTHAN_NAME":"Bandra-C Gaothan","WARD_NAME":"H/W","VILLAGE_NAME":"BANDRA-C","TIKKA_SHEET_NO":"45 & 46","SUBARB":"WESTERN","SHEET_NO":"WS 05","SINGH":"Y","SR_NO_":7,"SHEET_NO_1":2},"geometry":{"type":"Polygon","coordinates":[[[72.82446807443017,19.062975682636885],[72.82409772764225,19.063849998323523],[72.82525104825633,19.063859257535825],[72.8251778464363,19.062918213587093],[72.82446807443017,19.062975682636885]]]}},{"type":"Feature","properties":{"layer":"AKO_1022","label":"Gaothan boundary","confidence":"confirmed","GONTHAN_NAME":"Aakse Gaothan","WARD_NAME":"P/N","VILLAGE_NAME":"AAKSE","TIKKA_SHEET_NO":"11 & 11","SUBARB":"WESTERN","SHEET_NO":"WS 36, WS 41","SINGH":"Y","SR_NO_":50,"SHEET_NO_1":9},"geometry":{"type":"Polygon","coordinates":[[[72.79711194155286,19.176762073633604],[72.79781383905038,19.17638005911612],[72.7979676307298,19.175601105298256],[72.79714515206763,19.175937050244347],[72.79711194155286,19.176762073633604]]]}},{"type":"Feature","properties":{"layer":"AKO_1022","label":"Gaothan boundary","confidence":"confirmed","GONTHAN_NAME":"Vakola Kolekalyan Gaothan","WARD_NAME":"H/E","VILLAGE_NAME":"KOLEKALYAN","TIKKA_SHEET_NO":"53 & 54","SUBARB":"WESTERN","SHEET_NO":"WS 10","SINGH":"Y","SR_NO_":1,"SHEET_NO_1":1},"geometry":{"type":"Polygon","coordinates":[[[72.86714603710635,19.07652977992305],[72.86798590856458,19.076455426279743],[72.86786527460497,19.07532479216483],[72.86809168606595,19.075294722943006],[72.8678793825776,19.07468328610937],[72.86704555246764,19.074415995561832],[72.8668242441529,19.075459345276684],[72.86688036263702,19.076516379885234],[72.86714603710635,19.07652977992305]]]}},{"type":"Feature","properties":{"layer":"AKO_1022","label":"Gaothan boundary","confidence":"confirmed","GONTHAN_NAME":"Vakola Kolekalyan Gaothan","WARD_NAME":"K/E","VILLAGE_NAME":"KOLEKALYAN","TIKKA_SHEET_NO":"16","SUBARB":"WESTERN","SHEET_NO":"WS 13","SINGH":"Y","SR_NO_":26,"SHEET_NO_1":4},"geometry":{"type":"Polygon","coordinates":[[[72.864102493663,19.09631950084086],[72.86461750146105,19.095985670219036],[72.86446378513175,19.095617026570945],[72.86387827719574,19.09545412904075],[72.86395374048202,19.096031500772167],[72.86370626170306,19.096315019904665],[72.864102493663,19.09631950084086]]]}},{"type":"Feature","properties":{"layer":"AKO_1022","label":"Gaothan boundary","confidence":"confirmed","GONTHAN_NAME":"Bandra-C Gaothan","WARD_NAME":"H/W","VILLAGE_NAME":"BANDRA-C","TIKKA_SHEET_NO":"61","SUBARB":"WESTERN","SHEET_NO":"WS 05","SINGH":"Y","SR_NO_":10,"SHEET_NO_1":2},"geometry":{"type":"Polygon","coordinates":[[[72.82370414476306,19.066532920511403],[72.82327388620966,19.067703522181187],[72.82351792819651,19.067960208123257],[72.82400511863743,19.067866574787203],[72.82406182841439,19.067640861765913],[72.8239675755489,19.066716617532187],[72.82370414476306,19.066532920511403]]]}},{"type":"Feature","properties":{"layer":"AKO_1022","label":"Gaothan boundary","confidence":"confirmed","GONTHAN_NAME":"Oshiwara Gaothan","WARD_NAME":"K/W","VILLAGE_NAME":"OSHIWARE","TIKKA_SHEET_NO":"22,23,30 & 31","SUBARB":"WESTERN","SHEET_NO":"WS 28","SINGH":"Y","SR_NO_":37,"SHEET_NO_1":7},"geometry":{"type":"Polygon","coordinates":[[[72.83775846460355,19.144698812339662],[72.83836886294611,19.145089290609242],[72.8387669924526,19.14502610145564],[72.83870260401095,19.144416220888782],[72.83849748608489,19.144374466246134],[72.83869344383659,19.144231084012574],[72.83859764143267,19.14380346943714],[72.83773909122469,19.143673339633864],[72.83775846460355,19.144698812339662]]]}},{"type":"Feature","properties":{"layer":"AKO_1022","label":"Gaothan boundary","confidence":"confirmed","GONTHAN_NAME":"Dahisar Gaothan","WARD_NAME":"R/N","VILLAGE_NAME":"DAHISAR","TIKKA_SHEET_NO":"50,51,52,62,63 & 64","SUBARB":"WESTERN","SHEET_NO":"WS 74, WS 73, WS 69, WS 68","SINGH":"Y","SR_NO_":72,"SHEET_NO_1":12},"geometry":{"type":"Polygon","coordinates":[[[72.8564531646595,19.256531250544704],[72.85636628831061,19.257237721388684],[72.85667500874276,19.257476986557993],[72.85802271954174,19.257021717114103],[72.85820971306515,19.25663172549149],[72.85809323368639,19.255071096352474],[72.85748562358191,19.25495893399381],[72.85694500970881,19.255336203536192],[72.85683895920032,19.256072626709777],[72.8564977093631,19.256036613694615],[72.8564531646595,19.256531250544704]]]}},{"type":"Feature","properties":{"layer":"AKO_1022","label":"Gaothan boundary","confidence":"confirmed","GONTHAN_NAME":"Chakala Gaothan","WARD_NAME":"K/E","VILLAGE_NAME":"CHAKALA","TIKKA_SHEET_NO":"15 & 20","SUBARB":"WESTERN","SHEET_NO":"WS 15, WS 16","SINGH":"Y","SR_NO_":17,"SHEET_NO_1":5},"geometry":{"type":"Polygon","coordinates":[[[72.85921557215343,19.10875224879344],[72.85983059624887,19.109088061094273],[72.85994754586021,19.10890569906003],[72.8597761392596,19.10786975654753],[72.85938975488028,19.107800348329867],[72.85921557215343,19.10875224879344]]]}},{"type":"Feature","properties":{"layer":"AKO_1022","label":"Gaothan boundary","confidence":"confirmed","GONTHAN_NAME":"Bandra-C Gaothan","WARD_NAME":"H/W","VILLAGE_NAME":"BANDRA-C","TIKKA_SHEET_NO":"43 & 44","SUBARB":"WESTERN","SHEET_NO":"WS 05","SINGH":"Y","SR_NO_":11,"SHEET_NO_1":3},"geometry":{"type":"Polygon","coordinates":[[[72.82380763492746,19.060940731452924],[72.82402736902563,19.061199890469442],[72.82478513835963,19.061092210763643],[72.8240777501265,19.060635527692163],[72.8238042787978,19.060629361780858],[72.82380763492746,19.060940731452924]]]}},{"type":"Feature","properties":{"layer":"AKO_1022","label":"Gaothan boundary","confidence":"confirmed","GONTHAN_NAME":"Sahar Gaothan","WARD_NAME":"K/E","VILLAGE_NAME":"SAHAR","TIKKA_SHEET_NO":"7 & 8","SUBARB":"WESTERN","SHEET_NO":"WS 15, WS 16","SINGH":"Y","SR_NO_":23,"SHEET_NO_1":5},"geometry":{"type":"Polygon","coordinates":[[[72.85999169844911,19.103484931420546],[72.86020588240082,19.102556265061015],[72.85999501136821,19.102470558506234],[72.85933478955383,19.103359699721235],[72.85895284780644,19.10327615925205],[72.85919705987646,19.10444157123043],[72.85999169844911,19.103484931420546]]]}},{"type":"Feature","properties":{"layer":"AKO_1022","label":"Gaothan boundary","confidence":"confirmed","GONTHAN_NAME":"Ambivali Gaothan","WARD_NAME":"K/W","VILLAGE_NAME":"AMBIVALI ","TIKKA_SHEET_NO":"39 & 52","SUBARB":"WESTERN","SHEET_NO":"WS 23","SINGH":"Y","SR_NO_":43,"SHEET_NO_1":8},"geometry":{"type":"Polygon","coordinates":[[[72.84176769345574,19.129558331641974],[72.84194344361981,19.129535955343655],[72.84203712174325,19.128487674273526],[72.84140381064046,19.12830958243199],[72.84142352803046,19.129325175094174],[72.84176769345574,19.129558331641974]]]}},{"type":"Feature","properties":{"layer":"AKO_1022","label":"Gaothan boundary","confidence":"confirmed","GONTHAN_NAME":"Kanjur-E Gaothan","WARD_NAME":"S","VILLAGE_NAME":"KANJUR-E","TIKKA_SHEET_NO":"74,86 & 99","SUBARB":"EASTERN","SHEET_NO":"ES 42","SINGH":"Y","SR_NO_":107,"SHEET_NO_1":19},"geometry":{"type":"Polygon","coordinates":[[[72.93721715206121,19.1313018435883],[72.9368925325784,19.131499067316724],[72.9367981019918,19.132618668510652],[72.93743486546009,19.13303079934343],[72.93752976334207,19.133688275101424],[72.93799156595611,19.134006223367905],[72.93806427147872,19.13353845112358],[72.93843236556167,19.13382097153727],[72.93936721831463,19.133737923012998],[72.93919950113525,19.133242469875633],[72.93931715685336,19.132099148595717],[72.9388683339594,19.13260350357031],[72.93867930267773,19.132381661717208],[72.93838534622112,19.132491112869562],[72.93809800579217,19.1330231313695],[72.93776854344644,19.133034437854082],[72.93749183350162,19.132342771652187],[72.93782926557927,19.13197101277288],[72.93783676570426,19.13150779880334],[72.93726622330574,19.130958231438814],[72.93721715206121,19.1313018435883]]]}},{"type":"Feature","properties":{"layer":"AKO_1022","label":"Gaothan boundary","confidence":"confirmed","GONTHAN_NAME":"Mahul Gaothan","WARD_NAME":"M/E","VILLAGE_NAME":"MAHUL ","TIKKA_SHEET_NO":"47 & 48","SUBARB":"EASTERN","SHEET_NO":"ES 06","SINGH":"Y","SR_NO_":87,"SHEET_NO_1":16},"geometry":{"type":"Polygon","coordinates":[[[72.89857863312075,19.009459511627536],[72.8985267437663,19.010052275561556],[72.89911240622276,19.01032554855462],[72.89960293727799,19.010058503317463],[72.90009210214818,19.01015168070885],[72.89991408881716,19.00970704267676],[72.90017954399806,19.009121861770346],[72.89951354144807,19.009074708682306],[72.89857863312075,19.009459511627536]]]}},{"type":"Feature","properties":{"layer":"AKO_1022","label":"Gaothan boundary","confidence":"confirmed","GONTHAN_NAME":"Mulund-E Gaothan","WARD_NAME":"T","VILLAGE_NAME":"MULUND-E","TIKKA_SHEET_NO":"118 & 127","SUBARB":"EASTERN","SHEET_NO":"ES 54, ES 50","SINGH":"Y","SR_NO_":115,"SHEET_NO_1":20},"geometry":{"type":"MultiPolygon","coordinates":[[[[72.95175698059933,19.165522612566797],[72.95199451466117,19.165319316450248],[72.95277054944313,19.165318512778697],[72.9527906269297,19.164740573382197],[72.95200513807188,19.164349214088922],[72.95158905660644,19.165229247017354],[72.95175698059933,19.165522612566797]]],[[[72.95175698059933,19.165522612566797],[72.9517568458192,19.165522826950877],[72.95175879186884,19.16552611859619],[72.95175698059933,19.165522612566797]]]]}},{"type":"Feature","properties":{"layer":"AKO_1022","label":"Gaothan boundary","confidence":"confirmed","GONTHAN_NAME":"Ghatkopar Kirol Gaothan","WARD_NAME":"N","VILLAGE_NAME":"GHATKOPAR KIROL","TIKKA_SHEET_NO":"26","SUBARB":"EASTERN","SHEET_NO":"ES 25","SINGH":"Y","SR_NO_":101,"SHEET_NO_1":18},"geometry":{"type":"Polygon","coordinates":[[[72.90368553264248,19.078419878899116],[72.90390250593805,19.078174038258922],[72.90366569277502,19.076360896960608],[72.90328806661788,19.07592169803458],[72.90368553264248,19.078419878899116]]]}},{"type":"Feature","properties":{"layer":"AKO_1022","label":"Gaothan boundary","confidence":"confirmed","GONTHAN_NAME":"Deonar Gaothan","WARD_NAME":"M/E","VILLAGE_NAME":"DEONAR","SUBARB":"EASTERN","SHEET_NO":"ES18","SINGH":"N"},"geometry":{"type":"Polygon","coordinates":[[[72.9204099847777,19.049530479146412],[72.9204362060759,19.049879771527],[72.92114888246533,19.04987606020602],[72.92106610902715,19.049445715954747],[72.9204099847777,19.049530479146412]]]}},{"type":"Feature","properties":{"layer":"AKO_1022","label":"Gaothan boundary","confidence":"confirmed","GONTHAN_NAME":"Anik Gaothan","WARD_NAME":"M/E","VILLAGE_NAME":"ANIK","TIKKA_SHEET_NO":"12 & 23","SUBARB":"EASTERN","SHEET_NO":"ES 09","SINGH":"Y","SR_NO_":88,"SHEET_NO_1":16},"geometry":{"type":"Polygon","coordinates":[[[72.89806814632122,19.029732435079687],[72.89812785512443,19.030137786619306],[72.8989296612583,19.03003772859932],[72.89889396442271,19.029175787317325],[72.89798546605144,19.028454927495652],[72.89806814632122,19.029732435079687]]]}},{"type":"Feature","properties":{"layer":"AKO_1022","label":"Gaothan boundary","confidence":"confirmed","GONTHAN_NAME":"Goregaon Gaothan","WARD_NAME":"P/S","VILLAGE_NAME":"GOREGAON","TIKKA_SHEET_NO":"11& 12","SUBARB":"WESTERN","SHEET_NO":"WS 33","SINGH":"Y","SR_NO_":57,"SHEET_NO_1":11},"geometry":{"type":"Polygon","coordinates":[[[72.84567909687382,19.154979277812558],[72.84579584497357,19.15532083695534],[72.84685758529957,19.154911195699285],[72.846389990489,19.154375448111736],[72.84606475532792,19.154850217924682],[72.84567909687382,19.154979277812558]]]}},{"type":"Feature","properties":{"layer":"AKO_1022","label":"Gaothan boundary","confidence":"confirmed","GONTHAN_NAME":"Manori Gaothan","WARD_NAME":"P/N","VILLAGE_NAME":"MANORI","TIKKA_SHEET_NO":"65,66,67,72,73 & 74","SUBARB":"WESTERN","SHEET_NO":"WS 51","SINGH":"Y","SR_NO_":56,"SHEET_NO_1":9},"geometry":{"type":"Polygon","coordinates":[[[72.78436665923726,19.20621869836735],[72.78454539896458,19.206797432529847],[72.78352796431022,19.2075825557152],[72.78236237365368,19.20760194864614],[72.78191004854872,19.20792865667213],[72.78196515033893,19.20819811662019],[72.78135710609082,19.208931289830016],[72.78147024760247,19.209297694620645],[72.78307115696333,19.208752989360427],[72.78398355862537,19.20812554169816],[72.7844021170591,19.208024896640005],[72.78451763026892,19.20821604902715],[72.78565368097681,19.20763241435937],[72.78633425984066,19.2068683457105],[72.78610036911252,19.206645900169306],[72.78713969619017,19.205148878694757],[72.78626250654179,19.20467822149235],[72.78605945555245,19.204942646296956],[72.78582127520387,19.204757123768875],[72.78436665923726,19.20621869836735]]]}},{"type":"Feature","properties":{"layer":"AKO_1022","label":"Gaothan boundary","confidence":"confirmed","GONTHAN_NAME":"Kondivita Gaothan","WARD_NAME":"K/E","VILLAGE_NAME":"KONDIVITA","TIKKA_SHEET_NO":"21","SUBARB":"WESTERN","SHEET_NO":"WS 16","SINGH":"Y","SR_NO_":20,"SHEET_NO_1":5},"geometry":{"type":"Polygon","coordinates":[[[72.86521315158956,19.108693672234192],[72.86567748076692,19.108583138591058],[72.86565643122093,19.108096743473727],[72.86544629553765,19.107630844442394],[72.865079430495,19.10755335086471],[72.86472647153828,19.107724349851665],[72.86489960955434,19.108455653855955],[72.86510950802457,19.10840675198632],[72.86521315158956,19.108693672234192]]]}},{"type":"Feature","properties":{"layer":"AKO_1022","label":"Gaothan boundary","confidence":"confirmed","GONTHAN_NAME":"Borla Gaothan","WARD_NAME":"M/E","VILLAGE_NAME":"BORLA","TIKKA_SHEET_NO":"20","SUBARB":"EASTERN","SHEET_NO":"ES 17","SINGH":"Y","SR_NO_":85,"SHEET_NO_1":17},"geometry":{"type":"Polygon","coordinates":[[[72.91313267435446,19.054881183556553],[72.91290828586212,19.054940115655455],[72.91281553900282,19.055690411555535],[72.91316942366092,19.055891476590812],[72.91348720923007,19.055824965261195],[72.91355574076316,19.05544767258957],[72.9134828413543,19.054979222811575],[72.91313267435446,19.054881183556553]]]}},{"type":"Feature","properties":{"layer":"AKO_1022","label":"Gaothan boundary","confidence":"confirmed","GONTHAN_NAME":"Tungwe Gaothan","WARD_NAME":"L","VILLAGE_NAME":"TUNGWE","TIKKA_SHEET_NO":"25 & 26","SUBARB":"EASTERN","SHEET_NO":"ES 37","SINGH":"Y","SR_NO_":78,"SHEET_NO_1":14},"geometry":{"type":"Polygon","coordinates":[[[72.89238381978765,19.119044849382234],[72.89229498824454,19.11854836169431],[72.89160080724278,19.11864962058794],[72.89151256191968,19.119431625884992],[72.89223800201796,19.119581704820856],[72.89238381978765,19.119044849382234]]]}},{"type":"Feature","properties":{"layer":"AKO_1022","label":"Gaothan boundary","confidence":"confirmed","GONTHAN_NAME":"Chembur Gaothan","WARD_NAME":"M/W","VILLAGE_NAME":"Chembur","TIKKA_SHEET_NO":"48,49,58 & 59","SUBARB":"EASTERN","SHEET_NO":"ES 21, ES 17","SINGH":"Y","SR_NO_":92,"SHEET_NO_1":17},"geometry":{"type":"Polygon","coordinates":[[[72.89654156784819,19.058678027285865],[72.89659164650305,19.05901797713743],[72.89704221089865,19.05900018599067],[72.89762601807692,19.05863146042799],[72.89720911437196,19.05760025301049],[72.89720950726371,19.057078601007696],[72.89764038815801,19.05668192086343],[72.89744523440449,19.05642676790251],[72.89631834345862,19.05651361415946],[72.89646045820461,19.05698625051555],[72.89589387064618,19.057179310388335],[72.89589524339218,19.0575590253529],[72.89551512233744,19.057868733171837],[72.89569514040997,19.058263352539957],[72.89635546623873,19.058324040988126],[72.89654156784819,19.058678027285865]]]}},{"type":"Feature","properties":{"layer":"AKO_1022","label":"Gaothan boundary","confidence":"confirmed","GONTHAN_NAME":"Mahul Gaothan","WARD_NAME":"M/W","VILLAGE_NAME":"MAHUL ","TIKKA_SHEET_NO":"43 & 44","SUBARB":"EASTERN","SHEET_NO":"ES 06","SINGH":"Y","SR_NO_":96,"SHEET_NO_1":16},"geometry":{"type":"Polygon","coordinates":[[[72.89016002253095,19.01137425256651],[72.89021459555998,19.011741558141065],[72.89069220340569,19.011901327726694],[72.8911706079621,19.01136712631643],[72.89124107795575,19.010907876099907],[72.89028325823747,19.01105228440417],[72.89016002253095,19.01137425256651]]]}},{"type":"Feature","properties":{"layer":"AKO_1022","label":"Gaothan boundary","confidence":"confirmed","GONTHAN_NAME":"Borla Gaothan","WARD_NAME":"M/W","VILLAGE_NAME":"BORLA","TIKKA_SHEET_NO":"23","SUBARB":"EASTERN","SHEET_NO":"ES 17","SINGH":"Y","SR_NO_":94,"SHEET_NO_1":17},"geometry":{"type":"Polygon","coordinates":[[[72.9066075314459,19.053006899436504],[72.90631177138002,19.05297231581209],[72.90582259929167,19.053710653587714],[72.90678457888924,19.053962612592276],[72.90687849390977,19.05317125904938],[72.9066075314459,19.053006899436504]]]}},{"type":"Feature","properties":{"layer":"AKO_1022","label":"Gaothan boundary","confidence":"confirmed","GONTHAN_NAME":"Gorai Gaothan","WARD_NAME":"R/C","VILLAGE_NAME":"GORAI","TIKKA_SHEET_NO":"58,46,45 & 59","SUBARB":"WESTERN","SHEET_NO":"WS 61","SINGH":"Y","SR_NO_":63,"SHEET_NO_1":12},"geometry":{"type":"Polygon","coordinates":[[[72.78193375861044,19.24087429842615],[72.78215905433886,19.241406478590147],[72.78298043289135,19.240658555935063],[72.78328300207316,19.239094234156028],[72.78322390130492,19.238753614135828],[72.78278430335058,19.23864240431376],[72.78279337448777,19.237840995804913],[72.78184319230716,19.237829114236124],[72.78165083916817,19.237546800399475],[72.78132213268265,19.23761044764726],[72.78132433904737,19.237855808265728],[72.78163071176054,19.237922939055284],[72.7817894571714,19.238741363072627],[72.78103150071439,19.23894620498426],[72.78058024906771,19.238796569637046],[72.78137045539087,19.241179461972862],[72.78182411731954,19.241800124554228],[72.781762655867,19.241001378715694],[72.78193375861044,19.24087429842615]]]}},{"type":"Feature","properties":{"layer":"AKO_1022","label":"Gaothan boundary","confidence":"confirmed","GONTHAN_NAME":"Vile Parle Gaothan","WARD_NAME":"K/W","VILLAGE_NAME":"VILE PARLE","TIKKA_SHEET_NO":"52","SUBARB":"WESTERN","SHEET_NO":"WS 15","SINGH":"Y","SR_NO_":35,"SHEET_NO_1":7},"geometry":{"type":"Polygon","coordinates":[[[72.84082268626779,19.102944357762716],[72.8413385619376,19.103428292927152],[72.84230806496801,19.103380434457154],[72.84210777056589,19.10294222705826],[72.84144297839384,19.102572898343332],[72.84085967866241,19.102538995337788],[72.84082268626779,19.102944357762716]]]}},{"type":"Feature","properties":{"layer":"AKO_1022","label":"Gaothan boundary","confidence":"confirmed","GONTHAN_NAME":"Kondivita Gaothan","WARD_NAME":"K/E","VILLAGE_NAME":"KONDIVITA","SUBARB":"WESTERN","SHEET_NO":"WS 9","SINGH":"Y","SR_NO_":18,"SHEET_NO_1":5},"geometry":{"type":"Polygon","coordinates":[[[72.86999066205361,19.11641041870549],[72.8700595335491,19.116477591487303],[72.87006519663385,19.116360827153603],[72.86999066205361,19.11641041870549]]]}},{"type":"Feature","properties":{"layer":"AKO_1022","label":"Gaothan boundary","confidence":"confirmed","GONTHAN_NAME":"Kanjur-E Gaothan","WARD_NAME":"S","VILLAGE_NAME":"KANJUR-E","TIKKA_SHEET_NO":"74","SUBARB":"EASTERN","SHEET_NO":"ES 42","SINGH":"Y","SR_NO_":109,"SHEET_NO_1":19},"geometry":{"type":"Polygon","coordinates":[[[72.93825202315718,19.134472331613313],[72.93823535792527,19.134575055969993],[72.93836069945294,19.13441981714517],[72.93825202315718,19.134472331613313]]]}},{"type":"Feature","properties":{"layer":"AKO_1022","label":"Gaothan boundary","confidence":"confirmed","GONTHAN_NAME":"Trombay Gaothan","SUBARB":"EASTERN","SHEET_NO":"ES15, ES11","SINGH":"Y"},"geometry":{"type":"Polygon","coordinates":[[[72.9473375611895,19.031774838204758],[72.94688297591554,19.031855438961664],[72.94717477322995,19.033232297350864],[72.94933192935117,19.03375565587457],[72.94940383928994,19.03400750954018],[72.94959792097431,19.033270142029977],[72.94896155299206,19.032578643186746],[72.94829472493049,19.031961207652223],[72.9473375611895,19.031774838204758]]]}},{"type":"Feature","properties":{"layer":"AKO_1022","label":"Gaothan boundary","confidence":"confirmed","GONTHAN_NAME":"Vakola Kolekalyan Gaothan","WARD_NAME":"H/E","VILLAGE_NAME":"KOLEKALYAN","TIKKA_SHEET_NO":"17,18,35,36 &  37","SUBARB":"WESTERN","SHEET_NO":"WS 10","SINGH":"Y","SR_NO_":3,"SHEET_NO_1":1},"geometry":{"type":"Polygon","coordinates":[[[72.8634855505618,19.079566049509964],[72.86386581863577,19.080476326700772],[72.864644999158,19.08033837154821],[72.86521011998717,19.07945047476202],[72.86555801932855,19.07940252736351],[72.86555283677805,19.07902818524836],[72.86472272023526,19.078052193981613],[72.86296692585279,19.078190906204508],[72.86351132887079,19.07862284537224],[72.8634855505618,19.079566049509964]]]}},{"type":"Feature","properties":{"layer":"AKO_1022","label":"Gaothan boundary","confidence":"confirmed","GONTHAN_NAME":"Marve Gaothan","WARD_NAME":"P/N","VILLAGE_NAME":"MARVE","TIKKA_SHEET_NO":"6","SUBARB":"WESTERN","SHEET_NO":"WS 46","SINGH":"Y","SR_NO_":53,"SHEET_NO_1":11},"geometry":{"type":"Polygon","coordinates":[[[72.79857999418482,19.195901255852814],[72.79896765977286,19.196084213297652],[72.79960147708141,19.19581841721084],[72.79934290461631,19.195114096780177],[72.79902646634702,19.195015068476398],[72.79863874059214,19.195381301934173],[72.79857999418482,19.195901255852814]]]}},{"type":"Feature","properties":{"layer":"AKO_1022","label":"Gaothan boundary","confidence":"confirmed","GONTHAN_NAME":"Sahar Gaothan","WARD_NAME":"K/E","VILLAGE_NAME":"SAHAR","TIKKA_SHEET_NO":"20 & 21","SUBARB":"WESTERN","SHEET_NO":"WS 13","SINGH":"Y","SR_NO_":22,"SHEET_NO_1":4},"geometry":{"type":"Polygon","coordinates":[[[72.86460862017294,19.0968723822982],[72.86477266405812,19.097059895192668],[72.86503418221639,19.09681292801625],[72.86495480551828,19.095781183415582],[72.864102493663,19.09631950084086],[72.86460862017294,19.0968723822982]]]}},{"type":"Feature","properties":{"layer":"AKO_1022","label":"Gaothan boundary","confidence":"confirmed","GONTHAN_NAME":"Juhu Gaothan","WARD_NAME":"K/W","VILLAGE_NAME":"JUHU","TIKKA_SHEET_NO":"15 & 16","SUBARB":"WESTERN","SHEET_NO":"WS 14, WS 17","SINGH":"Y","SR_NO_":30,"SHEET_NO_1":6},"geometry":{"type":"Polygon","coordinates":[[[72.82726103842553,19.1103881276443],[72.82702530991553,19.1101793034497],[72.82669184583737,19.110273708836132],[72.82673812580883,19.111545710779033],[72.82768607432968,19.11076783838266],[72.82740978963261,19.110275263164997],[72.82726103842553,19.1103881276443]]]}},{"type":"Feature","properties":{"layer":"AKO_1022","label":"Gaothan boundary","confidence":"confirmed","GONTHAN_NAME":"Ghatkopar Kirol Gaothan","WARD_NAME":"N","VILLAGE_NAME":"GHATKOPAR KIROL","TIKKA_SHEET_NO":"37","SUBARB":"EASTERN","SHEET_NO":"ES 29","SINGH":"Y","SR_NO_":99,"SHEET_NO_1":18},"geometry":{"type":"Polygon","coordinates":[[[72.90672003623098,19.086020087281515],[72.90546007830785,19.086418986415442],[72.90551656017196,19.087962974760906],[72.90605639329158,19.088131600770275],[72.90614503049234,19.08728916924332],[72.90703098760306,19.086535423121376],[72.90668801905538,19.086258943480157],[72.90672003623098,19.086020087281515]]]}},{"type":"Feature","properties":{"layer":"AKO_1022","label":"Gaothan boundary","confidence":"confirmed","GONTHAN_NAME":"Daravali Gaothan","WARD_NAME":"P/N","VILLAGE_NAME":"DARAVALI","TIKKA_SHEET_NO":"22","SUBARB":"WESTERN","SHEET_NO":"WS 32","SINGH":"Y","SR_NO_":52,"SHEET_NO_1":9},"geometry":{"type":"Polygon","coordinates":[[[72.80571788342063,19.158813334700422],[72.80633987856982,19.159158447972],[72.8065090073517,19.158625231510158],[72.80608200217915,19.158555185282008],[72.80571788342063,19.158813334700422]]]}},{"type":"Feature","properties":{"layer":"AKO_1022","label":"Gaothan boundary","confidence":"confirmed","GONTHAN_NAME":"Juhu Gaothan","WARD_NAME":"K/W","VILLAGE_NAME":"JUHU","TIKKA_SHEET_NO":"11","SUBARB":"WESTERN","SHEET_NO":"WS 17","SINGH":"Y","SR_NO_":29,"SHEET_NO_1":6},"geometry":{"type":"Polygon","coordinates":[[[72.82586411294736,19.114543763328182],[72.82600022703276,19.11456329749515],[72.82601832613832,19.114330920875325],[72.82586411294736,19.114543763328182]]]}},{"type":"Feature","properties":{"layer":"AKO_1022","label":"Gaothan boundary","confidence":"confirmed","GONTHAN_NAME":"Kondivita Gaothan","WARD_NAME":"K/E","VILLAGE_NAME":"KONDIVITA","SUBARB":"WESTERN","SHEET_NO":"WS 9","SINGH":"Y","SR_NO_":18,"SHEET_NO_1":5},"geometry":{"type":"Polygon","coordinates":[[[72.87008675073055,19.116352948225927],[72.87011425804567,19.11629836091235],[72.87000082528267,19.116287229176834],[72.87008675073055,19.116352948225927]]]}},{"type":"Feature","properties":{"layer":"AKO_1022","label":"Gaothan boundary","confidence":"confirmed","GONTHAN_NAME":"Charkop Gaothan","WARD_NAME":"R/S","VILLAGE_NAME":"Charkop","TIKKA_SHEET_NO":"34 & 41","SUBARB":"WESTERN","SHEET_NO":"WS 52","SINGH":"Y","SR_NO_":76,"SHEET_NO_1":10},"geometry":{"type":"Polygon","coordinates":[[[72.81791236933678,19.209295211233627],[72.81818272530448,19.209524610895603],[72.81868564596579,19.209089308333287],[72.8186621658788,19.208611380976475],[72.81831006471997,19.208329870480448],[72.81759370636468,19.208453711374123],[72.81758942760138,19.209073117036993],[72.81791236933678,19.209295211233627]]]}},{"type":"Feature","properties":{"layer":"AKO_1022","label":"Gaothan boundary","confidence":"confirmed","GONTHAN_NAME":"Kurla Gaothan","WARD_NAME":"L","VILLAGE_NAME":"KURLA-2","TIKKA_SHEET_NO":"17,19,24 & 29","SUBARB":"EASTERN","SHEET_NO":"ES 24","SINGH":"Y","SR_NO_":80,"SHEET_NO_1":14},"geometry":{"type":"Polygon","coordinates":[[[72.88396461748317,19.083610066657513],[72.88463194707064,19.083128667142372],[72.88475285146662,19.082676031365718],[72.88505080243999,19.08279461182556],[72.88507977716779,19.082472741442],[72.88405244808563,19.080844442988916],[72.88321294742688,19.081320412805844],[72.88307533405367,19.082503185395865],[72.88363257906428,19.083055622450978],[72.88395342832283,19.083794455967155],[72.88364705868992,19.083893141339214],[72.88396076711983,19.084037956864425],[72.88396461748317,19.083610066657513]]]}},{"type":"Feature","properties":{"layer":"AKO_1022","label":"Gaothan boundary","confidence":"confirmed","GONTHAN_NAME":"Valnai Gaothan","WARD_NAME":"P/N","VILLAGE_NAME":"VALNAI","TIKKA_SHEET_NO":"16 & 23","SUBARB":"WESTERN","SHEET_NO":"WS 48","SINGH":"Y","SR_NO_":54,"SHEET_NO_1":11},"geometry":{"type":"Polygon","coordinates":[[[72.83786854097517,19.195074515293573],[72.83944340915401,19.194189328851902],[72.83919485509236,19.193003141081398],[72.83908111345782,19.193393809629896],[72.83837520020852,19.193094007615862],[72.83854017605208,19.193758754408933],[72.83765039590271,19.194360640540115],[72.83786854097517,19.195074515293573]]]}},{"type":"Feature","properties":{"layer":"AKO_1022","label":"Gaothan boundary","confidence":"confirmed","GONTHAN_NAME":"Vile Parle Gaothan","WARD_NAME":"K/W","VILLAGE_NAME":"VILE PARLE","TIKKA_SHEET_NO":"25 & 34","SUBARB":"WESTERN","SHEET_NO":"WS 15","SINGH":"Y","SR_NO_":34,"SHEET_NO_1":7},"geometry":{"type":"MultiPolygon","coordinates":[[[[72.84218936305537,19.10779845849556],[72.84230749705341,19.10791751458875],[72.84251543957257,19.107657243572987],[72.84218936305537,19.10779845849556]]],[[[72.84245803547127,19.10761664330639],[72.8424586603115,19.107616453722674],[72.84246059772575,19.107613527319717],[72.84245803547127,19.10761664330639]]]]}},{"type":"Feature","properties":{"layer":"AKO_1022","label":"Gaothan boundary","confidence":"confirmed","GONTHAN_NAME":"Sahar Gaothan","WARD_NAME":"K/E","VILLAGE_NAME":"SAHAR","TIKKA_SHEET_NO":"16,17,22","SUBARB":"WESTERN","SHEET_NO":"WS 16, WS 13","SINGH":"Y","SR_NO_":24,"SHEET_NO_1":4},"geometry":{"type":"Polygon","coordinates":[[[72.86949358984396,19.099189922863825],[72.8702763914238,19.09901059102843],[72.87016050278568,19.098511173902143],[72.8693965379759,19.09826818435761],[72.86924454543691,19.098006135322446],[72.86849869096272,19.098234730312207],[72.86786344917213,19.0980492822904],[72.86825051114118,19.09953719827333],[72.86864979954396,19.09969955358599],[72.86949358984396,19.099189922863825]]]}},{"type":"Feature","properties":{"layer":"AKO_1022","label":"Gaothan boundary","confidence":"confirmed","GONTHAN_NAME":"Anik Gaothan","WARD_NAME":"M/W","VILLAGE_NAME":"ANIK","TIKKA_SHEET_NO":"5,6, & 17","SUBARB":"EASTERN","SHEET_NO":"ES 08, ES 12","SINGH":"Y","SR_NO_":97,"SHEET_NO_1":16},"geometry":{"type":"Polygon","coordinates":[[[72.8881922429361,19.03144818110292],[72.88810277892938,19.032156354788942],[72.88836463876775,19.032525987591843],[72.88881013421637,19.03260415308608],[72.88852971133853,19.031496070307814],[72.8881922429361,19.03144818110292]]]}},{"type":"Feature","properties":{"layer":"AKO_1022","label":"Gaothan boundary","confidence":"confirmed","GONTHAN_NAME":"Vile Parle Gaothan","WARD_NAME":"K/W","VILLAGE_NAME":"VILE PARLE","TIKKA_SHEET_NO":"71","SUBARB":"WESTERN","SHEET_NO":"WS 12","SINGH":"Y","SR_NO_":36,"SHEET_NO_1":7},"geometry":{"type":"Polygon","coordinates":[[[72.84150240518552,19.09481430905452],[72.84140299602306,19.09589318276559],[72.84164052029686,19.0961684944023],[72.84306130207695,19.096283143867804],[72.842637450309,19.095001880985745],[72.84310992658595,19.094836878904896],[72.84254860894772,19.094576395506387],[72.84150240518552,19.09481430905452]]]}},{"type":"Feature","properties":{"layer":"AKO_1022","label":"Gaothan boundary","confidence":"confirmed","GONTHAN_NAME":"Kurla Gaothan","WARD_NAME":"L","VILLAGE_NAME":"KURLA-2","TIKKA_SHEET_NO":"25 ","SUBARB":"EASTERN","SHEET_NO":"ES 25","SINGH":"Y","SR_NO_":79,"SHEET_NO_1":14},"geometry":{"type":"Polygon","coordinates":[[[72.88879418395244,19.08235332305946],[72.88859490620574,19.082363509282136],[72.88858512777311,19.082758911471718],[72.88905955281203,19.08294999228767],[72.88921321922267,19.083605567683403],[72.88995354219034,19.083469883247222],[72.88970752091619,19.082401268376195],[72.88902096644678,19.082573551126508],[72.88879418395244,19.08235332305946]]]}},{"type":"Feature","properties":{"layer":"AKO_1022","label":"Gaothan boundary","confidence":"confirmed","GONTHAN_NAME":"Vile Parle Gaothan","WARD_NAME":"K/W","VILLAGE_NAME":"VILE PARLE","TIKKA_SHEET_NO":"5","SUBARB":"WESTERN","SHEET_NO":"WS 5","SINGH":"Y","SR_NO_":35,"SHEET_NO_1":7},"geometry":{"type":"Polygon","coordinates":[[[72.84083364047822,19.102494173206594],[72.84122063298324,19.102487372530145],[72.84073346100006,19.102306503026075],[72.84083364047822,19.102494173206594]]]}},{"type":"Feature","properties":{"layer":"AKO_1022","label":"Gaothan boundary","confidence":"confirmed","GONTHAN_NAME":"Eksar Gaothan","WARD_NAME":"R/C","VILLAGE_NAME":"EKSAR","TIKKA_SHEET_NO":"106","SUBARB":"WESTERN","SHEET_NO":"WS 58","SINGH":"Y","SR_NO_":68,"SHEET_NO_1":13},"geometry":{"type":"Polygon","coordinates":[[[72.84317753105412,19.22255363921972],[72.84332531245803,19.22283704681893],[72.84458515614982,19.222518758811297],[72.84451183074634,19.222127759921854],[72.8434183308757,19.221964100319738],[72.84317753105412,19.22255363921972]]]}},{"type":"Feature","properties":{"layer":"AKO_1022","label":"Gaothan boundary","confidence":"confirmed","GONTHAN_NAME":"Bandra-D Gaothan","WARD_NAME":"H/W","VILLAGE_NAME":"BANDRA-D","TIKKA_SHEET_NO":"90,91,92 & 106","SUBARB":"WESTERN","SHEET_NO":"WS 08","SINGH":"Y","SR_NO_":12,"SHEET_NO_1":6},"geometry":{"type":"Polygon","coordinates":[[[72.82354471078764,19.075510239308755],[72.82322663070893,19.07505178115131],[72.82285378641939,19.075350737410503],[72.82219646454736,19.075319420210455],[72.82200302376461,19.076231775775902],[72.82249469246169,19.07832390858574],[72.82286039154694,19.07830795702844],[72.82352211013014,19.079121171688016],[72.82404819563328,19.07828907569215],[72.82409348221206,19.077727885907024],[72.82528711687624,19.076689582410104],[72.82609107991472,19.076337345582232],[72.82805487413887,19.076232582623682],[72.82806961363772,19.076060675102198],[72.82656630793767,19.075676679940745],[72.82516415089437,19.076052524523018],[72.82447123371058,19.07587527957172],[72.82403144375964,19.07612443516305],[72.82360184822997,19.075878126520475],[72.82354471078764,19.075510239308755]]]}},{"type":"Feature","properties":{"layer":"AKO_1022","label":"Gaothan boundary","confidence":"confirmed","GONTHAN_NAME":"Eksar Gaothan","WARD_NAME":"R/C","VILLAGE_NAME":"EKSAR","TIKKA_SHEET_NO":"65","SUBARB":"WESTERN","SHEET_NO":"WS 63","SINGH":"Y","SR_NO_":66,"SHEET_NO_1":10},"geometry":{"type":"Polygon","coordinates":[[[72.84580341447462,19.234554919554366],[72.8456349064949,19.23395895862156],[72.84514230191664,19.233902234645292],[72.84490659851015,19.234219474305768],[72.84520374613706,19.234660801501054],[72.84580341447462,19.234554919554366]]]}},{"type":"Feature","properties":{"layer":"AKO_1022","label":"Gaothan boundary","confidence":"confirmed","GONTHAN_NAME":"Gundavali Gaothan","WARD_NAME":"K/E","VILLAGE_NAME":"GUNDAVALI","TIKKA_SHEET_NO":"9 & 10","SUBARB":"WESTERN","SHEET_NO":"WS 18","SINGH":"Y","SR_NO_":16,"SHEET_NO_1":4},"geometry":{"type":"MultiPolygon","coordinates":[[[[72.85284235309605,19.118042474973947],[72.85318716179697,19.118255125072224],[72.85311546217315,19.118601487927492],[72.85381108085367,19.119396103162448],[72.85353278840108,19.119518345274347],[72.85354745842146,19.11983231824651],[72.85392594340642,19.11992180576166],[72.8549727381574,19.118724466408928],[72.85469880444741,19.118564754807025],[72.85455512585594,19.11777315190976],[72.85374641679536,19.1174477126925],[72.85342937893135,19.11823620847979],[72.85284235309605,19.118042474973947]]],[[[72.85284222195091,19.118042402086054],[72.85284235309605,19.118042474973947],[72.85284495594375,19.118040777427083],[72.85284222195091,19.118042402086054]]]]}},{"type":"Feature","properties":{"layer":"AKO_1022","label":"Gaothan boundary","confidence":"confirmed","GONTHAN_NAME":"Bandra-A Gaothan","WARD_NAME":"H/W","VILLAGE_NAME":"BANDRA-A & BANDRA-B","TIKKA_SHEET_NO":"4,21 & 22","SUBARB":"WESTERN","SHEET_NO":"WS 02, WS 03","SINGH":"Y","SR_NO_":5,"SHEET_NO_1":2},"geometry":{"type":"Polygon","coordinates":[[[72.83084223466649,19.053410218281513],[72.83073273473639,19.05410356273251],[72.8322448759503,19.0542667078301],[72.8326947982925,19.05458593091903],[72.8328629704433,19.055056220688858],[72.83411874126399,19.055074385159802],[72.83408629302279,19.054689148471894],[72.8345556599955,19.054638061869095],[72.83477854913433,19.05485425388127],[72.83508866885738,19.05454890185561],[72.83582619709632,19.054483725610588],[72.83570286842433,19.054009276972852],[72.83527260107022,19.053904359600857],[72.83526173746752,19.05350468202816],[72.83464857833853,19.05359057713859],[72.83456298789655,19.0539750976598],[72.83431843951756,19.05398427634728],[72.83433225860578,19.053540593197404],[72.8334616045412,19.05369270280669],[72.83342213801602,19.05332400170998],[72.83289692188464,19.053259458429654],[72.83179986186892,19.053611292817095],[72.83084223466649,19.053410218281513]]]}},{"type":"Feature","properties":{"layer":"AKO_1022","label":"Gaothan boundary","confidence":"confirmed","GONTHAN_NAME":"Mahul Gaothan","WARD_NAME":"M/W","VILLAGE_NAME":"MAHUL ","TIKKA_SHEET_NO":"43 & 44","SUBARB":"EASTERN","SHEET_NO":"ES 06","SINGH":"Y","SR_NO_":96,"SHEET_NO_1":16},"geometry":{"type":"Polygon","coordinates":[[[72.888386405965,19.01461673584838],[72.88895672946214,19.015078625128307],[72.88877653181598,19.015395444539053],[72.88933502159851,19.01580981794983],[72.88926067662796,19.01613142649094],[72.89007585099156,19.016047296657845],[72.88983410029249,19.013997105102654],[72.88890227471754,19.013835719269196],[72.8883862963498,19.014267801854835],[72.888386405965,19.01461673584838]]]}},{"type":"Feature","properties":{"layer":"AKO_1022","label":"Gaothan boundary","confidence":"confirmed","GONTHAN_NAME":"Magathane Gaothan","WARD_NAME":"R/C","VILLAGE_NAME":"MAGATHANE ","TIKKA_SHEET_NO":"73","SUBARB":"WESTERN","SHEET_NO":"WS 53, WS 53","SINGH":"Y","SR_NO_":60,"SHEET_NO_1":13},"geometry":{"type":"Polygon","coordinates":[[[72.85181746030887,19.21509962435082],[72.8520712832282,19.215579187300893],[72.85265855953554,19.215797336199753],[72.85316819775228,19.216392132490224],[72.85317610557865,19.215885407783333],[72.8528818764062,19.215522973391945],[72.85181746030887,19.21509962435082]]]}},{"type":"Feature","properties":{"layer":"AKO_1022","label":"Gaothan boundary","confidence":"confirmed","GONTHAN_NAME":"Bandra-F Gaothan","WARD_NAME":"H/W","VILLAGE_NAME":"BANDRA-F","TIKKA_SHEET_NO":"56 & 65","SUBARB":"WESTERN","SHEET_NO":"WS 06","SINGH":"Y","SR_NO_":14,"SHEET_NO_1":3},"geometry":{"type":"Polygon","coordinates":[[[72.8361613818661,19.065361560022907],[72.83564914987417,19.06551691670035],[72.83566890712936,19.066142625959174],[72.83604180134844,19.066215353642406],[72.83598921396364,19.066776052275873],[72.83654621930012,19.06699062781002],[72.83694493782393,19.066772295750155],[72.83704750119871,19.06716062110924],[72.83786212748089,19.06711350601837],[72.83786628581159,19.065070390145163],[72.8371747112687,19.06508024788184],[72.83718261426058,19.06451122111571],[72.83656046194031,19.06440174673205],[72.8361613818661,19.065361560022907]]]}},{"type":"Feature","properties":{"layer":"AKO_1022","label":"Gaothan boundary","confidence":"confirmed","GONTHAN_NAME":"Bandra-B Gaothan","WARD_NAME":"H/W","VILLAGE_NAME":"BANDRA-B","TIKKA_SHEET_NO":"19","SUBARB":"WESTERN","SHEET_NO":"WS 02","SINGH":"Y","SR_NO_":6,"SHEET_NO_1":2},"geometry":{"type":"MultiPolygon","coordinates":[[[[72.82781905959003,19.05385059782051],[72.8276071476934,19.05380035768879],[72.82756525202498,19.053303801898142],[72.82683295748109,19.053252218658855],[72.82618012618467,19.05357061350744],[72.82637795857816,19.054181751890102],[72.82692368276462,19.054229705276782],[72.82704605169558,19.054562005718036],[72.82832454428089,19.05461817859494],[72.82814266166683,19.054108130482135],[72.82834420773982,19.053936443453875],[72.82781905959003,19.05385059782051]]],[[[72.82831235297056,19.054508772648408],[72.82831301626297,19.054515026424216],[72.8283196308036,19.05452805056133],[72.82831235297056,19.054508772648408]]]]}},{"type":"Feature","properties":{"layer":"AKO_1022","label":"Gaothan boundary","confidence":"confirmed","GONTHAN_NAME":"Nahur Gaothan","WARD_NAME":"T","VILLAGE_NAME":"NAHUR","TIKKA_SHEET_NO":"46,47,54 & 55","SUBARB":"EASTERN","SHEET_NO":"ES 50","SINGH":"Y","SR_NO_":110,"SHEET_NO_1":20},"geometry":{"type":"Polygon","coordinates":[[[72.94950078065042,19.161344230100205],[72.94919767924095,19.16051546222204],[72.9485604325717,19.160322608311304],[72.94752440534597,19.16177934656245],[72.94726229017904,19.161508312150143],[72.94688185497657,19.161574763071027],[72.94675940619932,19.16236351451147],[72.94753256151796,19.163427068107094],[72.94960235542817,19.16159874608818],[72.94950078065042,19.161344230100205]]]}},{"type":"Feature","properties":{"layer":"AKO_1022","label":"Gaothan boundary","confidence":"confirmed","GONTHAN_NAME":"Malad-W Gaothan","WARD_NAME":"P/N","VILLAGE_NAME":"MALAD-W","TIKKA_SHEET_NO":"76,77,89,90 & 91","SUBARB":"WESTERN","SHEET_NO":"WS 43","SINGH":"Y","SR_NO_":46,"SHEET_NO_1":9},"geometry":{"type":"Polygon","coordinates":[[[72.83939909789588,19.18328129814685],[72.83983703458138,19.183972257384628],[72.84032441657541,19.18381006824107],[72.84064749968353,19.184107131861964],[72.84120037282757,19.18414123391588],[72.84194908532827,19.18385352370775],[72.84172049632363,19.185026583838994],[72.84211335552112,19.185418290859374],[72.8430083297818,19.18539582098593],[72.84307071106662,19.18494782337174],[72.84343276176168,19.184890822584148],[72.84356042529905,19.182964053679513],[72.84324647193928,19.182618903278293],[72.84257713057696,19.182713166583948],[72.84276763039256,19.182340832177367],[72.84194310726592,19.182120850296524],[72.84176034998974,19.182746133633636],[72.84136128576728,19.18272163874778],[72.84109274748826,19.18234920590689],[72.84021995972876,19.182802257026783],[72.83921897549699,19.18185793636398],[72.83878720641152,19.18202602515876],[72.83866529992432,19.182400730040847],[72.83934852921523,19.1827252222021],[72.83939909789588,19.18328129814685]]]}},{"type":"Feature","properties":{"layer":"AKO_1022","label":"Gaothan boundary","confidence":"confirmed","GONTHAN_NAME":"Erangal Gaothan","WARD_NAME":"P/N ","VILLAGE_NAME":"ERANGAL ","TIKKA_SHEET_NO":"15 & 16","SUBARB":"WESTERN","SHEET_NO":"WS 36, WS 31","SINGH":"Y","SR_NO_":51,"SHEET_NO_1":11},"geometry":{"type":"Polygon","coordinates":[[[72.78514367246697,19.162883028548677],[72.78485511371034,19.162888306495027],[72.78470616514228,19.164357267919538],[72.78505454809883,19.16435161394048],[72.785125774112,19.164034362184328],[72.78558993857715,19.16392983849312],[72.7860404474977,19.16334742511273],[72.78514367246697,19.162883028548677]]]}},{"type":"Feature","properties":{"layer":"AKO_1022","label":"Gaothan boundary","confidence":"confirmed","GONTHAN_NAME":"Gorai Gaothan","WARD_NAME":"R/C","VILLAGE_NAME":"GORAI","TIKKA_SHEET_NO":"46 & 45","SUBARB":"WESTERN","SHEET_NO":"WS 66, WS 61","SINGH":"Y","SR_NO_":69,"SHEET_NO_1":12},"geometry":{"type":"Polygon","coordinates":[[[72.78213142923867,19.24191489286186],[72.78106740832229,19.242175285365178],[72.78118001228154,19.24243205019424],[72.78193774050932,19.24249334747459],[72.78243648298373,19.242028752685712],[72.78285895951518,19.241988869660947],[72.78254871870207,19.241550084134012],[72.78213142923867,19.24191489286186]]]}},{"type":"Feature","properties":{"layer":"AKO_1022","label":"Gaothan boundary","confidence":"confirmed","GONTHAN_NAME":"Deonar Gaothan","SUBARB":"EASTERN","SHEET_NO":"ES17","SINGH":"N"},"geometry":{"type":"Polygon","coordinates":[[[72.9139495418398,19.055516839568515],[72.91435612472063,19.05569798824931],[72.91492448357495,19.05503945963178],[72.91475058861832,19.054616050977785],[72.91411248653256,19.05427532485862],[72.9139495418398,19.055516839568515]]]}},{"type":"Feature","properties":{"layer":"AKO_1023","label":"Koliwada / Adivasipada boundary","confidence":"high","SUBARB":"WESTERN","WARD":"RS","SHEET_NO":"WS52","NAME":"Charkop Koliwada","TYPE":"KOLIWADA","VILLAGE":"CHARKOP","SINGH":"Y","SR_NO":19},"geometry":{"type":"Polygon","coordinates":[[[72.81766279958516,19.209174034673826],[72.81818272530448,19.209524610895603],[72.81868564596579,19.209089308333287],[72.81857916052421,19.20851376051655],[72.81790832877722,19.208362458578684],[72.81778797042125,19.20868925211894],[72.81752829896288,19.20863642547415],[72.81766279958516,19.209174034673826]]]}},{"type":"Feature","properties":{"layer":"AKO_1023","label":"Koliwada / Adivasipada boundary","confidence":"high","SUBARB":"WESTERN","WARD":"PN","SHEET_NO":"WS51","NAME":"Manori Koliwada","TYPE":"KOLIWADA","VILLAGE":"MANORI","SINGH":"Y","SR_NO":8},"geometry":{"type":"Polygon","coordinates":[[[72.78622146522802,19.206760433278163],[72.78610036911252,19.206645900169306],[72.78713651376073,19.20530331021095],[72.78649046738555,19.20469180296029],[72.78611589141292,19.204983518542377],[72.78579282516556,19.2048040254436],[72.7852638190116,19.205306154110016],[72.78436666136831,19.20621868123201],[72.78468079367923,19.206738965946723],[72.78352796431022,19.2075825557152],[72.7830570212994,19.20749947707596],[72.78191004854872,19.20792865667213],[72.78196515033893,19.20819811662019],[72.78135710609082,19.208931289830016],[72.78147024760247,19.209297694620645],[72.78199093363935,19.209289870794006],[72.78215086850932,19.208922263194907],[72.78301793019425,19.20878681017128],[72.78398355862537,19.20812554169816],[72.78463464768521,19.20821489429025],[72.78559571445886,19.207695641623026],[72.78633425984066,19.2068683457105],[72.78622146522802,19.206760433278163]]]}},{"type":"Feature","properties":{"layer":"AKO_1023","label":"Koliwada / Adivasipada boundary","confidence":"high","SUBARB":"EASTERN","WARD":"MW","SHEET_NO":"ES05, ES06","NAME":"Mahul Koliwada","TYPE":"KOLIWADA","VILLAGE":"MAHUL","SINGH":"Y","SR_NO":26},"geometry":{"type":"Polygon","coordinates":[[[72.888386405965,19.01461673584838],[72.88895672946214,19.015078625128307],[72.88877653181598,19.015395444539053],[72.88933502159851,19.01580981794983],[72.88926067662796,19.01613142649094],[72.89007585099156,19.016047296657845],[72.88983410029249,19.013997105102654],[72.88890227471754,19.013835719269196],[72.8883862963498,19.014267801854835],[72.888386405965,19.01461673584838]]]}},{"type":"Feature","properties":{"layer":"AKO_1023","label":"Koliwada / Adivasipada boundary","confidence":"high","SUBARB":"EASTERN","WARD":"M/E","SHEET_NO":"ES15, ES11","NAME":"Turbhe Koliwada","TYPE":"KOLIWADA","VILLAGE":"TROMBAY","SINGH":"Y","SR_NO":7},"geometry":{"type":"Polygon","coordinates":[[[72.9473375611895,19.031774838204758],[72.94688297591554,19.031855438961664],[72.94717477322995,19.033232297350864],[72.94933192935117,19.03375565587457],[72.94940383928994,19.03400750954018],[72.94959792097431,19.033270142029977],[72.94896155299206,19.032578643186746],[72.94829472493049,19.031961207652223],[72.9473375611895,19.031774838204758]]]}},{"type":"Feature","properties":{"layer":"AKO_1023","label":"Koliwada / Adivasipada boundary","confidence":"high","SUBARB":"WESTERN","WARD":"RS","SHEET_NO":"WS66, WS61","NAME":"Gorai Koliwada","TYPE":"KOLIWADA","VILLAGE":"GORAI","SINGH":"Y","SR_NO":25},"geometry":{"type":"Polygon","coordinates":[[[72.78126293536855,19.24244196696242],[72.78209522430907,19.242438950564345],[72.7823302467633,19.24195732877917],[72.78274109023742,19.24185409283145],[72.78254871870207,19.241550084134012],[72.78263490478889,19.241735142720536],[72.78178713186865,19.242104196481968],[72.7813284899951,19.241973293714416],[72.78106740832229,19.242175285365178],[72.78126293536855,19.24244196696242]]]}},{"type":"Feature","properties":{"layer":"AKO_1023","label":"Koliwada / Adivasipada boundary","confidence":"high","SUBARB":"WESTERN","WARD":"KW","SHEET_NO":"WS11, WS08","NAME":"Juhu Koliwada","TYPE":"KOLIWADA","VILLAGE":"JUHU","SINGH":"Y","SR_NO":2},"geometry":{"type":"Polygon","coordinates":[[[72.82739841342884,19.085040201619076],[72.82797615335646,19.084909317830455],[72.82760015100774,19.08426117873421],[72.82788569080037,19.083926156900933],[72.82773558941857,19.083565056780316],[72.82694590428324,19.083515106275883],[72.82695188380093,19.085034898024517],[72.82739841342884,19.085040201619076]]]}},{"type":"Feature","properties":{"layer":"AKO_1023","label":"Koliwada / Adivasipada boundary","confidence":"high","SUBARB":"WESTERN","WARD":"PN","SHEET_NO":"WS31","NAME":"Erangal Bhatti Koliwada","TYPE":"KOLIWADA","VILLAGE":"ERANGAL","SINGH":"Y","SR_NO":9},"geometry":{"type":"Polygon","coordinates":[[[72.78357559539738,19.159015083282227],[72.78396906916466,19.159080348067278],[72.78435089651514,19.158625971343206],[72.78456000057041,19.15796874126712],[72.78414997979287,19.157534013310023],[72.78226265652981,19.158213205550204],[72.78253841672357,19.159055698075413],[72.78357559539738,19.159015083282227]]]}},{"type":"Feature","properties":{"layer":"AKO_1023","label":"Koliwada / Adivasipada boundary","confidence":"high","SUBARB":"WESTERN","WARD":"PN","SHEET_NO":"WS47","NAME":"Malvani Koliwada","TYPE":"KOLIWADA","VILLAGE":"MALVANI","SINGH":"Y","SR_NO":10},"geometry":{"type":"Polygon","coordinates":[[[72.80831944031931,19.199508561531754],[72.80925636864724,19.200133943525966],[72.80969701317268,19.19960098337411],[72.81066494109143,19.19970229204005],[72.8105178841174,19.199393734948867],[72.80993513259648,19.199306923111155],[72.81008022963674,19.198576980355227],[72.80958033431024,19.197787484987547],[72.80893303993189,19.197810695477763],[72.80899863717207,19.197995935839614],[72.80869123737675,19.198117314119557],[72.80889617471068,19.198669360858844],[72.80863740141105,19.19897720533132],[72.80799562466167,19.198846034305582],[72.8079179912924,19.19936242299988],[72.80831944031931,19.199508561531754]]]}},{"type":"Feature","properties":{"layer":"AKO_1023","label":"Koliwada / Adivasipada boundary","confidence":"high","SUBARB":"WESTERN","WARD":"KW","SHEET_NO":"WS26","NAME":"Madh Koliwada","TYPE":"KOLIWADA","VILLAGE":"MADH","SINGH":"Y","SR_NO":3},"geometry":{"type":"Polygon","coordinates":[[[72.78898765215244,19.142976445804816],[72.79003703305541,19.143313697245535],[72.78985898171052,19.141496475031737],[72.78908373164735,19.140898455588918],[72.78942704654678,19.140764522622867],[72.78969471822722,19.13997714627379],[72.78855224946375,19.139278487941045],[72.78813055209991,19.14026386823619],[72.78804861238422,19.142967794251508],[72.78860666231982,19.143312646993838],[72.78898765215244,19.142976445804816]]]}},{"type":"Feature","properties":{"layer":"AKO_1023","label":"Koliwada / Adivasipada boundary","confidence":"high","SUBARB":"WESTERN","WARD":"KW","SHEET_NO":"WS26","NAME":"Madh Koliwada","TYPE":"KOLIWADA","VILLAGE":"MADH","SINGH":"Y","SR_NO":4},"geometry":{"type":"Polygon","coordinates":[[[72.7899289785385,19.138287722580333],[72.79060797026243,19.139725522806625],[72.79043271220178,19.140398920599875],[72.7911478758696,19.139621478981734],[72.79078745694358,19.139382879269128],[72.79015407990569,19.138077481637676],[72.7899289785385,19.138287722580333]]]}},{"type":"Feature","properties":{"layer":"AKO_1023","label":"Koliwada / Adivasipada boundary","confidence":"high","SUBARB":"WESTERN","WARD":"RC","SHEET_NO":"WS58","NAME":"Vazira Koliwada ","TYPE":"KOLIWADA","VILLAGE":"BORIVALI","SINGH":"Y","SR_NO":15},"geometry":{"type":"Polygon","coordinates":[[[72.84322606941096,19.22941234337107],[72.84407680317997,19.229155213820224],[72.84356551132726,19.22859106408548],[72.84397909381359,19.22834227991307],[72.84403161583049,19.22784634667772],[72.84336849029323,19.227405697196293],[72.84301031640042,19.227748529947227],[72.84293952219376,19.228278808960862],[72.84297072807153,19.229355405838376],[72.84322606941096,19.22941234337107]]]}},{"type":"Feature","properties":{"layer":"AKO_1023","label":"Koliwada / Adivasipada boundary","confidence":"high","SUBARB":"WESTERN","WARD":"HW","SHEET_NO":"WS02","NAME":"Chambai Koliwada","TYPE":"KOLIWADA","VILLAGE":"BANDRA-C","SINGH":"Y","SR_NO":24},"geometry":{"type":"Polygon","coordinates":[[[72.82395329029208,19.056529515783023],[72.82360182126878,19.057209546885925],[72.82405623356563,19.057598544978188],[72.82453002269527,19.056543959160503],[72.82395329029208,19.056529515783023]]]}},{"type":"Feature","properties":{"layer":"AKO_1023","label":"Koliwada / Adivasipada boundary","confidence":"high","SUBARB":"EASTERN","WARD":"T","SHEET_NO":"ES 54","NAME":"Gavhanpada Koliwada","TYPE":"KOLIWADA","VILLAGE":"MULUND-E","SINGH":"N","SR_NO":21},"geometry":{"type":"Polygon","coordinates":[[[72.96425862606202,19.171933959295202],[72.96426723273092,19.17172621234099],[72.96360582354181,19.17163640519662],[72.96373602879501,19.171279366653653],[72.9634172782502,19.171029600000587],[72.96251361935511,19.173111333706828],[72.9633835228742,19.173433456672186],[72.96371623399217,19.172958626785597],[72.96338497353108,19.172611288305255],[72.96425862606202,19.171933959295202]]]}},{"type":"Feature","properties":{"layer":"AKO_1023","label":"Koliwada / Adivasipada boundary","confidence":"high","SUBARB":"EASTERN","WARD":"T","SHEET_NO":"ES50,ES54","NAME":"Navghar Koliwada","TYPE":"KOLIWADA","VILLAGE":"MULUND-E","SINGH":"N","SR_NO":22},"geometry":{"type":"Polygon","coordinates":[[[72.96253708913906,19.166408706765687],[72.96246293229663,19.165757151924456],[72.96183786985111,19.16591369722377],[72.96121019107689,19.165178640939715],[72.96115342655554,19.16705122992382],[72.96253708913906,19.166408706765687]]]}},{"type":"Feature","properties":{"layer":"AKO_1023","label":"Koliwada / Adivasipada boundary","confidence":"high","SUBARB":"EASTERN","WARD":"S","SHEET_NO":"ES46,ES50","NAME":"Bhandup Koliwada","TYPE":"KOLIWADA","VILLAGE":"BHANDUP-E","SINGH":"N","SR_NO":20},"geometry":{"type":"Polygon","coordinates":[[[72.94476310923699,19.150058184144033],[72.94508857487084,19.150894971689507],[72.94595920424648,19.151560997766826],[72.94622799608086,19.152488128221194],[72.9467073334854,19.152705329628972],[72.94656424716496,19.151796496540086],[72.94722122794072,19.15075125726429],[72.94719790329715,19.150448080950977],[72.9465054662634,19.14988188590074],[72.94604306505977,19.150247602303015],[72.945529941069,19.149881304339637],[72.94527409246939,19.150022684624243],[72.94482003561427,19.14984820522683],[72.94476310923699,19.150058184144033]]]}},{"type":"Feature","properties":{"layer":"AKO_1023","label":"Koliwada / Adivasipada boundary","confidence":"high","SUBARB":"EASTERN","WARD":"M/E","SHEET_NO":"ES17","NAME":"Govandi Koliwada","TYPE":"KOLIWADA","VILLAGE":"DEONAR","SINGH":"N","SR_NO":5},"geometry":{"type":"Polygon","coordinates":[[[72.91399506920817,19.05581825974434],[72.9147212951066,19.055473144477585],[72.91492448357495,19.05503945963178],[72.91475058861832,19.054616050977785],[72.91411248653256,19.05427532485862],[72.91392431532718,19.054726501826693],[72.91399506920817,19.05581825974434]]]}},{"type":"Feature","properties":{"layer":"AKO_1023","label":"Koliwada / Adivasipada boundary","confidence":"high","SUBARB":"EASTERN","WARD":"M/E","SHEET_NO":"ES18","NAME":"Deonar Koliwada","TYPE":"KOLIWADA","VILLAGE":"DEONAR","SINGH":"N","SR_NO":6},"geometry":{"type":"Polygon","coordinates":[[[72.9204099847777,19.049530479146412],[72.9204362060759,19.049879771527],[72.92114888246533,19.04987606020602],[72.92106610902715,19.049445715954747],[72.9204099847777,19.049530479146412]]]}},{"type":"Feature","properties":{"layer":"AKO_1023","label":"Koliwada / Adivasipada boundary","confidence":"high","SUBARB":"EASTERN","WARD":"N","SHEET_NO":"ES34","NAME":"Vikhroli Koliwada","TYPE":"KOLIWADA","VILLAGE":"VIKHROLI","SINGH":"N","SR_NO":27},"geometry":{"type":"Polygon","coordinates":[[[72.92909770150256,19.104127152467473],[72.9286077946955,19.103953647070632],[72.92810221310035,19.104228583509467],[72.92803456719926,19.10509468782636],[72.9282626290199,19.105335244928316],[72.9290966412032,19.10553247678157],[72.92967447813353,19.105336246802864],[72.92964200020116,19.10406131258351],[72.92909770150256,19.104127152467473]]]}},{"type":"Feature","properties":{"layer":"AKO_1023","label":"Koliwada / Adivasipada boundary","confidence":"high","SUBARB":"WESTERN","WARD":"R/S","SHEET_NO":"WS53","NAME":"Bandarpakhadi Koliwada","TYPE":"KOLIWADA","VILLAGE":"KANDIVALI","SINGH":"N","SR_NO":16},"geometry":{"type":"Polygon","coordinates":[[[72.83118667414037,19.21314803285703],[72.83073356294153,19.213547992579063],[72.83105667434982,19.213452023554627],[72.83146288921237,19.214077252857663],[72.83170779899567,19.213989300804037],[72.83203294818993,19.2135735521464],[72.83118667414037,19.21314803285703]]]}},{"type":"Feature","properties":{"layer":"AKO_1023","label":"Koliwada / Adivasipada boundary","confidence":"high","SUBARB":"WESTERN","WARD":"R/C","SHEET_NO":"WS63","NAME":"Eksar Koliwada","TYPE":"KOLIWADA","VILLAGE":"EKSAR","SINGH":"N","SR_NO":11},"geometry":{"type":"Polygon","coordinates":[[[72.84493340130712,19.238804227764383],[72.8448309087474,19.23954366043227],[72.84576161848375,19.23976459066593],[72.84582622559248,19.23911881628255],[72.84493340130712,19.238804227764383]]]}},{"type":"Feature","properties":{"layer":"AKO_1023","label":"Koliwada / Adivasipada boundary","confidence":"high","SUBARB":"WESTERN","WARD":"R/C","SHEET_NO":"WS63","NAME":"Eksar Koliwada","TYPE":"KOLIWADA","VILLAGE":"EKSAR","SINGH":"N","SR_NO":12},"geometry":{"type":"Polygon","coordinates":[[[72.84425907715824,19.238572018028467],[72.8448570982617,19.238358822334074],[72.84472547918112,19.23776865050408],[72.84528552954635,19.237280017554863],[72.84501120260613,19.23698859714494],[72.84362794388858,19.237306991146863],[72.8436340133256,19.23826970968107],[72.84425907715824,19.238572018028467]]]}},{"type":"Feature","properties":{"layer":"AKO_1023","label":"Koliwada / Adivasipada boundary","confidence":"high","SUBARB":"WESTERN","WARD":"H/W","SHEET_NO":"WS 08","NAME":"Khardanda Koliwada","TYPE":"KOLIWADA","VILLAGE":"BANDRA-D","SINGH":"Y","SR_NO":23},"geometry":{"type":"Polygon","coordinates":[[[72.82354471078764,19.075510239308755],[72.82322663070893,19.07505178115131],[72.82285378641939,19.075350737410503],[72.82219646454736,19.075319420210455],[72.82200302376461,19.076231775775902],[72.82249469246169,19.07832390858574],[72.82286039154694,19.07830795702844],[72.82352211013014,19.079121171688016],[72.82404819563328,19.07828907569215],[72.82409348221206,19.077727885907024],[72.82528711687624,19.076689582410104],[72.82609107991472,19.076337345582232],[72.82805487413887,19.076232582623682],[72.82806961363772,19.076060675102198],[72.82656630793767,19.075676679940745],[72.82516415089437,19.076052524523018],[72.82447123371058,19.07587527957172],[72.82403144375964,19.07612443516305],[72.82360184822997,19.075878126520475],[72.82354471078764,19.075510239308755]]]}},{"type":"Feature","properties":{"layer":"AKO_1023","label":"Koliwada / Adivasipada boundary","confidence":"high","SUBARB":"WESTERN","WARD":"KW","SHEET_NO":"WS27","NAME":"Versova Koliwada","TYPE":"KOLIWADA","VILLAGE":"VERSOVA","SINGH":"Y","SR_NO":1},"geometry":{"type":"Polygon","coordinates":[[[72.80596682470205,19.139954907178954],[72.80626537046648,19.139148923763948],[72.80611855111509,19.13906944631135],[72.80515598899522,19.139610264637355],[72.80393888540988,19.141251061499894],[72.80506140164732,19.144409481846793],[72.8063585117652,19.1454553359913],[72.80680351992302,19.144168856225445],[72.80665171229383,19.143711476858677],[72.80799139771385,19.143276555800004],[72.80685322301092,19.14326033533753],[72.80700499517224,19.142740860225555],[72.8074105083252,19.14266418449556],[72.80731329256918,19.142227524969716],[72.80645904192377,19.142095315727488],[72.80648815270013,19.14112038646456],[72.80597077895897,19.14067236840425],[72.80596682470205,19.139954907178954]]]}},{"type":"Feature","properties":{"layer":"AKO_1023","label":"Koliwada / Adivasipada boundary","confidence":"high","SUBARB":"WESTERN","WARD":"R/C","SHEET_NO":"WS63","NAME":"Eksar Koliwada","TYPE":"KOLIWADA","VILLAGE":"EKSAR","SINGH":"N","SR_NO":13},"geometry":{"type":"Polygon","coordinates":[[[72.8459056351456,19.235317624511715],[72.84531044451319,19.23533054884848],[72.84512530296742,19.235594400755584],[72.84537728600762,19.23627186347304],[72.84632835045372,19.236108486285048],[72.8459056351456,19.235317624511715]]]}},{"type":"Feature","properties":{"layer":"AKO_1023","label":"Koliwada / Adivasipada boundary","confidence":"high","SUBARB":"WESTERN","WARD":"R/C","SHEET_NO":"WS63","NAME":"Eksar Koliwada","TYPE":"KOLIWADA","VILLAGE":"EKSAR","SINGH":"N","SR_NO":14},"geometry":{"type":"Polygon","coordinates":[[[72.84531778304306,19.233886788592677],[72.84494265627458,19.234371645316624],[72.84527046906737,19.234657676040413],[72.84571465017487,19.234587109520387],[72.84561397532227,19.233884129727983],[72.84531778304306,19.233886788592677]]]}},{"type":"Feature","properties":{"layer":"AKO_1023","label":"Koliwada / Adivasipada boundary","confidence":"high","SUBARB":"WESTERN","WARD":"R/S","SHEET_NO":" WS53","NAME":"Kandivali Koliwada","TYPE":"KOLIWADA","VILLAGE":"KANDIVALI","SINGH":"N","SR_NO":17},"geometry":{"type":"Polygon","coordinates":[[[72.83766077110182,19.204827170692347],[72.8377673749293,19.205135279352508],[72.83874561106836,19.205722580441645],[72.83870683756825,19.206271325420946],[72.839259019361,19.20629943663241],[72.84027397679021,19.207909624291197],[72.84022874931014,19.20726921932963],[72.8409972545055,19.20732166056012],[72.84088339025956,19.20587637241091],[72.84111240373083,19.205882976268107],[72.84114425941097,19.205398728595142],[72.84002404613523,19.20494358707044],[72.83957084839138,19.205528589070955],[72.83881101300241,19.205681906567417],[72.83766077110182,19.204827170692347]]]}},{"type":"Feature","properties":{"layer":"AKO_1023","label":"Koliwada / Adivasipada boundary","confidence":"high","SUBARB":"WESTERN","WARD":"R/S","SHEET_NO":"WS48, WS53","NAME":"Kandivali Koliwada","TYPE":"KOLIWADA","VILLAGE":"KANDIVALI","SINGH":"N","SR_NO":18},"geometry":{"type":"Polygon","coordinates":[[[72.83698545331293,19.2045347099466],[72.8371790866809,19.20507047635101],[72.83768056007689,19.204985128112074],[72.8364316875676,19.20393932613772],[72.8364568832776,19.203415704432935],[72.83620213724016,19.203838626112887],[72.83698545331293,19.2045347099466]]]}},{"type":"Feature","properties":{"layer":"DD_23","label":"TPS (Town Planning Scheme)","confidence":"confirmed","TPS_NAME":"TPS SANTACRUZ No.VI","IMAGE_NAME":"KW_Santacruz_TPS_006_Plan_004_Final"},"geometry":{"type":"Polygon","coordinates":[[[72.83935173616457,19.086570998304623],[72.83410276924677,19.08641696380431],[72.83274893276754,19.085031429951417],[72.83066937271121,19.085858246774865],[72.83155090288803,19.087993698560986],[72.83238762054881,19.091189198692547],[72.83618554459902,19.091998579490365],[72.83847591615138,19.091784100253236],[72.83832738915576,19.09091359420818],[72.8390598750256,19.090842385816924],[72.83918391155375,19.09054472584204],[72.8400235142315,19.09049691782849],[72.84051054249153,19.091430317130957],[72.84252416993931,19.09064803894532],[72.84201444260071,19.086027348380746],[72.84146964560887,19.08598292697382],[72.83935173616457,19.086570998304623]]]}},{"type":"Feature","properties":{"layer":"DD_23","label":"TPS (Town Planning Scheme)","confidence":"confirmed","TPS_NAME":"TPS VILE PARLE No.III","REMARKS":" ","IMAGE_NAME":"KW_Vile_Parle_TPS_003_Plan_004_Final"},"geometry":{"type":"Polygon","coordinates":[[[72.8395103245795,19.100795843527802],[72.83950449100115,19.101438645506377],[72.83988168514104,19.10162470109756],[72.84057900749478,19.101745205026276],[72.84062891666314,19.101570776568156],[72.84162581456172,19.10154010219901],[72.84288923630561,19.101910214029363],[72.84380634082319,19.10177992617202],[72.84348472031377,19.096621868704613],[72.84241719495863,19.096332047354483],[72.83961244301024,19.097577906254433],[72.8395103245795,19.100795843527802]]]}},{"type":"Feature","properties":{"layer":"DD_23","label":"TPS (Town Planning Scheme)","confidence":"confirmed","TPS_NAME":"TPS BORIVALI NO.III","REMARKS":" ","IMAGE_NAME":"RectifyRC_Borivali_003_Plan_No_004_PartD_No-II.tif"},"geometry":{"type":"Polygon","coordinates":[[[72.84800060599919,19.219013528211182],[72.84643412339167,19.21825137996297],[72.84494053367341,19.218334085642976],[72.84496560677258,19.22156042141109],[72.84475492706468,19.221858920467504],[72.84468054651965,19.223926528398007],[72.84974962314399,19.223508242222003],[72.84975505092044,19.219165575721103],[72.84800060599919,19.219013528211182]]]}},{"type":"Feature","properties":{"layer":"DD_23","label":"TPS (Town Planning Scheme)","confidence":"confirmed","TPS_NAME":"TPS MAHIM No. III","IMAGE_NAME":"GN_Mahim_TPS_003_Plan_004_Section_B"},"geometry":{"type":"Polygon","coordinates":[[[72.84025987578687,19.042899826143593],[72.84545199220359,19.043421863595963],[72.84722459407408,19.03899434158182],[72.84788993515562,19.03522754662376],[72.842499843458,19.03538172056001],[72.84206304603093,19.038457161381857],[72.84025987578687,19.042899826143593]]]}},{"type":"Feature","properties":{"layer":"DD_23","label":"TPS (Town Planning Scheme)","confidence":"confirmed","TPS_NAME":"TPS MAHIM No. III","IMAGE_NAME":"GN_Mahim_TPS_003_Plan_004_Section_C"},"geometry":{"type":"Polygon","coordinates":[[[72.84004946866327,19.041903703284],[72.84029267291379,19.042604538188453],[72.84203913552398,19.0385572572078],[72.8424793403953,19.035412081525923],[72.84056733667937,19.035531709097782],[72.84020594631994,19.03591262590557],[72.84026728570633,19.036882204988807],[72.83999349207667,19.03702891709447],[72.8399445667114,19.03824479381986],[72.84040270050377,19.039075068639963],[72.84014617889233,19.039187079083707],[72.84035164656578,19.03985334542062],[72.83955231564252,19.040013074270888],[72.84004946866327,19.041903703284]]]}},{"type":"Feature","properties":{"layer":"DD_23","label":"TPS (Town Planning Scheme)","confidence":"confirmed","TPS_NAME":"TPS MAHIM No. IV","IMAGE_NAME":"GN_Mahim_TPS_004_Plan_004_Section_C"},"geometry":{"type":"Polygon","coordinates":[[[72.83576089322055,19.02537018944596],[72.83376205979695,19.021712132528027],[72.82992023094315,19.016937308006455],[72.82879972646325,19.016222356263775],[72.82699843065728,19.019080627808723],[72.83048193781894,19.02148394447159],[72.83337973714492,19.024288392476844],[72.83456351694973,19.02605162969598],[72.83576089322055,19.02537018944596]]]}},{"type":"Feature","properties":{"layer":"DD_23","label":"TPS (Town Planning Scheme)","confidence":"confirmed","TPS_NAME":"TPS SANTACRUZ JUHU SECTOR No.II","IMAGE_NAME":"KW_SantaCruz_JuhuSector_TPS_002_Plan_004_Final"},"geometry":{"type":"Polygon","coordinates":[[[72.82771456522173,19.087213427666548],[72.8284139280336,19.085052968957534],[72.82889636271648,19.084454069578182],[72.8287752745966,19.08413500045164],[72.8280216830432,19.084273156222608],[72.82788569080037,19.083926156900933],[72.82713330144269,19.0835856642348],[72.82552704345198,19.083884029592973],[72.82553346460513,19.084803178204425],[72.82659353592,19.087736171277438],[72.82706437067708,19.091858132951806],[72.8281743156659,19.091836449530646],[72.82828794652255,19.092124995502164],[72.8292349923114,19.09211158066908],[72.82942546452378,19.091406732697163],[72.82927358097015,19.091373988351368],[72.82972318794705,19.090983860082748],[72.82860320891093,19.09026963357171],[72.82762838322472,19.08839553527931],[72.82771456522173,19.087213427666548]]]}},{"type":"Feature","properties":{"layer":"DD_23","label":"TPS (Town Planning Scheme)","confidence":"confirmed","TPS_NAME":"TPS VILE PARLE No.II","IMAGE_NAME":"KE_Vile_Parle_TPS_002_Plan_004"},"geometry":{"type":"Polygon","coordinates":[[[72.84913331784605,19.09591919396608],[72.84886756408996,19.09681267517336],[72.8482281192274,19.0968267986648],[72.84810943370375,19.096553004437716],[72.84704516893875,19.096589516450283],[72.84634733579016,19.096107624285043],[72.84618672397355,19.09567177188518],[72.84484709515269,19.095918633875655],[72.845141404298,19.096725211515572],[72.84482215167868,19.097522680597105],[72.84427346049995,19.097504263945773],[72.8442607734146,19.09729940937291],[72.8440975670726,19.097484405904318],[72.84437121620675,19.09943978064556],[72.84616298250954,19.09947677628786],[72.84712536944265,19.09908922770538],[72.84788880374715,19.099178736147536],[72.84793016717131,19.099462921064074],[72.84824530186755,19.099472735736857],[72.84795223068627,19.099990430312072],[72.84797060732359,19.101069604262094],[72.84857049827644,19.10228464849849],[72.84835967402843,19.103165751584704],[72.84804450723738,19.103211493496346],[72.84794917582764,19.10366899188012],[72.84982614162513,19.1039481688223],[72.84992256140222,19.103088737731596],[72.85112984550257,19.102619605875535],[72.85115256651565,19.102112461737203],[72.85041573691484,19.101736819589707],[72.85038155430385,19.100660195078365],[72.85009872313653,19.100120472462503],[72.85024230081777,19.09961227031318],[72.85112159498578,19.099533761601457],[72.85162225370433,19.098935230314368],[72.85170111574243,19.097767089249146],[72.85125556122665,19.09664467768157],[72.84993741093356,19.09663329030532],[72.84913331784605,19.09591919396608]]]}},{"type":"Feature","properties":{"layer":"DD_23","label":"TPS (Town Planning Scheme)","confidence":"confirmed","TPS_NAME":"TPS SANTACRUZ No. IV","IMAGE_NAME":"HW_SantaCruz_TPS_004_Plan_004"},"geometry":{"type":"Polygon","coordinates":[[[72.83831115467817,19.07904457580722],[72.83870812400154,19.078941961046702],[72.83834551686344,19.078085864596673],[72.8378761800098,19.078046486686855],[72.83760252805756,19.074928224742628],[72.83588515812013,19.073863969159188],[72.83527646978807,19.07480463846388],[72.83351429757298,19.07460466158145],[72.83317472659681,19.075270626297343],[72.83420574247737,19.080111300251286],[72.83606539165548,19.079892863119262],[72.8362698007941,19.080515448937085],[72.83658546795083,19.080712734728387],[72.8374785776199,19.08106066602436],[72.83835272964365,19.08089624711475],[72.83796862698958,19.079173002948142],[72.83831115467817,19.07904457580722]]]}},{"type":"Feature","properties":{"layer":"DD_23","label":"TPS (Town Planning Scheme)","confidence":"confirmed","TPS_NAME":"TPS ANDHERI No.II","REMARKS":" ","IMAGE_NAME":"KW_Andheri_TPS_002_Plan_004_Final"},"geometry":{"type":"Polygon","coordinates":[[[72.84026800076407,19.126194594131643],[72.84158495126982,19.125183757546655],[72.84190522643127,19.124036061871024],[72.83936825019056,19.124045190341832],[72.83864159881209,19.1231135575599],[72.83762662556295,19.12315380749565],[72.83596634812288,19.12370067296693],[72.83459880190776,19.127131668653746],[72.83670994635527,19.12705400519877],[72.84026800076407,19.126194594131643]]]}},{"type":"Feature","properties":{"layer":"DD_23","label":"TPS (Town Planning Scheme)","confidence":"confirmed","TPS_NAME":"TPS MAHIM No. IV","IMAGE_NAME":"GN_Mahim_TPS_004_Plan_004_Section_B1"},"geometry":{"type":"Polygon","coordinates":[[[72.83850212306506,19.02274581003923],[72.8366143137252,19.020125103141098],[72.83369289659305,19.01331532330157],[72.83189429735216,19.01575714917761],[72.82999088699643,19.016897789459694],[72.83442809431268,19.022669913786316],[72.83576089322055,19.02537018944596],[72.83764449946764,19.02422071923147],[72.83850212306506,19.02274581003923]]]}},{"type":"Feature","properties":{"layer":"DD_23","label":"TPS (Town Planning Scheme)","confidence":"confirmed","TPS_NAME":"TPS BOMBAY CITY No. I (ELPHINSTONE ESTATE SECTION)","IMAGE_NAME":"B_Elphinstone_001_Plan_004"},"geometry":{"type":"Polygon","coordinates":[[[72.83842188508126,18.953689790840606],[72.8383638822102,18.955705403143277],[72.83901140660441,18.958033263585822],[72.84234619800219,18.95719121156807],[72.84050293204422,18.949219321448822],[72.83843152539546,18.9490832827333],[72.83842188508126,18.953689790840606]]]}},{"type":"Feature","properties":{"layer":"DD_23","label":"TPS (Town Planning Scheme)","confidence":"confirmed","TPS_NAME":"TPS MAHIM No. IV","IMAGE_NAME":"GS_Mahim_TPS_004_Plan_004_Section_B2"},"geometry":{"type":"Polygon","coordinates":[[[72.83088845874529,19.008939872853684],[72.8308803800902,19.009343147842714],[72.83055613788797,19.009385428480712],[72.83039170185344,19.008960761475574],[72.83001766625456,19.008996337912702],[72.8275094227589,19.010727574795517],[72.82392492610504,19.01053791743012],[72.82348821487328,19.01084859430675],[72.8226160074976,19.012321823763173],[72.82402483659592,19.012973457925856],[72.8227142561265,19.0171083884092],[72.82445381515275,19.017611964705523],[72.82696993044968,19.019083705103185],[72.82879972646325,19.016222356263775],[72.82999088699643,19.016897789459694],[72.83197638381733,19.015675754041638],[72.83365357734425,19.01326443187764],[72.83198892971554,19.011109791896104],[72.83318909112054,19.009261106912952],[72.83255435179247,19.0088240185503],[72.83088845874529,19.008939872853684]]]}},{"type":"Feature","properties":{"layer":"DD_23","label":"TPS (Town Planning Scheme)","confidence":"confirmed","TPS_NAME":"TPS MALAD No.I","IMAGE_NAME":"Malad_TPS001_Plan004_Final"},"geometry":{"type":"Polygon","coordinates":[[[72.84897273994744,19.187644764262632],[72.84936520742589,19.187761861196797],[72.84969525198336,19.189655342060767],[72.85051954103105,19.18923476895277],[72.85204247230585,19.18898691563957],[72.85360265772277,19.18964869817451],[72.8542111671156,19.18945223795839],[72.85477121594022,19.189615067168727],[72.85487297833667,19.18914332843765],[72.85610220991508,19.189003502207374],[72.85581386761719,19.187146841134606],[72.85526194987152,19.187785082668963],[72.85491961353134,19.187788872046248],[72.85437689628392,19.18696710517482],[72.85362056221882,19.187225069696535],[72.85309534164628,19.186265030865684],[72.8526840417033,19.186501829605778],[72.85126494549678,19.18604804930862],[72.85082321863696,19.186249732016687],[72.85058100331439,19.186772421534762],[72.85029698761966,19.18679490212324],[72.85024135680729,19.187301853877475],[72.84966621011266,19.18739238733681],[72.84978356387445,19.187168520330896],[72.84932842556731,19.187018681976422],[72.84936591199211,19.18751486190202],[72.84897273994744,19.187644764262632]]]}},{"type":"Feature","properties":{"layer":"DD_23","label":"TPS (Town Planning Scheme)","confidence":"confirmed","TPS_NAME":"TPS BORIVALI NO.III","REMARKS":" ","IMAGE_NAME":"RC_Borivali_003_Plan_No_004_PartB_No-I"},"geometry":{"type":"Polygon","coordinates":[[[72.84433077083777,19.22897418268249],[72.84468054651965,19.223926528398007],[72.83953509075175,19.22405529730426],[72.8394302494942,19.225546167511975],[72.8380567271864,19.22569904196082],[72.83784515805773,19.226674247528543],[72.8376417494774,19.226778403875773],[72.83780156539228,19.22774478630179],[72.83697803469825,19.22967579770806],[72.8368596436575,19.230658727988097],[72.84250983266168,19.229611883549033],[72.84433077083777,19.22897418268249]]]}},{"type":"Feature","properties":{"layer":"DD_23","label":"TPS (Town Planning Scheme)","confidence":"confirmed","TPS_NAME":"TPS VILE PARLE No.V","IMAGE_NAME":"KE_Vile_Parle_TPS_005_Plan_004"},"geometry":{"type":"Polygon","coordinates":[[[72.84913331784605,19.09591919396608],[72.84993741093356,19.09663329030532],[72.85125369257631,19.096636194169836],[72.85171212928245,19.098020003100025],[72.85150930582117,19.09909587700082],[72.85095805362366,19.099661632518988],[72.85027213373198,19.09956095063045],[72.8500962594528,19.100212893698814],[72.85037470015047,19.100536625555176],[72.8503072202219,19.10146825745852],[72.85077190788066,19.102048233238996],[72.85112061252023,19.10209434337247],[72.85112984550257,19.102619605875535],[72.84993000877178,19.103052725221747],[72.84991119195249,19.103394521194716],[72.85215284704037,19.10366259921595],[72.85382038882874,19.103581673776308],[72.85428313697967,19.101214795151176],[72.85206350337887,19.094912021808035],[72.85076195797014,19.093510900786477],[72.85008701713616,19.093104896178144],[72.8448025898306,19.091655453531743],[72.84378639361272,19.09069246364421],[72.84331882580989,19.08887954569203],[72.84308408485606,19.088900492972716],[72.84377198521231,19.09713123329189],[72.84406113439721,19.097661905678883],[72.84415667514669,19.097196430087582],[72.84483758992158,19.097410487563636],[72.84507421411493,19.09701107898056],[72.8448225298777,19.095911924229227],[72.84612859320606,19.09562197840738],[72.84655113903106,19.096248075673227],[72.84690299738456,19.09631269931356],[72.84690633586011,19.0965676891068],[72.84797516844647,19.096549711868022],[72.8480909958407,19.09681232840182],[72.84849730024841,19.096866298364215],[72.84875112825755,19.0968354498339],[72.84913331784605,19.09591919396608]]]}},{"type":"Feature","properties":{"layer":"DD_23","label":"TPS (Town Planning Scheme)","confidence":"confirmed","TPS_NAME":"TPS VILE PARLE No. IV & IV-A","IMAGE_NAME":"KE_Vile_Parle_TPS_004_Plan_004"},"geometry":{"type":"Polygon","coordinates":[[[72.84547702832951,19.105965397342416],[72.8459450602226,19.10360300722438],[72.84549921739116,19.103552114605495],[72.8454917706582,19.103276145958667],[72.84499065852346,19.103273413463658],[72.84479289176613,19.103379606740738],[72.84514375699722,19.10599570471069],[72.84547702832951,19.105965397342416]]]}},{"type":"Feature","properties":{"layer":"DD_23","label":"TPS (Town Planning Scheme)","confidence":"confirmed","TPS_NAME":"TPS VILE PARLE No.VI","REMARKS":" ","IMAGE_NAME":"KW_Vile_Parle_TPS_006_Plan_004_Final"},"geometry":{"type":"Polygon","coordinates":[[[72.84109280347296,19.105609456986663],[72.83990726258507,19.105689214427496],[72.8400292614751,19.10637129131467],[72.84119160199813,19.10624971275062],[72.8430262888523,19.10662152674972],[72.84472340337975,19.106274803387294],[72.84393967150422,19.10175723907668],[72.84297573165955,19.101928553724644],[72.84227193965704,19.101679441099023],[72.84212294114012,19.10218731188773],[72.8423155222579,19.103388321446648],[72.84131532575401,19.103746544704872],[72.84153246343874,19.105263303895516],[72.84109280347296,19.105609456986663]]]}},{"type":"Feature","properties":{"layer":"DD_23","label":"TPS (Town Planning Scheme)","confidence":"confirmed","TPS_NAME":"TPS BOMBAY CITY No. I (MANDVI SECTION)","REMARKS":" ","IMAGE_NAME":"B_Mandvi_001_Plan_004"},"geometry":{"type":"Polygon","coordinates":[[[72.83515751486998,18.950606608799177],[72.83561566053942,18.95060671996487],[72.83568644585867,18.950792866009614],[72.83584418289554,18.952507169368552],[72.83605198234345,18.952490191209186],[72.8360879402983,18.953078199694026],[72.83628879127139,18.953203739861532],[72.83605032691268,18.95372825665823],[72.83709210290463,18.953532383668275],[72.83714046237124,18.95385039129794],[72.83693186520475,18.953913496215506],[72.83706091984232,18.95473238300471],[72.83752466858104,18.954958813871897],[72.83793633026106,18.954715661417755],[72.83802264565668,18.950464220374013],[72.83577116440166,18.95012812376929],[72.83514613017896,18.950362823871316],[72.83515751486998,18.950606608799177]]]}},{"type":"Feature","properties":{"layer":"DD_23","label":"TPS (Town Planning Scheme)","confidence":"confirmed","TPS_NAME":"TPS ANDHERI No.VI","REMARKS":" ","IMAGE_NAME":"KW_Andheri_TPS_006_Plan_004_Final"},"geometry":{"type":"Polygon","coordinates":[[[72.84127139738861,19.110847266852225],[72.84201233207989,19.113603856499488],[72.84474199777313,19.117475929439955],[72.84595484198562,19.11714762890474],[72.84584998711921,19.115069557037728],[72.84509866574724,19.11047576611073],[72.84412049494763,19.110568285837253],[72.84421285078547,19.110852325912195],[72.84393440830475,19.11115305484486],[72.84308320359906,19.111467680793538],[72.84199675086138,19.111406898598673],[72.84180813372885,19.110655514093793],[72.84127139738861,19.110847266852225]]]}},{"type":"Feature","properties":{"layer":"DD_23","label":"TPS (Town Planning Scheme)","confidence":"confirmed","TPS_NAME":"TPS VILE PARLE No.I","IMAGE_NAME":"KE_Vile_Parle_TPS_001_Plan_004"},"geometry":{"type":"Polygon","coordinates":[[[72.84631085837603,19.103338777303648],[72.84682269229745,19.10307728901433],[72.84834423078061,19.103218129640627],[72.8485827510127,19.10210895873415],[72.84819643583833,19.101714956547564],[72.84796816150474,19.100931370517547],[72.84799145868021,19.099854403482436],[72.8482390584974,19.0995850619736],[72.8477784877265,19.099192642961476],[72.84683439864229,19.099147654610498],[72.84608930158319,19.099482518889808],[72.84449793710588,19.09942240980742],[72.84479113698973,19.103367490738012],[72.84631085837603,19.103338777303648]]]}},{"type":"Feature","properties":{"layer":"DD_23","label":"TPS (Town Planning Scheme)","confidence":"confirmed","TPS_NAME":"TPS BORIVALI NO.I","REMARKS":" ","IMAGE_NAME":"RC_Borivali_001_Plan_No_004"},"geometry":{"type":"Polygon","coordinates":[[[72.85510840249843,19.235851334835978],[72.85499551534798,19.233887264505448],[72.8566533700411,19.23102363873955],[72.85659684405839,19.230175429894295],[72.85611314183132,19.228970370354663],[72.85475397526866,19.22886820297832],[72.85467632157287,19.229608228067477],[72.85398490539805,19.229594814433682],[72.8536410573816,19.229546547508555],[72.8535410221034,19.228806045851627],[72.8519820384802,19.228774631914167],[72.85220344272734,19.23303582150537],[72.85266330089455,19.233273031597452],[72.85280683104018,19.23449224251797],[72.85241254394678,19.23487042058516],[72.85225107160123,19.236771746123644],[72.85307326409203,19.237485323679596],[72.85394001171039,19.237417806357964],[72.85454706281476,19.23708726652222],[72.85428262081588,19.235734273035277],[72.85510840249843,19.235851334835978]]]}},{"type":"Feature","properties":{"layer":"DD_23","label":"TPS (Town Planning Scheme)","confidence":"confirmed","TPS_NAME":"TPS GHATKOPAR NO.II","REMARKS":"GHATKOPAR_002_PLAN_NO_004","IMAGE_NAME":"GHATKOPAR_002_PLAN_NO_004"},"geometry":{"type":"Polygon","coordinates":[[[72.90741246912224,19.08629298351817],[72.90776343612666,19.087334502691235],[72.90748535152882,19.087378664361168],[72.90756934206878,19.088944311520937],[72.91119760074702,19.09138864916397],[72.9123509392857,19.088992086335246],[72.9101568412429,19.08715254603673],[72.90734414112708,19.085443229593],[72.90741246912224,19.08629298351817]]]}},{"type":"Feature","properties":{"layer":"DD_23","label":"TPS (Town Planning Scheme)","confidence":"confirmed","TPS_NAME":"TPS MAHIM No. IV","IMAGE_NAME":"GN_Mahim_TPS_004_Plan_004_Section_A"},"geometry":{"type":"Polygon","coordinates":[[[72.83310395445328,19.00935851764658],[72.8320434031345,19.011001975271995],[72.83365357734425,19.01326443187764],[72.83581316984854,19.018469779362665],[72.8375665578825,19.021692734771538],[72.84042989257289,19.024791200635267],[72.8407741821154,19.024870074759974],[72.84134296235159,19.023868195479476],[72.84244648049459,19.022942343750476],[72.84278879370602,19.021524779800416],[72.84351364788809,19.020715082055503],[72.84347672251887,19.020465011400464],[72.83587277372764,19.007824041624144],[72.8333597694412,19.00943821352264],[72.83310395445328,19.00935851764658]]]}},{"type":"Feature","properties":{"layer":"DD_23","label":"TPS (Town Planning Scheme)","confidence":"confirmed","TPS_NAME":"TPS BANDRA No. III","IMAGE_NAME":"HW_Bandra_TPS_003_Plan_004"},"geometry":{"type":"Polygon","coordinates":[[[72.83923817163813,19.068769510971162],[72.83978642911683,19.069301786535608],[72.8390930212918,19.064308672875665],[72.83744853122474,19.064398430980805],[72.83741250086716,19.062949052142756],[72.83769523713006,19.06283263608217],[72.8375353572957,19.062321778382287],[72.83785084105992,19.061948053333314],[72.8383548295441,19.06197356581695],[72.83834114109335,19.06165848794449],[72.83867554046081,19.061697657700403],[72.8388634544817,19.062182262285727],[72.83917223297274,19.059424789495548],[72.82977869909115,19.059647183041267],[72.8294778687536,19.06267944316034],[72.83031660854815,19.062569862304787],[72.83040874036568,19.063065863696156],[72.83069528778675,19.063130163507427],[72.83048707755141,19.06383020627934],[72.83074554717798,19.064509630957144],[72.83019521199182,19.065187401337198],[72.82979266374949,19.06482699876007],[72.83014334315698,19.068320372793675],[72.82991829834768,19.06980445493429],[72.82978840145314,19.07008757371729],[72.8293629597907,19.07014851090434],[72.8295264515576,19.07096410546352],[72.8310406568811,19.070799623402877],[72.83115477892049,19.069970486399473],[72.83172314941721,19.0697473351387],[72.83179803722612,19.069448888096833],[72.83154510773218,19.069135829475798],[72.8335818788485,19.068614660306128],[72.83370459741671,19.06921827771069],[72.83395519805975,19.069314988708545],[72.83400465543326,19.068845724155125],[72.83495731410929,19.06885316587341],[72.8351351378427,19.068534142909716],[72.8368689368591,19.068541180095185],[72.83693515555258,19.068164359771995],[72.83727577415448,19.068174188102663],[72.83737109188289,19.06851035407989],[72.83818811333913,19.068393860286115],[72.83923817163813,19.068769510971162]],[[72.83704575455684,19.06709470747166],[72.83703789291988,19.066734793908402],[72.83652035143682,19.06698143175678],[72.835968741339,19.06677524564825],[72.83611139955303,19.066274820409102],[72.8357366558071,19.066215831278058],[72.83562961889147,19.065876735267388],[72.83561602133496,19.065514705968976],[72.836131734695,19.065308870461756],[72.83651103499328,19.06444391954362],[72.83713646526037,19.06449360653445],[72.83715492316796,19.06474882564259],[72.83783450462053,19.06493419627413],[72.83780642886975,19.06575074345842],[72.8374086462713,19.066537692392714],[72.83774190519942,19.06661437961857],[72.83784809318257,19.066958062392157],[72.83722129927204,19.0669851284204],[72.83721780080499,19.06725475513913],[72.83704575455684,19.06709470747166]]]}},{"type":"Feature","properties":{"layer":"DD_23","label":"TPS (Town Planning Scheme)","confidence":"confirmed","TPS_NAME":"TPS MAHIM No. III","IMAGE_NAME":"GN_Mahim_TPS_003_Plan_004_Section_D"},"geometry":{"type":"Polygon","coordinates":[[[72.84508930001101,19.044184250499217],[72.84545199220359,19.043421863595963],[72.840270613009,19.04290111969363],[72.84000923370861,19.04334420422142],[72.8427729940009,19.043961899678248],[72.84508930001101,19.044184250499217]]]}},{"type":"Feature","properties":{"layer":"DD_23","label":"TPS (Town Planning Scheme)","confidence":"confirmed","TPS_NAME":"TPS BORIVALI NO.III","REMARKS":" ","IMAGE_NAME":"RC_Borivali_003_Plan_No_004_PartA_No-I"},"geometry":{"type":"Polygon","coordinates":[[[72.84688724856532,19.227151945946066],[72.84751409581428,19.227081783582033],[72.84776999236053,19.227374803745427],[72.84745199333955,19.22765796047104],[72.84734440383468,19.228442473822316],[72.85593949974103,19.22854185851702],[72.85620968493149,19.22759319672723],[72.85530792533562,19.222959361382927],[72.85133319604056,19.223807968741376],[72.8494170113271,19.22364074037553],[72.84468054651965,19.223926528398007],[72.8443236518328,19.228828362571043],[72.84620649255946,19.228502904421465],[72.84602301566557,19.228102838332322],[72.84632959312046,19.228034153323204],[72.8461566978289,19.227690969829798],[72.84688724856532,19.227151945946066]]]}},{"type":"Feature","properties":{"layer":"DD_23","label":"TPS (Town Planning Scheme)","confidence":"confirmed","TPS_NAME":"TPS ANDHERI No.I","REMARKS":" ","IMAGE_NAME":"KW_Andheri_TPS_001_Plan_004_Final"},"geometry":{"type":"Polygon","coordinates":[[[72.84474207307795,19.117475911353946],[72.8463678776362,19.12188435685989],[72.84661072273154,19.121768403617974],[72.84637159665785,19.12027877966882],[72.84663177193151,19.12022555581508],[72.84609304325586,19.117110680896534],[72.84474207307795,19.117475911353946]]]}},{"type":"Feature","properties":{"layer":"DD_23","label":"TPS (Town Planning Scheme)","confidence":"confirmed","TPS_NAME":"TPS BORIVALI NO.III","REMARKS":" ","IMAGE_NAME":"RectifyRC_Borivali_003_Plan_No_004_PartD_No-I.tif"},"geometry":{"type":"Polygon","coordinates":[[[72.85231394470952,19.220289769313393],[72.85166951620688,19.2196280743113],[72.84988106355128,19.219139036523433],[72.84974894690606,19.22356020338068],[72.8518484654334,19.22374890320908],[72.85529071040274,19.22287720087324],[72.85502690555124,19.22152912291362],[72.85292638043998,19.220765411448472],[72.85231394470952,19.220289769313393]]]}},{"type":"Feature","properties":{"layer":"DD_23","label":"TPS (Town Planning Scheme)","confidence":"confirmed","TPS_NAME":"TPS BANDRA No. V","IMAGE_NAME":"HW_Bandra_TPS_005_Plan_004"},"geometry":{"type":"Polygon","coordinates":[[[72.83117213415069,19.05492227860937],[72.83108486658601,19.05417911136264],[72.83072397365676,19.054114247228974],[72.83079953849166,19.055185541505356],[72.83109932773439,19.05524742914392],[72.83117213415069,19.05492227860937]]]}},{"type":"Feature","properties":{"layer":"DD_23","label":"TPS (Town Planning Scheme)","confidence":"confirmed","TPS_NAME":"TPS MAHIM No. III","IMAGE_NAME":"GN_Mahim_TPS_003_Plan_004_Section_A"},"geometry":{"type":"Polygon","coordinates":[[[72.84789445266048,19.03516340640393],[72.84781039003205,19.032780788303835],[72.84732584393912,19.03037976702764],[72.84536441508718,19.024406095513346],[72.84351364788809,19.020715082055503],[72.84278879370602,19.021524779800416],[72.84236233452827,19.02307615060438],[72.84134296235159,19.023868195479476],[72.84078787831942,19.02482148063389],[72.84218998298768,19.031656651962205],[72.84249408831316,19.035286112163746],[72.84789445266048,19.03516340640393]]]}},{"type":"Feature","properties":{"layer":"DD_23","label":"TPS (Town Planning Scheme)","confidence":"confirmed","TPS_NAME":"TPS SANTACRUZ No. III"},"geometry":{"type":"Polygon","coordinates":[[[72.84457712300457,19.08044219418636],[72.84685295276958,19.08022941811596],[72.846851351908,19.079380996634505],[72.84564675027875,19.079170292322576],[72.84506915457507,19.077885926144845],[72.84395170976889,19.076993033627524],[72.8434222574254,19.076106604741028],[72.84302113964014,19.075738209889536],[72.84263131931925,19.075931652241742],[72.8425434722929,19.075483020900645],[72.84209049747219,19.075385009671525],[72.84206078471958,19.075616353606463],[72.84157182003383,19.075724510047166],[72.84143334981017,19.07709649109725],[72.84197985619697,19.080277369501637],[72.84353346899044,19.0805604328557],[72.84457712300457,19.08044219418636]]]}},{"type":"Feature","properties":{"layer":"DD_23","label":"TPS (Town Planning Scheme)","confidence":"confirmed","TPS_NAME":"TPS GHATKOPAR NO.I","REMARKS":"GHATKOPAR_001_PLAN_NO_004","IMAGE_NAME":"GHATKOPAR_001_PLAN_NO_004"},"geometry":{"type":"Polygon","coordinates":[[[72.90720810052547,19.082280815208854],[72.90523495452531,19.082913938750004],[72.90435123991006,19.08346059481258],[72.90745758550077,19.08524075283521],[72.90788320541425,19.084201651109062],[72.90779006625297,19.08326641219253],[72.90756868762266,19.08330827379212],[72.90741192380835,19.082827563494284],[72.9075489033041,19.08217190181826],[72.90720810052547,19.082280815208854]]]}},{"type":"Feature","properties":{"layer":"DD_23","label":"TPS (Town Planning Scheme)","confidence":"confirmed","TPS_NAME":"TPS BANDRA No. X","IMAGE_NAME":"HW_Bandra_TPS_010_Plan_004"},"geometry":{"type":"Polygon","coordinates":[[[72.82768712261088,19.05305055691451],[72.82759410719791,19.05378252483823],[72.82864678210481,19.054047606431407],[72.82838016510868,19.052636665696227],[72.82768572028702,19.05245607976993],[72.8279403264752,19.052869199521265],[72.82768712261088,19.05305055691451]]]}},{"type":"Feature","properties":{"layer":"DD_23","label":"TPS (Town Planning Scheme)","confidence":"confirmed","TPS_NAME":"TPS BANDRA No. II","IMAGE_NAME":"HW_Bandra_TPS_002_Plan_004"},"geometry":{"type":"Polygon","coordinates":[[[72.83680304637993,19.059418346490325],[72.83650714563285,19.056681580800635],[72.83614124697063,19.056616337344234],[72.83608093395095,19.055729237317653],[72.83596835035593,19.055610159550483],[72.8353446783231,19.05605507874141],[72.8346349792949,19.056059573474823],[72.83417311795051,19.056393479382436],[72.83399518717971,19.0574220633827],[72.83427110577996,19.059232099071597],[72.83680304637993,19.059418346490325]]]}},{"type":"Feature","properties":{"layer":"DD_23","label":"TPS (Town Planning Scheme)","confidence":"confirmed","TPS_NAME":"TPS BANDRA No. III (KHARI VILLAGE)","IMAGE_NAME":"HW_Bandra_TPS_003_Plan_004_Khari_Village"},"geometry":{"type":"Polygon","coordinates":[[[72.83721780080499,19.06725475513913],[72.83722129927204,19.0669851284204],[72.83784999193253,19.06709949787454],[72.83784889011318,19.066611295019822],[72.83742693733778,19.06653750769373],[72.8374078453918,19.066351638302297],[72.83761330216736,19.066350675266634],[72.83780642886975,19.06575074345842],[72.83783450462053,19.06493419627413],[72.8371518725386,19.064850261232735],[72.83716062666602,19.06451788754682],[72.83653673673658,19.064409595832775],[72.8361271126458,19.06499348737794],[72.8361305296348,19.065422051842404],[72.83561602133496,19.065514705968976],[72.83562863652466,19.065863866852926],[72.8357366558071,19.066215831278058],[72.83615904241312,19.066222240337947],[72.83596882290489,19.06677452400426],[72.83639588332774,19.066971332474402],[72.83670305421211,19.06666324625532],[72.83692588117239,19.066737846150577],[72.83721780080499,19.06725475513913]]]}},{"type":"Feature","properties":{"layer":"DD_23","label":"TPS (Town Planning Scheme)","confidence":"confirmed","TPS_NAME":"TPS BANDRA No. IV","IMAGE_NAME":"HW_Bandra_TPS_004_Plan_004"},"geometry":{"type":"Polygon","coordinates":[[[72.82968302463995,19.059463295557205],[72.8340736884372,19.05923688939743],[72.83378847332999,19.057636967153258],[72.83403686939826,19.056072677672542],[72.83010287589775,19.055252899634485],[72.82968302463995,19.059463295557205]]]}},{"type":"Feature","properties":{"layer":"DD_23","label":"TPS (Town Planning Scheme)","confidence":"confirmed","TPS_NAME":"TPS BORIVALI NO.III","REMARKS":" ","IMAGE_NAME":"RC_Borivali_003_Plan_No_004_PartC_No-I"},"geometry":{"type":"Polygon","coordinates":[[[72.84468054651965,19.223926528398007],[72.84475492706468,19.221858920467504],[72.84496560677258,19.22156042141109],[72.84485993342467,19.218341501240843],[72.84351215202038,19.21845555525094],[72.8426432768487,19.218772171346433],[72.84262192963858,19.218961911414343],[72.84225078640195,19.21864732241206],[72.8395526766402,19.218718933282776],[72.8389291977882,19.218964004071708],[72.83890354840487,19.219759288021276],[72.83853598680362,19.219912849187665],[72.83778200906751,19.221952593481575],[72.83781709785025,19.222174483926494],[72.83964001116001,19.222804942418563],[72.83920202417318,19.223666958923182],[72.83957681015083,19.22367257728966],[72.83953509075175,19.22405529730426],[72.84468054651965,19.223926528398007]]]}},{"type":"Feature","properties":{"layer":"DD_23","label":"TPS (Town Planning Scheme)","confidence":"confirmed"},"geometry":{"type":"Polygon","coordinates":[[[72.8400302152199,19.10164230316578],[72.84014029312337,19.10161950861686],[72.83989444633855,19.101620199096594],[72.8400302152199,19.10164230316578]]]}},{"type":"Feature","properties":{"layer":"DD_23","label":"TPS (Town Planning Scheme)","confidence":"confirmed","TPS_NAME":"TPS MAHIM No. II","IMAGE_NAME":"GN_MAHIM_TPS_002_PLAN_004"},"geometry":{"type":"Polygon","coordinates":[[[72.83804835366078,19.033707265732776],[72.83812152423891,19.035248830443514],[72.83843739325825,19.035939019085525],[72.84221135015486,19.03525120579307],[72.84195253037164,19.031749406558532],[72.84129548049441,19.02879161191875],[72.83726180486182,19.03102589892623],[72.83804835366078,19.033707265732776]]]}},{"type":"Feature","properties":{"layer":"DD_23","label":"TPS (Town Planning Scheme)","confidence":"confirmed","TPS_NAME":"TPS BANDRA No. I","IMAGE_NAME":"HW_Bandra_TPS_001_Plan_004"},"geometry":{"type":"Polygon","coordinates":[[[72.83819737209927,19.05401026895399],[72.83870549189402,19.052575758153772],[72.83852736937094,19.05210248527953],[72.83782897398696,19.051944900044166],[72.83734863671195,19.052236431578713],[72.83768279007116,19.052715808331545],[72.83757379275423,19.052921583615408],[72.83685577518787,19.05346307397114],[72.83716351000228,19.054640746007546],[72.83785680952046,19.053970629986633],[72.83819737209927,19.05401026895399]]]}},{"type":"Feature","properties":{"layer":"DD_23","label":"TPS (Town Planning Scheme)","confidence":"confirmed","TPS_NAME":"TPS BANDRA No. VI","REMARKS":"30 Feet","IMAGE_NAME":"HW_Bandra_TPS_006_Plan_004"},"geometry":{"type":"Polygon","coordinates":[[[72.83101100300512,19.0742133834943],[72.83143766395222,19.075125292872862],[72.83177510743975,19.075028890315515],[72.83176863969322,19.074530300260783],[72.83318055977999,19.074167577719997],[72.83286778934956,19.07345913275205],[72.83119411731063,19.073897629027396],[72.83101597648997,19.07376133713401],[72.83101100300512,19.0742133834943]]]}},{"type":"Feature","properties":{"layer":"DD_23","label":"TPS (Town Planning Scheme)","confidence":"confirmed","TPS_NAME":"TPS BORIVALI NO.II","REMARKS":" ","IMAGE_NAME":"RC_Borivali_002_Plan_No_004"},"geometry":{"type":"Polygon","coordinates":[[[72.86305819343579,19.227660838251087],[72.86213106594901,19.22730609225457],[72.86187577043022,19.22683052308515],[72.86021188915649,19.226944148463854],[72.85980486449289,19.22649572011172],[72.85911221948412,19.22641213555558],[72.85907202173404,19.226722480704293],[72.85852013039828,19.226806636369126],[72.85831292618131,19.226192225479426],[72.85716618779294,19.22614965246764],[72.85807632404115,19.230975371486778],[72.85750643816031,19.231145576025586],[72.85753146177697,19.23238643829422],[72.85770138690313,19.233280803589306],[72.85791693327161,19.23322925617132],[72.8580860554451,19.23363046381233],[72.858851725795,19.233607059396846],[72.85904212502184,19.233240345877178],[72.86009721920294,19.233218602491394],[72.86034991073507,19.232911981647934],[72.86133396684852,19.23302293416348],[72.86206027103135,19.232539905215088],[72.86258492298963,19.232620818220163],[72.86313280482496,19.23189650935347],[72.86290408354873,19.231174105646524],[72.8637385846668,19.23037568481011],[72.86386381388422,19.228845684210032],[72.8641185753084,19.228560640722506],[72.86412996781166,19.227920800286928],[72.86305819343579,19.227660838251087]]]}},{"type":"Feature","properties":{"layer":"DD_23","label":"TPS (Town Planning Scheme)","confidence":"confirmed","TPS_NAME":"TPS SANTACRUZ No. I","IMAGE_NAME":"HW_SantaCruz_TPS_001_Plan_004"},"geometry":{"type":"Polygon","coordinates":[[[72.8410587615379,19.08244846920547],[72.84036440457066,19.08223556614851],[72.83807736208469,19.08267165662088],[72.83826335399678,19.086655318036883],[72.83985349878306,19.086477847586803],[72.84146645493885,19.08588518474951],[72.84107460824879,19.082930054273078],[72.84139167218551,19.082889941660458],[72.84136016510179,19.082586299047627],[72.8410587615379,19.08244846920547]]]}},{"type":"Feature","properties":{"layer":"DD_23","label":"TPS (Town Planning Scheme)","confidence":"confirmed","TPS_NAME":"TPS SANTACRUZ No. V"},"geometry":{"type":"Polygon","coordinates":[[[72.84557300656591,19.080600220539118],[72.84349867396826,19.080880693466824],[72.84190466622333,19.08056074903786],[72.84199849934674,19.082514574963323],[72.84224226118798,19.08251469483035],[72.84250472635128,19.083200313669284],[72.84231278581093,19.08324826692075],[72.84244820352126,19.083661857328178],[72.8422553999267,19.083959096437106],[72.84297679211883,19.08890919761946],[72.84416440856738,19.088763469449557],[72.84562480877764,19.088126381498515],[72.84853090845269,19.087851944556316],[72.847379250054,19.084083326398453],[72.84698719631429,19.08379908735529],[72.84734004492456,19.082706237208615],[72.84839368962952,19.081887824408593],[72.84850150408407,19.080672457614323],[72.84908468453634,19.080657755923752],[72.84939832758499,19.080295105560477],[72.84557300656591,19.080600220539118]]]}},{"type":"Feature","properties":{"layer":"DD_23","label":"TPS (Town Planning Scheme)","confidence":"confirmed","TPS_NAME":"TPS GHATKOPAR NO.III","REMARKS":"GHATKOPAR_003_PLAN_NO_004","IMAGE_NAME":"GHATKOPAR_003_PLAN_NO_004"},"geometry":{"type":"Polygon","coordinates":[[[72.90333876690843,19.074700696714416],[72.90429532260065,19.080829915723694],[72.90609525713893,19.080308084934977],[72.90620431351185,19.080564512450984],[72.90602154846917,19.080617785207256],[72.90675721124117,19.082133662017096],[72.90826470767432,19.081652930642033],[72.9084739610438,19.082489953952088],[72.90824630077763,19.08275730326881],[72.90838085592355,19.083302302373884],[72.90860951901149,19.083252025273254],[72.9087286205071,19.084248465487995],[72.90830704679924,19.085158870521592],[72.9097768685473,19.086101326804485],[72.91384861807403,19.089785285838303],[72.91402393367704,19.08960321693125],[72.91415917872877,19.089749988760275],[72.91423845717134,19.088908464828275],[72.91233583634346,19.07922445703564],[72.91246767534699,19.07883921406059],[72.91212866018984,19.078720979479623],[72.91202343575624,19.07697623943574],[72.91108138370865,19.076875871510676],[72.9099489763474,19.0776141071256],[72.90834621642628,19.076962180819933],[72.90797577659065,19.076335396581566],[72.90745037932626,19.0760881467986],[72.90740650082387,19.07517147469712],[72.90619863592568,19.07488254294833],[72.90607496823546,19.074512462878502],[72.9043524956005,19.074408326858567],[72.90333876690843,19.074700696714416]]]}},{"type":"Feature","properties":{"layer":"DD_23","label":"TPS (Town Planning Scheme)","confidence":"confirmed","TPS_NAME":"TPS SANTACRUZ No. II","IMAGE_NAME":"HW_SantaCruz_TPS_002_Plan_004"},"geometry":{"type":"Polygon","coordinates":[[[72.83581040259206,19.079927294676878],[72.83205268462267,19.08042991678528],[72.83184113588464,19.08012081814487],[72.83001938936735,19.080460143327432],[72.83026628826923,19.081085490585966],[72.83288612427614,19.084568951950786],[72.83239771250297,19.08466519814962],[72.83395742934889,19.086346082292042],[72.83789782340116,19.08661856803668],[72.83775117182047,19.08093321340178],[72.8374785776199,19.08106066602436],[72.8363430953475,19.080562196536643],[72.83616836114219,19.07996507051797],[72.83581040259206,19.079927294676878]]]}}]}