{"type":"FeatureCollection","features":[{"type":"Feature","properties":{"layer":"DP_0","label":"DP Zone","confidence":"high","SUBURBS":"WESTERN","ZONE_CODE2":"I"},"geometry":{"type":"Polygon","coordinates":[[[72.86728665271741,19.11592297019891],[72.86692823659715,19.115927374136618],[72.86692426980484,19.116041737189093],[72.86728665271741,19.11592297019891]]]}},{"type":"Feature","properties":{"layer":"DP_0","label":"DP Zone","confidence":"high","SUBURBS":"CITY","ZONE_CODE2":"NA"},"geometry":{"type":"Polygon","coordinates":[[[72.79340003433475,18.944085264903016],[72.7928137743404,18.945034908711825],[72.79204726091608,18.945701724348915],[72.79175380011748,18.948235749305184],[72.79203963699183,18.948279804144658],[72.79244773588493,18.94667521083079],[72.7923470940661,18.945581743077316],[72.79348830135613,18.944304145025],[72.79340003433475,18.944085264903016]]]}},{"type":"Feature","properties":{"layer":"DP_0","label":"DP Zone","confidence":"high","SUBURBS":"CITY","ZONE_CODE2":"NA"},"geometry":{"type":"Polygon","coordinates":[[[72.79819417069326,18.94755253472487],[72.79989453030575,18.94869144220419],[72.80174411172098,18.948996033346123],[72.80368014834316,18.950847870969678],[72.80417562473481,18.95074546828412],[72.80143842619047,18.948352342906073],[72.80055573761067,18.948138342175834],[72.8004116178433,18.9483277694709],[72.79913453340954,18.947403779777535],[72.79819417069326,18.94755253472487]]]}},{"type":"Feature","properties":{"layer":"DP_0","label":"DP Zone","confidence":"high","SUBURBS":"CITY","ZONE_CODE2":"NA"},"geometry":{"type":"Polygon","coordinates":[[[72.8043778460656,18.951367995187788],[72.80508038252016,18.95255605111123],[72.80674934012718,18.95334005970435],[72.80741677566452,18.953310303534813],[72.80672557595163,18.952661076717924],[72.80626713278447,18.952708143188623],[72.80597696153478,18.952298824860122],[72.8055272625633,18.952222781278753],[72.8047131077761,18.95122572047543],[72.8043778460656,18.951367995187788]]]}},{"type":"Feature","properties":{"layer":"DP_0","label":"DP Zone","confidence":"high","SUBURBS":"CITY","ZONE_CODE2":"NA"},"geometry":{"type":"Polygon","coordinates":[[[72.81296274725155,18.984699383991835],[72.8134145438018,18.98363504295409],[72.81347563263255,18.982583628850644],[72.81319206439332,18.98156575226068],[72.81245256176994,18.980541673809597],[72.8115555767306,18.979924687442743],[72.8100689764974,18.979465246853497],[72.8088681905424,18.982180852796716],[72.80915360866503,18.98234411704194],[72.80916633071575,18.983121261488886],[72.80869631855438,18.98305975324191],[72.80871364160714,18.981857051797856],[72.80888600040902,18.98193309188345],[72.80992975648361,18.97954380962859],[72.80643260425626,18.978549281955083],[72.80532900152036,18.977615499377873],[72.8042742564382,18.974761670178644],[72.80251691890658,18.972383570119703],[72.80201110610942,18.971284592966626],[72.79950794239282,18.96184978565465],[72.79947621898062,18.96046049550766],[72.79979196596379,18.9593865104408],[72.7994062837987,18.959024523197684],[72.79871616214066,18.959075555385606],[72.79868608968654,18.958349961052576],[72.79694296063482,18.956375605614564],[72.79631452075353,18.956096930371327],[72.79556643632813,18.954572124518645],[72.79535807844188,18.95457927574715],[72.79330129344312,18.95222870213131],[72.79199559068694,18.949384043741123],[72.79374822102086,18.953303966720586],[72.79940579082714,18.962510356429476],[72.80023020899064,18.965290074507067],[72.80132749170194,18.97123956097172],[72.80214626092254,18.973442553611026],[72.80897096129237,18.98463690893757],[72.8103093164777,18.987775809538615],[72.81088540904797,18.98658617191897],[72.81141752720936,18.98707802662642],[72.81106460563458,18.98709208841725],[72.81142100875428,18.987088289091226],[72.81227565078096,18.98785525385945],[72.81343115592647,18.987298344194404],[72.8140126290374,18.986122850639042],[72.81359431072873,18.985927868643035],[72.81296274725155,18.984699383991835]]]}},{"type":"Feature","properties":{"layer":"DP_0","label":"DP Zone","confidence":"high","SUBURBS":"CITY","ZONE_CODE2":"NA"},"geometry":{"type":"Polygon","coordinates":[[[72.8209043513683,19.01781763163491],[72.82023149088616,19.018015856079792],[72.81957563146969,19.018661823595956],[72.82057482443547,19.018418856580908],[72.8209043513683,19.01781763163491]]]}},{"type":"Feature","properties":{"layer":"DP_0","label":"DP Zone","confidence":"high","SUBURBS":"CITY","ZONE_CODE2":"NA"},"geometry":{"type":"Polygon","coordinates":[[[72.82273644731283,19.017570112822746],[72.82432740154339,19.017998243325128],[72.82689421061218,19.019415137095063],[72.82429978013471,19.017865973317395],[72.8226182607682,19.017473980144025],[72.82273644731283,19.017570112822746]]]}},{"type":"Feature","properties":{"layer":"DP_0","label":"DP Zone","confidence":"high","EP_NO":"EP-KW45","SUBURBS":"WESTERN","ZONE_CODE2":"NA"},"geometry":{"type":"Polygon","coordinates":[[[72.81909953427889,19.12348555606525],[72.81923297021454,19.122848725557226],[72.81889986920665,19.123372633534135],[72.81826407321734,19.123121004782682],[72.81831563440915,19.122964611891963],[72.81881522539527,19.12319663258122],[72.81855686638188,19.122894912489002],[72.81888677769864,19.122294302109953],[72.8194164725116,19.122443195362873],[72.81961064876415,19.12208519718633],[72.81926089915692,19.12205727906717],[72.81913911223397,19.121776945428383],[72.81964218376801,19.121206045408044],[72.81943958033958,19.120965551426576],[72.8191421126991,19.121166015615415],[72.81843674237226,19.122194267305538],[72.81892603014349,19.120975301616767],[72.81873118956952,19.120960977851293],[72.81673950428836,19.123592352045126],[72.81353947925498,19.129187199026617],[72.81508895324497,19.127003391954066],[72.81703305688728,19.126266882622016],[72.8180133043752,19.12433786407072],[72.81909953427889,19.12348555606525]]]}},{"type":"Feature","properties":{"layer":"DP_0","label":"DP Zone","confidence":"high","EP_NO":"EP-KW42","SUBURBS":"WESTERN","ZONE_CODE2":"NDZ"},"geometry":{"type":"Polygon","coordinates":[[[72.78218692777739,19.13248343043785],[72.78138375106774,19.13260976916564],[72.7804247481501,19.1336864371806],[72.78047108041797,19.13450318192489],[72.78152022019232,19.13525041214119],[72.78313277079894,19.13453530151312],[72.78357478528825,19.133588414479984],[72.78284409897631,19.132572974264978],[72.78218692777739,19.13248343043785]]]}},{"type":"Feature","properties":{"layer":"DP_0","label":"DP Zone","confidence":"high","EP_NO":"EP-PS68","SUBURBS":"WESTERN","ZONE_CODE2":"NDZ"},"geometry":{"type":"Polygon","coordinates":[[[72.82976379092217,19.15495255224861],[72.8297625354189,19.154563991888427],[72.82841873012075,19.154271452432706],[72.8228456249235,19.151006887034463],[72.82137048964165,19.157138415599782],[72.82469808576491,19.15750691115513],[72.82231898607813,19.16362221417696],[72.8243238594345,19.165304589973285],[72.82496630031324,19.16533322315321],[72.82642660676355,19.164613687989576],[72.82739810781969,19.16360840954099],[72.82806610422203,19.16212526138012],[72.82872015543762,19.16135873477303],[72.82926083880501,19.15977527076528],[72.8287548054695,19.15737008944498],[72.82885125224408,19.155322963214733],[72.8290794487339,19.154966926152586],[72.82976379092217,19.15495255224861]]]}},{"type":"Feature","properties":{"layer":"DP_0","label":"DP Zone","confidence":"high","SUBURBS":"WESTERN","ZONE_CODE2":"R"},"geometry":{"type":"Polygon","coordinates":[[[72.87565695554947,19.260481515613844],[72.87620407463807,19.260160041940455],[72.87625129537416,19.259823114831914],[72.87564269561764,19.259209062667587],[72.87568053022795,19.25841776942681],[72.87509481584271,19.257734546947987],[72.87440299493366,19.257354003451784],[72.87397406201315,19.256503175468023],[72.87313303245499,19.256563018791336],[72.87306472123483,19.25732533557229],[72.87328374641213,19.257309531298983],[72.87343198053375,19.257822173251352],[72.87339831556177,19.258039635314592],[72.87288127231962,19.258220275908176],[72.87368963245429,19.259182941635178],[72.87428630379716,19.260610950525376],[72.87505908341898,19.260726724815722],[72.87565695554947,19.260481515613844]]]}},{"type":"Feature","properties":{"layer":"DP_0","label":"DP Zone","confidence":"high","SUBURBS":"WESTERN","ZONE_CODE2":"NA"},"geometry":{"type":"Polygon","coordinates":[[[72.81794627549519,19.144800382914145],[72.81784168101959,19.144674116603447],[72.8179986846136,19.144887683367582],[72.81794627549519,19.144800382914145]]]}},{"type":"Feature","properties":{"layer":"DP_0","label":"DP Zone","confidence":"high","SUBURBS":"WESTERN","ZONE_CODE2":"NA"},"geometry":{"type":"Polygon","coordinates":[[[72.81688596199635,19.14654443544907],[72.81931464789672,19.143818820407976],[72.8169272738148,19.146491900749712],[72.81663433878838,19.146155418521484],[72.81688596199635,19.14654443544907]]]}},{"type":"Feature","properties":{"layer":"DP_0","label":"DP Zone","confidence":"high","SUBURBS":"CITY","ZONE_CODE2":"R"},"geometry":{"type":"Polygon","coordinates":[[[72.84830446164383,18.973249719371292],[72.84823674840479,18.972429521061535],[72.84639571942387,18.97233069561856],[72.84585855583316,18.972857966983316],[72.84630016966692,18.972948374381012],[72.84630479692792,18.97414572488638],[72.84837319984052,18.973974163789716],[72.84830446164383,18.973249719371292]]]}},{"type":"Feature","properties":{"layer":"DP_0","label":"DP Zone","confidence":"high","SUBURBS":"CITY","ZONE_CODE2":"R"},"geometry":{"type":"Polygon","coordinates":[[[72.87379991024493,19.02495993569629],[72.8742901905674,19.02672493566902],[72.87393665478763,19.02752138307835],[72.87436998556244,19.026408667858693],[72.87379991024493,19.02495993569629]]]}},{"type":"Feature","properties":{"layer":"DP_0","label":"DP Zone","confidence":"high","SUBURBS":"CITY","ZONE_CODE2":"R"},"geometry":{"type":"Polygon","coordinates":[[[72.87844505587042,19.03093389698447],[72.87820375826175,19.0302634098299],[72.87800592551072,19.030315772312335],[72.87840776379467,19.03200435462767],[72.87973287704659,19.03449450774564],[72.88024050664443,19.0363239795684],[72.87957262770294,19.041612569193425],[72.88048936276523,19.041471777948168],[72.8811081696801,19.037053501176857],[72.88016816759851,19.034366335791994],[72.87844505587042,19.03093389698447]]]}},{"type":"Feature","properties":{"layer":"DP_0","label":"DP Zone","confidence":"high","SUBURBS":"WESTERN","ZONE_CODE2":"R"},"geometry":{"type":"Polygon","coordinates":[[[72.86524735573599,19.097818497226882],[72.86537200259899,19.095966613092536],[72.86495480559624,19.09578118353553],[72.8646175013019,19.09598567102289],[72.86446378593402,19.095617026482334],[72.86378277495798,19.095486092343698],[72.86395373954555,19.096031499905045],[72.86370872552506,19.09631250209594],[72.86473566189086,19.096803431703457],[72.86462494243534,19.097004731448134],[72.86518610716887,19.096886476349393],[72.86528906312616,19.097005298227035],[72.86489663277678,19.09708657084248],[72.86512901790061,19.098037846436736],[72.86524735573599,19.097818497226882]]]}},{"type":"Feature","properties":{"layer":"DP_0","label":"DP Zone","confidence":"high","SUBURBS":"WESTERN","ZONE_CODE2":"R"},"geometry":{"type":"Polygon","coordinates":[[[72.86932201125093,19.09918092901123],[72.86992422303643,19.099299139568743],[72.86987366404786,19.0991320486683],[72.87019978092094,19.099037956367773],[72.87016050190783,19.09851117484449],[72.86882761246775,19.097696638780395],[72.86768960292476,19.098049180490847],[72.86828349627325,19.099571828476257],[72.8686498003386,19.09969955440432],[72.86932201125093,19.09918092901123]]]}},{"type":"Feature","properties":{"layer":"DP_0","label":"DP Zone","confidence":"high","SUBURBS":"WESTERN","ZONE_CODE2":"R"},"geometry":{"type":"Polygon","coordinates":[[[72.86682475234913,19.10077637753634],[72.86716149733476,19.100681796237236],[72.86722720708575,19.100309142881745],[72.8667741640652,19.099265133953196],[72.86650803896798,19.09894496528619],[72.86572978000562,19.09902516222368],[72.86585965631168,19.099591235950562],[72.86646804100737,19.100063856170248],[72.86644973709494,19.100685052936992],[72.86682475234913,19.10077637753634]]]}},{"type":"Feature","properties":{"layer":"DP_0","label":"DP Zone","confidence":"high","SUBURBS":"WESTERN","ZONE_CODE2":"R"},"geometry":{"type":"Polygon","coordinates":[[[72.86897830245796,19.10089369317635],[72.86897195173955,19.10028613470736],[72.86811893426773,19.100212728979194],[72.86820665455951,19.100894596164675],[72.86897830245796,19.10089369317635]]]}},{"type":"Feature","properties":{"layer":"DP_0","label":"DP Zone","confidence":"high","SUBURBS":"WESTERN","ZONE_CODE2":"R"},"geometry":{"type":"Polygon","coordinates":[[[72.88462578246504,19.10659652358325],[72.88349168724378,19.105337682516748],[72.88292474277664,19.105369928810656],[72.88235941823706,19.10600098079586],[72.88241659768444,19.10657477979459],[72.88295715376982,19.10685137577182],[72.88298383723435,19.107431134130888],[72.88382827599534,19.107291135792835],[72.88462578246504,19.10659652358325]]]}},{"type":"Feature","properties":{"layer":"DP_0","label":"DP Zone","confidence":"high","SUBURBS":"WESTERN","ZONE_CODE2":"R"},"geometry":{"type":"Polygon","coordinates":[[[72.83316036562186,19.151236918820107],[72.83608492346887,19.15112892058878],[72.83674947882785,19.146298201154725],[72.8394649592882,19.14630315765757],[72.84275335566913,19.145027636931747],[72.84538947459589,19.144739719334098],[72.84561758737337,19.142366599884213],[72.84316671056267,19.141930222614352],[72.84320284035078,19.141546718828664],[72.84264051970557,19.1413531529887],[72.84198136941117,19.14171307554681],[72.84091267705172,19.14185060947335],[72.84021433025191,19.140926392866366],[72.84038703526525,19.140857414546776],[72.84033485534981,19.14035671842573],[72.84197393186234,19.14009748345727],[72.843631958351,19.139352941259066],[72.844440621857,19.13930577759406],[72.84755265288308,19.13613928506405],[72.84786331538834,19.13469090620794],[72.84808709558763,19.13463636277131],[72.84852632819498,19.134777918842225],[72.84903215322409,19.139113885225626],[72.84700556705575,19.139397885779875],[72.84673948235742,19.140000876771033],[72.84603682883713,19.140487961736135],[72.84564776435032,19.142279914783195],[72.84760511247431,19.142477014682157],[72.84926181409834,19.14206095295859],[72.84960340401958,19.142710703291943],[72.84948041800013,19.143517842415854],[72.84988968797866,19.143561773135545],[72.84717796152846,19.122092323001674],[72.8454440826292,19.110420067834553],[72.84419260658923,19.110390227303988],[72.84393948626513,19.111043428938327],[72.8424176587436,19.11138480545832],[72.84196748413078,19.111180075999194],[72.84186318796544,19.110627506842018],[72.84125629365549,19.1107014801893],[72.84053786296505,19.11034798226441],[72.83892392287822,19.11021273123076],[72.83829514686484,19.110258894377214],[72.83826858738358,19.110427811369604],[72.83457946601844,19.109814515050473],[72.82844746141485,19.112989960693547],[72.82814265204986,19.113741231131332],[72.82797989870846,19.116525744861676],[72.82547165193266,19.118794559177896],[72.82635679944326,19.119651915507998],[72.82647938643203,19.120705462907072],[72.82552401475276,19.120773909159034],[72.82464400363092,19.12017574597349],[72.82437054473786,19.119605628221848],[72.82445174522425,19.120117030346027],[72.82374114495641,19.12035809407387],[72.82287281510885,19.121179515351077],[72.82358073521091,19.121876369338715],[72.82325397464777,19.12243162651655],[72.82265216682335,19.12287882752056],[72.82195333294182,19.122347733894532],[72.8209903907268,19.123370461522374],[72.82203791100508,19.12423497935624],[72.8208548716439,19.125800788890295],[72.8191624017457,19.125319442940224],[72.8189447744978,19.12583174788378],[72.81794713905855,19.12602491681524],[72.81804968824036,19.12676645482968],[72.81758807180915,19.127114393951093],[72.8170293497657,19.127161943391986],[72.81703694328355,19.126275717188793],[72.81508895324497,19.127003391954066],[72.81305495792219,19.129862682276656],[72.81139121240462,19.131690102716263],[72.81013577843626,19.13362296933965],[72.80306238288618,19.141348160544585],[72.80295454541186,19.142261326195108],[72.80355197749458,19.143556748696167],[72.80403388087693,19.14346059706699],[72.80463617632107,19.144177646459706],[72.80468119827776,19.144686892941525],[72.80482306933061,19.14460711111136],[72.80517726196945,19.145078934021008],[72.80562118393777,19.14499888299397],[72.80624401286913,19.145947257673104],[72.80655463223792,19.14604060641501],[72.80711443495596,19.145475843413802],[72.80821996021481,19.145869022638646],[72.80837647972476,19.145775779587836],[72.80821067487923,19.14544259913387],[72.80772439366315,19.14507511635382],[72.80795538358785,19.144940288585566],[72.81064595787535,19.144794299590586],[72.81348952630519,19.14286850299822],[72.81412701121839,19.142108088574066],[72.81490868013931,19.1424347276831],[72.81522067225063,19.142191149717263],[72.81430898437952,19.141681164121046],[72.81471990529936,19.140875345006805],[72.81568121364637,19.14136913240705],[72.8164503398212,19.140537361818506],[72.81787653709006,19.138124385006275],[72.8172566567651,19.137128225550725],[72.81697630061092,19.137235004097395],[72.81710283475793,19.13703089062918],[72.81865550565549,19.13643451400681],[72.81975464634293,19.136600957180423],[72.82013993681954,19.137103746028718],[72.81992526035008,19.137938238009095],[72.81858473790216,19.140063059091066],[72.81976484596738,19.142918280533948],[72.81970145179135,19.143357237113197],[72.81768885904958,19.143599475077302],[72.81578933552396,19.142568502197328],[72.81480223157554,19.143273196058814],[72.81503660681638,19.143657717576634],[72.8091127739851,19.147558848783795],[72.8117882306958,19.151552618050662],[72.81418902805994,19.153578584503006],[72.81830892047824,19.148408606859384],[72.81696233732313,19.146661728323735],[72.81947996567473,19.143833862930205],[72.82799372118608,19.15395666751423],[72.8287565001143,19.153734621309752],[72.83231300433206,19.15150532217687],[72.83316036562186,19.151236918820107]],[[72.82919024473276,19.1286212777112],[72.82951925973398,19.128544097408724],[72.82965322346958,19.12910921073628],[72.82931952452383,19.129171240594506],[72.82919024473276,19.1286212777112]],[[72.8422812440604,19.114970227896222],[72.84261135509063,19.11485212759255],[72.84292320733354,19.115102693310874],[72.84240482412159,19.115636957252118],[72.8422812440604,19.114970227896222]],[[72.83129127343541,19.13066568706472],[72.83096285721425,19.131125483908622],[72.83034465937948,19.13126135889826],[72.83013447632919,19.13068720294107],[72.83133031865036,19.130416621024086],[72.83129127343541,19.13066568706472]],[[72.84243253846202,19.13947828632665],[72.84198446824578,19.139007997128864],[72.84248076347338,19.138200249781516],[72.84272053555294,19.138213850654058],[72.84295422945156,19.138318113477567],[72.84292845732912,19.138611115726945],[72.84243253846202,19.13947828632665]],[[72.81692551360595,19.146496239067783],[72.81663236774031,19.146154977730742],[72.81793655589408,19.145131623507226],[72.81784072356666,19.144675508789675],[72.81825244236553,19.144768333453467],[72.81931041987268,19.143807598990705],[72.81692551360595,19.146496239067783]],[[72.80733401203264,19.13945471758495],[72.80778029851929,19.139598429545405],[72.80751842284779,19.14019009267259],[72.80622491118908,19.13964783577416],[72.80657611746607,19.139147738994023],[72.80733401203264,19.13945471758495]],[[72.84371793099456,19.13852370494439],[72.84358312246347,19.13804031395519],[72.84514473547951,19.13838628508992],[72.84440069586817,19.13912062555956],[72.84371793099456,19.13852370494439]],[[72.8193192575761,19.132552081904798],[72.8210938079434,19.1328687224877],[72.82098002522253,19.133789750805555],[72.81929135527074,19.133771698843173],[72.8193192575761,19.132552081904798]],[[72.81754383092462,19.133413353260867],[72.81747070167779,19.133905545957518],[72.81810741524217,19.133994748148822],[72.81814864882462,19.133704984107275],[72.81897663267362,19.133752243242597],[72.81880868480712,19.135734873643],[72.81926963044116,19.136434884004895],[72.81841956559663,19.13632282843841],[72.81795454261017,19.134846765837995],[72.81826568445156,19.134400104768844],[72.8171649873218,19.134504306667637],[72.81715549164555,19.13332369910778],[72.81754383092462,19.133413353260867]],[[72.82121195645729,19.131986214970965],[72.82111978860276,19.13270500046664],[72.81939536431176,19.132365900457845],[72.81941223677065,19.131468993547355],[72.82034679705556,19.13127759147766],[72.82037824418207,19.13063173111686],[72.82138815301535,19.130396914386058],[72.82121195645729,19.131986214970965]],[[72.84609747601847,19.121131959332693],[72.84437397622526,19.116555590344127],[72.84585848360106,19.116089592652575],[72.84652119335348,19.121692099295483],[72.84637732846058,19.12176512460042],[72.84609747601847,19.121131959332693]],[[72.8222084698528,19.13864813683516],[72.82263309811808,19.138591153439123],[72.82349096050615,19.139119588118778],[72.82017278914671,19.14276260790075],[72.8198943461665,19.142767659471748],[72.81948637413582,19.14188944035895],[72.8222084698528,19.13864813683516]],[[72.8370234916433,19.139986991459732],[72.83706192637214,19.139035738664848],[72.83579701292459,19.138997265727898],[72.83568359006975,19.13871262545809],[72.83534571088494,19.13868291082679],[72.83544387638985,19.13808989973557],[72.83519100754344,19.137193262979597],[72.8344423733613,19.13697593893748],[72.83438840813938,19.13818434174271],[72.83368897482518,19.138197941383627],[72.83363789783006,19.1386151331614],[72.83358090009204,19.139260360595035],[72.83405209715485,19.13930769690972],[72.83396753861821,19.140432110428282],[72.83363409642985,19.140406335989287],[72.83356686687279,19.141008502548907],[72.83393310537048,19.140995733800295],[72.83386711277666,19.141820541273603],[72.83141904715815,19.142000364049572],[72.8319086504034,19.13657898566631],[72.82728712041936,19.136101270483106],[72.82891232754861,19.134371407946237],[72.82997469732966,19.13457661387729],[72.83000694128192,19.132749715529485],[72.8315588260688,19.132017632102183],[72.83576790870093,19.131782109973713],[72.83580098922886,19.132364393947537],[72.83750248562343,19.1323384826286],[72.8375950086438,19.135672786563262],[72.83726483347307,19.137970223831566],[72.83726259323244,19.139934004743047],[72.83678686449579,19.140765071481418],[72.83597671117191,19.140039424020348],[72.8365302296702,19.139852855948437],[72.83659272498011,19.140032092666864],[72.8370234916433,19.139986991459732]]]}},{"type":"Feature","properties":{"layer":"DP_0","label":"DP Zone","confidence":"high","EP_NO":"EP-PS69","SUBURBS":"WESTERN","ZONE_CODE2":"G-Z"},"geometry":{"type":"Polygon","coordinates":[[[72.87716575834303,19.166538183812644],[72.87622638993241,19.16630764108696],[72.87614632570516,19.165263593634464],[72.8759539982699,19.165235065447614],[72.87677212807665,19.163958265725732],[72.87784630067662,19.164257675850507],[72.88139982461502,19.1620126188524],[72.88261806620672,19.162327797085062],[72.88403707381154,19.16169171646874],[72.88421109071469,19.16013177052506],[72.88396089216732,19.159721554232817],[72.884792729537,19.159161917668197],[72.88450008608707,19.1576845961187],[72.88516047529697,19.156047311777993],[72.88424664464404,19.15520466815319],[72.88353016932786,19.153990482031602],[72.88322643218903,19.152916878434187],[72.88225263057471,19.151427037484133],[72.88235412872764,19.150584934508334],[72.89040933940285,19.14664126397164],[72.89194193752117,19.146762568465817],[72.8943739955299,19.148326908574553],[72.89498977654848,19.147295086526057],[72.89528408237243,19.144903646376257],[72.8942588308273,19.142833873112664],[72.8941399078707,19.142004437363063],[72.89345839753513,19.14209034438737],[72.89463180019416,19.139940787696602],[72.89463386452367,19.139279816266004],[72.89310746569562,19.137092328461346],[72.89196781598137,19.136406463431683],[72.8909251995793,19.136147014167616],[72.8907156239954,19.13564023887265],[72.88601062980662,19.137413219306477],[72.88634584357163,19.138296870985204],[72.88807462689125,19.13773088128243],[72.88754877055938,19.13689318150859],[72.88869442868467,19.13645508906021],[72.88925592996118,19.136841838088735],[72.88944891354322,19.13776685355672],[72.88904782166217,19.13804720193046],[72.88963655204886,19.138895838014683],[72.88898106291018,19.139945850061803],[72.88951839383671,19.1422379817019],[72.88939873232565,19.14298552497793],[72.89013313404398,19.144301041494217],[72.8905480238814,19.146432569486503],[72.88907490637548,19.146790890241526],[72.88785764514984,19.144440813503337],[72.88855064594475,19.14374991485445],[72.88813456233511,19.143005438511793],[72.8869237477528,19.14359267703961],[72.88681017407768,19.143472157678346],[72.88665941432983,19.142934982292637],[72.88550566662198,19.141444837114005],[72.88476199322817,19.139154341486762],[72.88343507449885,19.137275273381672],[72.87883008988963,19.137964648430252],[72.87867572822287,19.138782766692284],[72.87819817041785,19.139577612146525],[72.87780555323235,19.138789194581374],[72.87736048360975,19.138563315189227],[72.87655958607671,19.13872713826502],[72.87611701366124,19.137922458592875],[72.87576253679666,19.13772729640411],[72.87549409788532,19.13865343024821],[72.87419574658401,19.138741149483806],[72.87131078444375,19.139443313285863],[72.86466256065533,19.141290086540977],[72.86681680011813,19.14374724417009],[72.86691404795909,19.1448211527282],[72.86777140896965,19.14683110576532],[72.86737615640574,19.147477022362253],[72.86742854893264,19.14843731647511],[72.8679842429881,19.14883209221645],[72.8678907407496,19.149358494515692],[72.86695179551751,19.149445148276325],[72.86682474805468,19.149732630981518],[72.86585098049663,19.15468142196975],[72.86407909645325,19.155056251971732],[72.86167781868195,19.15486695404489],[72.86087672942833,19.153903411284045],[72.86014721396454,19.152361185149402],[72.85947174313657,19.15206686510088],[72.859289288658,19.15235822655464],[72.85850355500344,19.152456475331935],[72.85841178107299,19.152696102682405],[72.85881856650369,19.152865214186704],[72.85862589023857,19.15309592482013],[72.85869566405063,19.153594406355076],[72.85823853925376,19.153969478479514],[72.85838887006936,19.15587778371142],[72.85712275286802,19.156008941027032],[72.85796368075353,19.16164729687052],[72.85831977776229,19.161635887822392],[72.85942986694428,19.16974903913519],[72.85972426915345,19.1697307058967],[72.85952177343967,19.16973503749267],[72.85917365223716,19.16708980484784],[72.85929178086954,19.166120484296325],[72.86011651776775,19.16601711912735],[72.86020251034907,19.166743221973327],[72.86043049349891,19.16674264043333],[72.86021365632429,19.16760471713312],[72.86046365089922,19.169529386695412],[72.8658425752128,19.16883216860197],[72.86643226640732,19.168253520059956],[72.86737171237444,19.16858958871978],[72.86929550270645,19.168262254162247],[72.87036133350114,19.167814884456025],[72.87131496510352,19.167954707634262],[72.87585990384625,19.167502627184465],[72.87649672840764,19.16729375274508],[72.87716575834303,19.166538183812644]],[[72.86520678153329,19.1653635034771],[72.86589125573231,19.16523958464976],[72.86669350699682,19.166140986198617],[72.86742030009403,19.166525992213092],[72.86551889054114,19.16675728879971],[72.86520678153329,19.1653635034771]]]}},{"type":"Feature","properties":{"layer":"DP_0","label":"DP Zone","confidence":"high","EP_NO":"EP-PN83","SUBURBS":"WESTERN","ZONE_CODE2":"NDZ/SDZ (Slum)"},"geometry":{"type":"Polygon","coordinates":[[[72.79567119504753,19.17465661237881],[72.79593469195247,19.17506677737252],[72.79588307375974,19.174264878655464],[72.79535411614984,19.1738700080866],[72.79502724531658,19.172933860289582],[72.79622983577,19.172615468441865],[72.79656548751903,19.172957319212458],[72.79694708528218,19.172910778287527],[72.79811986550395,19.17585503939772],[72.79791752159292,19.176439125139158],[72.79746524053017,19.17675905769423],[72.79662695062183,19.17678107337468],[72.79651795579782,19.183363802467692],[72.79692459429917,19.187047852919328],[72.79675476214766,19.189942101464606],[72.79640326292277,19.190153520202106],[72.79611083456237,19.1912985181501],[72.7967062094706,19.192715851042873],[72.79732786653582,19.198290435468362],[72.79829378772085,19.199265121038433],[72.79907370148133,19.199352885559776],[72.80013588091118,19.198632537074737],[72.80071063036411,19.197186406785622],[72.80126169965493,19.19712373822524],[72.80134461108395,19.195185753874558],[72.80067354545953,19.195099093148816],[72.79983777188647,19.195413403641286],[72.79906936726591,19.19385930479428],[72.79924672063207,19.193180880087287],[72.80018504573654,19.193248046704532],[72.80069961242573,19.190217315712705],[72.80121217466883,19.18998468435214],[72.80091106141464,19.188209676280877],[72.8005021404001,19.188008680232915],[72.80016051579653,19.186160049680414],[72.80025668037005,19.185680154879826],[72.80045029381765,19.185648015099588],[72.80245826594538,19.18684703406761],[72.80335366195054,19.189133440811645],[72.80337325175348,19.188684027913123],[72.80374120232644,19.188637941072972],[72.80421029872257,19.19095014357878],[72.80470472267156,19.19100823780022],[72.80463205418717,19.19163854408062],[72.80486012760943,19.191976593966416],[72.80471675288773,19.191930090106652],[72.80463806464576,19.19285921812283],[72.80515637680585,19.194189593069737],[72.80549935660771,19.194418311414385],[72.80647071484896,19.19752187819964],[72.806186082968,19.197986254926853],[72.80620787268401,19.19837089828012],[72.80645787938197,19.198478572300957],[72.8064709303858,19.199963634695685],[72.80696982775393,19.20028163862255],[72.8074745914327,19.201150392927044],[72.80755052289058,19.202043244882447],[72.80806382747517,19.202868983883747],[72.8077159399379,19.20292152887786],[72.80789367573404,19.20339122672845],[72.81072607752445,19.202962750906515],[72.81123535765661,19.203470590268275],[72.81160351307123,19.203133091287526],[72.8117458198001,19.203812835232895],[72.81283953147056,19.203021860397776],[72.81337668065356,19.20402235207195],[72.81425214456053,19.20412762582395],[72.8147319535998,19.20461011094697],[72.81626384055826,19.204409334937157],[72.81582259620717,19.2033989919888],[72.81497473185816,19.202747790051564],[72.81441543032595,19.202614889243097],[72.81405487499809,19.202204527557104],[72.8141548755489,19.20174557154833],[72.81375830990913,19.201362341366547],[72.81318073747825,19.201297916789215],[72.81318627365086,19.200731983039216],[72.81389936491375,19.2008928413323],[72.81437017140938,19.20072676821335],[72.8149105226259,19.201201973117644],[72.81486042917632,19.201412547689316],[72.81529780215762,19.201598162155694],[72.81539955473741,19.20120880712483],[72.81636499939944,19.202476419472514],[72.81660964866288,19.19768585675251],[72.81583297498159,19.19721888103827],[72.81531609090086,19.197233963641303],[72.81526031785721,19.195516005953586],[72.8166250995122,19.19555692501507],[72.81618210346684,19.19537268786184],[72.81601819281997,19.19461633092259],[72.81807828765275,19.194091160270755],[72.81828222045156,19.194498040272375],[72.8186150889795,19.19434722145219],[72.81839802907874,19.19341454921601],[72.81924944286389,19.193283250053856],[72.8191024944192,19.191603237178015],[72.81757540592717,19.191879750411562],[72.81686063288801,19.191678224253806],[72.81497967355222,19.192478003477127],[72.81535084341876,19.19310858968518],[72.81422612235649,19.193332633255608],[72.81434210331119,19.194630041914113],[72.81373097357161,19.19510880151985],[72.81340807623405,19.194966795961715],[72.81215075926596,19.18898931506721],[72.81282388993067,19.188856722619015],[72.81301468405604,19.18858944000938],[72.81289999668283,19.18748725817491],[72.81369873558273,19.186845379080207],[72.81387523084666,19.184671358529055],[72.81164855769339,19.18310098776129],[72.81283437633377,19.182651645359023],[72.81315376628672,19.18216483988826],[72.81230331659326,19.181895818749954],[72.8125027534198,19.181502249628647],[72.81177127074395,19.18099754884279],[72.81260954859873,19.18080022785491],[72.81181304503106,19.17967922020563],[72.81248008459097,19.179775288951934],[72.8129911493116,19.17931871273797],[72.812910379547,19.178903571330192],[72.8121303586926,19.178515819069133],[72.81233906062,19.177981490219043],[72.81204891286853,19.17778831565187],[72.81144905777606,19.177875695173096],[72.81135157774987,19.177678094256763],[72.81173325082304,19.17744096022314],[72.81086840181517,19.176940723735626],[72.81150310543484,19.17615699129805],[72.81060724561472,19.173579434270096],[72.80688090358964,19.168265023596117],[72.8039412202642,19.164632413130033],[72.80535281265009,19.164654012611734],[72.80365738454897,19.1645073652155],[72.80388800412703,19.165149064419495],[72.80344542240546,19.16584809361274],[72.80292159176162,19.165859898204154],[72.80298789658146,19.16796678014354],[72.80338360644474,19.169537472789496],[72.8045137730588,19.169170485284],[72.80430306197118,19.17092860715674],[72.80401951432813,19.17150774935098],[72.80260542427504,19.17333336273855],[72.80181482220549,19.173378602568707],[72.80203321030578,19.17278490103004],[72.80042497896967,19.17388087704564],[72.79912876610729,19.175872284811017],[72.79827249240394,19.17590468950235],[72.79824088982515,19.17468507059679],[72.79752597121424,19.173624433260294],[72.79761293274703,19.17311435654625],[72.79714332148106,19.17252379376774],[72.79691412342213,19.170316329544363],[72.79539332107137,19.16927268803072],[72.79566645543129,19.167886593398418],[72.79551843525147,19.16755325126743],[72.79440430811164,19.16734384933721],[72.79478941735283,19.16466785656944],[72.79275756732957,19.163612132041376],[72.79187648842095,19.163625824183914],[72.79121504850049,19.162900734169494],[72.79087431654573,19.16189810598241],[72.78947807699369,19.161806154135796],[72.78854349706346,19.16229013015125],[72.78706532688986,19.161798182671482],[72.7875208751341,19.160841401268712],[72.78780934949806,19.159049642526444],[72.78903232556756,19.157244093821017],[72.78960046656992,19.156848363722098],[72.78977851665809,19.156308974372898],[72.79060571320596,19.155987602774424],[72.79039173077554,19.155739472847085],[72.79087759759415,19.15457643013891],[72.79056409854167,19.1533461384938],[72.79114880443323,19.153341171072096],[72.7913535410205,19.15297361518429],[72.79210052245934,19.150493082568683],[72.79566347922454,19.15140583694312],[72.79622126501631,19.15193674972866],[72.79701069147539,19.15184425624333],[72.79830348769661,19.152169262104863],[72.7993931661543,19.15072190172611],[72.7982616874827,19.15036366240381],[72.7982647210946,19.14934328747656],[72.79860698144914,19.148940149568993],[72.79831913645229,19.14843198022858],[72.79907574827101,19.147938702388345],[72.79839992270718,19.147909869864765],[72.7979260903647,19.14725678673845],[72.79856758245835,19.146610113667933],[72.79920285173856,19.146505475300962],[72.79930317178153,19.146143173133847],[72.79882388082572,19.145884336168333],[72.79884828669158,19.145136900768346],[72.79853105985147,19.14489309103642],[72.7974446731802,19.14474504568199],[72.79806875933605,19.142832116895264],[72.796187904296,19.142014044681925],[72.79555652457674,19.142134463956527],[72.79352822792487,19.143864461780783],[72.79149804922672,19.144862179180958],[72.79029654755458,19.144990740715553],[72.78930940118579,19.144688960332882],[72.78955747983949,19.147453973565394],[72.78925313615258,19.15006772382705],[72.78957408395543,19.15015905626821],[72.78793259398343,19.15322661813641],[72.78903156360893,19.15393052485461],[72.7883115386102,19.155023879883462],[72.78645536188306,19.15410177178434],[72.78689554782875,19.153792620110607],[72.78653976515663,19.153371402127693],[72.7843439676524,19.155101186501096],[72.78414997868398,19.157534014160504],[72.78612717890586,19.1582378100488],[72.78611764999832,19.158723434290525],[72.78396906924701,19.159080347958096],[72.78385639024997,19.15944057193086],[72.78429707535325,19.159806251302243],[72.78453263050945,19.160624406184088],[72.78404436678336,19.16233962678676],[72.78322316769668,19.16319417817433],[72.78135742513437,19.164150321167718],[72.78107398978814,19.16479380860786],[72.78185132389677,19.1671292720004],[72.78400591015541,19.166983403072898],[72.78488409495105,19.166321095609597],[72.78612693712212,19.166543540875878],[72.78735910621319,19.16769054990001],[72.7886426045421,19.169841142678575],[72.790516382889,19.17101040922808],[72.79314689991435,19.171509860386315],[72.7949660801512,19.17112591269645],[72.79474802943689,19.172416722849118],[72.79567119504753,19.17465661237881]],[[72.80859979849632,19.195983055264232],[72.80910328474485,19.19633627227476],[72.80958187792196,19.19630974978162],[72.80954245498216,19.197697177476115],[72.81036675653358,19.19900431293084],[72.81041901758093,19.20034971050095],[72.807417677039,19.20031003419807],[72.80744945305632,19.19791944977634],[72.80693107272134,19.19675858124649],[72.80693721628825,19.195971519409298],[72.80838225606732,19.19545832052711],[72.80859979849632,19.195983055264232]],[[72.7995319798272,19.195394347751144],[72.80039532147617,19.19677633703239],[72.80042968229192,19.197251005156463],[72.79899931923356,19.19715581080504],[72.79857649430045,19.19546030636735],[72.79932461298084,19.194969870860596],[72.7995319798272,19.195394347751144]],[[72.80469722281444,19.179335609433366],[72.8053434484222,19.180072258682447],[72.80440469936974,19.18042079728609],[72.80419079215031,19.179967223219037],[72.80354221691252,19.179899781008277],[72.80355156598276,19.179275790375904],[72.8027702506261,19.17907957662553],[72.8041847931032,19.178751469237486],[72.80469722281444,19.179335609433366]],[[72.78451051660335,19.1642801302118],[72.78449533937898,19.16337402936138],[72.78376680899075,19.163067652430968],[72.78464158547995,19.161477734992477],[72.78456440488486,19.16233026982909],[72.78518500509063,19.162529585266363],[72.7853259115883,19.16302004967268],[72.78625337771516,19.163074143960387],[72.78706524257457,19.16461922392119],[72.78458070234777,19.164636487987035],[72.78451051660335,19.1642801302118]],[[72.79533150496083,19.14968994991915],[72.79512117662047,19.149290241341184],[72.79466661137006,19.149215812494543],[72.79440585651602,19.148583750299718],[72.79395367764228,19.14853874510244],[72.79339656453375,19.147406607325404],[72.79440388905107,19.146093719053813],[72.79479948191279,19.146155809912567],[72.79462345239234,19.146436767812105],[72.79491686281727,19.14683170043471],[72.79528819026712,19.146731399208612],[72.79530835951418,19.14646646315695],[72.79642203247384,19.146311070725396],[72.79652939895874,19.147723864272628],[72.79727275363443,19.14820867960378],[72.79770708242462,19.148967157914072],[72.79722921301824,19.149168991845517],[72.79716186154826,19.1498652688298],[72.79757466446326,19.150098115239217],[72.79747374914244,19.151018134869332],[72.79684407333295,19.151267598268497],[72.79636177864272,19.150878828925542],[72.79645665471482,19.15002626142071],[72.79533150496083,19.14968994991915]]]}},{"type":"Feature","properties":{"layer":"DP_0","label":"DP Zone","confidence":"high","SUBURBS":"CITY","ZONE_CODE2":"R"},"geometry":{"type":"Polygon","coordinates":[[[72.82052100333802,18.90840110064879],[72.81945512527936,18.907309917005442],[72.81912117244838,18.907554515667368],[72.81859152597566,18.907087860862827],[72.81766556772463,18.907809267119756],[72.81691809486483,18.907154311389355],[72.81572287769595,18.908087281199364],[72.81878764578852,18.911156799586102],[72.82557730121005,18.9191282049506],[72.82638931644884,18.921889917390015],[72.82676956030221,18.926405467643598],[72.82756258335685,18.926632028642874],[72.82766439817105,18.929523256933123],[72.82743846412326,18.929717385959364],[72.82735741128425,18.93171548950372],[72.82820861943861,18.931772844700543],[72.82817341431131,18.932938836395394],[72.8287318889703,18.93284949935768],[72.82874662728292,18.934976018380297],[72.82929752252366,18.93500049988543],[72.82916734092228,18.93851579646248],[72.82856641623844,18.940364173180534],[72.82814801632021,18.94023823613506],[72.82779024279353,18.940456248367187],[72.82678674275783,18.940180199793417],[72.82766273079156,18.934515484796222],[72.82713069276045,18.93442130903719],[72.82722586940514,18.934095404868696],[72.82687392867803,18.93414667280282],[72.82680004981295,18.93368133201587],[72.82436355500353,18.934021402586637],[72.82405671953134,18.93320847565014],[72.82490500873656,18.933213530074347],[72.82589205043921,18.932650559951995],[72.82701140246655,18.932557213653762],[72.82467731637867,18.92977714401263],[72.82371119825933,18.930285273646298],[72.82350750372565,18.929919875566696],[72.82312153288218,18.929972548053613],[72.82269822587928,18.92926862719434],[72.82163369529958,18.929748644680878],[72.82290852672173,18.93224980516106],[72.8238373205189,18.935604469696596],[72.82398481239008,18.938372027066553],[72.823555315314,18.941465076391374],[72.82559896981313,18.941998013482618],[72.8270886076164,18.942789307781236],[72.82871141777599,18.94323280155867],[72.83079913792592,18.945307213474134],[72.83123039869855,18.944962221055388],[72.83223071697697,18.945722120570107],[72.83183948077333,18.946125041472676],[72.83360726842528,18.94742632038617],[72.83386642673888,18.94640927502474],[72.83640477387037,18.94636789290569],[72.83515831387224,18.944808226628243],[72.83479602862315,18.944839034872015],[72.8345356650625,18.944468955162975],[72.83464096427817,18.942159115082752],[72.83387700299521,18.94203129120517],[72.8331211264188,18.941032190159717],[72.83473179984136,18.939842228077847],[72.83217202981112,18.938268740212898],[72.83087435737268,18.935273957456232],[72.83055200593807,18.935281237368546],[72.82962930356086,18.930409895643695],[72.82968217805418,18.92538635277946],[72.83110353817786,18.925062893609226],[72.83119549674085,18.925468900679498],[72.83144134114589,18.925421291017425],[72.83285520548466,18.923516741772364],[72.8335764377466,18.923970269817385],[72.83439159416115,18.922979038885185],[72.8348252533693,18.922943765044952],[72.83466312599941,18.922267675930655],[72.83489542696893,18.92199737866959],[72.83448413537704,18.92163800180889],[72.8342233361864,18.921927675003094],[72.83358996963719,18.92166870696695],[72.83213855720157,18.918493242981974],[72.83283519169136,18.91818856072943],[72.8327477817723,18.918061356170103],[72.83207730493751,18.918129110877953],[72.83187110656769,18.91739197262302],[72.83140592353557,18.91733772584807],[72.82994860490675,18.916115196874667],[72.8304699042904,18.915420274584385],[72.831237322216,18.915091940923297],[72.82942118019429,18.91290557589752],[72.82698059439893,18.91123885171269],[72.82539775362348,18.912480044215123],[72.8255812314411,18.912963153751427],[72.82460291526148,18.914713713990906],[72.8231548260506,18.913444907071305],[72.8261062388857,18.910259735813387],[72.82534053358135,18.909671752263513],[72.82494059852947,18.909992822622186],[72.82365299832962,18.908908577432314],[72.82229684816691,18.910251768201974],[72.82258758411685,18.910770533913606],[72.82229713820335,18.910944415149977],[72.82101988268968,18.909720328556165],[72.82072925728977,18.910028805373827],[72.82019321770366,18.909582474822038],[72.82008417639412,18.90904426961036],[72.82052100333802,18.90840110064879]]]}},{"type":"Feature","properties":{"layer":"DP_0","label":"DP Zone","confidence":"high","SUBURBS":"CITY","ZONE_CODE2":"I"},"geometry":{"type":"Polygon","coordinates":[[[72.84029350556878,18.948805112273046],[72.8405490644254,18.948861516308416],[72.83990361253903,18.94623791280433],[72.84006588542532,18.946203006323326],[72.84053403322613,18.946820259318727],[72.84083449484278,18.948915203832236],[72.84230550012036,18.948935515475096],[72.84680759461246,18.948028844577372],[72.84365916531348,18.935521061346073],[72.84294726696966,18.935574612869896],[72.84424254660836,18.92900510608855],[72.8429913362447,18.92893569059916],[72.84227085115218,18.933083731843173],[72.84126016058543,18.933374234601644],[72.84009393363424,18.93287153954774],[72.84031228914915,18.931062949156008],[72.83752810949234,18.928976887949283],[72.83694133610173,18.929391331016955],[72.83716202596864,18.928689777564745],[72.8363286012176,18.92818397067306],[72.83686484096144,18.92730200503272],[72.83793743915395,18.927718919078135],[72.8383970698398,18.926782916188028],[72.84030703199406,18.927677740761013],[72.83795587215069,18.926496256851998],[72.83882456184531,18.92429225344664],[72.84028724597754,18.921546915089777],[72.84019357010395,18.9213817250248],[72.84042520642359,18.92124766803881],[72.84432060214401,18.925258743920004],[72.84444417839958,18.926080686095098],[72.84477148655684,18.92595685487148],[72.84463646059655,18.925280646645156],[72.840317527841,18.92068117830589],[72.83951834501677,18.920252506008666],[72.8389149186879,18.920245480244542],[72.83809842488581,18.920418305520883],[72.83750852357136,18.92084903562358],[72.83487095354606,18.923599962392096],[72.83535030374809,18.92403868057978],[72.83354340895524,18.925886596238623],[72.83393282240047,18.92774670745092],[72.83474182956188,18.929714377818364],[72.8351374592434,18.929594552545172],[72.83602163926804,18.930109498671754],[72.83642321587645,18.929848549134473],[72.83664611286937,18.930104884492714],[72.83621482706782,18.931057871374936],[72.83645993323402,18.931390939989633],[72.83662458771306,18.932943150887613],[72.8372512575253,18.934314146677362],[72.8420620222337,18.93340421795875],[72.84220830778547,18.93365664130497],[72.84226307640292,18.934417549870744],[72.84179527578584,18.935463898032683],[72.83981256061732,18.937910678665915],[72.83836978802914,18.938556722427762],[72.83880947827521,18.940417821311556],[72.83853360692456,18.94075651059782],[72.83922782212119,18.943509078318602],[72.83842854214232,18.94398238890263],[72.83738177830962,18.943465565820414],[72.83480666234172,18.94321002962819],[72.83477366446189,18.943427116933506],[72.83495240595518,18.9444592586193],[72.83741461505417,18.947499959023315],[72.83794774627604,18.949044512143526],[72.84029350556878,18.948805112273046]]]}},{"type":"Feature","properties":{"layer":"DP_0","label":"DP Zone","confidence":"high","SUBURBS":"CITY","ZONE_CODE2":"C"},"geometry":{"type":"Polygon","coordinates":[[[72.8308719678869,18.945371105971052],[72.83183948077333,18.946125041472676],[72.83223071697697,18.945722120570107],[72.83131036819245,18.944952568675625],[72.8308719678869,18.945371105971052]]]}},{"type":"Feature","properties":{"layer":"DP_0","label":"DP Zone","confidence":"high","SUBURBS":"CITY","ZONE_CODE2":"C"},"geometry":{"type":"Polygon","coordinates":[[[72.84076612314557,18.94773915095931],[72.84049167475447,18.94664568883598],[72.83999222924832,18.94621641615776],[72.84059164029664,18.948871399065588],[72.8408305007246,18.948914573722625],[72.84076612314557,18.94773915095931]]]}},{"type":"Feature","properties":{"layer":"DP_0","label":"DP Zone","confidence":"high","SUBURBS":"CITY","ZONE_CODE2":"C"},"geometry":{"type":"Polygon","coordinates":[[[72.83754164442873,18.94771463813121],[72.83640477387037,18.94636789290569],[72.83401544519499,18.946418038366957],[72.83366301423632,18.9474703029831],[72.83487863663233,18.948420702228997],[72.83794774627604,18.949044512143526],[72.83754164442873,18.94771463813121]]]}},{"type":"Feature","properties":{"layer":"DP_0","label":"DP Zone","confidence":"high","SUBURBS":"CITY","ZONE_CODE2":"R"},"geometry":{"type":"Polygon","coordinates":[[[72.83197690058167,18.961744600237058],[72.83174566243174,18.95944082102802],[72.83202502426555,18.957903828048693],[72.83211590403744,18.954658563884497],[72.83181426009189,18.95413637077293],[72.82988533159364,18.952645500924774],[72.82944703621632,18.951434671604602],[72.8288145789137,18.95065465785048],[72.82899623027996,18.94876025618401],[72.83003079815283,18.948352860177582],[72.83159818534587,18.948348912870284],[72.82955761905944,18.946509212029902],[72.82783645368959,18.94552116311933],[72.82900724020284,18.94349086407581],[72.82889760140995,18.943359014025297],[72.82692577300303,18.94274002516592],[72.82528562092557,18.941912893383506],[72.82364173584611,18.941486502698044],[72.82172164443006,18.945730445545323],[72.8189303646897,18.94946049202151],[72.82026072310809,18.950650828206673],[72.82530731898194,18.95310570162594],[72.82510378527553,18.954500913825292],[72.82550831147314,18.955150147179367],[72.82504219009655,18.955647761049313],[72.82616024505162,18.958226524900233],[72.82624417115424,18.961555133607323],[72.83197690058167,18.961744600237058]]]}},{"type":"Feature","properties":{"layer":"DP_0","label":"DP Zone","confidence":"high","SUBURBS":"CITY","ZONE_CODE2":"C"},"geometry":{"type":"Polygon","coordinates":[[[72.83338715233123,18.94867704292076],[72.83366301423632,18.9474703029831],[72.83089175629449,18.94538846331836],[72.82900947310607,18.94349349883498],[72.82777189589913,18.94548799253828],[72.82955548970521,18.94650768060636],[72.83151422754158,18.948271701028016],[72.83108423451799,18.948494591249343],[72.82994542029962,18.948372603182786],[72.82886599359784,18.94884420604192],[72.82882605483586,18.950704341412663],[72.82944703621632,18.951434671604602],[72.82984143547769,18.952589443861672],[72.83171236817823,18.954051735310813],[72.83338715233123,18.94867704292076]]]}},{"type":"Feature","properties":{"layer":"DP_0","label":"DP Zone","confidence":"high","SUBURBS":"CITY","ZONE_CODE2":"R"},"geometry":{"type":"Polygon","coordinates":[[[72.83913737569468,18.962561732509876],[72.83927908902197,18.960306838198424],[72.83810133758278,18.955945630176124],[72.83673230144866,18.955926452082366],[72.83686468370462,18.95519500808563],[72.83623480905594,18.955138431720265],[72.8362843877215,18.95470000579469],[72.83558969440168,18.95458361141908],[72.83540895445682,18.954871576949493],[72.83453005320358,18.95493090388534],[72.83491622924122,18.953410201655526],[72.83391864735636,18.953160658936536],[72.83294487859074,18.95452384742279],[72.83205786532902,18.954529349482094],[72.83204613968198,18.957629276887097],[72.83174566243174,18.95944082102802],[72.83197690058167,18.961744600237058],[72.83299167464168,18.962074300631027],[72.83435254798721,18.96212801554386],[72.83535210021805,18.962533633878525],[72.83740395314781,18.962608907877144],[72.83825869957496,18.96443007215423],[72.83913737569468,18.962561732509876]],[[72.83300327048802,18.96043427126895],[72.83277921394775,18.96001280882091],[72.83326681322512,18.959672616721136],[72.83335283705222,18.960570907938294],[72.83300327048802,18.96043427126895]]]}},{"type":"Feature","properties":{"layer":"DP_0","label":"DP Zone","confidence":"high","SUBURBS":"CITY","ZONE_CODE2":"I"},"geometry":{"type":"Polygon","coordinates":[[[72.84456460598452,18.963423401987953],[72.84486135608998,18.96358434989123],[72.84530055256451,18.963277614682646],[72.84662396702002,18.963655367724552],[72.84746976635647,18.963478689069873],[72.84767160253776,18.96375085085266],[72.8493755678221,18.96339541192172],[72.84799996725808,18.957959028468395],[72.84960558143239,18.957378525036965],[72.85058074449644,18.9579098805432],[72.85078237883125,18.95880245865087],[72.85106082209877,18.95876161837506],[72.85082383066698,18.957736415311814],[72.84980619349277,18.95726626842568],[72.84951838252753,18.955870276104573],[72.84910496233607,18.95596243401118],[72.84943518554351,18.95730162668799],[72.84795472468367,18.9577720144237],[72.84719656109795,18.95470934287261],[72.84675302605912,18.954265436998657],[72.84713217053903,18.95414265694055],[72.84667377253176,18.953951259588596],[72.84687832812803,18.953430340099683],[72.84632850058406,18.95200591524963],[72.84668495248528,18.951970898935127],[72.84618545261107,18.950569723370524],[72.84650478708268,18.95043974179962],[72.84680759461246,18.948028844577372],[72.84137756595831,18.948995152854074],[72.8415403682462,18.951115940126225],[72.84371285213977,18.960048560485657],[72.84324762874355,18.960121302515635],[72.84257160506634,18.95728783553635],[72.84103624531978,18.9576841278989],[72.84087128632056,18.958840672971156],[72.84049026101793,18.958988670088367],[72.8400435339574,18.958074628327186],[72.83883254667165,18.958204742847453],[72.8393312394401,18.961558800630527],[72.83891190932289,18.963232779918595],[72.83827364231367,18.964425553354438],[72.838816138341,18.96510781285751],[72.83944136192677,18.96446982056319],[72.84456460598452,18.963423401987953]]]}},{"type":"Feature","properties":{"layer":"DP_0","label":"DP Zone","confidence":"high","SUBURBS":"CITY","ZONE_CODE2":"R"},"geometry":{"type":"Polygon","coordinates":[[[72.82325831519746,18.979359781389476],[72.81874571061547,18.96905536414689],[72.82258091353297,18.96862268637477],[72.82516527568517,18.96795954250011],[72.8249112912286,18.966281829547366],[72.82038452792982,18.964675744931277],[72.82083678562658,18.964061561307513],[72.82368376222551,18.963811986006373],[72.82412944402249,18.964944261627682],[72.82474088171585,18.964558581962677],[72.824488974943,18.961759977144208],[72.82624706827012,18.961688000265053],[72.82616024505162,18.958226524900233],[72.82503173493615,18.955658853148183],[72.82561203658906,18.9550389525228],[72.8250968768277,18.954458233456695],[72.82541542339725,18.953140811855718],[72.82036643918832,18.950684973688432],[72.81895005263256,18.949474382921352],[72.81770527530054,18.950837317147414],[72.81552132790226,18.952181323495097],[72.81192752469701,18.95392236701544],[72.80913481558817,18.954937757070113],[72.80808268668305,18.954962040189166],[72.8077194981976,18.95472555831229],[72.80854604760445,18.95710197857658],[72.80991311475927,18.95916046729048],[72.80790577666122,18.96322802927798],[72.80751842623093,18.965020361935146],[72.80752206824278,18.966402076044087],[72.8096301374763,18.970497710321453],[72.80903718636468,18.97593648154873],[72.80912064027595,18.976596430744266],[72.80981375535924,18.977470685558572],[72.81127117600123,18.978008060944582],[72.81123706414746,18.97818815877745],[72.8116031706798,18.978053665732308],[72.82373619127794,18.980489166704654],[72.82325831519746,18.979359781389476]],[[72.81353442812059,18.97411642032837],[72.81312942415694,18.972952172787917],[72.8136574355936,18.972099689814623],[72.81475766130133,18.97236508793954],[72.81471778648604,18.972880092662677],[72.81353442812059,18.97411642032837]],[[72.81395444792967,18.972110455459998],[72.8140526845654,18.969797985513203],[72.81490072768902,18.969736278721157],[72.81499790235505,18.971077717971568],[72.81458488840732,18.971078503397816],[72.81501404447657,18.971394025908182],[72.81476524492595,18.972296530484343],[72.81395444792967,18.972110455459998]],[[72.82500295253809,18.96098132442088],[72.82616320833749,18.960686828392014],[72.82620027740987,18.96140831101661],[72.82504198082412,18.961597901914185],[72.82500295253809,18.96098132442088]],[[72.81526711941815,18.955055063027746],[72.81617530965984,18.953791345925328],[72.81741470413952,18.952936766509733],[72.81856767888034,18.955163897329026],[72.81571038432357,18.956652166279866],[72.81492781616525,18.956415565302947],[72.81526711941815,18.955055063027746]]]}},{"type":"Feature","properties":{"layer":"DP_0","label":"DP Zone","confidence":"high","SUBURBS":"CITY","ZONE_CODE2":"NA"},"geometry":{"type":"Polygon","coordinates":[[[72.81648850419262,19.016270052385323],[72.81671816588056,19.015891330233277],[72.81629851152151,19.01563777644753],[72.81658664718337,19.014372081505453],[72.81582016669174,19.016262433962822],[72.81533235809181,19.024015223511253],[72.81403359132953,19.026677569327536],[72.8143949136408,19.026850621968574],[72.81505076324673,19.026588011614233],[72.81640547712581,19.02536012553714],[72.81737187436865,19.023985367644],[72.8188853147856,19.022876242037754],[72.81924876389616,19.023068406582844],[72.8185785639652,19.02210159932455],[72.81708585305375,19.02420483856662],[72.81608329887179,19.024957612964062],[72.81576826736153,19.025525694803775],[72.81543304711273,19.025445399170785],[72.81609739247567,19.023029888245965],[72.81613103914657,19.01733362813352],[72.81648850419262,19.016270052385323]]]}},{"type":"Feature","properties":{"layer":"DP_0","label":"DP Zone","confidence":"high","SUBURBS":"CITY","ZONE_CODE2":"NA"},"geometry":{"type":"Polygon","coordinates":[[[72.83817570499015,19.048048005585006],[72.83694975711057,19.047861755205993],[72.83630390500583,19.046971845863105],[72.83679375483715,19.04546889476076],[72.83816981184167,19.04288144748116],[72.83776351664854,19.042141530919412],[72.83833139143664,19.037445771690997],[72.83807480282881,19.03502857547274],[72.8362543543068,19.02931936728481],[72.834300174288,19.026356113057414],[72.83573567623696,19.029026070883067],[72.83746165168469,19.033514767496307],[72.83802374239514,19.037277081298676],[72.83792361875409,19.038723318963186],[72.83741939937622,19.041533917919637],[72.83727023628305,19.044055315279],[72.83642624130306,19.046196626665207],[72.83624691555505,19.047436454336104],[72.83654401215367,19.047905662466015],[72.8370083593616,19.04806634797394],[72.83762650360762,19.04801178668156],[72.83811132084139,19.04825248510149],[72.83817570499015,19.048048005585006]]]}},{"type":"Feature","properties":{"layer":"DP_0","label":"DP Zone","confidence":"high","SUBURBS":"CITY","ZONE_CODE2":"R"},"geometry":{"type":"Polygon","coordinates":[[[72.85352112693022,18.980485801877055],[72.85393123172243,18.980392608912577],[72.85400542469723,18.980710507046112],[72.85485925775474,18.980530749419188],[72.85472388932257,18.979940403373778],[72.8531308749201,18.980226570535716],[72.85324310152068,18.980821172408344],[72.8535953162399,18.98079918344118],[72.85352112693022,18.980485801877055]]]}},{"type":"Feature","properties":{"layer":"DP_0","label":"DP Zone","confidence":"high","SUBURBS":"CITY","ZONE_CODE2":"R"},"geometry":{"type":"Polygon","coordinates":[[[72.85495904004823,18.980939631992044],[72.85463661024957,18.98101174043708],[72.85469703476556,18.981277484707643],[72.85503878333745,18.981278491926627],[72.85495904004823,18.980939631992044]]]}},{"type":"Feature","properties":{"layer":"DP_0","label":"DP Zone","confidence":"high","SUBURBS":"CITY","ZONE_CODE2":"R"},"geometry":{"type":"Polygon","coordinates":[[[72.86057361810103,19.00036695312313],[72.86038875519604,18.99957485159387],[72.8597264821093,18.998861780373797],[72.85926369070577,18.99993479780537],[72.85965714408569,19.000689709674702],[72.85992105270351,19.000565860501343],[72.86023838352766,19.000971264930865],[72.86057361810103,19.00036695312313]]]}},{"type":"Feature","properties":{"layer":"DP_0","label":"DP Zone","confidence":"high","SUBURBS":"CITY","ZONE_CODE2":"R"},"geometry":{"type":"Polygon","coordinates":[[[72.85557197343034,18.999993201781386],[72.85618858487342,19.000832929765096],[72.85756125979135,19.001408867987173],[72.85781001489724,19.00003203967606],[72.85666377916723,18.999587339479184],[72.85557197343034,18.999993201781386]]]}},{"type":"Feature","properties":{"layer":"DP_0","label":"DP Zone","confidence":"high","SUBURBS":"CITY","ZONE_CODE2":"C"},"geometry":{"type":"Polygon","coordinates":[[[72.81498932817945,18.991198924926692],[72.8152036889629,18.990593268903474],[72.81399420090358,18.990592213699703],[72.81376907675242,18.987158570893637],[72.81311935762196,18.987583319185557],[72.81331464127432,18.990276834834614],[72.81257046332006,18.99039927170807],[72.812900344044,18.99106575231707],[72.812821309282,18.991837144655268],[72.81375445134991,18.99215771987332],[72.81466695206838,18.991983016463816],[72.81498932817945,18.991198924926692]]]}},{"type":"Feature","properties":{"layer":"DP_0","label":"DP Zone","confidence":"high","SUBURBS":"CITY","ZONE_CODE2":"I"},"geometry":{"type":"Polygon","coordinates":[[[72.82835887681273,19.017691610668376],[72.82896826920626,19.016938603373134],[72.82945908713837,19.017304476445847],[72.82983390547133,19.016893559458033],[72.8287257817554,19.01630800272825],[72.82805682257624,19.017341031012503],[72.82835887681273,19.017691610668376]]]}},{"type":"Feature","properties":{"layer":"DP_0","label":"DP Zone","confidence":"high","EP_NO":"EP-GS25","SUBURBS":"CITY","ZONE_CODE2":"R"},"geometry":{"type":"Polygon","coordinates":[[[72.82882572434059,19.01785518565201],[72.82864621971567,19.01776702716588],[72.82817137986376,19.01851530450962],[72.82925890920083,19.019658898663316],[72.83025297412398,19.018729916580938],[72.82882572434059,19.01785518565201]]]}},{"type":"Feature","properties":{"layer":"DP_0","label":"DP Zone","confidence":"high","SUBURBS":"CITY","ZONE_CODE2":"I"},"geometry":{"type":"Polygon","coordinates":[[[72.84642967946965,19.03728496837657],[72.8466898051837,19.036773526074114],[72.84536641481836,19.036636099402095],[72.8455133028516,19.036297176676875],[72.84466666359668,19.036328174469844],[72.84462216467507,19.036607704644325],[72.8449771129298,19.036761622843994],[72.84466482082024,19.03684618589296],[72.84485231394305,19.037198268041692],[72.84622314539023,19.03708145571996],[72.84625242858962,19.037537323411005],[72.84649906284636,19.037515718581837],[72.84642967946965,19.03728496837657]]]}},{"type":"Feature","properties":{"layer":"DP_0","label":"DP Zone","confidence":"high","SUBURBS":"CITY","ZONE_CODE2":"I"},"geometry":{"type":"Polygon","coordinates":[[[72.865911205327,19.040241362964274],[72.8654060183243,19.03966797691039],[72.86494498191432,19.040038742367475],[72.86570877052041,19.040878236088105],[72.86615538891311,19.04053100215214],[72.865911205327,19.040241362964274]]]}},{"type":"Feature","properties":{"layer":"DP_0","label":"DP Zone","confidence":"high","SUBURBS":"CITY","ZONE_CODE2":"I"},"geometry":{"type":"Polygon","coordinates":[[[72.86862298583091,19.044086490689015],[72.86770277905175,19.04432088209812],[72.86871707609635,19.046653476568824],[72.86895178482996,19.046588669395216],[72.86887188873135,19.04607627637569],[72.86909487020596,19.04570315087628],[72.86862298583091,19.044086490689015]]]}},{"type":"Feature","properties":{"layer":"DP_0","label":"DP Zone","confidence":"high","SUBURBS":"WESTERN","ZONE_CODE2":"C"},"geometry":{"type":"Polygon","coordinates":[[[72.86433553869732,19.214250349174932],[72.86315478404062,19.214455166142336],[72.86302951170588,19.215403179664193],[72.86422073265348,19.215506977318952],[72.86433553869732,19.214250349174932]]]}},{"type":"Feature","properties":{"layer":"DP_0","label":"DP Zone","confidence":"high","SUBURBS":"WESTERN","ZONE_CODE2":"R"},"geometry":{"type":"Polygon","coordinates":[[[72.84361250337616,19.09053542449395],[72.84329949022673,19.089273755575302],[72.84343429064964,19.088127456154524],[72.84330498902649,19.08956787411716],[72.84361250337616,19.09053542449395]]]}},{"type":"Feature","properties":{"layer":"DP_0","label":"DP Zone","confidence":"high","SUBURBS":"WESTERN","ZONE_CODE2":"NDZ"},"geometry":{"type":"Polygon","coordinates":[[[72.86654646394307,19.1398533272205],[72.8661840932004,19.13980615773689],[72.86625655011774,19.140199329610006],[72.86661457677896,19.14006233389431],[72.86654646394307,19.1398533272205]]]}},{"type":"Feature","properties":{"layer":"DP_0","label":"DP Zone","confidence":"high","SUBURBS":"WESTERN","ZONE_CODE2":"NA"},"geometry":{"type":"Polygon","coordinates":[[[72.89358256683465,19.24944467802286],[72.87766306576276,19.238976050884915],[72.87371889087365,19.23847252446989],[72.87526913804693,19.245060649297244],[72.87438415764204,19.24859300077128],[72.87547295398942,19.249624120959663],[72.87706563224134,19.250093057127405],[72.87737290176452,19.25137185048003],[72.87877701611971,19.250498685566445],[72.87960171517325,19.25052549742354],[72.87988209048427,19.250891130901273],[72.87941479994244,19.2524495227213],[72.8799083333636,19.253005747252235],[72.87961013508813,19.25443827009497],[72.88008857968538,19.255320050311532],[72.8800359304429,19.255916564536683],[72.88179536892724,19.25422781749014],[72.88484712873975,19.253278694025678],[72.88866899063366,19.249868419168518],[72.89358256683465,19.24944467802286]]]}},{"type":"Feature","properties":{"layer":"DP_0","label":"DP Zone","confidence":"high","EP_NO":"EP-RC109","SUBURBS":"WESTERN","ZONE_CODE2":"NA"},"geometry":{"type":"Polygon","coordinates":[[[72.88298894132551,19.217004441405138],[72.88306986916096,19.215700061785235],[72.88189941592297,19.215695287186314],[72.88186268313888,19.21640405366371],[72.88113422423233,19.216430651296616],[72.88205678776517,19.217322760720194],[72.88298894132551,19.217004441405138]]]}},{"type":"Feature","properties":{"layer":"DP_0","label":"DP Zone","confidence":"high","EP_NO":"EP-RC109","SUBURBS":"WESTERN","ZONE_CODE2":"NA"},"geometry":{"type":"Polygon","coordinates":[[[72.87817210455773,19.21411477683591],[72.87761831942238,19.214666274941628],[72.87771161565244,19.214803090370918],[72.88111288656698,19.216804539969672],[72.88102806132254,19.218290864707217],[72.88064432766542,19.21871006238247],[72.8805827691899,19.21924553763327],[72.88316257737348,19.21925584959911],[72.88323724548468,19.21702407226232],[72.88205678776517,19.217322760720194],[72.88042784393939,19.21621122578042],[72.88055842159177,19.21603632823958],[72.87817210455773,19.21411477683591]]]}},{"type":"Feature","properties":{"layer":"DP_0","label":"DP Zone","confidence":"high","SUBURBS":"WESTERN","ZONE_CODE2":"R"},"geometry":{"type":"Polygon","coordinates":[[[72.85432769961022,19.237789335724667],[72.8574234951778,19.237231151776925],[72.85831814260531,19.23736771235996],[72.85868957995905,19.23767133940376],[72.85921388378016,19.239275961095377],[72.85979337915022,19.239406208755025],[72.86101337577325,19.238891990607904],[72.86279553678212,19.237522632096297],[72.86287830708987,19.23673003059034],[72.8619553313289,19.235094858202483],[72.8619190681645,19.234587687811725],[72.8622098762333,19.234006290363894],[72.86402502269401,19.233072377010927],[72.86379866343276,19.23264923229642],[72.86378871790573,19.231048006716932],[72.86498028586877,19.23055450015065],[72.86618936194658,19.22961254586974],[72.8671901063703,19.229379526349295],[72.86731825858567,19.22799379125973],[72.86833709763644,19.226129239109508],[72.86969466062776,19.224736630455695],[72.86989797883408,19.223713103481636],[72.87070404273364,19.22284283337379],[72.87109383068935,19.22279771169658],[72.87309459189004,19.22046709163822],[72.87225066036486,19.220241027092893],[72.87211450693972,19.220503311371946],[72.87148113393746,19.21982838935023],[72.87196962553655,19.218647824277483],[72.87156446219556,19.21738404814011],[72.87205174757584,19.21601559991997],[72.87101566637234,19.21554361709469],[72.87207058070712,19.215131122711828],[72.87280348889993,19.215224561476276],[72.87353753497382,19.215665278220836],[72.87614389647521,19.21632951438452],[72.87653837340982,19.216206513636603],[72.87754792791961,19.214478883984423],[72.86894325944023,19.214534630751363],[72.86347971091554,19.21307026750408],[72.85929061559395,19.212978671460608],[72.8594453528199,19.213514302279513],[72.86012852875646,19.213593543413907],[72.86105554435979,19.214271126153832],[72.86115341221421,19.2148716807153],[72.8609952799666,19.214945199732853],[72.86120886547673,19.215262682640983],[72.86298946380724,19.21552828408983],[72.8631026836881,19.21590053074165],[72.8671686473766,19.216292589919444],[72.8642778462719,19.224610396416203],[72.86217730985246,19.224551028025058],[72.86181015945039,19.224382488585285],[72.86173673661376,19.223487864670123],[72.86093319819439,19.221240568700306],[72.86016212195105,19.22118872615215],[72.86003028212559,19.218084808950046],[72.85777230614815,19.217589594920497],[72.85702720664952,19.218305143196094],[72.85786808625856,19.217621423915862],[72.85832253730857,19.21784058466261],[72.85805428631116,19.2176751969291],[72.85740029909248,19.218490788487607],[72.85758348365025,19.219138978472753],[72.85732155813976,19.2191509714538],[72.85774508404752,19.219861500826205],[72.85743791947485,19.220082072123727],[72.8565867889347,19.220074104983915],[72.85651693864153,19.220637277434353],[72.85538852730491,19.220420916572827],[72.85415170243142,19.213880837064437],[72.85286675880378,19.213883498479557],[72.85148722154153,19.213538940738886],[72.8508531436865,19.214359835648185],[72.84796208609643,19.214191586221514],[72.84803389109767,19.212391411596396],[72.84626975035735,19.212150907965505],[72.84478798793164,19.212320209184778],[72.84114999034162,19.213404526949454],[72.83825720360149,19.215100802391177],[72.83488762412203,19.215364666069576],[72.83488642247595,19.216832367756346],[72.83454126467917,19.21703584222184],[72.83466925648712,19.222268593098068],[72.83365419850918,19.22360083220942],[72.83093384619035,19.223576056586626],[72.82916575485676,19.222750163027456],[72.82851554361888,19.22304794390745],[72.82771320911746,19.223835424898454],[72.8276780594269,19.223641480990292],[72.82752366494947,19.22376395939845],[72.82770233175896,19.224778849024887],[72.82665003243851,19.225353576978303],[72.8265696541678,19.225202913470657],[72.82403135964516,19.226191453580725],[72.82092350249779,19.225805502605603],[72.8187813624412,19.22658707728088],[72.8232631913027,19.231170314312852],[72.82461280891653,19.23291428431629],[72.82367294740011,19.233442317095815],[72.8271572060512,19.232758216488666],[72.82732938945526,19.233840847542947],[72.82806303514445,19.233792749309238],[72.82840919956205,19.236268684869373],[72.82919064060235,19.235647903391598],[72.83222943951739,19.23549605857409],[72.83232306251166,19.23459917948023],[72.83201670980264,19.23305583375401],[72.83524643562951,19.23258391351521],[72.83491868156914,19.233118483499602],[72.83499631258024,19.233581208917418],[72.83595209859381,19.233763831456262],[72.83626524853294,19.235474962072974],[72.84056841993353,19.235134366048772],[72.84073571339704,19.236360455741117],[72.84143552308392,19.237897398150515],[72.84225591980577,19.23911439696846],[72.84438869862745,19.241433026303778],[72.84941918607713,19.238168887960036],[72.85432769961022,19.237789335724667]],[[72.85471966725704,19.227710255809725],[72.85471123799424,19.22648709391463],[72.85589893717683,19.226260790136685],[72.85619245450982,19.227485371297792],[72.85603008695173,19.22836467812438],[72.85684145787958,19.230608914688798],[72.8572285449127,19.23385006978186],[72.85462692073527,19.233526295561603],[72.85471966725704,19.227710255809725]],[[72.85831344200307,19.232929536076515],[72.85780316275125,19.232921187081917],[72.85757209894065,19.23230725287907],[72.85745570932913,19.231056391796706],[72.85803419976072,19.231027767236252],[72.85708092242825,19.225926319990478],[72.85656080576018,19.226025454603356],[72.85640882258585,19.22584086306374],[72.85598574957854,19.223882399432384],[72.856516207532,19.22374172394873],[72.85964475093876,19.224045823872693],[72.85978192200581,19.22574438563217],[72.85874751008848,19.229136359201597],[72.85860649317887,19.23125868215416],[72.858859699811,19.231307680975117],[72.85886308359883,19.2315561390405],[72.85860867451326,19.23285122465544],[72.85831344200307,19.232929536076515]],[[72.8394879902138,19.224114646250197],[72.8394145317077,19.225631083583757],[72.83768424097057,19.22568405900487],[72.83651861168448,19.2261323674042],[72.83525933677154,19.224130635244283],[72.83702712823089,19.224100956311414],[72.8370520427552,19.2246352382477],[72.83816215153776,19.224631534208246],[72.83813494086685,19.224084982569142],[72.8394879902138,19.224114646250197]],[[72.86309139391821,19.214667931996967],[72.8631048521287,19.214469911773936],[72.86431319137098,19.214244846008373],[72.86422073265348,19.215506977318952],[72.86311297867188,19.215410286278985],[72.86309139391821,19.214667931996967]]]}},{"type":"Feature","properties":{"layer":"DP_0","label":"DP Zone","confidence":"high","SUBURBS":"WESTERN","ZONE_CODE2":"NA"},"geometry":{"type":"Polygon","coordinates":[[[72.88112907163703,19.216520924922648],[72.8806696270093,19.21613000039269],[72.88042784393939,19.21621122578042],[72.88112907163703,19.216520924922648]]]}},{"type":"Feature","properties":{"layer":"DP_0","label":"DP Zone","confidence":"high","SUBURBS":"WESTERN","ZONE_CODE2":"NA"},"geometry":{"type":"Polygon","coordinates":[[[72.88632672417616,19.215882693497647],[72.88920030225903,19.21528315564922],[72.88893465833256,19.212444488906733],[72.88931272385511,19.211502448278914],[72.88995391012637,19.210936259499903],[72.8922909741066,19.210543734926635],[72.89343867931856,19.210797118576128],[72.89412705632958,19.210672392861046],[72.8939681394188,19.20892833126202],[72.89432022752239,19.208541630186893],[72.89653463902631,19.208592159680414],[72.89768065424373,19.208978136433768],[72.89806277795873,19.207118396240123],[72.89976831346792,19.204422415547402],[72.90054445900884,19.203651607793706],[72.90118653829639,19.202117471468927],[72.90107723281969,19.200915562001562],[72.90147337983088,19.199928286773233],[72.90168232206119,19.199569204208736],[72.9023946968465,19.19939451212215],[72.90235762236013,19.19725122305782],[72.90146862502144,19.196370000722773],[72.90032263946709,19.191536706658],[72.90018817315377,19.185104858811297],[72.89739074701201,19.189204189995305],[72.89567511249871,19.1905406720924],[72.89108099145562,19.191192749613162],[72.887080963633,19.192477953088414],[72.88278386451861,19.192455689123726],[72.87884107753423,19.192971346474177],[72.87741668813601,19.19281170462259],[72.87619503277011,19.192999512594646],[72.88096335819631,19.199021947855876],[72.88067709743258,19.199414109902527],[72.8795137327827,19.199848549901848],[72.87926405318687,19.20016008790512],[72.87973363949658,19.20016229761727],[72.88378621423401,19.203540347015313],[72.88330944814281,19.204577404187685],[72.88363027629478,19.204766128573013],[72.88340654475023,19.205572406733275],[72.87997604262465,19.21257898644558],[72.88205330852915,19.213984751894277],[72.88055842159177,19.21603632823958],[72.88112907163703,19.216520924922648],[72.88186268313888,19.21640405366371],[72.88189941592297,19.215695287186314],[72.88306986916096,19.215700061785235],[72.88298894132551,19.217004441405138],[72.88632672417616,19.215882693497647]]]}},{"type":"Feature","properties":{"layer":"DP_0","label":"DP Zone","confidence":"high","SUBURBS":"WESTERN","ZONE_CODE2":"NA"},"geometry":{"type":"Polygon","coordinates":[[[72.80360792922734,19.21414387826605],[72.80338779920582,19.21350168012325],[72.80424031473271,19.21304765819685],[72.80791851720612,19.21194116840634],[72.80883133170921,19.210845896223883],[72.80859632533449,19.209693470863204],[72.8093834129848,19.208649625036742],[72.80959701357651,19.208406591401555],[72.8100153067314,19.208713151899133],[72.81043760138466,19.2085970112704],[72.81039154289007,19.208063780523183],[72.81106101643105,19.20825604720783],[72.81092074181377,19.20650179481991],[72.81469498454038,19.20471604891324],[72.81429719700868,19.20415319173942],[72.81329777502526,19.203945544491717],[72.81284140906773,19.20302295222907],[72.81264735226529,19.203019566769086],[72.81249632342146,19.203626972345948],[72.811908443081,19.204217904321357],[72.81167702888263,19.203641485969236],[72.81103239243556,19.20341272750935],[72.81080917406301,19.203084821517386],[72.8099434404782,19.20307785583068],[72.81000870790704,19.203663407199425],[72.8094958912304,19.204216722995145],[72.80891709249858,19.20404642608635],[72.80875167110943,19.203403200174236],[72.80789367573404,19.20339122672845],[72.80774383696533,19.202998655079394],[72.80806382747517,19.202868983883747],[72.80755052289058,19.202043244882447],[72.80732500384241,19.200779248662204],[72.80642324502352,19.19981101298873],[72.80646524923611,19.198590712910757],[72.806186082968,19.197986254926853],[72.80647071484896,19.19752187819964],[72.80549935660771,19.194418311414385],[72.80516675452883,19.194252950379376],[72.80469387102663,19.193070348736946],[72.80460043079648,19.19252672882159],[72.80479913630907,19.192182059505573],[72.80459703276708,19.191955543917455],[72.80492653680396,19.192029960258168],[72.80463205418717,19.19163854408062],[72.80475827983342,19.191064075241517],[72.80421029872257,19.19095014357878],[72.80382424974586,19.18862524073379],[72.80343253439526,19.188685144398182],[72.80341075941126,19.189995159195536],[72.801895146484,19.189912472804146],[72.80175203090678,19.18873532512991],[72.80146364989898,19.188588231783335],[72.80128014744068,19.1886848338288],[72.80110577880103,19.19012887628084],[72.80069961242573,19.190217315712705],[72.80018504573654,19.193248046704532],[72.79924437115406,19.19303929347488],[72.79907615857354,19.193822155593818],[72.79981484049075,19.195417203778263],[72.80115617069893,19.195015761437027],[72.80136001713977,19.195252350927067],[72.80126847502132,19.197063157215826],[72.80072154744822,19.197058431695833],[72.8000307485752,19.198703464404595],[72.80010563612936,19.199079634515506],[72.79868706592347,19.199593899266567],[72.79768153736543,19.199496312170556],[72.79648713169958,19.198238087198668],[72.79665273195812,19.196191524830063],[72.79466168007207,19.19598797439557],[72.7929534944151,19.195586608456946],[72.79251763392001,19.195251271630593],[72.79306742723703,19.196717887132458],[72.79318999211908,19.19808599462022],[72.79075572523493,19.202078890798763],[72.79407854347403,19.206492434038182],[72.80115536770388,19.212954329321146],[72.80432599136783,19.217889358075116],[72.80447520422831,19.220308580546032],[72.80503028946599,19.222084392467682],[72.80659493323715,19.221081985912704],[72.80697958592829,19.220409768346304],[72.80717366123955,19.219336562490568],[72.80603233995119,19.217202195468523],[72.80455271381575,19.217017046948676],[72.80360792922734,19.21414387826605]]]}},{"type":"Feature","properties":{"layer":"DP_0","label":"DP Zone","confidence":"high","SUBURBS":"WESTERN","ZONE_CODE2":"NDZ"},"geometry":{"type":"Polygon","coordinates":[[[72.8152884605455,19.206368190988318],[72.81563162007708,19.207132314070673],[72.8155244598284,19.208234117305235],[72.81582274549801,19.208469747440162],[72.81568801289093,19.208891915171332],[72.81526041132611,19.209178124857516],[72.81569412066341,19.21015720032273],[72.81540692059238,19.21066029456266],[72.8167271439728,19.21148734679191],[72.81752013180986,19.211655601414016],[72.81797223285379,19.212289754979658],[72.81803914783316,19.213206624993987],[72.81822895310557,19.21331006550277],[72.8183275567566,19.210346557212922],[72.81738706897131,19.20951347303182],[72.81706462027967,19.208561085661113],[72.81856917195157,19.20771576643124],[72.81871289836984,19.207419259308562],[72.8180485935198,19.20738342194664],[72.81810276347993,19.206819222193467],[72.81878513595257,19.206845280883734],[72.81896500418078,19.206575943078363],[72.81898332754032,19.204980160993177],[72.81643539518375,19.204725560715808],[72.81644970991685,19.20439670783606],[72.8147952732393,19.20469398658933],[72.8152884605455,19.206368190988318]]]}},{"type":"Feature","properties":{"layer":"DP_0","label":"DP Zone","confidence":"high","SUBURBS":"WESTERN","ZONE_CODE2":"R"},"geometry":{"type":"Polygon","coordinates":[[[72.83065057911595,19.196263908176586],[72.83017667602064,19.195818214865543],[72.82950102722039,19.19591909314977],[72.82958154007946,19.195734418142337],[72.8288946861597,19.19529273662322],[72.8283196297129,19.195374851215163],[72.8278917526938,19.19291638948342],[72.825998514594,19.192865681402107],[72.82469950642016,19.183683702684068],[72.82567410480581,19.183600889828238],[72.82704132797652,19.18286340352505],[72.82677359504127,19.18175777772605],[72.82814369845264,19.17989134661118],[72.82836505501058,19.17782857643461],[72.82764885421031,19.176917533097924],[72.8238937702072,19.173854446512525],[72.82156354886926,19.174253112901894],[72.82167261173619,19.180317443707946],[72.82130982434688,19.180349805151817],[72.82129808798005,19.180721245737903],[72.82180759898645,19.18159711563607],[72.82328788904447,19.182613461779546],[72.82431948382789,19.18282572752022],[72.82429066676607,19.18329066431109],[72.8236405830817,19.18347532356675],[72.82136232193842,19.18356529347799],[72.8210562326033,19.18268299422428],[72.82011812815094,19.182755258279176],[72.81992934946908,19.18196273350802],[72.82090882517399,19.18176120089193],[72.81650509482814,19.174435478774807],[72.81201018199202,19.17772241851011],[72.81233906062,19.177981490219043],[72.81199297081152,19.17850420692945],[72.81282976320797,19.178889211802026],[72.8129911493116,19.17931871273797],[72.81257502229415,19.179791725320065],[72.81181304503106,19.17967922020563],[72.81260954859873,19.18080022785491],[72.81175451262321,19.181165389720952],[72.8125027534198,19.181502249628647],[72.81230331659326,19.181895818749954],[72.81315376628672,19.18216483988826],[72.81283437633377,19.182651645359023],[72.81164855769339,19.18310098776129],[72.81254554800509,19.183904159998562],[72.81382453774775,19.184509489803748],[72.8139515999589,19.184318857882634],[72.81487793747296,19.18427316961088],[72.81568216924398,19.18473909075073],[72.81615031363097,19.185475884147305],[72.81565414778917,19.186068628861804],[72.8162180956402,19.186039676076657],[72.81628363571917,19.185844525552955],[72.8165225689304,19.186043456389143],[72.81877190606401,19.18975441140313],[72.81915898052947,19.192068522940872],[72.81924944286389,19.193283250053856],[72.81905621801151,19.193300232034666],[72.81926736875381,19.193603462436187],[72.81935327795102,19.195890525510325],[72.81843708130906,19.19639207033374],[72.8171230608927,19.196529374621917],[72.81704102499401,19.195389738577912],[72.81526031785721,19.195516005953586],[72.81531609090086,19.197233963641303],[72.81583297498159,19.19721888103827],[72.8162682975595,19.197622381413264],[72.8166137895902,19.197615992197477],[72.81636681636323,19.202440898909067],[72.81553057059664,19.20120013893238],[72.81543016159587,19.201579489276494],[72.81511999953523,19.201587488971292],[72.81447955725302,19.200761604244498],[72.81318627365086,19.200731983039216],[72.81318073747825,19.201297916789215],[72.81371994854398,19.201295415015423],[72.8141548755489,19.20174557154833],[72.81405487499809,19.202204527557104],[72.81441543032595,19.202614889243097],[72.8157241105589,19.20330474207932],[72.81626384055826,19.204409334937157],[72.82283365002436,19.204985329646444],[72.82300527347552,19.204533305794683],[72.82739615442169,19.201613307339194],[72.82857453812497,19.199620344785142],[72.82941208847771,19.199113571859094],[72.82910769492999,19.197704560346263],[72.83065057911595,19.196263908176586]]]}},{"type":"Feature","properties":{"layer":"DP_0","label":"DP Zone","confidence":"high","SUBURBS":"WESTERN","ZONE_CODE2":"R"},"geometry":{"type":"Polygon","coordinates":[[[72.82339812941807,19.21552016853217],[72.82852301359902,19.215308512359165],[72.83577610717863,19.2153822673932],[72.83825720360149,19.215100802391177],[72.84189843460575,19.213117434807675],[72.84598022893101,19.212154294655626],[72.84824227461209,19.212442294963026],[72.85113639952831,19.213843134513972],[72.85148722154153,19.213538940738886],[72.8535970570411,19.213906367972367],[72.8563915640723,19.212950530117386],[72.85743892362376,19.212892387210676],[72.86347971091554,19.21307026750408],[72.869201522395,19.214553714811995],[72.87755680519145,19.214446274429832],[72.87764151028958,19.212548087515607],[72.87848634657706,19.212444138560123],[72.87838298476616,19.211063903209613],[72.8775757479351,19.211113398644375],[72.87749103230728,19.210513180821856],[72.8810207098384,19.210432096327974],[72.88329738371276,19.2057994381787],[72.87773983970403,19.205748375709263],[72.87883475353863,19.20185224534501],[72.87884843458627,19.20019558058524],[72.87940729716425,19.199926547099654],[72.8788297286771,19.199910593135552],[72.87855694512962,19.196167002045833],[72.87606125844141,19.193029318987723],[72.87460674800433,19.193475055737125],[72.87415178364184,19.19394514271882],[72.86954151325061,19.193709439027305],[72.86818722610445,19.193918730976105],[72.86700019054021,19.1935454493],[72.86476288896324,19.19342987330855],[72.86411435313966,19.191077155175623],[72.86146722096753,19.19157285508622],[72.86079456315181,19.192230072149055],[72.86223413905732,19.195662190373103],[72.86190579800949,19.19574640150775],[72.86199732181515,19.196112518647055],[72.86070727984071,19.196388965127277],[72.86039725789645,19.19478102280266],[72.86006474668825,19.194724335981817],[72.86066624180552,19.197763711043084],[72.86004593716194,19.198065959280964],[72.85845616418376,19.199540411416404],[72.85696018883627,19.200201411010557],[72.8576761602032,19.196561742545736],[72.85807578593487,19.19545610149388],[72.85887713750094,19.194586921864214],[72.85681986160766,19.194378194871234],[72.85663698247637,19.194817410365335],[72.85458296241075,19.195130955204633],[72.85368005037893,19.19550275202806],[72.85404383273271,19.195841086532113],[72.8537118920969,19.198814061926463],[72.8535286875407,19.19889137167292],[72.85112356570953,19.198781986445628],[72.85056010716308,19.194871385202905],[72.84752718298017,19.194918817536017],[72.84715664350828,19.19498320742048],[72.84719223283771,19.19534957904271],[72.84672707051051,19.195463205607417],[72.84523472300599,19.19537882752226],[72.84511582885848,19.19631279109663],[72.84450554431943,19.196379305039553],[72.84259310872832,19.199393964002518],[72.84126836353488,19.19970374032387],[72.83975731573156,19.200427035671332],[72.83701794216833,19.200670905746904],[72.83593207076935,19.200996494277746],[72.83195972977344,19.19927729713054],[72.83171792544067,19.198961011418042],[72.8318596274541,19.198221054648126],[72.83065118930413,19.196265376764515],[72.82910769492999,19.197704560346263],[72.82941327405257,19.199107427408695],[72.82854890977099,19.199678359646576],[72.82742633651739,19.2015934597938],[72.82301362602017,19.204511534039547],[72.82283365002436,19.204985329646444],[72.81644970991685,19.20439670783606],[72.81643539518375,19.204725560715808],[72.81898332754032,19.204980160993177],[72.81889881191117,19.206921427116512],[72.81810276347993,19.206819222193467],[72.8180485935198,19.20738342194664],[72.81866374361915,19.207417272321702],[72.8186105990916,19.207643063768856],[72.81706462027967,19.208561085661113],[72.81738706897131,19.20951347303182],[72.81835703688675,19.210436904495385],[72.81831211763703,19.213332661281306],[72.82066276978256,19.21547902667063],[72.81173259358906,19.21451930465085],[72.82052961329451,19.215578214086655],[72.82339812941807,19.21552016853217]],[[72.85363981399458,19.211230690648396],[72.8525952531198,19.20446275950259],[72.85423218591669,19.204735380006003],[72.85783024951559,19.204024606623758],[72.85805258499212,19.203941496029167],[72.85815690706055,19.20340954805076],[72.85770247403443,19.201808971742647],[72.86035914413571,19.201711279476765],[72.86146544309413,19.201383115918535],[72.86439061625575,19.204899060930632],[72.86428436796821,19.205121560421503],[72.86468303201765,19.20580921403294],[72.86396995239384,19.207645620559134],[72.86273451270392,19.207601791733982],[72.86132381982354,19.20714159297555],[72.86020657297681,19.20775445021996],[72.85931822393245,19.207697475113665],[72.85855368286043,19.20861389268977],[72.85906114607744,19.209287946521336],[72.8585646087412,19.20991210832796],[72.85768939177504,19.20884086328383],[72.85685767702576,19.208729022680537],[72.8564232262596,19.209153699242695],[72.85683731030436,19.209689941286218],[72.85589272276118,19.210575808548178],[72.85538497369286,19.21143876535715],[72.85470375819492,19.211494015238717],[72.8546466713133,19.212097986578314],[72.85384056886531,19.212327553148842],[72.85363981399458,19.211230690648396]],[[72.86603499088226,19.202591085309823],[72.86651879469963,19.201178476417553],[72.86709732855863,19.201000497739237],[72.86822429026438,19.198551397412608],[72.8688793345245,19.19855084491254],[72.86967500298445,19.199558415764038],[72.86908844101804,19.200670692180086],[72.86902505642487,19.201022644139645],[72.8692474101932,19.20110513654776],[72.8757390674772,19.200567036953966],[72.87568523618141,19.202349003177808],[72.87437668649291,19.202802873605485],[72.87281963793937,19.202939948192235],[72.87148358595698,19.203705574344763],[72.86933516946284,19.205685616185676],[72.86609093611139,19.205764055787597],[72.86498273319484,19.204566526886644],[72.86554981746536,19.204055741661822],[72.86603499088226,19.202591085309823]],[[72.85274550894486,19.19977648368926],[72.85269577765109,19.200236086299828],[72.85408169023508,19.200251838362753],[72.85414713879608,19.20242563172851],[72.85438922212633,19.202410718943078],[72.85476298250498,19.203394712983595],[72.85239093638258,19.203971719149397],[72.85136052522633,19.198933070233778],[72.85266457183782,19.19885988739265],[72.85274550894486,19.19977648368926]],[[72.85093414925932,19.20099753839127],[72.85157596717521,19.204713560334348],[72.85182523306707,19.20470923307159],[72.85193266346498,19.206079916706205],[72.85014951531029,19.206498828570137],[72.8490796665199,19.201261430953863],[72.85093414925932,19.20099753839127]],[[72.83734293030786,19.20630224336071],[72.83783777406676,19.20691518357624],[72.83693289091248,19.207475301192705],[72.83596712118253,19.207558886159685],[72.83482992719613,19.20722331347646],[72.83412603147359,19.202999342454714],[72.83403129607322,19.20017586182575],[72.83549340356038,19.20088424787247],[72.83556640200217,19.202287303677984],[72.83591502571615,19.203044757255647],[72.8356220773666,19.203954549170565],[72.83569422988572,19.204470255316348],[72.83734293030786,19.20630224336071]],[[72.82920626051622,19.207433735268204],[72.83037491385635,19.210214459385536],[72.82339723388368,19.210453556749542],[72.82110380140539,19.206774266880526],[72.82815411438433,19.20367382648073],[72.82836419683044,19.205434550723183],[72.82920626051622,19.207433735268204]],[[72.84956500082758,19.208986302295436],[72.84918152128458,19.20874226545819],[72.84910562775777,19.20838775392374],[72.84943792326082,19.20833151993258],[72.84922455144448,19.20804929272213],[72.85046334022145,19.208045893068796],[72.85069735930772,19.20918545178378],[72.8496407789108,19.20932186761664],[72.84956500082758,19.208986302295436]],[[72.848008668283,19.207550138087097],[72.8483360931231,19.20893290509686],[72.84676890150433,19.208608084555497],[72.8466269739288,19.20695126919298],[72.84760960544374,19.206536708191955],[72.848008668283,19.207550138087097]]]}},{"type":"Feature","properties":{"layer":"DP_0","label":"DP Zone","confidence":"high","SUBURBS":"WESTERN","ZONE_CODE2":"R"},"geometry":{"type":"Polygon","coordinates":[[[72.81043955662787,19.199642319914666],[72.81045812697832,19.19900273257123],[72.80954245498216,19.197697177476115],[72.80959557859954,19.19634341415025],[72.80864060031972,19.196176020998628],[72.80843243144895,19.195459897571524],[72.8071366758778,19.195798827608765],[72.80693107272134,19.19675858124649],[72.80743732683823,19.198108355519224],[72.80735984456874,19.20023174809511],[72.81041901758093,19.20034971050095],[72.81043955662787,19.199642319914666]]]}},{"type":"Feature","properties":{"layer":"DP_0","label":"DP Zone","confidence":"high","SUBURBS":"WESTERN","ZONE_CODE2":"R"},"geometry":{"type":"Polygon","coordinates":[[[72.86287270584495,19.22048928644471],[72.86270900846111,19.220485130467953],[72.8627972662814,19.221159969721242],[72.86319514718264,19.221310086914105],[72.8632847523942,19.220516794937055],[72.86287270584495,19.22048928644471]]]}},{"type":"Feature","properties":{"layer":"DP_0","label":"DP Zone","confidence":"high","SUBURBS":"CITY","ZONE_CODE2":"I"},"geometry":{"type":"Polygon","coordinates":[[[72.85556421712326,18.999961647236503],[72.85688024252761,18.9996079117883],[72.85775533305632,18.99996220321965],[72.8577726808137,19.000241329426192],[72.85756125979135,19.001408867987173],[72.85619265066076,19.00083549159542],[72.85557673086066,19.00001216571304],[72.85563934037414,19.00510165381489],[72.85582457698939,19.005651064113334],[72.85657001245825,19.006523026631374],[72.85894158851951,19.007942871089075],[72.85952617919777,19.0091292613115],[72.86055531344432,19.01244972278379],[72.8614622458951,19.011540119247236],[72.86198021213377,19.01140342574713],[72.86309930956556,19.014924971009712],[72.86379101971107,19.015155775489905],[72.8639856131944,19.014565601339214],[72.86530968125774,19.012927708714766],[72.8661822724201,19.012596289476924],[72.8667139905159,19.011789377288633],[72.86775676938576,19.010991633061664],[72.86796200188977,19.010304937980173],[72.86863534075157,19.00977487540934],[72.8688840894639,19.00846400510858],[72.8648190874623,19.006549188400264],[72.86436201074021,19.007806893561447],[72.86376236838257,19.00752059813584],[72.8633907694143,19.00800241814395],[72.86284907677552,19.00813904266687],[72.86192289842738,19.006464531550737],[72.86223601221528,19.00645343109033],[72.86220609017573,19.00567870341124],[72.86177950610954,19.005667120439366],[72.86125841787577,19.00521076288327],[72.86091476890225,19.00375871409712],[72.86095438467827,19.00256926400859],[72.86239913316088,19.002292253705296],[72.86235895711033,19.002055154327596],[72.861028003394,19.002165868303972],[72.86081592476363,19.000611162050827],[72.86035972482331,19.000385853349766],[72.86023838352766,19.000971264930865],[72.85992105270351,19.000565860501343],[72.85972094501409,19.000659769662224],[72.85926369070577,18.99993479780537],[72.8596031000037,18.998808365775233],[72.86009575097758,18.998862164198417],[72.86003189691714,18.99817963609861],[72.86089408384464,18.99609874295745],[72.86203884044421,18.99549860988804],[72.86198917251582,18.995284658287982],[72.86067538989393,18.9958685897114],[72.85609463656407,18.99413350929989],[72.8565672126563,18.992557061129723],[72.86118526999813,18.981637810668236],[72.85768291710967,18.978370861906587],[72.84953259716548,18.98018555176751],[72.84671426668845,18.981370441074883],[72.84677216349942,18.98183418004853],[72.84413284144337,18.982949560984107],[72.8428687368417,18.98313936166793],[72.84254646842007,18.98432840354068],[72.8426311587787,18.985237403857507],[72.84317385460065,18.986382960076977],[72.8448685411703,18.987847676563828],[72.84662789508633,18.98791209036152],[72.84609446800178,18.986750456153832],[72.84790112727588,18.986005051077655],[72.85011428434994,18.99070763604268],[72.85043709741726,18.99054900180561],[72.85272382520844,18.994756004828226],[72.85138567793152,18.993462887543593],[72.85005873410411,18.99387386658394],[72.84989754447872,18.99329543231186],[72.85101521624617,18.993050579472815],[72.8490064011817,18.99141712719432],[72.84779501691374,18.99176258758377],[72.84873319776077,18.994838942743463],[72.85072708570722,18.994308527418127],[72.8508812575045,18.99516741030645],[72.85123917785381,18.99507334403504],[72.85126556637212,18.994594640116578],[72.85146399304945,18.99455843708191],[72.85151368423546,18.995321621104658],[72.85025461215359,18.996082848714547],[72.85033299210112,18.99648537819492],[72.8508089681659,18.996369254590828],[72.8508895476523,18.996843741741902],[72.85091407699419,18.997172050827672],[72.85066941433242,18.997215037455618],[72.85078264213806,18.997838283355847],[72.85055514846883,18.998055445480215],[72.85081804844536,18.99829354263393],[72.85141845054076,18.998179389579846],[72.85143361694324,18.997747035523957],[72.8517362229257,18.99756326596452],[72.85215035350947,18.998098061267637],[72.85314935964496,18.998026479117698],[72.85279200827406,18.99604188684945],[72.85319569237227,18.99618282694627],[72.85387967877536,18.997729927902252],[72.85461051821301,18.997486798909343],[72.8548182463554,18.997621735696427],[72.85556421712326,18.999961647236503]],[[72.85463661024957,18.98101174043708],[72.85495063215939,18.980941662501685],[72.85503418187456,18.981258931771702],[72.85471533350031,18.98135233388905],[72.85463661024957,18.98101174043708]],[[72.8531308749201,18.980226570535716],[72.85471718599317,18.97991192347258],[72.85483289905814,18.980403621368854],[72.85400542469723,18.980710507046112],[72.85393123172243,18.980392608912577],[72.85352112693022,18.980485801877055],[72.85358961205587,18.980778412672468],[72.85325419861054,18.98087085073587],[72.8531308749201,18.980226570535716]],[[72.8550916623215,18.99515332562362],[72.8554350783387,18.995287584168207],[72.85532800252025,18.995778064868976],[72.85387416477523,18.99541645352391],[72.85399231021927,18.99416096197258],[72.85466011489127,18.9943871165687],[72.85458301873994,18.994699683007777],[72.85507694128904,18.994883090900657],[72.8550916623215,18.99515332562362]],[[72.85614778514982,18.984343737374427],[72.85705072268088,18.983946341207663],[72.85716295558376,18.984180245045305],[72.85790526835494,18.98406972149262],[72.85657291435122,18.98759727489159],[72.85606161799225,18.986504611597443],[72.85671281324088,18.986230675538778],[72.85614778514982,18.984343737374427]]]}},{"type":"Feature","properties":{"layer":"DP_0","label":"DP Zone","confidence":"high","SUBURBS":"WESTERN","ZONE_CODE2":"I"},"geometry":{"type":"Polygon","coordinates":[[[72.85929061559395,19.212978671460608],[72.85639627433886,19.212949355081992],[72.85419999578035,19.21372103452462],[72.85537418641682,19.2203489767013],[72.85637612833288,19.22060971510097],[72.85656467152036,19.22007883002497],[72.85740370491929,19.22010664109217],[72.85774508404752,19.219861500826205],[72.85727295005572,19.21915102967641],[72.857583173925,19.219138812409238],[72.85740029909248,19.218490788487607],[72.85800303798906,19.217741806549316],[72.85835339128036,19.217857077630356],[72.85792926461008,19.21760517829866],[72.85728065476219,19.218296693242586],[72.8569582814671,19.218309875277928],[72.85772527091878,19.217614915850753],[72.86002810614903,19.21803211117791],[72.86016212195105,19.22118872615215],[72.86093319819439,19.221240568700306],[72.8618864005749,19.22452475913418],[72.8642778462719,19.224610396416203],[72.8671686473766,19.216292589919444],[72.86314909671728,19.21590500518362],[72.86304929567305,19.21554314338163],[72.86118244612138,19.21538846972122],[72.86103064949073,19.21435891326828],[72.86012852875646,19.213593543413907],[72.85956894970074,19.21352659994276],[72.85929061559395,19.212978671460608]],[[72.86287270584495,19.22048928644471],[72.86326106119697,19.22051515279601],[72.8632827248201,19.221313807577555],[72.8627972662814,19.221159969721242],[72.86270900846111,19.220485130467953],[72.86287270584495,19.22048928644471]]]}},{"type":"Feature","properties":{"layer":"DP_0","label":"DP Zone","confidence":"high","SUBURBS":"WESTERN","ZONE_CODE2":"C"},"geometry":{"type":"Polygon","coordinates":[[[72.85788770608599,19.16085403794167],[72.85671670805225,19.1534599385792],[72.85606544691366,19.145431961330836],[72.8550252542347,19.14213840696141],[72.85419146483666,19.142508362382323],[72.8527371355653,19.142480217017443],[72.85251459173651,19.143265670430203],[72.84966229710082,19.143573047743953],[72.85012268704806,19.147719921578396],[72.84962705830344,19.155647140712453],[72.85026447210885,19.156254000327852],[72.8509672315117,19.157997710323478],[72.85133699968442,19.1572192202298],[72.85143735925993,19.155996380460227],[72.85299411093591,19.156115516237293],[72.85300986706204,19.156454056662945],[72.85353623185027,19.15685831467156],[72.85534567651857,19.156318727866033],[72.85542940670402,19.156914835943066],[72.85675577343851,19.15681515541822],[72.85732326151683,19.160735455686247],[72.85788770608599,19.16085403794167]],[[72.85137745981751,19.152336918380435],[72.85186239269592,19.152677451111142],[72.85166656185534,19.15465325858097],[72.85039964296938,19.15472738509367],[72.85047226148406,19.153412441789055],[72.85137745981751,19.152336918380435]],[[72.85610361896401,19.151665975434568],[72.85613128083988,19.15192207813507],[72.85478000508593,19.152077547495796],[72.85461615696083,19.151433456899476],[72.85287322469236,19.151075900681136],[72.85275650949882,19.1496068432448],[72.85589075564147,19.14932147068603],[72.85610361896401,19.151665975434568]]]}},{"type":"Feature","properties":{"layer":"DP_0","label":"DP Zone","confidence":"high","SUBURBS":"WESTERN","ZONE_CODE2":"C"},"geometry":{"type":"Polygon","coordinates":[[[72.85890154869286,19.250351631215846],[72.85897339743295,19.24455400111718],[72.85718424150356,19.24475352781538],[72.85735150845709,19.24739368956836],[72.85641826155805,19.25047162683951],[72.85885536799553,19.250700327435197],[72.85890154869286,19.250351631215846]],[[72.85800771600626,19.249789042824034],[72.85789053518874,19.24997591420074],[72.85764119558526,19.249770675446793],[72.85692701155799,19.249934887900647],[72.8577630552887,19.249147157439285],[72.85810051414836,19.24928864334322],[72.85800771600626,19.249789042824034]]]}},{"type":"Feature","properties":{"layer":"DP_0","label":"DP Zone","confidence":"high","SUBURBS":"CITY","ZONE_CODE2":"C"},"geometry":{"type":"Polygon","coordinates":[[[72.83478063424671,18.943311541274436],[72.83723958273826,18.943447890525995],[72.83842854214232,18.94398238890263],[72.83920663944401,18.94352344811118],[72.83853360692456,18.94075651059782],[72.83884771213366,18.94054934683253],[72.83839393814284,18.93868283043775],[72.83904598996352,18.93836324278209],[72.8389908723832,18.938147835248767],[72.83984374062014,18.93787382566088],[72.84199463182364,18.935185179446627],[72.84227387313977,18.93402919895836],[72.842031987722,18.933411434269114],[72.83727704187042,18.934384755633648],[72.83665814885705,18.93307631305858],[72.83648763997144,18.931439306062597],[72.83616792523429,18.931003068931577],[72.83660701160892,18.93013971732287],[72.83644186569494,18.929869165949253],[72.8360683970027,18.930078767512533],[72.8351374592434,18.929594552545172],[72.8347855268052,18.929781783336857],[72.83387086693608,18.92761692046845],[72.83354340895524,18.925886596238623],[72.83467131586698,18.924579172736937],[72.83532908774119,18.924149097422617],[72.83429032994594,18.923166107724477],[72.83359160634143,18.92395162466186],[72.83288404633238,18.923479069334128],[72.83150747624313,18.925101091709486],[72.83157574791335,18.925395818092966],[72.83132918067365,18.925442369974142],[72.83110629651097,18.92506288076167],[72.82971160960868,18.92530358985147],[72.82960587353983,18.930060381280544],[72.83055200593807,18.935281237368546],[72.83101837158767,18.935623527072224],[72.8321380384127,18.93823254480763],[72.83473179984136,18.939842228077847],[72.8331211264188,18.941032190159717],[72.8338191500721,18.941961837370417],[72.83464096427817,18.942159115082752],[72.83442104397393,18.944140146339727],[72.83469589458797,18.94486018293124],[72.83513906282842,18.94478068545527],[72.83478063424671,18.943311541274436]],[[72.83470929202758,18.93773837322087],[72.8349076431845,18.937427212187128],[72.83449752709896,18.935865637099763],[72.83399069481322,18.935808933271847],[72.83403124213565,18.93502037173413],[72.83562759554674,18.93436137186839],[72.83623687641092,18.934492921805948],[72.83633090446628,18.935284267117698],[72.83728000576049,18.935256560402628],[72.8376041782808,18.936639468091887],[72.83927742330756,18.93626684793355],[72.83949095104839,18.937293678875466],[72.8379098731327,18.937654360476895],[72.83791288072807,18.938164912765554],[72.83712806434393,18.938391802938362],[72.83688371628358,18.937911717493446],[72.83637009676764,18.938006487930238],[72.8362762266398,18.9385055437246],[72.83469678118162,18.938159998094296],[72.83470929202758,18.93773837322087]]]}},{"type":"Feature","properties":{"layer":"DP_0","label":"DP Zone","confidence":"high","SUBURBS":"CITY","ZONE_CODE2":"NA"},"geometry":{"type":"Polygon","coordinates":[[[72.87432066975279,19.024435245274333],[72.8765044319053,19.02409291501376],[72.87617440423567,19.022775310671232],[72.87494886548974,19.020838335618215],[72.87423900416209,19.02090949302209],[72.87447232044073,19.02210914307395],[72.87484944582043,19.02207507441125],[72.8749308546851,19.022439961330374],[72.87394278412307,19.022542922226194],[72.87367895012333,19.02279484720279],[72.87361796498351,19.023966839200913],[72.87375614202283,19.024260788340857],[72.87406834882837,19.024182333812377],[72.87432066975279,19.024435245274333]]]}},{"type":"Feature","properties":{"layer":"DP_0","label":"DP Zone","confidence":"high","SUBURBS":"CITY","ZONE_CODE2":"R"},"geometry":{"type":"Polygon","coordinates":[[[72.83761954990973,18.987720559751956],[72.83707065744754,18.987655717800447],[72.8368937846318,18.98682438629053],[72.83639573734598,18.986895096259172],[72.83606226559708,18.986071811158208],[72.83702480469051,18.98542747976077],[72.83653234749838,18.984484624314916],[72.83702937494147,18.984021668454645],[72.83667830127658,18.983382667588266],[72.83535913465838,18.9836164041046],[72.83505626866004,18.982423085705012],[72.83635128658501,18.981514593923052],[72.83626979220759,18.98134177283284],[72.83665144439898,18.981065308000517],[72.83637592682652,18.980861188082468],[72.83757528980401,18.980777708925725],[72.83760743652176,18.981453955665078],[72.83846324446866,18.98134593467505],[72.83871567975771,18.982022206886196],[72.83879226716518,18.983368127712414],[72.838315607333,18.983559176873793],[72.83844310004739,18.984211347243455],[72.83938140273611,18.98428380779573],[72.8396907641827,18.985454336133692],[72.84208625750401,18.985306763535398],[72.84162351766622,18.98512556316817],[72.84168564106263,18.98347410729437],[72.8410331590986,18.98339215614164],[72.84090083681318,18.982985866489198],[72.84109579873396,18.98270876591162],[72.84087406640569,18.982718551945748],[72.84088748528833,18.982359783492782],[72.84163415350557,18.982517072118473],[72.84167456298258,18.982096417768233],[72.84241136616458,18.982273001215933],[72.84233549788712,18.982577890605945],[72.84261397563304,18.98264179641481],[72.84337763335577,18.97982074381989],[72.84318844014386,18.979785176401112],[72.84312207973097,18.979083897868858],[72.84277062604151,18.978651910499728],[72.8432610335324,18.977764262488726],[72.84283844981759,18.978101700232763],[72.84282806279872,18.977673438039602],[72.84243998528201,18.977619877116247],[72.84237234004178,18.977329706873075],[72.84299610225993,18.97645674164601],[72.84248604009315,18.975593299973397],[72.84337758615419,18.97542170083263],[72.8443306895083,18.975616257857006],[72.84411015515794,18.974145738774006],[72.84104954162862,18.973933492951836],[72.84095699849664,18.97357386391769],[72.84054228328931,18.973548553978315],[72.84021606259103,18.973876117345775],[72.84037430200831,18.972843936590046],[72.8412338490212,18.97291754477379],[72.84145918287648,18.972488869645115],[72.84159494264073,18.97273648302021],[72.84212019338428,18.972779295844216],[72.84207572398013,18.97236610773514],[72.84238631237795,18.972121265090497],[72.84246531783945,18.972664051099596],[72.84303145434325,18.972795722255686],[72.84340755094624,18.97181060945179],[72.84526643236877,18.972066418571636],[72.8458731559065,18.969921082602234],[72.84574529619229,18.967395073826154],[72.84725786541037,18.967129478009976],[72.84708103213919,18.9651467132884],[72.84680654779497,18.96441432924418],[72.84511547596578,18.96416471480812],[72.84461001006727,18.963420819351587],[72.8444182314882,18.963444319812186],[72.8398855518451,18.96438017170112],[72.8400939596066,18.965101817333988],[72.83922075529686,18.965396981715507],[72.83922929179548,18.9646603862562],[72.838816138341,18.96510781285751],[72.83812333561775,18.964270551574444],[72.83737570229924,18.962593551250343],[72.83526158154034,18.962522167023995],[72.83438423376137,18.962132741289295],[72.83198969147679,18.961872857439378],[72.824488974943,18.961759977144208],[72.82516527568517,18.96795954250011],[72.82258091353297,18.96862268637477],[72.81878095028041,18.969001237290904],[72.82373619127794,18.980489166704654],[72.82635538056194,18.98100540131428],[72.82649061105703,18.981384883907307],[72.82705510224963,18.981422076749343],[72.8331215562429,18.98811919536709],[72.83522599518082,18.98848672966584],[72.8376004572451,18.98835914509827],[72.83761954990973,18.987720559751956]],[[72.83465030768556,18.98577617073424],[72.833993231364,18.985909860047848],[72.83375337590647,18.985529075283967],[72.83432868693684,18.98537356438083],[72.83465030768556,18.98577617073424]],[[72.82941639416771,18.981480056831224],[72.82915688486027,18.98096000231773],[72.82938912356632,18.980874118640184],[72.82929589546886,18.98047274740661],[72.83073276555032,18.980097072890175],[72.83114229682315,18.98072244912686],[72.83125751601041,18.981640319429506],[72.83182547413803,18.981671369168705],[72.82971947933804,18.982072008215553],[72.82941639416771,18.981480056831224]],[[72.82915269759911,18.97970634099262],[72.82919774500252,18.979230441657737],[72.83040010986971,18.977684468813766],[72.8309866883887,18.979548334140393],[72.82916049303644,18.98007204663162],[72.82915269759911,18.97970634099262]],[[72.84042860173473,18.977819285834876],[72.84055696028709,18.9768214924454],[72.84012432321529,18.976706310495345],[72.84018466049677,18.976380368060152],[72.84124721788058,18.977066167207973],[72.84140340797623,18.977615666957863],[72.8406899164253,18.980162478085848],[72.84013310006587,18.980171810082474],[72.84042860173473,18.977819285834876]],[[72.82851798455937,18.977107224278864],[72.82869669103084,18.977355630996964],[72.82965822349848,18.977168013843976],[72.82936724087931,18.977613514734042],[72.8290557179499,18.977679923469776],[72.82922954741618,18.977789530742417],[72.8289378510286,18.978165086957635],[72.82719990735974,18.978123357819257],[72.82730449974034,18.97712444029461],[72.82896510730349,18.976634129616663],[72.82900491512883,18.977003457279817],[72.82851798455937,18.977107224278864]],[[72.83842998441725,18.976228631311542],[72.83797104222843,18.97609632406248],[72.83794678211736,18.975691172334628],[72.83847661897914,18.97571378265442],[72.8385186505421,18.975002975556027],[72.8383136173651,18.974956583983687],[72.83822428529061,18.974508333019447],[72.83848409941828,18.974415131375693],[72.83855415264652,18.97400737918481],[72.84006218977393,18.97401413091926],[72.84051313861225,18.975983099809188],[72.8402607431263,18.976189788028602],[72.83842998441725,18.976228631311542]],[[72.82854041546315,18.975212258031647],[72.82839763525826,18.974722006844654],[72.82932709587467,18.974502307692475],[72.82941702736026,18.974960742175448],[72.82854041546315,18.975212258031647]],[[72.83772953117558,18.972397626305504],[72.83843004622905,18.97261802327942],[72.83832488786258,18.97323668526021],[72.8378522040894,18.973176061416275],[72.83772953117558,18.972397626305504]],[[72.82607023345662,18.97068754421504],[72.82557903240233,18.970673542684782],[72.82539071530645,18.970178002332894],[72.82796894559948,18.96979244722457],[72.82796037647472,18.970515077783382],[72.82607023345662,18.97068754421504]],[[72.82864315541173,18.969978149276844],[72.82821988906876,18.969693974704644],[72.82854164965728,18.969551866917882],[72.82859371630911,18.9691640989342],[72.82919013698141,18.969989965855476],[72.82864315541173,18.969978149276844]],[[72.8269193340437,18.969157946437175],[72.82702880057184,18.969572125462236],[72.82595073162109,18.969743190064875],[72.82577395215061,18.96919265978788],[72.8268250373075,18.96857025326562],[72.8269193340437,18.969157946437175]],[[72.8280768016825,18.96861257477474],[72.82793993352274,18.96827779629447],[72.8283622799665,18.968127801375115],[72.8280768016825,18.96861257477474]],[[72.83521604339019,18.965432391758085],[72.83571302106908,18.965408339742336],[72.8358232498003,18.96623839966995],[72.83598867142551,18.966233845338706],[72.83497836284118,18.966790030889033],[72.83290671950661,18.96714700312372],[72.83264560135913,18.965637252712643],[72.83521604339019,18.965432391758085]],[[72.83909543595685,18.965513671436526],[72.83954836715981,18.96536713343084],[72.83965032840803,18.96567547689573],[72.84050751272837,18.96545480578029],[72.84066240052871,18.96588845951175],[72.83933411616542,18.966156733331303],[72.83909543595685,18.965513671436526]]]}},{"type":"Feature","properties":{"layer":"DP_0","label":"DP Zone","confidence":"high","SUBURBS":"CITY","ZONE_CODE2":"I"},"geometry":{"type":"Polygon","coordinates":[[[72.84213409363784,18.985149198022167],[72.84272073404226,18.98316221790054],[72.84407746030331,18.982951562313865],[72.84536554236044,18.982440783047977],[72.84665224900328,18.981886783865974],[72.84657841503302,18.98142877763702],[72.85011523194774,18.97998419341554],[72.8500492417621,18.97895628760117],[72.85566206042787,18.97782179827018],[72.85541037137793,18.976713406649495],[72.84997096638666,18.977794739840906],[72.84955597622397,18.977545363521145],[72.84940063841634,18.976674516306204],[72.84957129184392,18.97644534054815],[72.85109666365526,18.976133278509625],[72.85146604105121,18.976564944500183],[72.85586494095608,18.97565996373373],[72.85590482950604,18.97537801883897],[72.85544480112989,18.974572226537973],[72.85103652389324,18.975494673738066],[72.85092992733632,18.975061309942003],[72.84988558048961,18.975188435031278],[72.84977326997138,18.974717148814683],[72.85411089253651,18.973683159963375],[72.8537047201328,18.97208706722387],[72.85328995111627,18.972197656546268],[72.85335388978412,18.972469822727536],[72.8521034416038,18.97279901387624],[72.84898365384093,18.973429203022885],[72.84888301886419,18.97327375605228],[72.84875131731741,18.97271147135599],[72.84983935060534,18.972426641181748],[72.84977313141526,18.972191472746772],[72.84933384786657,18.972309319547556],[72.84925002481658,18.970979990638504],[72.8494744466558,18.970960985627517],[72.84908426755065,18.970272106721918],[72.85300062261629,18.969719606708196],[72.85297908429825,18.969291786130817],[72.85072271133556,18.969435683817853],[72.85113781342126,18.969263249659424],[72.85115576304342,18.968893268209513],[72.85215308686087,18.968715349404068],[72.85229654806533,18.967807686422905],[72.85141102231741,18.96783453184606],[72.85118609691735,18.967018741487387],[72.85038234478246,18.967161757035104],[72.85041491685493,18.966340648166685],[72.84982710483948,18.96633665185428],[72.84977868861976,18.966037820422102],[72.85005405787918,18.965986530453822],[72.8493755678221,18.96339541192172],[72.84767160253776,18.96375085085266],[72.84746976635647,18.963478689069873],[72.84655710898835,18.963623059397765],[72.84543606458102,18.96331059195676],[72.84468285152022,18.96346622318482],[72.8450822510857,18.96409411931446],[72.84672433174069,18.96434640695169],[72.84711289996123,18.9654033636729],[72.8472189142052,18.967065244006687],[72.84574529619229,18.967395073826154],[72.8458731559065,18.969921082602234],[72.84536606881342,18.97204900521747],[72.84347112516797,18.971737813309538],[72.84309620746592,18.972760165445],[72.8424983452921,18.97266518025115],[72.84245379320822,18.972136359116558],[72.84206976426624,18.972304553128527],[72.84211871192966,18.972764434435582],[72.8413673378859,18.972505463207458],[72.84124206450475,18.972808988983058],[72.84041739850983,18.97284910184034],[72.84019009807345,18.973875041257717],[72.84075368466877,18.973561623743272],[72.84091877959143,18.973923012905487],[72.84398525752827,18.974097405109344],[72.84413900605202,18.975401034250286],[72.84435867554687,18.9754898936203],[72.84242901453065,18.97552868439601],[72.8429873372167,18.976392834784104],[72.84236990784167,18.977492329013444],[72.84276450238323,18.97766354012225],[72.84299627977985,18.97812890481546],[72.84321455926052,18.977728883969377],[72.84277435842176,18.978639299366442],[72.84310289214356,18.978997967254926],[72.84318844014386,18.979785176401112],[72.84337763335577,18.97982074381989],[72.8427374214503,18.982664106405547],[72.84233549788712,18.982577890605945],[72.84241136616458,18.982273001215933],[72.84174767903345,18.982113059451333],[72.84163415350557,18.982517072118473],[72.8408876042205,18.98234289751172],[72.84087492352283,18.982545697730192],[72.84109579873396,18.98270876591162],[72.84090083681318,18.982985866489198],[72.84099576278533,18.98338890891494],[72.84167743342596,18.983547083532937],[72.841729062446,18.9846671498573],[72.8414831860816,18.98513404802046],[72.84213409363784,18.985149198022167]],[[72.84630479692792,18.97414572488638],[72.84637135701027,18.972970039090168],[72.84595114283991,18.97287717276487],[72.84614415787709,18.97248290311379],[72.84820291745902,18.972430032888607],[72.84837319984052,18.973974163789716],[72.84630479692792,18.97414572488638]]]}},{"type":"Feature","properties":{"layer":"DP_0","label":"DP Zone","confidence":"high","SUBURBS":"CITY","ZONE_CODE2":"R"},"geometry":{"type":"Polygon","coordinates":[[[72.83334726651756,19.01368777910706],[72.83364921993942,19.013362958341467],[72.83326676827116,19.012805890738534],[72.83595865129286,19.010232955460474],[72.83751603630886,19.009111963432577],[72.83509705828948,19.005150390654805],[72.83334137004371,18.999903800690355],[72.83302191446653,18.996401940056657],[72.83313351994744,18.988121837429148],[72.8270983891937,18.981471086127556],[72.82649061105703,18.981384883907307],[72.82635538056194,18.98100540131428],[72.82186267354233,18.980089142118224],[72.82448710266254,18.98358636769205],[72.8247550759356,18.984633100444018],[72.81670673395857,19.000085327947648],[72.81577062885071,19.001230592722706],[72.81572695797092,19.00264563562505],[72.81662998761969,19.00415487046138],[72.8179226611992,19.005444262355255],[72.81842334410011,19.00709546169614],[72.82059847805792,19.010811887933315],[72.822253989574,19.01234025994338],[72.82447623442756,19.013468816361822],[72.82978116722413,19.016842563996445],[72.83177686145167,19.015865213446272],[72.83334726651756,19.01368777910706]],[[72.82809582534706,19.013028286499086],[72.82821477765921,19.012809196809634],[72.82920970929956,19.01310215304935],[72.82898847509576,19.013511491698644],[72.82809582534706,19.013028286499086]],[[72.83085240084601,19.0118450505967],[72.83076298570026,19.01136075489489],[72.82998792766342,19.010922320668797],[72.83001209124468,19.009841959015564],[72.83028475751257,19.009396107157002],[72.83106233727777,19.010151044324807],[72.83078518324194,19.01032296915664],[72.8309006005146,19.010479189923398],[72.8311701154157,19.010289291155352],[72.83175167625309,19.01106089420686],[72.8312861940123,19.011787637726027],[72.83085240084601,19.0118450505967]],[[72.82645138185083,19.010044525095594],[72.82629665772343,19.010077693978367],[72.82629924459462,19.009496586607135],[72.82576938587155,19.009492849613927],[72.82576904157189,19.008913964152306],[72.82518102827078,19.008944474159023],[72.82508725176241,19.01008988373972],[72.8238767777035,19.0100188423484],[72.82389657777217,19.007562628686596],[72.82365939171058,19.00640485323559],[72.82604994132082,19.0063939561005],[72.82592779091055,19.00766567301797],[72.82643836307732,19.00856944450527],[72.82687997979485,19.008570140362465],[72.82712737168076,19.009390545933414],[72.82644193779183,19.009389792827452],[72.82645138185083,19.010044525095594]],[[72.82379069073228,19.010069706049777],[72.82335304147425,19.01022943205005],[72.82315325980308,19.00960989398991],[72.82368078415752,19.00954008817393],[72.82379069073228,19.010069706049777]],[[72.8180883274322,18.998681494336353],[72.81781765121244,18.998932729719648],[72.81793235023972,18.999282328744854],[72.8182559557138,18.99916378741996],[72.81836655062413,18.999941264810715],[72.81857853548394,19.000043346989514],[72.81978637229268,19.0000454316338],[72.81978969231358,18.99869747374296],[72.82044944176455,18.998540743368583],[72.82160540084577,18.998485257330007],[72.82182193421754,18.99953921148294],[72.82001819063454,18.999744522700365],[72.82005852836265,19.000354281909395],[72.81965445115334,19.000547835411325],[72.81930579190283,19.000270774559144],[72.8184861119554,19.00070739648825],[72.81761265864155,18.998955308858235],[72.8177285978244,18.998700560794294],[72.8180883274322,18.998681494336353]],[[72.8305691081093,18.99525852771831],[72.83018153147955,18.995064418690024],[72.82964511598192,18.993853440061084],[72.82990369188597,18.99373890791115],[72.82990690096592,18.993408775102974],[72.83102417202466,18.993480280073076],[72.83098511825999,18.994028029672858],[72.83126220591193,18.994069009285358],[72.831196785978,18.995135505468866],[72.8305691081093,18.99525852771831]],[[72.83006918798586,18.990560876619966],[72.83002001066598,18.990314256539747],[72.829400190853,18.99036764276162],[72.829415568298,18.990121666115105],[72.82879814809961,18.990167413424654],[72.82883966761364,18.98937910466487],[72.83158964683992,18.989522223402716],[72.83143649743131,18.990451965307827],[72.83006918798586,18.990560876619966]],[[72.82432315000588,18.98580955155179],[72.82557176014633,18.98849628316174],[72.82493971859323,18.988825124222974],[72.82392900597057,18.986557342801508],[72.82432315000588,18.98580955155179]]]}},{"type":"Feature","properties":{"layer":"DP_0","label":"DP Zone","confidence":"high","SUBURBS":"CITY","ZONE_CODE2":"NA"},"geometry":{"type":"Polygon","coordinates":[[[72.86788721291856,19.01060716635364],[72.86894155735139,19.009664069980214],[72.86902104583959,19.008528516728596],[72.86939391662132,19.008672128206943],[72.87098901148325,19.004450560072005],[72.86972642700852,19.004882748550127],[72.86884982424458,19.004663529822807],[72.86713526548094,19.00365792084896],[72.86602781049999,19.00430236595471],[72.8657240774679,19.00349226634005],[72.86497957727512,19.002766698188516],[72.8640765505592,19.00215879172091],[72.86307512805617,19.001878357616643],[72.86233932409861,19.001939285453876],[72.86239911699465,19.00229216333599],[72.86095438467827,19.00256926400859],[72.86118566391545,19.005063364239852],[72.86174496788212,19.00566641199314],[72.86215218564124,19.005667697846285],[72.86223601221528,19.00645343109033],[72.86192289842738,19.006464531550737],[72.86289314497797,19.00801723676457],[72.8633907694143,19.00800241814395],[72.86376236838257,19.00752059813584],[72.86436201074021,19.007806893561447],[72.8648190874623,19.006549188400264],[72.8688840894639,19.00846400510858],[72.86863534075157,19.00977487540934],[72.86788721291856,19.01060716635364]]]}},{"type":"Feature","properties":{"layer":"DP_0","label":"DP Zone","confidence":"high","SUBURBS":"CITY","ZONE_CODE2":"R"},"geometry":{"type":"Polygon","coordinates":[[[72.85625422916608,19.010586811850033],[72.86308510058909,19.01521873208398],[72.86198021213377,19.01140342574713],[72.86122037997447,19.01174895997189],[72.86055531344432,19.01244972278379],[72.85894158851951,19.007942871089075],[72.85657001245825,19.006523026631374],[72.85572837493802,19.005450268747314],[72.85557197343034,18.999993201781386],[72.85473200553173,18.997443532729008],[72.85395126167982,18.997764576825247],[72.85319569237227,18.99618282694627],[72.85292494043672,18.99605176898545],[72.85314868218153,18.998021421927078],[72.8522716915015,18.99810703616382],[72.85186160988738,18.99754084381223],[72.85143183743219,18.997609631898673],[72.85147908995208,18.99817115159775],[72.85090989768811,18.998270773064203],[72.85055570370109,18.998066038190714],[72.85074002735011,18.997679001469578],[72.85060995113814,18.997222358434005],[72.85091407699419,18.997172050827672],[72.8508089681659,18.996369254590828],[72.85033299210112,18.99648537819492],[72.85026638823439,18.996141284144453],[72.8506925129587,18.99565972373963],[72.85151368423546,18.995321621104658],[72.85146399304945,18.99455843708191],[72.85126478630077,18.994584680688494],[72.8513378986048,18.995012794251714],[72.8508812575045,18.99516741030645],[72.85072708570722,18.994308527418127],[72.84873319776077,18.994838942743463],[72.84827063561585,18.992912078502314],[72.84766354347002,18.99179641531681],[72.8490064011817,18.99141712719432],[72.85109434830711,18.99305055213232],[72.84989754447872,18.99329543231186],[72.85004230603678,18.99381834701238],[72.85130835443908,18.99352676085097],[72.85272382520844,18.994756004828226],[72.85043709741726,18.99054900180561],[72.85011428434994,18.99070763604268],[72.84790112727588,18.986005051077655],[72.84609446800178,18.986750456153832],[72.84662789508633,18.98791209036152],[72.84497067630696,18.98785141700066],[72.84372697810765,18.986968357653513],[72.84295439903735,18.986020849425564],[72.84255711974052,18.98488928179995],[72.84260679649375,18.983179813102268],[72.84143468878203,18.98804885834364],[72.83529347795567,18.988498436070703],[72.83317046323452,18.98812847553219],[72.83310457032283,18.998340398331003],[72.8336463507387,19.00126028518775],[72.83419625186905,19.002905135883577],[72.83595221211621,19.006758062878173],[72.84284051500275,19.016966055091967],[72.8475626809167,19.013150501208347],[72.85483973578036,19.011179180245946],[72.85495245494015,19.010949476529035],[72.85625422916608,19.010586811850033]],[[72.83314992700942,18.997351188846817],[72.83319425008656,18.996311749525976],[72.83416500949356,18.996297850305393],[72.83421560332081,18.99527075853223],[72.83646208324127,18.995375219482366],[72.83731631569096,18.997016907602674],[72.83748169689689,18.998071587217765],[72.83628351175786,18.99817899231324],[72.83610722759597,18.997402651941684],[72.83444950638595,18.997197999977],[72.8344388440262,18.997721688022573],[72.83383071265136,18.997800856205668],[72.83470841141492,18.998659232684243],[72.83571168154202,18.999068939389325],[72.83657483011253,19.00197360524087],[72.83680358511022,19.003133094180917],[72.83584142783842,19.004633092120606],[72.83575297269448,19.006092384323118],[72.83405790048779,19.002079453152227],[72.83314992700942,18.997351188846817]],[[72.85052228027969,18.999276054418644],[72.85034874927423,18.998629560293292],[72.85148785441459,18.99824763723926],[72.85164793932778,18.99960446079571],[72.85221476451945,18.99954653556732],[72.85223098487242,19.000491282371765],[72.85087116330946,19.000318794349663],[72.85052228027969,18.999276054418644]],[[72.84930523446855,18.996759609395788],[72.8499926849968,18.99812653037455],[72.84914271618412,18.998517309464855],[72.84894485876494,18.99903683986734],[72.8485719665788,18.999243648988553],[72.84825868070148,18.998842763380008],[72.84853925741017,18.998662551400695],[72.84838475556637,18.998459860960494],[72.84858327165767,18.9981936032357],[72.8482023510798,18.99730530668967],[72.84880646008558,18.99696859558021],[72.84882557627559,18.996723845617197],[72.84917952072523,18.996593070482966],[72.84930523446855,18.996759609395788]],[[72.83959664850748,18.993555953326855],[72.84007899822276,18.99338137678988],[72.84000148792437,18.992897392225668],[72.84179854833556,18.99230465049174],[72.84217044970082,18.993808889474657],[72.84183694291161,18.993744241726912],[72.84191465464103,18.994251751258254],[72.83960421584918,18.99484870715151],[72.83959664850748,18.993555953326855]],[[72.84092737636097,18.992155675130363],[72.84089585036003,18.992003071839157],[72.84011571025718,18.992125748544506],[72.84005615294188,18.991533356668935],[72.84146379682178,18.99133161468136],[72.84122176415066,18.991807697422256],[72.84157976773172,18.991736176109345],[72.84116120222946,18.992270849129397],[72.84092737636097,18.992155675130363]],[[72.8368161687864,18.991385427765312],[72.83690222733544,18.991493141383035],[72.83683413782207,18.991498162196034],[72.8368161687864,18.991385427765312]],[[72.83769727297455,18.991418550284532],[72.83784921590093,18.991410448164903],[72.83785849242088,18.99156411984044],[72.83770607362521,18.991572472774184],[72.83769727297455,18.991418550284532]],[[72.8456233818079,18.990637352998302],[72.84428016775547,18.989472412045313],[72.8448676920671,18.98897545324812],[72.84426918976764,18.988061627181356],[72.84548656920758,18.988549833858617],[72.84700281107101,18.9895941242251],[72.84634620614862,18.990598882582997],[72.8456233818079,18.990637352998302]],[[72.83753325254577,18.98910121221336],[72.83820190178947,18.989763007614762],[72.83823844036058,18.990485207413332],[72.83589709178257,18.990420048703257],[72.8359162973165,18.988847150105485],[72.83681804983362,18.988599773406523],[72.83753325254577,18.98910121221336]]]}},{"type":"Feature","properties":{"layer":"DP_0","label":"DP Zone","confidence":"high","SUBURBS":"CITY","ZONE_CODE2":"C"},"geometry":{"type":"Polygon","coordinates":[[[72.87573773024855,19.04891879069646],[72.87521845405483,19.04912910405232],[72.87497601635631,19.04942501119572],[72.87573773024855,19.04891879069646]]]}},{"type":"Feature","properties":{"layer":"DP_0","label":"DP Zone","confidence":"high","SUBURBS":"CITY","ZONE_CODE2":"R"},"geometry":{"type":"Polygon","coordinates":[[[72.86857907047316,19.05158152222693],[72.86885884926068,19.05129555648289],[72.87102149834031,19.0511339155555],[72.87199249804044,19.049946897180586],[72.87370265632684,19.049897194399342],[72.87594043755767,19.048857224842923],[72.87663417254599,19.0490290953348],[72.8780267760749,19.047554089746534],[72.87852598175918,19.047878986616208],[72.8783375294592,19.047659712746203],[72.8789426883405,19.047671119077677],[72.8796644805114,19.046748648395933],[72.87961774198233,19.046533589213038],[72.87870967963768,19.046274852755445],[72.87878099833884,19.04598616776415],[72.87961259183575,19.046169951510493],[72.87945534065817,19.045655403154306],[72.87968030936695,19.044656291617287],[72.87918361161834,19.044539984027214],[72.87943631621852,19.042778058738833],[72.87638566596443,19.041736545845822],[72.8756307972353,19.04169375377585],[72.87617289240224,19.041636356464576],[72.87374043694135,19.040731116989274],[72.87378790542114,19.03851598354083],[72.86944220969472,19.03848488456537],[72.8698882086906,19.037321044411932],[72.87043893066132,19.03726785620146],[72.8706348254382,19.03654645507546],[72.8729595250666,19.036584537759055],[72.8725208661683,19.03590057755794],[72.87253399087429,19.033670500981998],[72.8712747104824,19.033661506741275],[72.87206359237109,19.032234551639096],[72.87349267003538,19.031904330984688],[72.8722701824063,19.028065760633183],[72.87351137967096,19.027845834894347],[72.87417313590389,19.026964798489733],[72.8741610889632,19.026019084850272],[72.8736620621985,19.024773402051835],[72.87685576908609,19.024084696023838],[72.87674978658949,19.02350789877599],[72.87720872001024,19.023545893226046],[72.87720504231693,19.02296560008461],[72.87792525906438,19.02139471689298],[72.87817312886938,19.021386084833356],[72.8765500037661,19.02018929563253],[72.8758544346071,19.01744220381203],[72.87476411112344,19.01518774595903],[72.87441080124847,19.014561619537087],[72.87057651270972,19.017416530694337],[72.86879474310145,19.01773621161886],[72.86811512758923,19.016186237530842],[72.86734137602862,19.015593299723545],[72.8659747559094,19.013819542772776],[72.86629976795,19.012700279153663],[72.86542687556275,19.01281974696501],[72.86378298845788,19.015042864493466],[72.86310068946705,19.01492550175662],[72.86319166697515,19.015293136315954],[72.85630454876676,19.010530569182865],[72.85495245494015,19.010949476529035],[72.85483973578036,19.011179180245946],[72.84740424192596,19.01323231236993],[72.84284051500275,19.016966055091967],[72.86737674324387,19.05237393071786],[72.86798850949465,19.052339965719003],[72.86857907047316,19.05158152222693]],[[72.86859911919551,19.044025251504817],[72.86911010757754,19.045782628335154],[72.86884722072662,19.04593274030523],[72.86900976082524,19.046465489880305],[72.86871732777203,19.0466534051906],[72.86763861465047,19.044345134283123],[72.86859911919551,19.044025251504817]],[[72.86774350131554,19.04350551702671],[72.86718385974743,19.043339336514524],[72.86781970416821,19.042828690999013],[72.86813830497711,19.04312889103065],[72.86774350131554,19.04350551702671]],[[72.86540597043208,19.03966801422157],[72.86611674552294,19.040476655631767],[72.86570884907822,19.040878320241564],[72.86494498191432,19.040038742367475],[72.86540597043208,19.03966801422157]],[[72.8743206441174,19.024435181967032],[72.87421383412983,19.024164063799752],[72.87385753065988,19.0242359971322],[72.87346248662739,19.023546595675107],[72.87393483543586,19.022552297052435],[72.8749308546851,19.022439961330374],[72.87484955780562,19.022075062981354],[72.8744723327719,19.022109201025337],[72.87423900416209,19.02090949302209],[72.87487730553813,19.020825381483455],[72.87617440423567,19.022775310671232],[72.8765044319053,19.02409291501376],[72.8743206441174,19.024435181967032]],[[72.86816760459719,19.020667008310944],[72.86873239583583,19.02130649670112],[72.86794671942131,19.02147490610915],[72.86801436953296,19.021717160041717],[72.86773333205525,19.021754805746102],[72.86763694138153,19.02128495548117],[72.86677571206545,19.020324963208665],[72.8660063935969,19.020475936090392],[72.8656894982865,19.019140440652208],[72.8658091982571,19.01880299427947],[72.86668612145415,19.01903956553302],[72.86816760459719,19.020667008310944]]]}},{"type":"Feature","properties":{"layer":"DP_0","label":"DP Zone","confidence":"high","SUBURBS":"CITY","ZONE_CODE2":"NA"},"geometry":{"type":"Polygon","coordinates":[[[72.8793522666239,19.047738845935726],[72.8799871755936,19.046914979189683],[72.87978717485954,19.04564156040072],[72.88072770787595,19.04213360882554],[72.8813815668541,19.037515031166897],[72.88085233139913,19.03479414339388],[72.87878365307937,19.030647533612907],[72.87737783285196,19.025576676097366],[72.87729739591865,19.023928440928984],[72.87822772896332,19.02152983780654],[72.87797270353724,19.021272036906637],[72.87720504231693,19.02296560008461],[72.8772088305719,19.023545993928998],[72.87678959037895,19.023445831752753],[72.87685378973647,19.024073927922718],[72.87669101381591,19.024104137557533],[72.87797657590127,19.03025712517392],[72.87820375826175,19.0302634098299],[72.88032780253862,19.03473313666024],[72.88107749687386,19.036799717285348],[72.88112897450313,19.03775152193448],[72.88050015073517,19.041401619831984],[72.87957262770294,19.041612569193425],[72.87945153074514,19.042601468162896],[72.87617276748924,19.041636307912633],[72.87552969754748,19.041654851622763],[72.87625351060541,19.04169206022605],[72.87944015090955,19.042714557398053],[72.87920613625383,19.04444072926574],[72.87968030936695,19.044656291617287],[72.87944387583462,19.04555702789886],[72.87957608464633,19.04603465145475],[72.87878689911341,19.045987502194222],[72.87870562124273,19.04626667115363],[72.87961761736847,19.046533540666463],[72.8796644805114,19.046748648395933],[72.87896658691032,19.04766709967891],[72.8784621329124,19.047603003430087],[72.87857497241474,19.047885883434933],[72.8793522666239,19.047738845935726]]]}},{"type":"Feature","properties":{"layer":"DP_0","label":"DP Zone","confidence":"high","SUBURBS":"CITY","ZONE_CODE2":"NA"},"geometry":{"type":"Polygon","coordinates":[[[72.88404801880311,19.015360855979296],[72.88497844656614,19.009768645404133],[72.88194201476756,19.007502645577624],[72.8807203199894,19.007249651423386],[72.87841165241032,19.00602820831471],[72.87514766564539,19.005841353761806],[72.87278449017695,19.006441530949203],[72.87222038083493,19.006345418026804],[72.87175238147435,19.00610103935256],[72.87098901148325,19.004450560072005],[72.8694192245615,19.008674235405483],[72.86902104583959,19.008528516728596],[72.86894155735139,19.009664069980214],[72.86661168434378,19.0119076215423],[72.86588659561922,19.01349175226519],[72.86698551984922,19.015181342423624],[72.8682240128151,19.016348624498068],[72.86873059488455,19.017716230473667],[72.87054340660856,19.01744230070964],[72.87432540947368,19.014597172993167],[72.8758544346071,19.01744220381203],[72.8765500037661,19.02018929563253],[72.87822506772149,19.02132801180161],[72.88093586895995,19.01834274216415],[72.8835750536287,19.01617050384497],[72.88404801880311,19.015360855979296]]]}},{"type":"Feature","properties":{"layer":"DP_0","label":"DP Zone","confidence":"high","SUBURBS":"CITY","ZONE_CODE2":"R"},"geometry":{"type":"Polygon","coordinates":[[[72.85448953295213,19.03373474668981],[72.83751603630886,19.009111963432577],[72.83595865129286,19.010232955460474],[72.83326676827116,19.012805890738534],[72.83364921993942,19.013362958341467],[72.83206195917047,19.0155801240403],[72.8298689293233,19.016927233908437],[72.83444841415245,19.022809757120584],[72.83859345359537,19.03085627166236],[72.83898867090242,19.03706496384157],[72.84011528996172,19.042844258640528],[72.838473490907,19.046189225194347],[72.83818541755264,19.048271967457058],[72.83842344638066,19.04831156534475],[72.83843880211579,19.04755979301247],[72.8403544316238,19.0475511178675],[72.84145933995731,19.047991650448083],[72.84320127657361,19.049205331012843],[72.84585087434938,19.043213569161374],[72.84711937110401,19.041802001044683],[72.84771848274926,19.04029801942138],[72.84790436182777,19.040313796777077],[72.84814657200612,19.038140747319563],[72.84884584938357,19.03702813544086],[72.85050152135099,19.03550882437392],[72.85433456907758,19.033687952535796],[72.85457987097516,19.034416229829304],[72.8561020937218,19.036715327261913],[72.85866659603566,19.03997977610494],[72.86296075751437,19.046311163111493],[72.86252260159709,19.046738561693285],[72.86526318130707,19.050614741998302],[72.86486978995603,19.05092635509356],[72.86584297621737,19.05236955080967],[72.86737674324387,19.05237393071786],[72.85448953295213,19.03373474668981]],[[72.84542467196457,19.03651077628998],[72.84649810222807,19.0366380161369],[72.84655256996483,19.037458922614665],[72.84625243359187,19.03753738330123],[72.84622326699088,19.03708145367003],[72.84485237944496,19.037198326614863],[72.84466333221256,19.03702846973237],[72.8449771129298,19.036761622843994],[72.84458801181398,19.036331053416927],[72.84551315658818,19.03629718219614],[72.84542467196457,19.03651077628998]],[[72.83828038205927,19.04754715976932],[72.83828032782262,19.047551346476684],[72.83825270524751,19.047547444266336],[72.83828038205927,19.04754715976932]],[[72.84324165914451,19.025618066584],[72.84314669915577,19.024783040603616],[72.84208162652607,19.025014667193155],[72.84198455567058,19.02542932983622],[72.84089179275584,19.025290154414737],[72.84079584646797,19.024826039604875],[72.841125243293,19.0242452487212],[72.84161481725731,19.024469964823233],[72.84487609098393,19.023843216235854],[72.84519091051762,19.02456495473096],[72.84417187421192,19.02481426033952],[72.84404033349394,19.025109541206135],[72.84389346655219,19.02476603928792],[72.84368413449009,19.024818347720725],[72.84420626631034,19.025528518169953],[72.84374559587168,19.025960585720814],[72.84338504084262,19.02605946864976],[72.84324165914451,19.025618066584]],[[72.83927426954341,19.02105587783837],[72.83964438328074,19.021041273820792],[72.83974101306133,19.021251898132242],[72.83940787164742,19.021554978027382],[72.83927426954341,19.02105587783837]],[[72.83987553745092,19.01772901824837],[72.83918827315806,19.016601917261877],[72.83974370328646,19.016270820481175],[72.84109846031963,19.017366977161362],[72.8404857921228,19.01786586815607],[72.84056017458587,19.01813365552196],[72.83987553745092,19.01772901824837]],[[72.83917523192582,19.016187866789213],[72.83931429794582,19.01636072160236],[72.83908677074733,19.016502654485432],[72.83827207168406,19.015936681404643],[72.83876211321427,19.015510468489374],[72.83917523192582,19.016187866789213]],[[72.83767916200175,19.014001379666126],[72.8383408504828,19.014568879783685],[72.83782962691697,19.01495093842372],[72.83718685163649,19.01446221054544],[72.83767916200175,19.014001379666126]],[[72.83423209178152,19.011955864723795],[72.83438997572395,19.012086581979172],[72.83411319140218,19.012361021017014],[72.83396637955568,19.012194277637384],[72.83423209178152,19.011955864723795]],[[72.8345603714513,19.012091586514156],[72.83435404355718,19.011896497243953],[72.83500000247575,19.011243441884734],[72.83538945932548,19.01158443716885],[72.83469958341615,19.012223215789312],[72.8345603714513,19.012091586514156]]]}},{"type":"Feature","properties":{"layer":"DP_0","label":"DP Zone","confidence":"high","SUBURBS":"CITY","ZONE_CODE2":"I"},"geometry":{"type":"Polygon","coordinates":[[[72.83335283705222,18.960570907938294],[72.83326681322512,18.959672616721136],[72.83301623299765,18.95969779523049],[72.83279047513933,18.96017356372757],[72.83307263279424,18.960581322173407],[72.83335283705222,18.960570907938294]]]}},{"type":"Feature","properties":{"layer":"DP_0","label":"DP Zone","confidence":"high","SUBURBS":"CITY","ZONE_CODE2":"I"},"geometry":{"type":"Polygon","coordinates":[[[72.82577853152596,18.9615612666456],[72.82620472484494,18.9615551620805],[72.82618381813624,18.960698322931655],[72.82488404477284,18.96103045448459],[72.8250336382452,18.961568302054246],[72.82577853152596,18.9615612666456]]]}},{"type":"Feature","properties":{"layer":"DP_0","label":"DP Zone","confidence":"high","SUBURBS":"CITY","ZONE_CODE2":"I"},"geometry":{"type":"Polygon","coordinates":[[[72.82486824987912,18.965009067752952],[72.82479890636999,18.964454189584615],[72.82415298808107,18.964935381098858],[72.82373578924418,18.963822542065753],[72.82083766382334,18.964066452963912],[72.82035834727148,18.96459562541601],[72.82501991434285,18.966322051851936],[72.82486824987912,18.965009067752952]]]}},{"type":"Feature","properties":{"layer":"DP_0","label":"DP Zone","confidence":"high","SUBURBS":"CITY","ZONE_CODE2":"I"},"geometry":{"type":"Polygon","coordinates":[[[72.83400900857617,18.96701542040935],[72.83598867142551,18.966233845338706],[72.8358232498003,18.96623839966995],[72.83571576633966,18.965444549337406],[72.8326326831718,18.96559752812048],[72.83290499895024,18.967097518817855],[72.83400900857617,18.96701542040935]]]}},{"type":"Feature","properties":{"layer":"DP_0","label":"DP Zone","confidence":"high","SUBURBS":"CITY","ZONE_CODE2":"I"},"geometry":{"type":"Polygon","coordinates":[[[72.82834944825049,18.968192977864287],[72.82798036348002,18.968263081343938],[72.8280768016825,18.96861257477474],[72.82834944825049,18.968192977864287]]]}},{"type":"Feature","properties":{"layer":"DP_0","label":"DP Zone","confidence":"high","SUBURBS":"CITY","ZONE_CODE2":"I"},"geometry":{"type":"Polygon","coordinates":[[[72.82686758612877,18.96960432432199],[72.8270303033279,18.969578209505567],[72.8268514882877,18.968699208943296],[72.82574027682051,18.96913544054853],[72.8259253072297,18.969663350781996],[72.82686758612877,18.96960432432199]]]}},{"type":"Feature","properties":{"layer":"DP_0","label":"DP Zone","confidence":"high","SUBURBS":"CITY","ZONE_CODE2":"I"},"geometry":{"type":"Polygon","coordinates":[[[72.82914990511757,18.969911647940506],[72.82858152263242,18.969059998227376],[72.8286285397666,18.96946139852725],[72.82820701847658,18.969802882750443],[72.82869507859415,18.97014508938584],[72.82914990511757,18.969911647940506]]]}},{"type":"Feature","properties":{"layer":"DP_0","label":"DP Zone","confidence":"high","SUBURBS":"CITY","ZONE_CODE2":"I"},"geometry":{"type":"Polygon","coordinates":[[[72.82643534209583,18.97064571382146],[72.82785353414235,18.970528374260137],[72.82804129847307,18.969899245945676],[72.82538828576475,18.970167978166923],[72.82552593895662,18.970577136034557],[72.82643534209583,18.97064571382146]]]}},{"type":"Feature","properties":{"layer":"DP_0","label":"DP Zone","confidence":"high","SUBURBS":"CITY","ZONE_CODE2":"I"},"geometry":{"type":"Polygon","coordinates":[[[72.81403849704115,18.970895668858773],[72.81494401808938,18.970736441348066],[72.81496421228422,18.969778064298314],[72.81406266496103,18.969683819018705],[72.81389873724639,18.971040048951416],[72.81403849704115,18.970895668858773]]]}},{"type":"Feature","properties":{"layer":"DP_0","label":"DP Zone","confidence":"high","SUBURBS":"CITY","ZONE_CODE2":"I"},"geometry":{"type":"Polygon","coordinates":[[[72.8147815138836,18.97234475195868],[72.81484211432307,18.97199689581248],[72.81401098506717,18.971779009094252],[72.81420014952849,18.97222988261423],[72.8147815138836,18.97234475195868]]]}},{"type":"Feature","properties":{"layer":"DP_0","label":"DP Zone","confidence":"high","SUBURBS":"CITY","ZONE_CODE2":"I"},"geometry":{"type":"Polygon","coordinates":[[[72.82936836428293,18.97455342969153],[72.82839715585663,18.974720035736688],[72.82849444122822,18.975220946430756],[72.82939003704432,18.975052176609807],[72.82936836428293,18.97455342969153]]]}},{"type":"Feature","properties":{"layer":"DP_0","label":"DP Zone","confidence":"high","SUBURBS":"CITY","ZONE_CODE2":"I"},"geometry":{"type":"Polygon","coordinates":[[[72.82900491512883,18.977003457279817],[72.82896510730349,18.976634129616663],[72.82848452224637,18.97666272074272],[72.82851798455937,18.977107224278864],[72.82900491512883,18.977003457279817]]]}},{"type":"Feature","properties":{"layer":"DP_0","label":"DP Zone","confidence":"high","SUBURBS":"CITY","ZONE_CODE2":"I"},"geometry":{"type":"Polygon","coordinates":[[[72.82476555230268,18.914265883564987],[72.82558067905865,18.912964041580697],[72.82540328076925,18.91248448246804],[72.82697725981768,18.911241171855067],[72.82682986510181,18.91038228694845],[72.82492914560858,18.907390605289624],[72.82359389470737,18.908858129690802],[72.82494059852947,18.909992822622186],[72.8253342063632,18.90967987252884],[72.82600815301716,18.91016704360073],[72.8231548260506,18.913444907071305],[72.82448489921082,18.914693194548857],[72.82476555230268,18.914265883564987]]]}},{"type":"Feature","properties":{"layer":"DP_0","label":"DP Zone","confidence":"high","SUBURBS":"WESTERN","ZONE_CODE2":"R"},"geometry":{"type":"Polygon","coordinates":[[[72.7973484796305,19.176795661946826],[72.79791752159292,19.176439125139158],[72.79811729506638,19.17589065687315],[72.79710654409995,19.172993568847694],[72.79599642313967,19.17267416915465],[72.79502724531658,19.172933860289582],[72.79535411614984,19.1738700080866],[72.79549525282587,19.174100607694648],[72.7957317496372,19.174020731399523],[72.7959303910816,19.17447048599959],[72.79654085878852,19.176665039300175],[72.7973484796305,19.176795661946826]]]}},{"type":"Feature","properties":{"layer":"DP_0","label":"DP Zone","confidence":"high","SUBURBS":"WESTERN","ZONE_CODE2":"R"},"geometry":{"type":"Polygon","coordinates":[[[72.79979858672722,19.195935511418966],[72.79932461298084,19.194969870860596],[72.7989051603266,19.195009013777717],[72.79857649430045,19.19546030636735],[72.79899869581335,19.197291162223202],[72.80044773285779,19.197158558202332],[72.79979858672722,19.195935511418966]]]}},{"type":"Feature","properties":{"layer":"DP_0","label":"DP Zone","confidence":"high","SUBURBS":"CITY","ZONE_CODE2":"I"},"geometry":{"type":"Polygon","coordinates":[[[72.84152055373163,18.98766377196751],[72.84208625750401,18.985306763535398],[72.83970135000177,18.985534649282634],[72.83949357980869,18.984294831089837],[72.83844310004739,18.984211347243455],[72.83823384388945,18.98359192419996],[72.83879226716518,18.983368127712414],[72.83851324092292,18.98138590071742],[72.83766107364744,18.981448707540448],[72.83738895368086,18.9807949245231],[72.83638242164655,18.980860120553857],[72.83666755974386,18.98119315767012],[72.83505626866004,18.982423085705012],[72.83542930799283,18.983714653972644],[72.83667830127658,18.983382667588266],[72.83690387221957,18.984020535640745],[72.83696065147973,18.984215815369787],[72.83653234749838,18.984484624314916],[72.83702480469051,18.98542747976077],[72.83603688434874,18.985912602412533],[72.83638553096743,18.986897683221184],[72.8368829960357,18.986776197839077],[72.83705140139219,18.98753457886185],[72.83759798586124,18.98759310717931],[72.83769020628202,18.98835393796559],[72.84139196097804,18.98812334495399],[72.84152055373163,18.98766377196751]]]}},{"type":"Feature","properties":{"layer":"DP_0","label":"DP Zone","confidence":"high","SUBURBS":"CITY","ZONE_CODE2":"I"},"geometry":{"type":"Polygon","coordinates":[[[72.83823844036058,18.990485207413332],[72.83820190178947,18.989763007614762],[72.83719764685623,18.988765096161465],[72.83660442516089,18.988583022359105],[72.8359162973165,18.988847150105485],[72.83579226159681,18.990429489806075],[72.83823844036058,18.990485207413332]]]}},{"type":"Feature","properties":{"layer":"DP_0","label":"DP Zone","confidence":"high","SUBURBS":"CITY","ZONE_CODE2":"I"},"geometry":{"type":"Polygon","coordinates":[[[72.83036429811504,18.990534830129366],[72.83143287063905,18.990542981973505],[72.83158556016082,18.989598040052638],[72.82894427505153,18.989386790294017],[72.82880369784215,18.99012210453266],[72.82941625769675,18.990109505552514],[72.82940523379536,18.990285106273166],[72.83036429811504,18.990534830129366]]]}},{"type":"Feature","properties":{"layer":"DP_0","label":"DP Zone","confidence":"high","SUBURBS":"CITY","ZONE_CODE2":"I"},"geometry":{"type":"Polygon","coordinates":[[[72.84632919719658,18.990476581349508],[72.84700281107101,18.9895941242251],[72.84544193581686,18.988520042901868],[72.84426918976764,18.988061627181356],[72.84483535573611,18.988832758560665],[72.84421556400615,18.989362243466307],[72.84440817898181,18.989651045840745],[72.8457339997182,18.990752242666513],[72.84632919719658,18.990476581349508]]]}},{"type":"Feature","properties":{"layer":"DP_0","label":"DP Zone","confidence":"high","SUBURBS":"WESTERN","ZONE_CODE2":"NA"},"geometry":{"type":"Polygon","coordinates":[[[72.82851554361888,19.22304794390745],[72.82868528997943,19.221872759676884],[72.82773392833495,19.222700538039145],[72.82771320911746,19.223835424898454],[72.82851554361888,19.22304794390745]]]}},{"type":"Feature","properties":{"layer":"DP_0","label":"DP Zone","confidence":"high","SUBURBS":"WESTERN","ZONE_CODE2":"NA"},"geometry":{"type":"Polygon","coordinates":[[[72.91016874267834,19.207595402951377],[72.90898522472067,19.20246850268952],[72.90658114109688,19.19866739017537],[72.90531235894349,19.198399155970744],[72.90509116758258,19.199577245061466],[72.9033539291521,19.19929927270552],[72.9017777013831,19.199486649666337],[72.90104716977507,19.20107472085404],[72.9012184923381,19.201978029322117],[72.90061823574493,19.203487550217524],[72.89983787831439,19.20432105108808],[72.89806277795873,19.207118396240123],[72.89780275633767,19.208871990645104],[72.89744622914048,19.209014879576593],[72.89667792000739,19.208600972826375],[72.89432022752239,19.208541630186893],[72.89400737590125,19.20881048322862],[72.89423212446276,19.21042266235918],[72.89391835542948,19.210763200287165],[72.8922909741066,19.210543734926635],[72.89128774725289,19.210797469025785],[72.89054919740927,19.210713685272562],[72.88959631902746,19.21116157161332],[72.88904147448403,19.212058557385333],[72.88889580470949,19.212827619364038],[72.88920030225903,19.21528315564922],[72.88632672417616,19.215882693497647],[72.88298894132551,19.217004441405138],[72.88323724548468,19.21702407226232],[72.88316257737348,19.21925584959911],[72.88069811786185,19.219250581189588],[72.88057653236908,19.218826251843485],[72.88102806132254,19.218290864707217],[72.88111288656698,19.216804539969672],[72.87854041987639,19.215138158509202],[72.87753779414541,19.214776565567753],[72.87399865043567,19.21943714271107],[72.87109282924925,19.2227750680989],[72.87075560603455,19.222828572473762],[72.86982485783929,19.223825513686347],[72.86969763246876,19.22472089782933],[72.86833709763644,19.226129239109508],[72.86731825858567,19.22799379125973],[72.86718986012303,19.22937694003352],[72.86619997348416,19.229610075423366],[72.86504050628787,19.230494110359746],[72.86383158067389,19.231039828503643],[72.86379866343276,19.23264923229642],[72.86405210089252,19.23304904403158],[72.86624673477428,19.23137090342742],[72.86815906142354,19.230438721998116],[72.86737105899104,19.23098570815797],[72.86917186920871,19.23012959570965],[72.870695188147,19.230271119687533],[72.87172130416688,19.231631787246773],[72.87193423832419,19.232259728715015],[72.87162357550616,19.233833003391837],[72.87323646018497,19.236648104862113],[72.87371889087365,19.23847252446989],[72.87766304494765,19.238976202390575],[72.89358256683465,19.24944467802286],[72.8986994520629,19.247942963299217],[72.90102818870949,19.241451988238758],[72.90879199842234,19.232801964000966],[72.90948191430252,19.22924073105703],[72.91009232023995,19.22870311075307],[72.91054234917243,19.227647466209326],[72.9109748164174,19.22604088879182],[72.90991066923725,19.218491245596784],[72.9082451154272,19.21687069113577],[72.90745130069318,19.21046611617584],[72.91016874267834,19.207595402951377]]]}},{"type":"Feature","properties":{"layer":"DP_0","label":"DP Zone","confidence":"high","SUBURBS":"WESTERN","ZONE_CODE2":"NA"},"geometry":{"type":"Polygon","coordinates":[[[72.86312422122748,19.262832801806002],[72.86316816366495,19.263101097697334],[72.86273505946073,19.262797221874276],[72.86178820358673,19.262671365465668],[72.86164966780632,19.263108114270953],[72.86057251974044,19.263986880594814],[72.85977932508315,19.2640716660582],[72.85929100551716,19.263875801702916],[72.85934810981664,19.26418753568055],[72.8583772076656,19.264269043013943],[72.8585077988005,19.26363908507828],[72.85900382997384,19.26365393009901],[72.85859181911515,19.263526796945207],[72.85873934385437,19.262582402590304],[72.85914272382327,19.263633689439423],[72.85976397143466,19.263948794811924],[72.86043062325045,19.263922604880214],[72.8599007948731,19.263270315447897],[72.85973457138553,19.263411918574764],[72.85892995668266,19.262200332992975],[72.85898704883115,19.261470301140854],[72.85860892445132,19.26146229318072],[72.85845228074095,19.262500878120026],[72.85822631950272,19.26249760202283],[72.85750641521165,19.26867446771836],[72.85918953717545,19.268201235998376],[72.86117488610293,19.266685607398102],[72.86245265224838,19.267020226579582],[72.86263774770978,19.267785898871818],[72.86303145967646,19.267700313932654],[72.86308387558941,19.267259063705083],[72.86428533228862,19.266584280231626],[72.86464540826955,19.266029613752053],[72.86618557144634,19.26658127203974],[72.86632663755489,19.26631420256794],[72.86590116626083,19.264412600110735],[72.86621627224167,19.263847090983056],[72.86607600407255,19.263922516931515],[72.86556270830884,19.262755724227468],[72.86416677807371,19.262952034138475],[72.86422117985674,19.26339278496895],[72.86340105003312,19.263414102023617],[72.86312422122748,19.262832801806002]]]}},{"type":"Feature","properties":{"layer":"DP_0","label":"DP Zone","confidence":"high","SUBURBS":"WESTERN","ZONE_CODE2":"NA"},"geometry":{"type":"Polygon","coordinates":[[[72.83883393907581,19.246115474565226],[72.8401203185258,19.24497652787501],[72.83963365561478,19.24354123653563],[72.83845831612912,19.24395998251842],[72.83525128848004,19.243907297205727],[72.8354655938438,19.237153943106815],[72.83585916933019,19.236584160829192],[72.8355170923342,19.235664538096792],[72.83622279112578,19.235484708146725],[72.83587900923828,19.2336211678917],[72.83500789743266,19.233671951483263],[72.83491868156914,19.233118483499602],[72.83529324120691,19.23262890810575],[72.83201670980264,19.23305583375401],[72.83227220744776,19.23548877017112],[72.82986474449807,19.23553650867296],[72.82867512782752,19.23589600655514],[72.82758579168886,19.238229557646466],[72.8260026053747,19.238860804104192],[72.8248098744607,19.23822237689468],[72.82457715296573,19.23762641096207],[72.82492449826177,19.235686065218356],[72.82476964437608,19.234787362183372],[72.82513359957,19.234285799772632],[72.82481109509591,19.233133409515585],[72.82382141004173,19.233458738176918],[72.82458726925657,19.232925684916903],[72.82433486762109,19.232552944843654],[72.82329324625526,19.23120054890193],[72.81881836657602,19.22662568677804],[72.81969255345979,19.22620186437117],[72.81816456394158,19.224453594607777],[72.81692383733656,19.224587345113562],[72.81682299802061,19.224327074888524],[72.81688626890404,19.2240679486649],[72.81782135488473,19.223590458848722],[72.8186877111178,19.223610262227293],[72.8193645575826,19.224324224359925],[72.81836655529104,19.224431818649677],[72.81961294421177,19.225968332541303],[72.8212126831359,19.22575369334802],[72.82177674520533,19.226002216505577],[72.82403135964516,19.226191453580725],[72.8265696541678,19.225202913470657],[72.82659967121003,19.22537551838387],[72.82772255764812,19.224843413740512],[72.82752953304984,19.222724106351496],[72.82721418740117,19.222244054936606],[72.82804343406227,19.220569962833554],[72.82856539576612,19.220585783139658],[72.82805458295745,19.220469734815836],[72.82821867252943,19.220329157622746],[72.82299147314991,19.217168163601333],[72.82335972971262,19.222907122309827],[72.82172454892341,19.222866176552014],[72.82138502285694,19.222409105075688],[72.82237190862092,19.22185779089132],[72.8222919246302,19.220839384879493],[72.82152402678682,19.220557498807423],[72.82105891124253,19.22170573710689],[72.82039871089896,19.221447278616434],[72.82126320573879,19.21907201551296],[72.82075875728631,19.219352169770612],[72.81996266081474,19.218889872443334],[72.81947039616128,19.22049382259177],[72.81729347173207,19.21985489364351],[72.81757581723316,19.21915134738352],[72.81751324211679,19.21834071491674],[72.81707515304318,19.218082504389713],[72.81659849219257,19.218232842717345],[72.81645537531011,19.217682648247063],[72.81669051911683,19.21760848190137],[72.81826772914619,19.217840773747568],[72.81832827200775,19.217689909147175],[72.81912223893058,19.218167652728653],[72.8191865071697,19.217749127190004],[72.81894399431943,19.217389336809553],[72.81948372218434,19.216958967957833],[72.81955572771236,19.216363484707813],[72.81920237261085,19.21630501890829],[72.81879024166318,19.216733967486093],[72.817450292664,19.216981132464998],[72.81659973279206,19.21619950989183],[72.81615637486954,19.216104269769662],[72.81574564947778,19.216468668518147],[72.8161167243695,19.21674011525844],[72.81576662854582,19.217571872034],[72.81597319261444,19.21961171235933],[72.81517774839627,19.22156401201438],[72.81378754866832,19.223164915298327],[72.81184342699204,19.22045263354543],[72.81161768095984,19.218867332037032],[72.8118703230085,19.21720891237032],[72.81169795024137,19.21480674759262],[72.80360792922734,19.21414387826605],[72.80455270457718,19.21701703238635],[72.8061418128308,19.21732280995438],[72.80717366123955,19.219336562490568],[72.80699137801975,19.220389158797435],[72.80659493323715,19.221081985912704],[72.8053798253698,19.221861608878026],[72.80729707464131,19.224341303828492],[72.80777217823699,19.225122471346346],[72.80772182843441,19.22554480175737],[72.80836659674692,19.225708516966762],[72.81155458598755,19.22898648039837],[72.8152576508021,19.231349379073738],[72.81796468034071,19.234621224495026],[72.81896832962207,19.236207733832817],[72.81886782227106,19.23651882726362],[72.81938102950016,19.23680318349408],[72.81981400208963,19.237629387156137],[72.82017697663896,19.23844920853645],[72.82007374538773,19.238747549541714],[72.82106021954465,19.240484275336946],[72.82160079181554,19.24287385077573],[72.82087393192123,19.24398355693137],[72.81985121059121,19.244584886432506],[72.81973875044899,19.245412901992854],[72.820164671845,19.245333576472984],[72.82021583405093,19.245573484068412],[72.82005741398146,19.246346886450908],[72.82720354091556,19.244973008271128],[72.82917654221934,19.24718861764928],[72.83496392924435,19.249520364601445],[72.83883393907581,19.246115474565226]]]}},{"type":"Feature","properties":{"layer":"DP_0","label":"DP Zone","confidence":"high","SUBURBS":"WESTERN","ZONE_CODE2":"NA"},"geometry":{"type":"Polygon","coordinates":[[[72.81725059019298,19.12709342352186],[72.81805294779055,19.126845013950803],[72.81790454064037,19.126077776667028],[72.8189447744978,19.12583174788378],[72.8191624017457,19.125319442940224],[72.82084082176966,19.12580606177776],[72.822095193598,19.12434217505773],[72.82103105405531,19.123439824517547],[72.82108981086799,19.123243505971715],[72.82192914495526,19.12234380934277],[72.82268248207858,19.122882629712908],[72.82340111287441,19.122265240471833],[72.82360516595274,19.12192242544665],[72.82280764555155,19.121262494173273],[72.82389875971579,19.120250668353634],[72.8244566804085,19.120178337467866],[72.82424546938242,19.119634542829118],[72.82544723083417,19.12071106962198],[72.82587764038733,19.120767449073735],[72.8264325705447,19.120762711721326],[72.82635822144621,19.11965871920504],[72.82538171005145,19.11885777237832],[72.82311973854466,19.119559597249005],[72.82257753435346,19.119235988671665],[72.82236280687225,19.11928066268729],[72.82254148329412,19.119412098549393],[72.82230444527964,19.11932958497418],[72.82199526937362,19.118952729083585],[72.82154660756997,19.119279049993565],[72.82102099792353,19.119236160146553],[72.82009911204669,19.120590552825732],[72.8193043311785,19.120131459345597],[72.81903283070211,19.120726786147802],[72.81849221170428,19.121006423687888],[72.81895819639657,19.120900452334432],[72.81843674237226,19.122194267305538],[72.8194048178383,19.120959445282853],[72.81964092039816,19.121172247255668],[72.81912985600005,19.121868662571625],[72.81968052248395,19.121995226414523],[72.81944898675394,19.12238324823546],[72.8187721771399,19.12243833557917],[72.81852124658124,19.12284857656502],[72.81876242088589,19.1232197599095],[72.81831563440915,19.122964611891963],[72.8183546314728,19.123275123785756],[72.81868874087829,19.123417312993684],[72.8191882427932,19.12294066144061],[72.81921839583192,19.123397463664496],[72.81811657275604,19.124242128324287],[72.8170415672347,19.126033471406455],[72.81697245225395,19.12717983125397],[72.81725059019298,19.12709342352186]],[[72.81972977248753,19.120969291244432],[72.8198939510961,19.120840538685147],[72.81979518533214,19.12164458617846],[72.8193878659329,19.12194248712853],[72.81972977248753,19.120969291244432]]]}},{"type":"Feature","properties":{"layer":"DP_0","label":"DP Zone","confidence":"high","EP_NO":"EP-PS69","SUBURBS":"WESTERN","ZONE_CODE2":"G-Z"},"geometry":{"type":"Polygon","coordinates":[[[72.89389956491156,19.149125848362868],[72.89349371058941,19.14912595710463],[72.89320233965327,19.14989923405118],[72.89245786015974,19.150332314428116],[72.89263889043838,19.150607809503683],[72.89250061922978,19.152152736715664],[72.89192186751634,19.15240220345297],[72.89355471178837,19.15309756357588],[72.89317150572663,19.152455224447003],[72.89298481380717,19.15067715274961],[72.89389956491156,19.149125848362868]]]}},{"type":"Feature","properties":{"layer":"DP_0","label":"DP Zone","confidence":"high","SUBURBS":"WESTERN","ZONE_CODE2":"I"},"geometry":{"type":"Polygon","coordinates":[[[72.87960941000944,19.100930572312492],[72.87895251908886,19.098933185065256],[72.87909155436603,19.100075803395644],[72.87960941000944,19.100930572312492]]]}},{"type":"Feature","properties":{"layer":"DP_0","label":"DP Zone","confidence":"high","SUBURBS":"WESTERN","ZONE_CODE2":"I"},"geometry":{"type":"Polygon","coordinates":[[[72.88662462259197,19.115451221706603],[72.88725991439003,19.11385463830354],[72.88667138173314,19.113047021168914],[72.88587473263078,19.112696505415435],[72.8859868770859,19.112492959156214],[72.88526909826706,19.1116310226796],[72.88535763882689,19.1110157330968],[72.88693852591392,19.109616457424234],[72.88634332327388,19.107237934439024],[72.88583780317536,19.106705578747615],[72.88443405032073,19.10595495232312],[72.88410851980622,19.105541278928346],[72.88410915606306,19.10464467442498],[72.88363869003669,19.1038210470237],[72.8831978429389,19.103753762441272],[72.88193399901299,19.102889471355514],[72.88036102107738,19.102413144480316],[72.8798494980091,19.101734436044282],[72.88026345634503,19.102524797923678],[72.88066654674218,19.102681923638865],[72.87938836114465,19.103042394442316],[72.87989149415822,19.104658460091894],[72.88108879462247,19.106755599942126],[72.87855230308236,19.107596827910335],[72.87835362855823,19.110285455737266],[72.87959384948448,19.11376525460812],[72.87999082939425,19.11694599781546],[72.88293432335237,19.117056150200302],[72.88585085777578,19.118261622116776],[72.88615949492917,19.11606871057283],[72.88662462259197,19.115451221706603]],[[72.88284636863952,19.106642329646515],[72.88249401485284,19.10658988260542],[72.88224772115522,19.106013960094888],[72.88272941985593,19.10575051520679],[72.88284349277941,19.105424863481836],[72.88333212648142,19.105530189879374],[72.88349168724378,19.105337682516748],[72.88342912136234,19.10549168594649],[72.88465390369424,19.1064880045085],[72.88394795868138,19.107240429130776],[72.88298383723435,19.107431134130888],[72.88284636863952,19.106642329646515]]]}},{"type":"Feature","properties":{"layer":"DP_0","label":"DP Zone","confidence":"high","SUBURBS":"WESTERN","ZONE_CODE2":"C"},"geometry":{"type":"Polygon","coordinates":[[[72.88001725088674,19.101725208730706],[72.87950805457056,19.10094560391977],[72.8798494980091,19.101734436044282],[72.88001725088674,19.101725208730706]]]}},{"type":"Feature","properties":{"layer":"DP_0","label":"DP Zone","confidence":"high","SUBURBS":"CITY","ZONE_CODE2":"I"},"geometry":{"type":"Polygon","coordinates":[[[72.84180017907654,18.993827382452587],[72.84217029197484,18.993808891392277],[72.84179854833556,18.99230465049174],[72.84000148792437,18.992897392225668],[72.84003349741418,18.993439235665846],[72.83959814474997,18.993504768561245],[72.83957469944097,18.994783712439283],[72.84075872452401,18.99467397218956],[72.84191465464103,18.994251751258254],[72.84180017907654,18.993827382452587]]]}},{"type":"Feature","properties":{"layer":"DP_0","label":"DP Zone","confidence":"high","SUBURBS":"CITY","ZONE_CODE2":"I"},"geometry":{"type":"Polygon","coordinates":[[[72.85223098487242,19.000491282371765],[72.85225945829632,18.999541615107855],[72.85165267408851,18.999619403336503],[72.85151388466646,18.998387681773853],[72.85031851066385,18.9984869283727],[72.85084468542462,19.000243795779546],[72.85223098487242,19.000491282371765]]]}},{"type":"Feature","properties":{"layer":"DP_0","label":"DP Zone","confidence":"high","SUBURBS":"CITY","ZONE_CODE2":"I"},"geometry":{"type":"Polygon","coordinates":[[[72.83657483011253,19.00197360524087],[72.83571168154202,18.999068939389325],[72.83470841141492,18.998659232684243],[72.83383358137324,18.99781339434366],[72.8344464750446,18.99777331185832],[72.83444950638595,18.997197999977],[72.83608034972546,18.997271581903355],[72.83628351175786,18.99817899231324],[72.83733850802388,18.998079895501824],[72.83731631569096,18.997016907602674],[72.83659891605375,18.995350835071896],[72.8342155993379,18.99512534136279],[72.83416500949356,18.996297850305393],[72.83319333011276,18.996245065718885],[72.83321254010218,18.99793122755897],[72.83405790048779,19.002079453152227],[72.8357225312506,19.00610945170106],[72.83584142783842,19.004633092120606],[72.83680900569368,19.003216204961248],[72.83657483011253,19.00197360524087]]]}},{"type":"Feature","properties":{"layer":"DP_0","label":"DP Zone","confidence":"high","SUBURBS":"WESTERN","ZONE_CODE2":"I"},"geometry":{"type":"Polygon","coordinates":[[[72.84502012008484,19.138299302567244],[72.84361694743855,19.137993684042247],[72.84352049576528,19.138289724853802],[72.84435464403538,19.139088880097685],[72.84516664225197,19.13848801664726],[72.84502012008484,19.138299302567244]]]}},{"type":"Feature","properties":{"layer":"DP_0","label":"DP Zone","confidence":"high","SUBURBS":"WESTERN","ZONE_CODE2":"I"},"geometry":{"type":"Polygon","coordinates":[[[72.85180380870945,19.136080722908325],[72.85140782945057,19.135902350407125],[72.85112789954171,19.138059817937574],[72.8513306310688,19.139021424695105],[72.85238065755904,19.139500959367133],[72.8529209281953,19.138703961622596],[72.85409208824261,19.13834345949847],[72.85418494368207,19.13724466004625],[72.85180380870945,19.136080722908325]]]}},{"type":"Feature","properties":{"layer":"DP_0","label":"DP Zone","confidence":"high","SUBURBS":"WESTERN","ZONE_CODE2":"I"},"geometry":{"type":"Polygon","coordinates":[[[72.85152300391137,19.139421641364088],[72.85150480798177,19.13920558734571],[72.84980462268275,19.139460832783772],[72.85012659131034,19.142341090489708],[72.84977117634513,19.142677134506705],[72.84988968797866,19.143561773135545],[72.85179962160858,19.14337350600214],[72.85152300391137,19.139421641364088]]]}},{"type":"Feature","properties":{"layer":"DP_0","label":"DP Zone","confidence":"high","SUBURBS":"WESTERN","ZONE_CODE2":"I"},"geometry":{"type":"Polygon","coordinates":[[[72.84948286443733,19.143569619991258],[72.84960538459279,19.142720978448246],[72.84932266318827,19.142104488496297],[72.8475277625071,19.142479385792097],[72.84564645323445,19.142300090587277],[72.8458172773121,19.140967647838647],[72.8469664783372,19.139403100272773],[72.84482800610341,19.139673327963543],[72.84367016151671,19.139343159227003],[72.84197393186234,19.14009748345727],[72.84039160017213,19.14031368802406],[72.84021433025191,19.140926392866366],[72.84082265195529,19.141834247093037],[72.84191444595136,19.14173533329349],[72.8426827779786,19.141357832926918],[72.84320284035078,19.141546718828664],[72.84317274606433,19.141871094386367],[72.84561844659056,19.142296443775138],[72.84542579917287,19.144737383221873],[72.84690622657034,19.144498011635402],[72.84948286443733,19.143569619991258]]]}},{"type":"Feature","properties":{"layer":"DP_0","label":"DP Zone","confidence":"high","SUBURBS":"WESTERN","ZONE_CODE2":"R"},"geometry":{"type":"Polygon","coordinates":[[[72.88673525778525,19.115273071936024],[72.88662462259197,19.115451221706603],[72.88669751415725,19.115380472796218],[72.88673525778525,19.115273071936024]]]}},{"type":"Feature","properties":{"layer":"DP_0","label":"DP Zone","confidence":"high","SUBURBS":"WESTERN","ZONE_CODE2":"R"},"geometry":{"type":"Polygon","coordinates":[[[72.86968419732429,19.057642421581402],[72.86936583604995,19.05725015849339],[72.86952482945966,19.057687671671115],[72.86968419732429,19.057642421581402]]]}},{"type":"Feature","properties":{"layer":"DP_0","label":"DP Zone","confidence":"high","SUBURBS":"WESTERN","ZONE_CODE2":"R"},"geometry":{"type":"Polygon","coordinates":[[[72.87369087779975,19.071174274813814],[72.87287838785834,19.07239404910677],[72.87333540112832,19.07192476488752],[72.87369087779975,19.071174274813814]]]}},{"type":"Feature","properties":{"layer":"DP_0","label":"DP Zone","confidence":"high","SUBURBS":"WESTERN","ZONE_CODE2":"R"},"geometry":{"type":"Polygon","coordinates":[[[72.88569947302534,19.110778805538644],[72.88705295030924,19.109624453711415],[72.8864514819829,19.107520045196352],[72.88630153136589,19.10758211029979],[72.88693852591392,19.109616457424234],[72.88569947302534,19.110778805538644]]]}},{"type":"Feature","properties":{"layer":"DP_0","label":"DP Zone","confidence":"high","SUBURBS":"WESTERN","ZONE_CODE2":"R"},"geometry":{"type":"Polygon","coordinates":[[[72.86987332699351,19.057983260900034],[72.87085071729207,19.060802327166016],[72.87192478019145,19.063015948725912],[72.87268329476535,19.06386358972375],[72.87338244052572,19.06548030641432],[72.8732022774352,19.06435878506344],[72.87139038909706,19.06154660327745],[72.87128133730172,19.06051330214888],[72.86987332699351,19.057983260900034]]]}},{"type":"Feature","properties":{"layer":"DP_0","label":"DP Zone","confidence":"high","SUBURBS":"WESTERN","ZONE_CODE2":"NA"},"geometry":{"type":"Polygon","coordinates":[[[72.85715119854446,19.268655068739086],[72.8579996431017,19.260334606561685],[72.8575023894147,19.26081090647753],[72.85730348702306,19.26315979122666],[72.85579499430324,19.26320985074547],[72.85556158697416,19.26427143401039],[72.85541826874822,19.26400208525955],[72.8550965001397,19.263991116051905],[72.85487700307044,19.264851730556636],[72.85410746841907,19.264627673028777],[72.8544074045779,19.262680032328923],[72.85414757454242,19.262094290953932],[72.85351979108607,19.262558776358166],[72.85291148727678,19.263646579532264],[72.85219067218371,19.26363995905541],[72.85239764614957,19.26382387574212],[72.85192700108352,19.26434118018153],[72.8509177489606,19.264528782735425],[72.85046791012567,19.262071490960604],[72.84992880744421,19.260834073789162],[72.84966031345893,19.25623342154354],[72.84846753480407,19.256268269782066],[72.84849022249588,19.256565339902167],[72.84782691651488,19.256618926959515],[72.84770505773616,19.256049595747662],[72.84718658123914,19.256150932484427],[72.8469773634378,19.25565923385207],[72.84810176405571,19.25520742749309],[72.84603257157927,19.2560453698223],[72.84566452930436,19.25646320103334],[72.8448814499597,19.256088102663433],[72.84389122878791,19.256105003257936],[72.84388240519705,19.253707887635677],[72.8442049785369,19.25359571134449],[72.84430182100422,19.253099727710683],[72.84382634064532,19.253236356916535],[72.84397763814977,19.253074631005056],[72.84359037344817,19.252004106420706],[72.84240139470121,19.25221110697773],[72.84169177118844,19.251053210012802],[72.84146514617392,19.25118911585932],[72.84148882142118,19.250764618154914],[72.84190366125473,19.250371167542998],[72.84443583484374,19.249963510987833],[72.84404099492559,19.248564281461363],[72.84377480530571,19.24838293070414],[72.84456391324717,19.24804385918178],[72.84430531513485,19.247241696803318],[72.84368306194717,19.246467429929886],[72.8437959261286,19.244906902734478],[72.84294416924621,19.244656577682633],[72.8401203185258,19.24497652787501],[72.83496392924435,19.249520364601445],[72.83859943017407,19.252038568731727],[72.83617169083855,19.25506042509974],[72.83578023503841,19.258626531896674],[72.83690510396387,19.263269809266564],[72.83891623863916,19.266133709218426],[72.84037912441728,19.267073713793938],[72.84153390006578,19.267416602548117],[72.84556193320189,19.26693461239505],[72.8470761893618,19.26734192172624],[72.85087816766575,19.269912217979],[72.8526773841465,19.26991511526772],[72.85388310461039,19.270175720693683],[72.85573439452295,19.2695749619284],[72.85683254745925,19.269703748924137],[72.85690137432887,19.268641423037085],[72.85715119854446,19.268655068739086]]]}},{"type":"Feature","properties":{"layer":"DP_0","label":"DP Zone","confidence":"high","EP_NO":"EP-RN61","SUBURBS":"WESTERN","ZONE_CODE2":"NA"},"geometry":{"type":"Polygon","coordinates":[[[72.84965825121948,19.25618018375653],[72.84789218438799,19.254430774627956],[72.84703110069071,19.25323823604272],[72.84454919047901,19.2481508027712],[72.84379285231246,19.248261930375975],[72.84436346996814,19.249340313154956],[72.84443583484374,19.249963510987833],[72.84190366125473,19.250371167542998],[72.84138050630426,19.251076797952166],[72.84169177118844,19.251053210012802],[72.84202324789764,19.251740432772067],[72.84257021455107,19.252201907481165],[72.84359037344817,19.252004106420706],[72.84397763814977,19.253074631005056],[72.84380509388943,19.253113301932732],[72.84430182100422,19.253099727710683],[72.8442049785369,19.25359571134449],[72.84393131487649,19.253674150174582],[72.84386666980576,19.255963506837205],[72.84503014080589,19.25614609277968],[72.84559326173108,19.256473619285835],[72.84637390941022,19.25587215860697],[72.8480971553179,19.255107841535395],[72.8469773634378,19.25565923385207],[72.84718658123914,19.256150932484427],[72.84770505773616,19.256049595747662],[72.84782691651488,19.256618926959515],[72.84849022249588,19.256565339902167],[72.84846753480407,19.256268269782066],[72.84965825121948,19.25618018375653]]]}},{"type":"Feature","properties":{"layer":"DP_0","label":"DP Zone","confidence":"high","EP_NO":"EP-RN62","SUBURBS":"WESTERN","ZONE_CODE2":"NDZ/SDZ (Slum)"},"geometry":{"type":"Polygon","coordinates":[[[72.87304825237108,19.238386873720955],[72.87371889087365,19.23847252446989],[72.87332229092456,19.23680185152476],[72.87304825237108,19.238386873720955]]]}},{"type":"Feature","properties":{"layer":"DP_0","label":"DP Zone","confidence":"high","SUBURBS":"WESTERN","ZONE_CODE2":"R"},"geometry":{"type":"Polygon","coordinates":[[[72.85822411000741,19.262515563294205],[72.85845228074095,19.262500878120026],[72.85858458998898,19.261476039210024],[72.8589409412873,19.26146932379575],[72.8588470588301,19.26207818801925],[72.85973457138553,19.263411918574764],[72.85986384098436,19.26330179642272],[72.86043520293906,19.263905950307226],[72.85923702760414,19.26371911029633],[72.85873934385437,19.262582402590304],[72.85858892487602,19.263527463956393],[72.85899769496213,19.263644005776733],[72.8585077988005,19.26363908507828],[72.8583772076656,19.264269043013943],[72.85912607954707,19.264271280008913],[72.85934810981664,19.26418753568055],[72.8592742742057,19.263932734246783],[72.86046235044705,19.264040130945286],[72.8617765383783,19.26295492637978],[72.86177549580947,19.262673207716844],[72.86328537124676,19.26285123139521],[72.86340105003312,19.263414102023617],[72.86422117985674,19.26339278496895],[72.86416677807371,19.262952034138475],[72.86463318573372,19.26300537373792],[72.86552570156209,19.26265371431372],[72.86621627224167,19.263847090983056],[72.86609624301401,19.264432024984913],[72.86712696892846,19.262957808886807],[72.8688447898832,19.26115071384081],[72.86909153622553,19.26210500776502],[72.86984084499379,19.26177268423575],[72.86981540833757,19.26061107636247],[72.87010502302198,19.261077332581884],[72.87080046276346,19.26120489265355],[72.87247170163685,19.261202878706364],[72.87321166483277,19.260847391595618],[72.87155460660364,19.25705690017668],[72.87128144991945,19.257138896626905],[72.86977252466303,19.25483242737586],[72.87094949082835,19.253597506126308],[72.87173657442881,19.253123583613203],[72.87384104079005,19.252813453478616],[72.87332595001693,19.24989784056058],[72.87304825237108,19.238386873720955],[72.87027804481306,19.237962520217117],[72.86863943811915,19.23803574548846],[72.86715950983383,19.23844631655245],[72.86435267436134,19.23849597737102],[72.86415990441581,19.23724392512494],[72.86293872964694,19.237405854100867],[72.86086773442315,19.238960190557318],[72.85979337915022,19.239406208755025],[72.85921388378016,19.239275961095377],[72.85865443867523,19.237944500431972],[72.85822826089088,19.23780295244455],[72.85691569552806,19.238516433199827],[72.85644910937194,19.239126485746336],[72.85617624493196,19.24007612540494],[72.85714409282048,19.244813121834248],[72.85897339743295,19.24455400111718],[72.85903288683706,19.24913590074133],[72.85887264698184,19.250569856929772],[72.85869191954605,19.25067298559219],[72.85641826155805,19.25047162683951],[72.8562356011122,19.252087401031794],[72.85667756424407,19.254853770598988],[72.85627472284388,19.257632044378926],[72.85486881674325,19.261147871755604],[72.85406737450943,19.26425072868455],[72.85410746841907,19.264627673028777],[72.85487700307044,19.264851730556636],[72.85503053698459,19.264112626750727],[72.85528629856819,19.263957376176972],[72.85556158697416,19.26427143401039],[72.85579499430324,19.26320985074547],[72.85723307874045,19.263291806183766],[72.8575023894147,19.26081090647753],[72.85793872224822,19.260463728873972],[72.85715119854446,19.268655068739086],[72.85744736327986,19.268671242826493],[72.85822411000741,19.262515563294205]],[[72.86750106737905,19.255009493283126],[72.8648719005784,19.252951062381058],[72.865785382219,19.252053737181495],[72.8648899308446,19.251260758283173],[72.86645786855607,19.250037765024317],[72.86972587287245,19.254829078168846],[72.8695198258169,19.25532901371739],[72.8688254716505,19.255679395486503],[72.86750106737905,19.255009493283126]],[[72.86138611740458,19.249996573410925],[72.86102471966488,19.24988329259731],[72.86098202817652,19.2518124810011],[72.86049504071457,19.251328009105237],[72.85971808686118,19.25122540288512],[72.85976419759382,19.248234902017394],[72.86050508349624,19.248123566159336],[72.86050158385265,19.24913871245233],[72.86264227321693,19.248816580987903],[72.86268719805858,19.249305770778687],[72.86177603447521,19.24960476883291],[72.8618281977313,19.249833607979717],[72.86138611740458,19.249996573410925]]]}},{"type":"Feature","properties":{"layer":"DP_0","label":"DP Zone","confidence":"high","SUBURBS":"WESTERN","ZONE_CODE2":"R"},"geometry":{"type":"Polygon","coordinates":[[[72.86466256065533,19.141290086540977],[72.8638773961422,19.141298837099484],[72.86250823245149,19.141955995764],[72.86064012039932,19.141992881924295],[72.85704877835742,19.14160500129693],[72.85500986884784,19.142074732212592],[72.85606544691366,19.145431961330836],[72.8563565124986,19.150134433700654],[72.85712275286802,19.156008941027032],[72.85838887006936,19.15587778371142],[72.85818803181793,19.154009172925097],[72.85872713265016,19.1534992467106],[72.85862589023857,19.15309592482013],[72.85881856650369,19.152865214186704],[72.85841178107299,19.152696102682405],[72.85936913117905,19.152128147685403],[72.86014721396454,19.152361185149402],[72.86087672942833,19.153903411284045],[72.86160902643758,19.15483866866755],[72.86407909645325,19.155056251971732],[72.86585098049663,19.15468142196975],[72.86682474805468,19.149732630981518],[72.86695179551751,19.149445148276325],[72.8678907407496,19.149358494515692],[72.8679842429881,19.14883209221645],[72.86742854893264,19.14843731647511],[72.86737615640574,19.147477022362253],[72.86777140896965,19.14683110576532],[72.86691404795909,19.1448211527282],[72.86681680011813,19.14374724417009],[72.86466256065533,19.141290086540977]],[[72.85699778781466,19.151004377371866],[72.85682601792627,19.15102099485055],[72.85664980076687,19.149141788367082],[72.85923129266307,19.147452843992276],[72.8586857572822,19.146937454928022],[72.85810598890063,19.14397830164627],[72.86150721643574,19.144037543319794],[72.86116830518746,19.146322735133744],[72.86176838825013,19.147131255693704],[72.86140614547355,19.147536677208368],[72.86243073336695,19.148849851387922],[72.86260444959237,19.149846933384843],[72.86237707283432,19.15026507536352],[72.85699778781466,19.151004377371866]]]}},{"type":"Feature","properties":{"layer":"DP_0","label":"DP Zone","confidence":"high","SUBURBS":"WESTERN","ZONE_CODE2":"R"},"geometry":{"type":"Polygon","coordinates":[[[72.84544827523267,19.169787916373387],[72.84547934221976,19.169258481467846],[72.84583428489131,19.169464149344417],[72.8465951925988,19.16906816310402],[72.8465915815701,19.168842758757265],[72.84568118737272,19.168802721514517],[72.84559144001533,19.16833473243913],[72.84603622588402,19.1625361736958],[72.84697989266405,19.16251527263758],[72.84826015022831,19.163232924961545],[72.8491223372716,19.16436590265895],[72.84912427524975,19.166932250628598],[72.84897154841066,19.167982049256754],[72.84852760230844,19.168184006116626],[72.8486035437057,19.169257045603],[72.848805401132,19.169322866772198],[72.84883863973388,19.168991447714795],[72.84981905015829,19.16874451058546],[72.8501141320233,19.16889754875322],[72.85021541010963,19.168255437042156],[72.85045445516526,19.168107930360218],[72.85142914170721,19.16810269001484],[72.85207232747761,19.16858052402366],[72.8516799138012,19.16934583872845],[72.85271992833731,19.169479425538974],[72.85294173376198,19.166875019186225],[72.85410587744006,19.166784424011826],[72.8541893642325,19.167551489271126],[72.85473978097218,19.167895977628568],[72.85502342334364,19.168512232070253],[72.85503098577836,19.169526356227227],[72.8558585519543,19.16977071448419],[72.85607270052041,19.16923621243212],[72.85673662094298,19.169363517425857],[72.85736867269566,19.170125140410157],[72.85832804878754,19.169092360943072],[72.85851470202724,19.168559816404755],[72.85878843903866,19.16852836111407],[72.85889204634033,19.169474981920875],[72.85932591710564,19.169092028256607],[72.85831977776229,19.161635887822392],[72.85796368075353,19.16164729687052],[72.8579088252293,19.160992605036746],[72.85702207563423,19.160509482208685],[72.85704309103447,19.16163897311473],[72.85681633887889,19.161614195113543],[72.85666017178936,19.162884940457115],[72.85564376284879,19.163076104763633],[72.85377803912519,19.16125244775767],[72.85295132919394,19.16130074939309],[72.8525768341066,19.166213736876497],[72.85225761030323,19.166316585829158],[72.85194322421601,19.167087336193905],[72.85116253802026,19.16707295442916],[72.851237537085,19.167218775315288],[72.85057307087298,19.16774714333082],[72.84987936691851,19.16776821724722],[72.85030598052874,19.15634852922316],[72.84962705830344,19.155647140712453],[72.8494903814168,19.15518429202621],[72.848723557712,19.154683554742906],[72.84693406940163,19.154876608088987],[72.8457652222332,19.15532840003969],[72.84461062866961,19.152374026430667],[72.84362521353668,19.1506165522121],[72.84481630935542,19.15074622947893],[72.84407898119366,19.14995510766719],[72.84324721276143,19.15024841244763],[72.84038348473001,19.149859072525153],[72.83982464904913,19.150271010169526],[72.83958102378703,19.150798860246155],[72.83887067831785,19.15094168953691],[72.83716311277914,19.152239805989428],[72.83601063060615,19.15147343338461],[72.83608492346887,19.15112892058878],[72.83300142333528,19.151270487067258],[72.83231300433206,19.15150532217687],[72.82994134578387,19.153102737879276],[72.82799372118608,19.15395666751423],[72.83072916455255,19.155037432412804],[72.83196078878656,19.15338585680351],[72.83378532816076,19.152800246174877],[72.8352328551142,19.151745808111258],[72.83592934804336,19.1517470999754],[72.83519145298621,19.156224142254146],[72.83517762510395,19.15872846786664],[72.83479382311775,19.161314702825333],[72.83485356063721,19.163418845435473],[72.83119557869324,19.163434059585907],[72.83156679282001,19.170549640580262],[72.83539491184202,19.170583870391287],[72.83574572716974,19.171581491786355],[72.83612675471402,19.17140927233178],[72.83641027184943,19.170848642707405],[72.84113834577266,19.170208035657645],[72.84135980649101,19.170893405645117],[72.84198180568045,19.17124575139138],[72.84260272739843,19.171275287607237],[72.84378857451388,19.17036282171738],[72.84425463665397,19.17018301538128],[72.844975073346,19.170355810950475],[72.84544827523267,19.169787916373387]]]}},{"type":"Feature","properties":{"layer":"DP_0","label":"DP Zone","confidence":"high","EP_NO":"EP-KE111","SUBURBS":"WESTERN","ZONE_CODE2":"R"},"geometry":{"type":"Polygon","coordinates":[[[72.87205636716246,19.138335368821917],[72.87254178470685,19.139133657210635],[72.87443845304831,19.13869908243065],[72.87469683796579,19.13723464611865],[72.87449096289836,19.13725132970106],[72.87437741624204,19.136830001020044],[72.8737332942021,19.13618141257671],[72.87205636716246,19.138335368821917]]]}},{"type":"Feature","properties":{"layer":"DP_0","label":"DP Zone","confidence":"high","EP_NO":"EP-KE69, EP-KE05","SUBURBS":"WESTERN","ZONE_CODE2":"G-Z"},"geometry":{"type":"Polygon","coordinates":[[[72.88492988448972,19.136908025758085],[72.88524603409492,19.13685437277566],[72.88558384315259,19.137577116516812],[72.89063670183572,19.13563682922198],[72.88954055620943,19.134076715176935],[72.88916627279485,19.132800959415054],[72.88858517881035,19.132210872783048],[72.88871441354058,19.131205038684158],[72.88688582881126,19.130075556005167],[72.88639500699509,19.12942852227379],[72.88511153044863,19.12956425581434],[72.88437514238824,19.129394075636913],[72.88421523845615,19.128919034931492],[72.88435229851365,19.12809423648811],[72.88175806297714,19.12675858919451],[72.88000644553277,19.12462992510559],[72.87966906853949,19.12549282005514],[72.87799735478164,19.124802396498644],[72.8762139032269,19.125851150842283],[72.87645521371978,19.12636733027388],[72.87679751978166,19.126232477918307],[72.87730759880667,19.127081187889644],[72.8787121831852,19.127035565813642],[72.87886540116448,19.127655391594875],[72.87948903871337,19.127535153245987],[72.88003278013949,19.1293037039813],[72.87673471692636,19.129917549608546],[72.87679137686968,19.131994440597165],[72.8765282187196,19.133391225329927],[72.87733542308469,19.134133287078836],[72.8774021669754,19.136364772551318],[72.87608937386396,19.136288361256316],[72.87606973232204,19.136465112868724],[72.87812541168128,19.137726490876716],[72.87818708194459,19.139479694756783],[72.8783334624971,19.139570417722283],[72.87867572822287,19.138782766692284],[72.87883008988963,19.137964648430252],[72.88492988448972,19.136908025758085]],[[72.88214662046143,19.129554237086623],[72.88233124567437,19.131130286111603],[72.88057874511195,19.13143559886386],[72.8802344247483,19.129783660207824],[72.88214662046143,19.129554237086623]],[[72.88201887017526,19.128937065518933],[72.88202580687039,19.12912510462977],[72.88145906757752,19.129227399509833],[72.88143908603527,19.128685811944578],[72.88200889897632,19.128666821242728],[72.88201887017526,19.128937065518933]]]}},{"type":"Feature","properties":{"layer":"DP_0","label":"DP Zone","confidence":"high","SUBURBS":"WESTERN","ZONE_CODE2":"NA"},"geometry":{"type":"Polygon","coordinates":[[[72.8278486284798,19.153873327556155],[72.82374561773065,19.151516549939693],[72.8228456249235,19.151006887034463],[72.8278486284798,19.153873327556155]]]}},{"type":"Feature","properties":{"layer":"DP_0","label":"DP Zone","confidence":"high","EP_NO":"EP-RC107","SUBURBS":"WESTERN","ZONE_CODE2":"NA"},"geometry":{"type":"Polygon","coordinates":[[[72.81517774839627,19.22156401201438],[72.81597319261444,19.21961171235933],[72.81576032963378,19.21771726569928],[72.81512465045215,19.21758305072135],[72.81493642288487,19.220364204413347],[72.81434256658834,19.221531350746822],[72.81308858094857,19.21953811486187],[72.8132428660038,19.21783336007153],[72.81362285480854,19.217540239724887],[72.81284324098372,19.216981779325],[72.81208265379666,19.2168688438539],[72.81182676606703,19.216351837658003],[72.81161768095984,19.218867332037032],[72.81181713335346,19.22041337595826],[72.81378568608969,19.223165408116433],[72.81517774839627,19.22156401201438]]]}},{"type":"Feature","properties":{"layer":"DP_0","label":"DP Zone","confidence":"high","EP_NO":"EP-RC105","SUBURBS":"WESTERN","ZONE_CODE2":"NDZ"},"geometry":{"type":"Polygon","coordinates":[[[72.8390039168725,19.2256419755542],[72.83903859490962,19.22411947544284],[72.83825200529078,19.224083718301138],[72.83816215153776,19.224631534208246],[72.8370520427552,19.2246352382477],[72.83702712823089,19.224100956311414],[72.83525933677154,19.224130635244283],[72.83643462412525,19.22609203186116],[72.83768424097057,19.22568405900487],[72.8390039168725,19.2256419755542]]]}},{"type":"Feature","properties":{"layer":"DP_0","label":"DP Zone","confidence":"high","EP_NO":"EP-RC106","SUBURBS":"WESTERN","ZONE_CODE2":"NA"},"geometry":{"type":"Polygon","coordinates":[[[72.81969255345979,19.22620186437117],[72.82046235838399,19.225876417546708],[72.82042953924555,19.225718349887554],[72.81970518415348,19.22598576693405],[72.81836655529104,19.224431818649677],[72.8193645575826,19.224324224359925],[72.8186877111178,19.223610262227293],[72.81804788664445,19.223505183880796],[72.81688626890404,19.2240679486649],[72.81692383733656,19.224587345113562],[72.81816456394158,19.224453594607777],[72.81969255345979,19.22620186437117]]]}},{"type":"Feature","properties":{"layer":"DP_0","label":"DP Zone","confidence":"high","SUBURBS":"WESTERN","ZONE_CODE2":"NDZ"},"geometry":{"type":"Polygon","coordinates":[[[72.87171940718996,19.233607091987444],[72.86968151510996,19.233904184521958],[72.8695988464324,19.23415978781544],[72.87133732130609,19.23433833989147],[72.87245798582016,19.235312104842492],[72.87162357550616,19.233833003391837],[72.87171940718996,19.233607091987444]]]}},{"type":"Feature","properties":{"layer":"DP_0","label":"DP Zone","confidence":"high","SUBURBS":"WESTERN","ZONE_CODE2":"NA"},"geometry":{"type":"Polygon","coordinates":[[[72.87325817335648,19.23680822403733],[72.87324361253944,19.23666336988894],[72.87302936441516,19.23625719528287],[72.87325817335648,19.23680822403733]]]}},{"type":"Feature","properties":{"layer":"DP_0","label":"DP Zone","confidence":"high","EP_NO":"EP-RC104","SUBURBS":"WESTERN","ZONE_CODE2":"NDZ"},"geometry":{"type":"Polygon","coordinates":[[[72.82840278537965,19.236252272795287],[72.82806303514445,19.233792749309238],[72.82732938945526,19.233840847542947],[72.82716049871595,19.232773924729006],[72.82481044215744,19.233131579104914],[72.8255719910732,19.235403668617657],[72.82709056803343,19.23674577319819],[72.82810014915597,19.236664047665904],[72.82840278537965,19.236252272795287]]]}},{"type":"Feature","properties":{"layer":"DP_0","label":"DP Zone","confidence":"high","EP_NO":"EP-KE53","SUBURBS":"WESTERN","ZONE_CODE2":"R"},"geometry":{"type":"Polygon","coordinates":[[[72.85694045942431,19.11182205586615],[72.85688814147048,19.111037082967705],[72.85667044933076,19.11106871955464],[72.85668692944701,19.111837901693402],[72.85694045942431,19.11182205586615]]]}},{"type":"Feature","properties":{"layer":"DP_0","label":"DP Zone","confidence":"high","SUBURBS":"WESTERN","ZONE_CODE2":"R"},"geometry":{"type":"Polygon","coordinates":[[[72.87677051547212,19.132253518006134],[72.87670379904863,19.132078052240093],[72.87616967375588,19.1326670801874],[72.87526291754378,19.131256685382663],[72.87490197394484,19.131788217973007],[72.87457457797665,19.13425848469586],[72.87608937386396,19.136288361256316],[72.87740738862018,19.136397897845228],[72.87733542308469,19.134133287078836],[72.87661980265756,19.133470222388592],[72.87677051547212,19.132253518006134]]]}},{"type":"Feature","properties":{"layer":"DP_0","label":"DP Zone","confidence":"high","SUBURBS":"WESTERN","ZONE_CODE2":"R"},"geometry":{"type":"Polygon","coordinates":[[[72.85632547589326,19.25123786456899],[72.85738501461108,19.246977689187975],[72.85712345534715,19.24425187898607],[72.85630708469232,19.241142138016414],[72.85621441921302,19.239627231072248],[72.85679935706021,19.238623373547927],[72.85781548740982,19.23794950503976],[72.85849538544318,19.23784846115842],[72.85887773979665,19.23851586503364],[72.85863390926743,19.237479976343312],[72.8574394224532,19.237226558129407],[72.85517157979727,19.237773964770334],[72.84941918607713,19.238168887960036],[72.84438869862745,19.241433026303778],[72.8451495335879,19.242946615181253],[72.84536812572496,19.244355516589742],[72.84529652456507,19.246943900076566],[72.84580030173964,19.250023859024996],[72.84692812129957,19.25273061401326],[72.849567194233,19.25589623736886],[72.84994610761896,19.258900931392397],[72.8499260034134,19.260705437378746],[72.85050504469855,19.262189072771804],[72.85090812758206,19.264431748127514],[72.85113152195376,19.26453794575404],[72.85192700108352,19.26434118018153],[72.85234412548887,19.263936468437173],[72.85221165320435,19.263696197390193],[72.85287369048174,19.26370498536355],[72.85351979108607,19.262558776358166],[72.85414533875516,19.26209550930539],[72.85440653441954,19.262678069374246],[72.85597971957151,19.258803636259174],[72.8566752491438,19.25487281104717],[72.85623642849524,19.252096166576163],[72.85632547589326,19.25123786456899]]]}},{"type":"Feature","properties":{"layer":"DP_0","label":"DP Zone","confidence":"high","SUBURBS":"WESTERN","ZONE_CODE2":"I"},"geometry":{"type":"Polygon","coordinates":[[[72.84486053741318,19.152237266013245],[72.84562125902188,19.152019107806808],[72.84482054875636,19.15075775235625],[72.84367107303247,19.150613891175695],[72.84458847478491,19.152313507212956],[72.84486053741318,19.152237266013245]]]}},{"type":"Feature","properties":{"layer":"DP_0","label":"DP Zone","confidence":"high","SUBURBS":"WESTERN","ZONE_CODE2":"I"},"geometry":{"type":"Polygon","coordinates":[[[72.85096483048122,19.154772434473013],[72.85155699214722,19.154691064114008],[72.85186239269592,19.152677451111142],[72.85138760349072,19.152333673472906],[72.8504965236004,19.153383655494835],[72.85039964296938,19.15472738509367],[72.85096483048122,19.154772434473013]]]}},{"type":"Feature","properties":{"layer":"DP_0","label":"DP Zone","confidence":"high","SUBURBS":"WESTERN","ZONE_CODE2":"I"},"geometry":{"type":"Polygon","coordinates":[[[72.85605216813188,19.162868732864386],[72.85666017178936,19.162884940457115],[72.85681633887889,19.161614195113543],[72.85704309103447,19.16163897311473],[72.85702207563423,19.160509482208685],[72.85727365023993,19.160708722264268],[72.85729961087155,19.16054453013626],[72.85675577343851,19.15681515541822],[72.8554367753245,19.156990798731105],[72.85534567651857,19.156318727866033],[72.85337858361635,19.156887849074767],[72.85299541521272,19.156167764605243],[72.85154463542868,19.156002169947083],[72.8512804205163,19.15741131752543],[72.85086673107119,19.157955259197315],[72.8503108847197,19.15635969849399],[72.84997596234635,19.16262322096174],[72.85261230824302,19.163017822045184],[72.8528716419278,19.1613616722059],[72.85368265806892,19.161219182523677],[72.85564376284879,19.163076104763633],[72.85605216813188,19.162868732864386]]]}},{"type":"Feature","properties":{"layer":"DP_0","label":"DP Zone","confidence":"high","SUBURBS":"WESTERN","ZONE_CODE2":"I"},"geometry":{"type":"Polygon","coordinates":[[[72.86594803800129,19.165305850137713],[72.86520678153329,19.1653635034771],[72.86541923651379,19.166675225334192],[72.86742030009403,19.166525992213092],[72.86669350699682,19.166140986198617],[72.86594803800129,19.165305850137713]]]}},{"type":"Feature","properties":{"layer":"DP_0","label":"DP Zone","confidence":"high","SUBURBS":"WESTERN","ZONE_CODE2":"I"},"geometry":{"type":"Polygon","coordinates":[[[72.84881550932268,19.16944340641002],[72.84845509403644,19.169173976950717],[72.84836221589732,19.17029876630376],[72.84876590024473,19.17031812555666],[72.84881550932268,19.16944340641002]]]}},{"type":"Feature","properties":{"layer":"DP_0","label":"DP Zone","confidence":"high","SUBURBS":"WESTERN","ZONE_CODE2":"I"},"geometry":{"type":"Polygon","coordinates":[[[72.85797327350684,19.172729724241783],[72.85775651410951,19.172264616376662],[72.85719691459336,19.17226464097581],[72.85720406028936,19.17192066459938],[72.85796189978726,19.17167297671142],[72.85918555596349,19.17173432520813],[72.85878843903866,19.16852836111407],[72.85851470202724,19.168559816404755],[72.85832804878754,19.169092360943072],[72.85736867269566,19.170125140410157],[72.85677555777664,19.169376897716475],[72.85607270052041,19.16923621243212],[72.8558585519543,19.16977071448419],[72.85503098577836,19.169526356227227],[72.855117336213,19.168913401687714],[72.85481562700623,19.167891892555826],[72.85424852991451,19.167625228696565],[72.8542782578956,19.169542782102315],[72.85342958186587,19.169598904208087],[72.85348910760146,19.170670083096297],[72.85283588843036,19.170223249183515],[72.85270262776378,19.170996099184947],[72.8523654170392,19.171027384008575],[72.85261333302638,19.1725695089992],[72.85454642680759,19.172683654065512],[72.857166020031,19.173695944661528],[72.85797327350684,19.172729724241783]]]}},{"type":"Feature","properties":{"layer":"DP_0","label":"DP Zone","confidence":"high","SUBURBS":"WESTERN","ZONE_CODE2":"I"},"geometry":{"type":"Polygon","coordinates":[[[72.84790828681065,19.17116185791922],[72.84806631652282,19.170777272312893],[72.84775214604122,19.170643160968726],[72.84729808457672,19.17092268952451],[72.84542572939748,19.170786527716533],[72.84518094270749,19.173312716922158],[72.84863379034904,19.17398796898483],[72.84878929536613,19.171230090401092],[72.84790828681065,19.17116185791922]]]}},{"type":"Feature","properties":{"layer":"DP_0","label":"DP Zone","confidence":"high","SUBURBS":"WESTERN","ZONE_CODE2":"I"},"geometry":{"type":"Polygon","coordinates":[[[72.85718981570693,19.17582040884037],[72.85776178995434,19.17539630448215],[72.85850744580875,19.175380508631484],[72.85851767053738,19.175122210863805],[72.85788360979349,19.174551608264057],[72.85728831771924,19.17443664523539],[72.85719444456909,19.17387352017263],[72.85647832244858,19.173859364765434],[72.85590661843356,19.17450949625052],[72.85718981570693,19.17582040884037]]]}},{"type":"Feature","properties":{"layer":"DP_0","label":"DP Zone","confidence":"high","SUBURBS":"WESTERN","ZONE_CODE2":"I"},"geometry":{"type":"Polygon","coordinates":[[[72.84816150057645,19.179542718464553],[72.84837549864625,19.17922238210622],[72.8478820050076,19.17924228763688],[72.84780647353925,19.179552729264447],[72.84816150057645,19.179542718464553]]]}},{"type":"Feature","properties":{"layer":"DP_0","label":"DP Zone","confidence":"high","SUBURBS":"WESTERN","ZONE_CODE2":"NA"},"geometry":{"type":"Polygon","coordinates":[[[72.89121038440268,19.16414602246316],[72.89078234575439,19.16445602613093],[72.89181679503287,19.169140203676132],[72.89005571251752,19.168908102344982],[72.89001078574265,19.170027667278703],[72.88984818328042,19.17002288403711],[72.88980542813668,19.181892812351073],[72.87381746222651,19.18147012067041],[72.87359214165785,19.184606543320808],[72.87292548201944,19.18865368503968],[72.87389546406908,19.188456818464303],[72.8745901011257,19.18885987654631],[72.87669351073353,19.192865244446562],[72.8788388834255,19.192971633547163],[72.88274995503293,19.19246012460646],[72.88703644376801,19.19247766233404],[72.89108099145562,19.191192749613162],[72.89566759801566,19.190541281303858],[72.8973362076254,19.18924641231338],[72.90018820245938,19.185101804210486],[72.89999187394444,19.18326322732272],[72.90024326191006,19.179834850222182],[72.89932886040297,19.176088512300268],[72.89707516415618,19.173627946618918],[72.89247544652375,19.16429368931348],[72.89121038440268,19.16414602246316]]]}},{"type":"Feature","properties":{"layer":"DP_0","label":"DP Zone","confidence":"high","SUBURBS":"WESTERN","ZONE_CODE2":"NA"},"geometry":{"type":"Polygon","coordinates":[[[72.81969455451731,19.214854896451573],[72.81814103338198,19.213428761609016],[72.81797223285379,19.212289754979658],[72.81752013180986,19.211655601414016],[72.81687604264023,19.211554589113344],[72.81548215468293,19.210735915797382],[72.81568274707377,19.210177941907773],[72.81524786399464,19.209203977565675],[72.81578783617327,19.20853819905048],[72.81549395648844,19.20820798454758],[72.81550449692377,19.2072258238714],[72.81472039849395,19.204715423309725],[72.81092074181377,19.20650179481991],[72.81106632352532,19.208257344492154],[72.81039292271099,19.208059248213335],[72.81043760138466,19.2085970112704],[72.80946989879378,19.208548379338787],[72.80859632533449,19.209693470863204],[72.80890323495125,19.210768989961803],[72.80792200915616,19.211939533802756],[72.80424031473271,19.21304765819685],[72.80338779920582,19.21350168012325],[72.80360792922734,19.21414387826605],[72.81305894154931,19.21466355135067],[72.82041437940553,19.215449261184933],[72.81969455451731,19.214854896451573]]]}},{"type":"Feature","properties":{"layer":"DP_0","label":"DP Zone","confidence":"high","SUBURBS":"WESTERN","ZONE_CODE2":"I"},"geometry":{"type":"Polygon","coordinates":[[[72.85760301826201,19.17548371383152],[72.85756761642325,19.175503246040083],[72.85752903130607,19.17553093364623],[72.85760301826201,19.17548371383152]]]}},{"type":"Feature","properties":{"layer":"DP_0","label":"DP Zone","confidence":"high","SUBURBS":"WESTERN","ZONE_CODE2":"I"},"geometry":{"type":"Polygon","coordinates":[[[72.85786601750438,19.175364054107142],[72.85833193847903,19.17537600687655],[72.8579779075277,19.17536486343586],[72.85786601750438,19.175364054107142]]]}},{"type":"Feature","properties":{"layer":"DP_0","label":"DP Zone","confidence":"high","SUBURBS":"WESTERN","ZONE_CODE2":"I"},"geometry":{"type":"Polygon","coordinates":[[[72.85747614548896,19.17556888141068],[72.85743476596801,19.17559857410329],[72.85718981570693,19.17582040884037],[72.85747614548896,19.17556888141068]]]}},{"type":"Feature","properties":{"layer":"DP_0","label":"DP Zone","confidence":"high","SUBURBS":"WESTERN","ZONE_CODE2":"I"},"geometry":{"type":"Polygon","coordinates":[[[72.84571540779321,19.178366734050513],[72.84556429028724,19.177841475868146],[72.84500778608762,19.177975037392088],[72.84462782683323,19.177586287726168],[72.84394211996432,19.17796619332863],[72.84405177005058,19.178816045548675],[72.84271935561924,19.17895687403253],[72.84476939340959,19.178885063177656],[72.84571540779321,19.178366734050513]]]}},{"type":"Feature","properties":{"layer":"DP_0","label":"DP Zone","confidence":"high","SUBURBS":"WESTERN","ZONE_CODE2":"C"},"geometry":{"type":"Polygon","coordinates":[[[72.83560237676849,19.185432631932596],[72.83581239043427,19.182412491005227],[72.83633320547706,19.179755020705667],[72.83497393185104,19.17873877968886],[72.83077005223903,19.17857210755915],[72.83083153259982,19.17897678326772],[72.82988706779615,19.181545415265376],[72.82826538272896,19.184319542073546],[72.83299401352889,19.184189436508106],[72.83314562250553,19.185419146689288],[72.83560237676849,19.185432631932596]]]}},{"type":"Feature","properties":{"layer":"DP_0","label":"DP Zone","confidence":"high","SUBURBS":"WESTERN","ZONE_CODE2":"NA"},"geometry":{"type":"Polygon","coordinates":[[[72.83156679282001,19.170549640580262],[72.83139050288426,19.168323498480664],[72.83080274965246,19.168293336372507],[72.83078738223611,19.168086428251986],[72.8294937313517,19.16818439254089],[72.82948563649738,19.16801950246854],[72.83124054782688,19.167886303309313],[72.83112375845644,19.165936932308604],[72.83001213012402,19.16582911186769],[72.8304069562031,19.16406697298216],[72.83016727202917,19.16354393856304],[72.83046108684613,19.163297614112057],[72.83053225082598,19.16220131173749],[72.83078791682796,19.161778461463623],[72.83084969798017,19.159244815455626],[72.83106690482828,19.158679097735288],[72.83075553945801,19.157445531648904],[72.83024950281174,19.156748971044635],[72.83032505807562,19.15563053247114],[72.83072329644585,19.155037281881352],[72.82996298425199,19.154676290244034],[72.82935352881456,19.156416736810215],[72.83005688814009,19.15976011387869],[72.82999065214804,19.160565262269085],[72.82880560096925,19.163742590381865],[72.82737406112936,19.16534208101787],[72.82661903831965,19.165807331287482],[72.82592385435927,19.165916783858325],[72.8249175659133,19.16563409227984],[72.82006748597533,19.161958605389664],[72.8186913339567,19.163499320954237],[72.82503354803913,19.16963006747547],[72.82575700695479,19.172661802240587],[72.8272355734702,19.17440894933479],[72.82870359056646,19.175412359584776],[72.82930572298208,19.176420209705682],[72.82964029061789,19.178488651327566],[72.83077005223903,19.17857210755915],[72.83091138216572,19.178119709002566],[72.83131371031351,19.177823409866246],[72.83107544136553,19.17713195759037],[72.83119156452094,19.176720089086484],[72.83007624842735,19.175527728140477],[72.82939541464933,19.17373314168933],[72.83030263790249,19.17330468096733],[72.83068942348694,19.17248102054116],[72.82969482546046,19.170665051644473],[72.83156679282001,19.170549640580262]]]}},{"type":"Feature","properties":{"layer":"DP_0","label":"DP Zone","confidence":"high","SUBURBS":"WESTERN","ZONE_CODE2":"R"},"geometry":{"type":"Polygon","coordinates":[[[72.87089227386346,19.13903497183459],[72.87101423781573,19.139178040733594],[72.87217595745946,19.138472124255333],[72.87205636716246,19.138335368821917],[72.87331741589207,19.13679877112746],[72.87454264485456,19.134369906900364],[72.87485216862815,19.132010795671338],[72.87520284819743,19.1312168345745],[72.87472622119114,19.13028903654062],[72.87458375974548,19.128867897155285],[72.87509641390062,19.12864200472355],[72.87507115421751,19.12824957856786],[72.87470666620091,19.128246247667622],[72.87413917261541,19.127665988384717],[72.87447696668093,19.127436399304614],[72.8743118926002,19.127210483268087],[72.87391795156155,19.127430119131503],[72.87299467349625,19.126419353450444],[72.87346171147205,19.126102474022886],[72.87313756442552,19.12560217375428],[72.8720417211269,19.126716848928844],[72.87163293312418,19.125932103141242],[72.87105516940925,19.126244646685226],[72.87053350472122,19.124748869416457],[72.87145672894904,19.123391053653393],[72.87098722950468,19.123161411451363],[72.87074322025124,19.123637362957226],[72.87053147823396,19.123332533324966],[72.86964910047017,19.123156441200113],[72.8691671064638,19.122435195603405],[72.86929995297974,19.12186240242191],[72.86876085918435,19.121324575787746],[72.86783569475891,19.12192961975332],[72.86726531034537,19.121247767887144],[72.86557861122459,19.121510139357706],[72.8656746880425,19.122103468255318],[72.86425237311938,19.122478101876357],[72.86422113646064,19.123485244491217],[72.86363199780979,19.12351257059993],[72.86359116061915,19.12310731846571],[72.86301898885863,19.123198275506457],[72.86312566103004,19.123678780723782],[72.86270522944636,19.12437595180426],[72.86198851792899,19.12404473126246],[72.86159981385026,19.12355529411455],[72.8613815583223,19.121229016276775],[72.85613309211757,19.121630730685915],[72.85506374463833,19.116714580973873],[72.85758429219446,19.115362359113988],[72.86064271787993,19.114816139526866],[72.86485338220962,19.112799142412484],[72.86646789994236,19.11237290156458],[72.86688258415793,19.112288757810813],[72.86739813684652,19.113803032040035],[72.86783836447108,19.113655359806934],[72.86822864878576,19.113189022000604],[72.86839777225724,19.11242288468802],[72.86814877519964,19.111921304955434],[72.86961133424877,19.111468216010497],[72.86971154600714,19.112432202899775],[72.87035355746956,19.112299379223234],[72.87087518383443,19.11194173435622],[72.87077783890933,19.111311360051335],[72.87154211918525,19.111029664940492],[72.87140609926189,19.11079389692585],[72.86774527942991,19.10487119433363],[72.86629265790089,19.104809577277408],[72.86366972719911,19.105596164255406],[72.86361345020987,19.105787792126993],[72.86297262005695,19.10576802858618],[72.86274191277774,19.10608798187465],[72.86268487935695,19.105216209570052],[72.86202838461516,19.105065188811718],[72.86185344143375,19.104695226145985],[72.8615681825239,19.104760545666203],[72.86156888790595,19.104349140534325],[72.86436137228921,19.099831776044986],[72.86359391260815,19.09867366268432],[72.86017058859906,19.10156524414972],[72.86020859725365,19.102519696503304],[72.85923198477987,19.102925600908527],[72.85869308285002,19.102726391302596],[72.85832845728827,19.103948399578233],[72.8573362682486,19.104026806447767],[72.85753479171838,19.106046805501627],[72.85870884619649,19.105867956581896],[72.85888760854701,19.105264350199562],[72.8590558710741,19.105274648067336],[72.85981883112251,19.10633390343601],[72.85895271499079,19.107574430354767],[72.85844223930631,19.10799409765462],[72.85808741369077,19.10740154965108],[72.8577107682583,19.10745857472425],[72.85766406231868,19.108278468017875],[72.8549462903632,19.108899630911676],[72.85517231730935,19.10748743214645],[72.85377662607678,19.10745889178066],[72.85475862931392,19.10204586885416],[72.85475270168043,19.100887563442452],[72.8523477008621,19.09432226714869],[72.85139615404462,19.093276541032996],[72.8503030269912,19.092607156522472],[72.84571076995978,19.091549533713184],[72.84428213739822,19.090493026246534],[72.8432737861179,19.09090752076173],[72.8431722875572,19.090484189576085],[72.84281273829431,19.090422936555584],[72.84975184916497,19.142534807048346],[72.85007056232237,19.14238414861445],[72.84980462268275,19.139460832783772],[72.85150480798177,19.13920558734571],[72.85190036547955,19.143363338893757],[72.8525395107116,19.14319007568131],[72.85272462847514,19.142519575549326],[72.85431254763782,19.142501802480748],[72.85525888009003,19.14194338788404],[72.85704877835742,19.14160500129693],[72.86060513620112,19.141991690466938],[72.86250823245149,19.141955995764],[72.8638773961422,19.141298837099484],[72.86506676145932,19.141232616862414],[72.86694248336383,19.14072602565438],[72.86692054952337,19.139918847188664],[72.86778716672526,19.139970224416427],[72.86791447319447,19.140492575382233],[72.86834224478974,19.14034530228364],[72.86802731593117,19.13983739651364],[72.86955709027066,19.13958871247905],[72.87089227386346,19.13903497183459]],[[72.86625655011774,19.140199329610006],[72.86609266408577,19.13980742296565],[72.86654646394307,19.1398533272205],[72.86661457677896,19.14006233389431],[72.86625655011774,19.140199329610006]],[[72.86381252922536,19.14014186338657],[72.86287255939102,19.139019271741407],[72.86434486309223,19.139033465040782],[72.86459489801024,19.139752909320347],[72.86381252922536,19.14014186338657]],[[72.85248496308101,19.139266864681666],[72.8520573079137,19.13941688322474],[72.8513306310688,19.139021424695105],[72.85112582416568,19.137626432921273],[72.85140782945057,19.135902350407125],[72.85417214397916,19.137141424009553],[72.85402492654354,19.138412724490294],[72.8529209281953,19.138703961622596],[72.85248496308101,19.139266864681666]],[[72.86239827244599,19.13826113804802],[72.8623412565353,19.138074293646604],[72.86163813653977,19.138208102928722],[72.8610265284103,19.136896498272232],[72.86308352318804,19.136235682183997],[72.86362352856648,19.137805711392836],[72.86239827244599,19.13826113804802]],[[72.849852556283,19.13875097496451],[72.84915078864857,19.135202053860088],[72.84936142804469,19.13514265822258],[72.85020117968861,19.135428377923336],[72.84982861387225,19.136982806307422],[72.849852556283,19.13875097496451]],[[72.86217642509594,19.13136680597407],[72.86273063246516,19.131366357566545],[72.86281885407668,19.132038011287978],[72.8622686475591,19.132037270634346],[72.86217642509594,19.13136680597407]],[[72.85195805929143,19.12582129533101],[72.85244609179611,19.125715884324332],[72.85249108904077,19.12546017630735],[72.85384867229897,19.125933252554162],[72.85406536698474,19.12528337272188],[72.8546442954446,19.125181669952507],[72.85481670229433,19.125656349446757],[72.85593259020698,19.125873542343143],[72.8553301695982,19.127299520213725],[72.8534529347414,19.127168562336195],[72.85322070420405,19.12737061895935],[72.85287822937163,19.12731775440109],[72.85287591367589,19.126946664911028],[72.85198564239558,19.12684235457363],[72.85195805929143,19.12582129533101]],[[72.85630485523845,19.125264468395077],[72.85420428789851,19.123917615150685],[72.85507830187667,19.12376674217077],[72.8559758506821,19.122955056812874],[72.85646551467318,19.122949298695815],[72.85667989220299,19.124198242364606],[72.85630485523845,19.125264468395077]],[[72.84801004711981,19.117291601440137],[72.84834394570517,19.117248973183695],[72.84856917308893,19.118243048785402],[72.84762627913975,19.118722857429773],[72.8474672737382,19.117368193341154],[72.84801004711981,19.117291601440137]],[[72.85415004701399,19.11110633291435],[72.85411317799449,19.11095278466839],[72.85516147103266,19.110967109073588],[72.85517371493592,19.110555373829357],[72.85572295936375,19.11063946581769],[72.85569201291965,19.11099650602559],[72.85694371649889,19.110914236803424],[72.85710687856924,19.111061346388617],[72.85692867320782,19.11152846476109],[72.85717469662421,19.111717677328993],[72.85768827972763,19.11154019482703],[72.85788559007783,19.11210596048946],[72.85455151811293,19.11329775870565],[72.85415004701399,19.11110633291435]],[[72.86140854523654,19.112535763871787],[72.86157822274872,19.111991469480675],[72.86196614316971,19.111907459777758],[72.86206117022867,19.112938182650893],[72.86148723437391,19.113157942211906],[72.86123246899473,19.112951422448393],[72.86140854523654,19.112535763871787]],[[72.8603565937999,19.112386423196835],[72.85888625206366,19.11243534821381],[72.8594151613894,19.112207093732696],[72.85928410588512,19.11160966743315],[72.85977412712835,19.11181202883422],[72.85972841897804,19.11147130440736],[72.86033789783296,19.111407696190696],[72.86015373471173,19.112157042647816],[72.8603565937999,19.112386423196835]],[[72.85895945187931,19.110982872967096],[72.85913448062098,19.11100214527237],[72.85899281581796,19.111116329233468],[72.85895945187931,19.110982872967096]],[[72.85770475501324,19.110827750373694],[72.85786086936082,19.11042649954209],[72.85883658083739,19.11048412526219],[72.85878493691334,19.11069095792354],[72.85815894448197,19.1106139104021],[72.85770475501324,19.110827750373694]],[[72.85759979215015,19.110199016894413],[72.85731579651772,19.110812917402665],[72.85736877468536,19.110059024773264],[72.85680250157165,19.10998815307053],[72.85683261298986,19.109473773098834],[72.8573926423773,19.109807114747348],[72.85777522454464,19.109255598970886],[72.85804970511391,19.11006136602254],[72.85838276191205,19.110244607824168],[72.85759979215015,19.110199016894413]],[[72.86026234934405,19.109931430118127],[72.86043559496294,19.110115521614368],[72.86031857264445,19.110179504668867],[72.86026234934405,19.109931430118127]],[[72.86022463031817,19.109709684021187],[72.86033592954482,19.109687092187848],[72.86030732448695,19.109811266903037],[72.86022463031817,19.109709684021187]],[[72.85998606177824,19.109627014659374],[72.8598489091302,19.10958656161695],[72.86000705912652,19.10940422256858],[72.85998606177824,19.109627014659374]],[[72.86159732687538,19.10945958468693],[72.86185405682922,19.109330433305963],[72.8616439623646,19.109638659626977],[72.86159732687538,19.10945958468693]],[[72.85905090755482,19.109276580995825],[72.85891396285027,19.10913202891751],[72.85904640005143,19.109094984209083],[72.85905090755482,19.109276580995825]],[[72.85731370399296,19.10907526301911],[72.85724767951149,19.10892318944437],[72.85735806908926,19.10885169031777],[72.85731370399296,19.10907526301911]],[[72.85756423083264,19.108872390351156],[72.85778169233512,19.108764008921842],[72.85775454583074,19.108931373803546],[72.85756423083264,19.108872390351156]],[[72.85819665387326,19.10889508192815],[72.85799555268113,19.10873157838124],[72.85814523173362,19.108586726947898],[72.85819665387326,19.10889508192815]],[[72.86069830724712,19.10862081786704],[72.86048205355935,19.108242255390046],[72.86107562638291,19.108432839873633],[72.86094118346736,19.10888605258157],[72.86069830724712,19.10862081786704]],[[72.86161611978805,19.10881070241762],[72.86116234493764,19.108653739347073],[72.86118069581826,19.108453490183674],[72.8620224311826,19.1086792022074],[72.86161611978805,19.10881070241762]],[[72.86016093254047,19.108243191727762],[72.85986754101343,19.108045915286045],[72.8603743630508,19.10757954449763],[72.8603641618012,19.108173183698455],[72.86020541654047,19.108027333048263],[72.86016093254047,19.108243191727762]],[[72.86077256864537,19.1079633870928],[72.86090165714606,19.10757004213448],[72.86064776137866,19.10716909100929],[72.86097264344099,19.107084210361357],[72.86077256864537,19.1079633870928]],[[72.86146920104743,19.10730198156203],[72.86158562308258,19.10777500956735],[72.86133559732252,19.10779044034335],[72.86146920104743,19.10730198156203]],[[72.86127137072945,19.107135663147382],[72.86136716533447,19.10684624996827],[72.86183193877713,19.106712762933604],[72.86156049246071,19.107134573428294],[72.86127137072945,19.107135663147382]],[[72.86125592967545,19.106776712545717],[72.86094594732694,19.106851868933365],[72.86082796564571,19.106632210545413],[72.86125592967545,19.106776712545717]],[[72.85763462587164,19.10853727175613],[72.85733728539172,19.10871325880084],[72.8571433134199,19.108624713894148],[72.85763462587164,19.10853727175613]],[[72.85355330247054,19.10854072260958],[72.85369200523587,19.109119938528337],[72.85213027820183,19.109752180979243],[72.85152031032905,19.110240302989602],[72.85106126044786,19.107672248930527],[72.85145077937277,19.10763475728703],[72.85137718020783,19.10699343413013],[72.85187000478786,19.106934781093603],[72.8520754507768,19.10857013697728],[72.85355330247054,19.10854072260958]],[[72.84771758407025,19.10755907542982],[72.8481271923392,19.107731292278604],[72.84802692291117,19.10820992312059],[72.84785116205572,19.10824938658821],[72.84767632462619,19.10781133429491],[72.84726871590787,19.10788181705268],[72.84726888856397,19.108464941320936],[72.84644845801441,19.108486335021528],[72.84631830897813,19.108841815444492],[72.8456053296765,19.108771702215517],[72.84515527342172,19.106003170396047],[72.84583082150031,19.105888461537205],[72.84603888970987,19.10640474473362],[72.84677956776204,19.1068319446327],[72.84733663635107,19.10686612402005],[72.84737491712897,19.107534518998474],[72.84771758407025,19.10755907542982]],[[72.84580490341087,19.098517891233275],[72.84650194952988,19.10250695776228],[72.84603837852892,19.102428957624575],[72.84420843538003,19.10112300460273],[72.8439904596084,19.098865628091648],[72.84580490341087,19.098517891233275]],[[72.8611237772937,19.1042762567785],[72.861454489793,19.10419653341918],[72.86116792211197,19.104553886524105],[72.8611237772937,19.1042762567785]]]}},{"type":"Feature","properties":{"layer":"DP_0","label":"DP Zone","confidence":"high","SUBURBS":"WESTERN","ZONE_CODE2":"NA"},"geometry":{"type":"Polygon","coordinates":[[[72.82456312762477,19.080695161699193],[72.82399399221106,19.081036575376242],[72.8231005860503,19.082428027571787],[72.8233998520633,19.08291231872684],[72.82311132283064,19.083095140615676],[72.8233901978901,19.083688035479927],[72.82389972958354,19.083687659557445],[72.8240454277369,19.083913641453567],[72.82496462327258,19.083745734629044],[72.82489374021274,19.081865069320436],[72.82456312762477,19.080695161699193]]]}},{"type":"Feature","properties":{"layer":"DP_0","label":"DP Zone","confidence":"high","SUBURBS":"WESTERN","ZONE_CODE2":"NA"},"geometry":{"type":"Polygon","coordinates":[[[72.82500257615622,19.080431541914557],[72.82546576009742,19.079739740947268],[72.82616598748687,19.07947207591804],[72.82587099949252,19.078422687572722],[72.8254630335876,19.07815435912928],[72.82509417398221,19.07820966720119],[72.8241827159886,19.079439749736128],[72.82456312762477,19.080695161699193],[72.82500257615622,19.080431541914557]]]}},{"type":"Feature","properties":{"layer":"DP_0","label":"DP Zone","confidence":"high","SUBURBS":"WESTERN","ZONE_CODE2":"R"},"geometry":{"type":"Polygon","coordinates":[[[72.84276163784985,19.09042968517804],[72.83913761372808,19.06243033263064],[72.83937750474176,19.058982907086797],[72.84066341913955,19.054824234390306],[72.83961415387927,19.05421638323202],[72.83947145899954,19.05743405817469],[72.83893567334292,19.05722569668775],[72.83762492292725,19.05549708766642],[72.8378247302127,19.05440655975218],[72.83822717837124,19.05405010654621],[72.83799860725887,19.05381928254283],[72.83832244524574,19.0509926569609],[72.83760213330035,19.050990884169934],[72.83757378949888,19.05205992486886],[72.83698688524179,19.052722229103633],[72.83506122304489,19.053637387958005],[72.83437193514351,19.053509078499708],[72.83399798606712,19.05303252610844],[72.83333809470095,19.052898387177045],[72.83262546116299,19.053117704321146],[72.83263335900854,19.053455273439344],[72.83179986271466,19.053611292834866],[72.82992132854913,19.052956314156624],[72.82888296724404,19.052266105461392],[72.82857366577213,19.050996192580453],[72.82765456240891,19.05027024949983],[72.82641825304178,19.04830054269776],[72.82649275314965,19.045603345713246],[72.82680072914414,19.045136036471856],[72.82739770335247,19.04536971752888],[72.82697239755993,19.044732840624555],[72.82709989300764,19.043996605565905],[72.82485999447665,19.04253448398197],[72.81924165369125,19.040859087815726],[72.81840799743256,19.041786865183465],[72.81807541219884,19.04168289772326],[72.81809980128314,19.04232163071177],[72.81718674100946,19.043012786160002],[72.8174007356275,19.04414714041702],[72.81864041361834,19.04556588417604],[72.82104862456683,19.050332616865656],[72.82194877511857,19.053519235786066],[72.82323661025893,19.05476244324122],[72.82347631189448,19.05586867224809],[72.8237372788928,19.05592948507648],[72.82293539142756,19.057139506522525],[72.82125397509351,19.058127266894918],[72.8211766202727,19.058644671445887],[72.82052646476866,19.05898102884491],[72.82122466717372,19.060253541418042],[72.82160805964561,19.062366790329367],[72.82195104751119,19.062317479938372],[72.82284254172303,19.064414967250286],[72.82302017603823,19.065557287481788],[72.82238328244935,19.067583439727404],[72.82255097099849,19.068687162640142],[72.82236649873481,19.068795206527273],[72.82239284416401,19.069516816836025],[72.82178282636693,19.071073487925666],[72.82144176415159,19.073194570877703],[72.82127428265532,19.07321722830839],[72.82126159901159,19.07384750290449],[72.82186920552927,19.074831861092054],[72.82139360224443,19.07646996880846],[72.82151469773272,19.077293265588942],[72.82214944166724,19.077689142956526],[72.82255191660371,19.078461167002395],[72.8234977493004,19.079113837775875],[72.82404819566132,19.078289076698884],[72.8252332024608,19.077961213863894],[72.82858502604365,19.077834467693638],[72.82903616208152,19.07905509489868],[72.82790385119237,19.081335609672458],[72.82860042195372,19.082681326243055],[72.82979389977413,19.08371029847705],[72.83037264271,19.085267754458137],[72.83219604154729,19.08483343155622],[72.83252167768316,19.0863696710189],[72.83812470166,19.086680184045797],[72.8383931376414,19.089719981090834],[72.841551363117,19.090568325406547],[72.84276163784985,19.09042968517804]],[[72.84101217381706,19.08045505665241],[72.84119000371139,19.0804409359616],[72.84145767407993,19.082414339451084],[72.84016838262063,19.082162404757437],[72.83798332959712,19.082545265982354],[72.83787647926016,19.081117895675597],[72.83858462050902,19.081024195917703],[72.83843388953947,19.080738450905102],[72.83872384135019,19.080666387370705],[72.84101217381706,19.08045505665241]],[[72.83972549899366,19.07257969867665],[72.8397249334308,19.07239117607549],[72.83930101883372,19.072416495178416],[72.83926109222611,19.07196108403106],[72.83802400432745,19.07192158225744],[72.83810263880866,19.072136152717952],[72.83791292666544,19.07214713677075],[72.83767632457227,19.069345488285272],[72.83782973184819,19.069017649311082],[72.83933890627077,19.06900802143539],[72.83972860735047,19.06925197933229],[72.84023092740988,19.072603664868733],[72.83972549899366,19.07257969867665]]]}},{"type":"Feature","properties":{"layer":"DP_0","label":"DP Zone","confidence":"high","SUBURBS":"WESTERN","ZONE_CODE2":"C"},"geometry":{"type":"Polygon","coordinates":[[[72.85337783519982,19.058240167745875],[72.85190378811402,19.056917772583013],[72.85145949062323,19.057481852206216],[72.8529534790826,19.0586841254882],[72.85337783519982,19.058240167745875]]]}},{"type":"Feature","properties":{"layer":"DP_0","label":"DP Zone","confidence":"high","SUBURBS":"WESTERN","ZONE_CODE2":"C"},"geometry":{"type":"Polygon","coordinates":[[[72.86416785716506,19.071490863375903],[72.86437972506337,19.071397465352412],[72.86437018762257,19.070887395076944],[72.86350198213768,19.06999151093223],[72.86370517755185,19.069719303977053],[72.86352455515011,19.06914023619376],[72.86176949908271,19.068119813675224],[72.86198341921056,19.068794846498278],[72.86127300687654,19.068830591829652],[72.86118355472934,19.0693725870188],[72.86139999400247,19.07181950174964],[72.8626681090501,19.071130942912724],[72.86416785716506,19.071490863375903]]]}},{"type":"Feature","properties":{"layer":"DP_0","label":"DP Zone","confidence":"high","SUBURBS":"WESTERN","ZONE_CODE2":"C"},"geometry":{"type":"Polygon","coordinates":[[[72.86728839730436,19.07161526565262],[72.86875325040309,19.072053337344677],[72.86869543218147,19.072226013066768],[72.87008425488308,19.072764080182786],[72.87032246503081,19.0731576093563],[72.86991531162667,19.074002806654843],[72.87072457023731,19.07434936313032],[72.87116549639462,19.07292439042883],[72.86733858603688,19.07138397779455],[72.86728839730436,19.07161526565262]]]}},{"type":"Feature","properties":{"layer":"DP_0","label":"DP Zone","confidence":"high","SUBURBS":"WESTERN","ZONE_CODE2":"C"},"geometry":{"type":"Polygon","coordinates":[[[72.84824941967771,19.074531445019115],[72.84861091026947,19.0745396085724],[72.84957465563892,19.075831063861404],[72.85167933645198,19.079294153928558],[72.85206187429532,19.079075215708734],[72.85188201560088,19.078372897272118],[72.85214750540464,19.07726085423212],[72.85232696513243,19.077277880246122],[72.85249757333038,19.07677897004137],[72.85177721304103,19.076123680947735],[72.8515311097564,19.075571849689943],[72.85173065692264,19.07529399772331],[72.85205248998338,19.075553032981684],[72.8518875644467,19.07515028980992],[72.85128978863206,19.074888301172383],[72.84902153774159,19.075077136734294],[72.84850433234078,19.074384776437192],[72.84824941967771,19.074531445019115]]]}},{"type":"Feature","properties":{"layer":"DP_0","label":"DP Zone","confidence":"high","SUBURBS":"WESTERN","ZONE_CODE2":"I"},"geometry":{"type":"Polygon","coordinates":[[[72.8338758752673,19.141599008334243],[72.83393310537048,19.140995733800295],[72.83356686687279,19.141008502548907],[72.83363409642985,19.140406335989287],[72.83393480606547,19.14042958025248],[72.83405138910159,19.13934257172964],[72.83358090009204,19.139260360595035],[72.83367171530945,19.138302436569457],[72.83438840813938,19.13818434174271],[72.8344423733613,19.13697593893748],[72.83521013922717,19.13713402065854],[72.83536321829486,19.138654653960312],[72.83568359006975,19.13871262545809],[72.83579701292459,19.138997265727898],[72.83724938764463,19.138997119768476],[72.8375872967237,19.135746100742036],[72.83760672856953,19.13245450787095],[72.83587697621444,19.132364410654546],[72.83576790870093,19.131782109973713],[72.83167083913092,19.131982332143117],[72.83024840093783,19.132624463949863],[72.83000694128192,19.132749715529485],[72.82997469732966,19.13457661387729],[72.82891232754861,19.134371407946237],[72.82729609939594,19.13607744779387],[72.8319086504034,19.13657898566631],[72.83141904715815,19.142000364049572],[72.83386711277666,19.141820541273603],[72.8338758752673,19.141599008334243]]]}},{"type":"Feature","properties":{"layer":"DP_0","label":"DP Zone","confidence":"high","SUBURBS":"WESTERN","ZONE_CODE2":"I"},"geometry":{"type":"Polygon","coordinates":[[[72.79010496567345,19.144586426141107],[72.79003633996423,19.144019494759117],[72.78921534355864,19.14397881828869],[72.78941750060412,19.144536927783857],[72.79010496567345,19.144586426141107]]]}},{"type":"Feature","properties":{"layer":"DP_0","label":"DP Zone","confidence":"high","SUBURBS":"WESTERN","ZONE_CODE2":"I"},"geometry":{"type":"Polygon","coordinates":[[[72.80100400436349,19.148235538464217],[72.80225745988675,19.14683840837954],[72.8027028257556,19.14492927798271],[72.80257825858223,19.145143952530173],[72.80198815911379,19.145136025256654],[72.80196766565713,19.145760922897807],[72.80137343657915,19.145850346202177],[72.80107221342635,19.146740979053355],[72.80038146345342,19.14746874542573],[72.80065657349597,19.14787033005956],[72.80056097727372,19.148006562954343],[72.80026346854652,19.14775967673107],[72.80012821209787,19.148652265402013],[72.80100400436349,19.148235538464217]]]}},{"type":"Feature","properties":{"layer":"DP_0","label":"DP Zone","confidence":"high","SUBURBS":"WESTERN","ZONE_CODE2":"R"},"geometry":{"type":"Polygon","coordinates":[[[72.86405210089252,19.23304904403158],[72.86215452940483,19.2340517185744],[72.86190963209782,19.234743167744973],[72.86287830708987,19.23673003059034],[72.86286772124822,19.23747375679541],[72.86415990441581,19.23724392512494],[72.86435267436134,19.23849597737102],[72.86705558877355,19.238462619078593],[72.86863943811915,19.23803574548846],[72.87027804481306,19.237962520217117],[72.87304825237108,19.238386873720955],[72.87331572940472,19.237583495245566],[72.87325851862443,19.236809485380444],[72.87227997468797,19.23510276375453],[72.87133732130609,19.23433833989147],[72.86965900498029,19.234217261217385],[72.86961491665986,19.233916015275188],[72.87171940718996,19.233607091987444],[72.87193423832419,19.232259728715015],[72.87172130416688,19.231631787246773],[72.870695188147,19.230271119687533],[72.86917186920871,19.23012959570965],[72.86737105899104,19.23098570815797],[72.86811285210828,19.23048133388119],[72.86624673477428,19.23137090342742],[72.86405210089252,19.23304904403158]]]}},{"type":"Feature","properties":{"layer":"DP_0","label":"DP Zone","confidence":"high","SUBURBS":"CITY","ZONE_CODE2":"I"},"geometry":{"type":"Polygon","coordinates":[[[72.83059190761449,18.979700216495917],[72.83100056774812,18.9795921765415],[72.83044629740623,18.977663769326153],[72.82908817808678,18.97958924116825],[72.82924547503553,18.98000163035433],[72.83059190761449,18.979700216495917]]]}},{"type":"Feature","properties":{"layer":"DP_0","label":"DP Zone","confidence":"high","SUBURBS":"WESTERN","ZONE_CODE2":"R"},"geometry":{"type":"Polygon","coordinates":[[[72.84544349104442,19.110415551871867],[72.84276958222276,19.09049701810498],[72.841551363117,19.090568325406547],[72.83827451323077,19.08971976672613],[72.83812470166,19.086680184045797],[72.83252167768316,19.0863696710189],[72.83221038204073,19.084864339649467],[72.83041355620455,19.085353094449275],[72.83095609493631,19.08664649546209],[72.83222471548244,19.086191436171024],[72.83241250365296,19.087091062837654],[72.83191060406604,19.088527216977898],[72.83217705174096,19.089324550233474],[72.83209853049547,19.090874273175594],[72.83229078458392,19.091275997351453],[72.83587407477056,19.09199362007818],[72.83803418761349,19.09186472593939],[72.83909042846376,19.09331207167529],[72.83927224994592,19.095050510011156],[72.83903132037155,19.101198372263557],[72.83809669679653,19.101629592113724],[72.83759346583942,19.104557123160756],[72.83829514686484,19.110258894377214],[72.84052742718106,19.11034701060082],[72.84137195419737,19.110727956609],[72.84179178604899,19.110573818426737],[72.84197375867257,19.11126520892515],[72.8424176587436,19.11138480545832],[72.84383351515639,19.11112907457863],[72.84424325597618,19.1103776817415],[72.84544349104442,19.110415551871867]],[[72.83788523789984,19.104213382920452],[72.83791103005187,19.103940823325384],[72.8392207107565,19.104063195738515],[72.83936147947125,19.104794529711288],[72.83877733809112,19.104850839793237],[72.83928623922912,19.10538780983736],[72.83867493009483,19.106017529925392],[72.8385907647012,19.106625801470056],[72.83917631582761,19.106818085461843],[72.83980582494368,19.107455654681132],[72.83975345923955,19.10803401230415],[72.83823110329323,19.108192062614926],[72.83788523789984,19.104213382920452]],[[72.83914556063421,19.092499821621438],[72.83986965803322,19.09197327174112],[72.84013087816335,19.092033666601672],[72.84087365016399,19.09345111822365],[72.83972602646274,19.093574955688027],[72.83914556063421,19.092499821621438]],[[72.83755723358185,19.090102136446514],[72.83817844587789,19.09007355345171],[72.83822843528252,19.090911901629745],[72.83761088910029,19.090935389875348],[72.83755723358185,19.090102136446514]],[[72.83700401794746,19.088658023640193],[72.83804140013252,19.088630250013416],[72.83808974485457,19.08889286856866],[72.8370253337876,19.0889707407488],[72.83700401794746,19.088658023640193]],[[72.83644539054075,19.087238384301667],[72.83657249547952,19.086667517938672],[72.83694827034962,19.08679705823863],[72.83698669408268,19.08719968333851],[72.83644539054075,19.087238384301667]],[[72.83579168211435,19.086746485513228],[72.83572506500018,19.086940157949304],[72.83536856512443,19.086897503381316],[72.83579168211435,19.086746485513228]]]}},{"type":"Feature","properties":{"layer":"DP_0","label":"DP Zone","confidence":"high","SUBURBS":"WESTERN","ZONE_CODE2":"R"},"geometry":{"type":"Polygon","coordinates":[[[72.87778266737546,19.10841754483756],[72.87740891987173,19.108725367739844],[72.87703836626893,19.108085765950623],[72.8765919920827,19.108312089475707],[72.87691926387178,19.108907611612434],[72.87566992595063,19.109351788686734],[72.87511850253028,19.109211966632913],[72.87550214222993,19.109354789003657],[72.87470965157752,19.10969773518008],[72.87470702801667,19.109310458635694],[72.8743668758856,19.109188108256834],[72.87431966044657,19.109848113936263],[72.87361281699026,19.110125247984126],[72.87309025320964,19.109768097217668],[72.87294107522871,19.109066826518752],[72.87259318163193,19.108827493781686],[72.87270632237829,19.108529063810572],[72.87243942054258,19.108319049527918],[72.87244818619818,19.107941217463093],[72.87221220953019,19.10779207891744],[72.87181931117223,19.10865338963072],[72.87236689865165,19.10971301491869],[72.87205307907756,19.109875914073335],[72.87236435410202,19.110447322047197],[72.87140609926189,19.11079389692585],[72.87369759132278,19.114568042480737],[72.87243657430533,19.11493506371369],[72.87218901832787,19.113887586207394],[72.87135450623639,19.113893428021257],[72.87114018408047,19.115317204083688],[72.87096151790199,19.115292900160718],[72.87063617011113,19.115974842205425],[72.86998599962324,19.11617299981399],[72.86983678979728,19.116910329503163],[72.8701542083072,19.117355666018003],[72.87085112738143,19.11754726372246],[72.87142029471381,19.11727143588683],[72.87150945351111,19.116950061761635],[72.87199107199532,19.11707963727859],[72.87260563011083,19.116618378814028],[72.87299135766187,19.116942191661472],[72.87411054927807,19.116934024403424],[72.8740883702278,19.117338772292264],[72.87484428794774,19.11784862343455],[72.87558876803824,19.11790400599144],[72.87871273717928,19.12280349510226],[72.87881407253596,19.123738872760914],[72.87862224971978,19.124338409329738],[72.87789043236084,19.124754964056276],[72.87966906853949,19.12549282005514],[72.87997172093603,19.124739429175555],[72.88175806297714,19.12675858919451],[72.88435229851365,19.12809423648811],[72.88513947456512,19.12742402769469],[72.88648004485708,19.1271237332863],[72.8875295830574,19.122793160226745],[72.888580056916,19.121921806962224],[72.88852442821323,19.121491151584816],[72.8866329991877,19.120668222392375],[72.88615668430309,19.119064744150492],[72.88560730011633,19.1181582635701],[72.88302661366932,19.117092866082032],[72.88005339324624,19.11695347521893],[72.87959384948448,19.11376525460812],[72.87835362855823,19.110285455737266],[72.87847429320415,19.1076758643002],[72.88101656825631,19.106778471937613],[72.87989149415822,19.104658460091894],[72.87938836114465,19.103042394442316],[72.88066654674218,19.102681923638865],[72.8800306204558,19.102152876420092],[72.87925258617854,19.10017582916539],[72.87740093864788,19.10069813148149],[72.87777125623774,19.10222068075634],[72.87683429891113,19.103667949779076],[72.87666134576664,19.103802745671505],[72.87663526729112,19.103543508539637],[72.87519803695842,19.10489668693862],[72.87492983162436,19.105580168981724],[72.8758946525763,19.107085999583383],[72.87813830094485,19.106810968753624],[72.87792908873523,19.10786756409651],[72.87767341738065,19.107954675345148],[72.87778266737546,19.10841754483756]],[[72.88523508018635,19.118673936243027],[72.88531778021829,19.11923538045394],[72.88484508990783,19.119289498645692],[72.88475510530101,19.118727542227703],[72.88523508018635,19.118673936243027]]]}},{"type":"Feature","properties":{"layer":"DP_0","label":"DP Zone","confidence":"high","SUBURBS":"WESTERN","ZONE_CODE2":"R"},"geometry":{"type":"Polygon","coordinates":[[[72.83479382311775,19.161314702825333],[72.83500984561212,19.159542904519014],[72.83466067163718,19.159298670748758],[72.83161984693672,19.159270012849827],[72.83159883852147,19.160209287972016],[72.83229839736043,19.160245819755687],[72.83228470523709,19.161143782160437],[72.83163804253792,19.161152110422336],[72.83152673581702,19.163432631433754],[72.83485356063721,19.163418845435473],[72.83479382311775,19.161314702825333]],[[72.83461954185553,19.16116192150871],[72.83383293249788,19.16113442250661],[72.83383882930308,19.16026487537337],[72.83473865995234,19.160402405338377],[72.83461954185553,19.16116192150871]]]}},{"type":"Feature","properties":{"layer":"DP_0","label":"DP Zone","confidence":"high","SUBURBS":"WESTERN","ZONE_CODE2":"R"},"geometry":{"type":"Polygon","coordinates":[[[72.8541967156656,19.16762844930336],[72.854176061937,19.166781186922595],[72.85294173376198,19.166875019186225],[72.85257597313496,19.169328486419815],[72.85277559832393,19.170161884983287],[72.85345141197365,19.170650119276097],[72.85342958186587,19.169598904208087],[72.8542782578956,19.169542782102315],[72.8541967156656,19.16762844930336]]]}},{"type":"Feature","properties":{"layer":"DP_0","label":"DP Zone","confidence":"high","SUBURBS":"WESTERN","ZONE_CODE2":"R"},"geometry":{"type":"Polygon","coordinates":[[[72.83770290243146,19.179329348306368],[72.84357316205174,19.17898727444273],[72.84405669208506,19.178848051129187],[72.84394867728835,19.178085513318294],[72.8441849579301,19.177729500783148],[72.84486217755695,19.177627432211818],[72.84584740729446,19.178319049904314],[72.84779763246472,19.177969557329323],[72.84862124213556,19.177713015221833],[72.8504970375077,19.176420852776577],[72.85141895960697,19.176279864870356],[72.85669850070315,19.177484324744814],[72.85715067643604,19.17586564708628],[72.85581452397034,19.174411466975975],[72.85677405157544,19.173816472978572],[72.85719444456909,19.17387352017263],[72.85720763501486,19.174397128866254],[72.85828202097882,19.174822429353622],[72.85850744580875,19.175380508631484],[72.85937801416094,19.175400448716925],[72.85947101810224,19.17441253807536],[72.86668920210131,19.17583690616526],[72.86900395749535,19.175560950021776],[72.87403265610946,19.175965404130594],[72.87474967772796,19.170448717013567],[72.87707606694741,19.167135989593508],[72.8771721721939,19.166533911341354],[72.87649672840764,19.16729375274508],[72.8759159325872,19.167494400163058],[72.87030904701669,19.16809317707814],[72.85954658137237,19.169775366252352],[72.85932591710564,19.169092028256607],[72.85889204634033,19.169474981920875],[72.85918555596349,19.17173432520813],[72.85725470641115,19.17182501428029],[72.85719691459336,19.17226464097581],[72.85775651410951,19.172264616376662],[72.85797327350684,19.172729724241783],[72.857166020031,19.173695944661528],[72.85454642680759,19.172683654065512],[72.85262785979707,19.17268627056573],[72.85230227757243,19.171094777404257],[72.85270262776378,19.170996099184947],[72.85268421120858,19.16953143437627],[72.85112867088209,19.16917363915355],[72.85093468758409,19.170028145839424],[72.8500163233367,19.169233602507422],[72.85021507592445,19.168950978817712],[72.84990665160538,19.168747845347056],[72.84889504527769,19.168959264913738],[72.84876700476667,19.170298650003367],[72.84848111418412,19.170304470317003],[72.84845218492435,19.169329946797372],[72.84646054366401,19.16984055667342],[72.8452958900147,19.16977603478548],[72.84495081452208,19.170368294406003],[72.8443588910631,19.170192174018513],[72.84387262370578,19.1703322261449],[72.842667870196,19.171263834258028],[72.841946456612,19.17122806567148],[72.84135988061067,19.170904061344697],[72.84116152714243,19.17020780800728],[72.83641027184943,19.170848642707405],[72.83605969070608,19.171476956648828],[72.83574572716974,19.171581491786355],[72.83721016222226,19.175784374140708],[72.83647691310517,19.179737115021126],[72.83770290243146,19.179329348306368]],[[72.84518094270749,19.173312716922158],[72.84538482608271,19.170793139963052],[72.84720169752909,19.170944609817795],[72.84765638672138,19.17061793758074],[72.84795668383207,19.170692989104992],[72.84790828681065,19.17116185791922],[72.84878929536613,19.171230090401092],[72.84863379034904,19.17398796898483],[72.84518094270749,19.173312716922158]]]}},{"type":"Feature","properties":{"layer":"DP_0","label":"DP Zone","confidence":"high","SUBURBS":"WESTERN","ZONE_CODE2":"R"},"geometry":{"type":"Polygon","coordinates":[[[72.84845509403644,19.169173976950717],[72.84869102996464,19.168738233170295],[72.84808484251778,19.16788554724666],[72.84786909336731,19.169325959404315],[72.8473660530798,19.16945918046484],[72.84664780817839,19.169228344594885],[72.84583428489131,19.169464149344417],[72.84547934221976,19.169258481467846],[72.84545213615816,19.16972212579609],[72.846338967615,19.169838035523842],[72.84845509403644,19.169173976950717]]]}},{"type":"Feature","properties":{"layer":"DP_0","label":"DP Zone","confidence":"high","SUBURBS":"WESTERN","ZONE_CODE2":"R"},"geometry":{"type":"Polygon","coordinates":[[[72.83560237676849,19.185432631932596],[72.83560285761618,19.185433081857322],[72.83560286148044,19.185432646612778],[72.83560237676849,19.185432631932596]]]}},{"type":"Feature","properties":{"layer":"DP_0","label":"DP Zone","confidence":"high","SUBURBS":"WESTERN","ZONE_CODE2":"R"},"geometry":{"type":"Polygon","coordinates":[[[72.83560323507987,19.18543343517972],[72.83314562250553,19.185419146689288],[72.83299401352889,19.184189436508106],[72.82826538272896,19.184319542073546],[72.82815558768904,19.184919130051178],[72.82828318222329,19.185676387555578],[72.82880043548232,19.186470881350317],[72.83032500209654,19.18832363299404],[72.83102029859893,19.188414672297217],[72.83153089439647,19.18826925544101],[72.83220083526861,19.18715632224094],[72.8333791499935,19.18766602427544],[72.83377148642113,19.186989487312633],[72.83526267164874,19.186743498193344],[72.83555922170139,19.186549883808954],[72.83560323507987,19.18543343517972]]]}},{"type":"Feature","properties":{"layer":"DP_0","label":"DP Zone","confidence":"high","SUBURBS":"WESTERN","ZONE_CODE2":"R"},"geometry":{"type":"Polygon","coordinates":[[[72.82000969034152,19.218772679798608],[72.82104539173594,19.215805073302793],[72.82131795711665,19.21561171618066],[72.81170856031781,19.214660593071944],[72.81169036496699,19.21555323060548],[72.81208265379666,19.2168688438539],[72.81284324098372,19.216981779325],[72.81366879327486,19.217467176587103],[72.81346290600835,19.21684228250504],[72.81395671482905,19.216795798706997],[72.81434486486832,19.216837098658797],[72.8147830087948,19.217505334613136],[72.81576009266209,19.21768712564766],[72.81611492065073,19.21686439809824],[72.81577536667248,19.216303274938394],[72.816163574366,19.216103570016376],[72.817450292664,19.216981132464998],[72.8187502731554,19.21674636448889],[72.81918579769767,19.216356077976013],[72.8195581856504,19.216337735601506],[72.81939494612928,19.217106880880362],[72.81893459368511,19.217323269058184],[72.81918252287961,19.2180510751167],[72.81832827200775,19.217689909147175],[72.81826772914619,19.217840773747568],[72.8164767762221,19.217675898087176],[72.81662210522556,19.21815968976323],[72.81751324211679,19.21834071491674],[72.81762338934402,19.219032805250635],[72.81729347173207,19.21985489364351],[72.81947039616128,19.22049382259177],[72.82000969034152,19.218772679798608]]]}},{"type":"Feature","properties":{"layer":"DP_0","label":"DP Zone","confidence":"high","SUBURBS":"WESTERN","ZONE_CODE2":"R"},"geometry":{"type":"Polygon","coordinates":[[[72.82011844456461,19.218400115986416],[72.82134379651004,19.218834544430933],[72.82041317435078,19.221402066936207],[72.8210350223499,19.221764715533435],[72.82152402678682,19.220557498807423],[72.8222919246302,19.220839384879493],[72.82237850876014,19.22185798326016],[72.82138502285694,19.222409105075688],[72.82172454892341,19.222866176552014],[72.82324254522202,19.222903604869508],[72.82291541020656,19.217191643011788],[72.82821489750478,19.220247128009817],[72.82795712509197,19.220527204206164],[72.82866776674202,19.22050592807414],[72.82800876222356,19.22059168100931],[72.82727940334857,19.22197641637415],[72.82718793767397,19.222336644519267],[72.82754640343535,19.222600716846266],[72.82752366494947,19.22376395939845],[72.82771538735219,19.22273579338247],[72.82868968280535,19.22177652313593],[72.82859130797802,19.222995560483195],[72.82933413933875,19.22272400197404],[72.83099512948162,19.223590231663064],[72.83348482019038,19.223662571279707],[72.83462586553938,19.222433838750348],[72.83454126467917,19.21703584222184],[72.83488642247595,19.216832367756346],[72.83486648539898,19.215386888779708],[72.82852301359902,19.215308512359165],[72.8213361911256,19.215611918614062],[72.82109144386015,19.215752514561213],[72.82011844456461,19.218400115986416]]]}},{"type":"Feature","properties":{"layer":"DP_0","label":"DP Zone","confidence":"high","SUBURBS":"WESTERN","ZONE_CODE2":"I"},"geometry":{"type":"Polygon","coordinates":[[[72.83855131951066,19.10622227764808],[72.83871417442259,19.10575884308314],[72.83928623922912,19.10538780983736],[72.83918986822209,19.1050894965416],[72.838796027826,19.104986900784258],[72.83936147947125,19.104794529711288],[72.83922533406611,19.10419238933415],[72.83791103005187,19.103940823325384],[72.83801452900113,19.10617798044989],[72.83855131951066,19.10622227764808]]]}},{"type":"Feature","properties":{"layer":"DP_0","label":"DP Zone","confidence":"high","SUBURBS":"WESTERN","ZONE_CODE2":"I"},"geometry":{"type":"Polygon","coordinates":[[[72.84292845732912,19.138611115726945],[72.84297623801127,19.1384321051254],[72.84252539190828,19.138126786750963],[72.84198446824578,19.139007997128864],[72.84215492253689,19.139333068681676],[72.84243253846202,19.13947828632665],[72.84292845732912,19.138611115726945]]]}},{"type":"Feature","properties":{"layer":"DP_0","label":"DP Zone","confidence":"high","SUBURBS":"WESTERN","ZONE_CODE2":"C"},"geometry":{"type":"Polygon","coordinates":[[[72.85833193847903,19.17537600687655],[72.85839443550795,19.175377973693347],[72.8585431980565,19.17538137187158],[72.85833193847903,19.17537600687655]]]}},{"type":"Feature","properties":{"layer":"DP_0","label":"DP Zone","confidence":"high","SUBURBS":"WESTERN","ZONE_CODE2":"C"},"geometry":{"type":"Polygon","coordinates":[[[72.85776178995434,19.17539630448215],[72.85761180586832,19.17547810440729],[72.85760301826201,19.17548371383152],[72.85776178995434,19.17539630448215]]]}},{"type":"Feature","properties":{"layer":"DP_0","label":"DP Zone","confidence":"high","SUBURBS":"WESTERN","ZONE_CODE2":"C"},"geometry":{"type":"Polygon","coordinates":[[[72.85752903130607,19.17553093364623],[72.85749309478427,19.175553868543215],[72.85747614548896,19.17556888141068],[72.85752903130607,19.17553093364623]]]}},{"type":"Feature","properties":{"layer":"DP_0","label":"DP Zone","confidence":"high","SUBURBS":"WESTERN","ZONE_CODE2":"R"},"geometry":{"type":"Polygon","coordinates":[[[72.80360900688785,19.1436790846234],[72.80295454541186,19.142261326195108],[72.80291774039746,19.142723153574302],[72.80360900688785,19.1436790846234]]]}},{"type":"Feature","properties":{"layer":"DP_0","label":"DP Zone","confidence":"high","SUBURBS":"WESTERN","ZONE_CODE2":"R"},"geometry":{"type":"Polygon","coordinates":[[[72.87716956496334,19.16679361091515],[72.87707606694741,19.167135989593508],[72.87793160416828,19.166729665788562],[72.8773152260656,19.171115149065574],[72.87668045514393,19.17176857133699],[72.87631301820659,19.1716931968625],[72.87528545794126,19.17103046597526],[72.875255838911,19.17020906756459],[72.87474967772796,19.170448717013567],[72.87403265610946,19.175965404130594],[72.86900395749535,19.175560950021776],[72.86677113827128,19.17584385262884],[72.85947544212199,19.174357357384814],[72.85937801416094,19.175400448716925],[72.85906427514725,19.17539328029379],[72.85837688223522,19.177283013104685],[72.8581905314603,19.17866588353723],[72.85729523904637,19.178191882579842],[72.85717575534005,19.1758366621574],[72.85688346086272,19.177263262922658],[72.8566230815281,19.17749078707645],[72.85163312323022,19.176274763586502],[72.8504970375077,19.176420852776577],[72.84855799316315,19.177748275160805],[72.84632612441331,19.178112815067944],[72.84678945540247,19.179446218515228],[72.84463286709958,19.18006803973083],[72.84435690501012,19.179447195479224],[72.84360209342996,19.179570357756635],[72.84287525722708,19.179071054422376],[72.83752970241746,19.179345451193978],[72.83653656112274,19.179765862319226],[72.83581239043427,19.182412491005227],[72.83559397505181,19.186549042133006],[72.83465941840115,19.18699712262991],[72.83377148642113,19.186989487312633],[72.8333791499935,19.18766602427544],[72.83216737231972,19.18715939166736],[72.83142267884257,19.18835158686452],[72.8304365579747,19.188348572564035],[72.8305319652373,19.18866460646122],[72.83002337254977,19.189385340255537],[72.83014228686926,19.189757277523736],[72.82942186994818,19.192488993288684],[72.82941869620983,19.19338007238096],[72.82992203262778,19.194457327053467],[72.83227433744266,19.197453234846705],[72.83181238160172,19.198368108428287],[72.83178468146089,19.199049200168087],[72.83202481059523,19.199363910693517],[72.83593207076935,19.200996494277746],[72.83701794216833,19.200670905746904],[72.83975731573156,19.200427035671332],[72.84259310872832,19.199393964002518],[72.84449514383157,19.19639795579022],[72.84509746775966,19.196440490953723],[72.84521914802961,19.195510868862396],[72.84541099105004,19.19539943031661],[72.84694651923537,19.195408168596774],[72.84719223283771,19.19534957904271],[72.84715664350828,19.19498320742048],[72.84752718298017,19.194918817536017],[72.85049922129792,19.194831194089428],[72.85116020058275,19.19893046904591],[72.8536537245413,19.198897456973743],[72.8541048713771,19.195894677083565],[72.8536058129698,19.195457195613542],[72.85365005847011,19.193907759702753],[72.8551002623652,19.1936966985118],[72.85629750631038,19.19434399124377],[72.8581664013684,19.19465311480103],[72.85850543708479,19.19449748329845],[72.8603448758334,19.19467880643445],[72.85980858969445,19.19351161675779],[72.86121609922,19.19176257393273],[72.86404404623732,19.1909839857603],[72.86488784621535,19.19341818606945],[72.86806382635612,19.193707198785308],[72.86804625966155,19.19392960187541],[72.86958057324114,19.19369901045882],[72.87415178364184,19.19394514271882],[72.87467621663315,19.19345385212905],[72.87651518169912,19.19292818331608],[72.87488951877607,19.190276241149935],[72.87276919061149,19.18999349288225],[72.87359214165785,19.184606543320808],[72.87380623151482,19.181280990716843],[72.87590959741254,19.18134644095119],[72.87604446113427,19.18014105822223],[72.8769763798399,19.180181665438862],[72.87722902212407,19.178311674500236],[72.87984956100941,19.178384253761088],[72.87995621534218,19.177352404745637],[72.88104546722725,19.177398227573146],[72.88129441197039,19.17547634898396],[72.88265601525163,19.175402142103113],[72.88284557064506,19.1676144571543],[72.88167493994322,19.167407887788247],[72.88167732585354,19.16723474492389],[72.88074558240203,19.167551474038877],[72.87892076978072,19.16594926319706],[72.87716956496334,19.16679361091515]],[[72.87725126940848,19.174499728867367],[72.87730995421735,19.174880460420592],[72.87668775939265,19.174633673577517],[72.87660635806886,19.174954050822922],[72.8760241712971,19.174952566350882],[72.87578784482405,19.175696274720938],[72.87595027263613,19.176322799808084],[72.87538457191404,19.1771171047992],[72.87554544011945,19.177806948736006],[72.8749727403791,19.178108677263463],[72.8745475046775,19.17893403360098],[72.87392064279099,19.179060767279314],[72.87456995706265,19.17238889786381],[72.87587922285648,19.173246761481735],[72.87704455906719,19.1735312809862],[72.87725126940848,19.174499728867367]],[[72.84835569192568,19.179539674003873],[72.84780647353925,19.179552729264447],[72.84774897610934,19.179246543989272],[72.84836485017142,19.17922281015354],[72.84835569192568,19.179539674003873]],[[72.8444398966978,19.18093481802802],[72.84506916995785,19.18142402985332],[72.84465617167002,19.181539262465638],[72.84485253603067,19.182087316352725],[72.8429032955661,19.182598896727747],[72.84276763315017,19.182340832337413],[72.8421546766027,19.182230889370253],[72.84232370264407,19.180402895987307],[72.84416950892955,19.180432138462248],[72.8444398966978,19.18093481802802]],[[72.85369823811051,19.188591692553597],[72.84920599355783,19.18765521360434],[72.84878517726695,19.184046383024132],[72.84944051012404,19.183724129249327],[72.85281832569466,19.183437940497836],[72.85315883549413,19.185610484428615],[72.85389667789569,19.185866377038998],[72.85406107797624,19.187422665660883],[72.85369823811051,19.188591692553597]],[[72.84817529265256,19.184191157130403],[72.84832714533668,19.18753286404539],[72.84869488175273,19.18816584385922],[72.8488726949531,19.189846125535414],[72.84680475965767,19.18988225741307],[72.84645951704653,19.188890579314414],[72.8467456185757,19.184286815361364],[72.84732099132061,19.184467397117526],[72.84817529265256,19.184191157130403]],[[72.83928318532247,19.18885721371035],[72.83942697686545,19.189533160715463],[72.84012710360334,19.189589764383157],[72.84085293779277,19.189371359443616],[72.84111390574195,19.188980496848735],[72.84163476180257,19.18899934909267],[72.84137760529846,19.191129921472022],[72.84187485868009,19.19118411073529],[72.8420406687179,19.191704153995],[72.84072475435306,19.19179596040763],[72.84068633767839,19.192003172753886],[72.83953926608093,19.192281285241865],[72.83913156876534,19.191606426639623],[72.83517120795821,19.190341004930485],[72.83560213581207,19.188839704392947],[72.83573140041656,19.186818167898878],[72.83818804110898,19.18763693379642],[72.83841439957426,19.18812538028417],[72.83928318532247,19.18885721371035]]]}},{"type":"Feature","properties":{"layer":"DP_0","label":"DP Zone","confidence":"high","EP_NO":"EP-KW40","SUBURBS":"WESTERN","ZONE_CODE2":"NDZ"},"geometry":{"type":"Polygon","coordinates":[[[72.7894278197299,19.144737711953777],[72.79004698996876,19.144941716145855],[72.79010574528212,19.14458641557468],[72.78931641182561,19.14451997204463],[72.7894278197299,19.144737711953777]]]}},{"type":"Feature","properties":{"layer":"DP_0","label":"DP Zone","confidence":"high","EP_NO":"EP-KW41","SUBURBS":"WESTERN","ZONE_CODE2":"NA"},"geometry":{"type":"Polygon","coordinates":[[[72.78864512634007,19.14465981130252],[72.78930933859645,19.144688955822424],[72.78804860674019,19.142967790517712],[72.7881988469286,19.141617678860886],[72.78767617835494,19.14212085714421],[72.78864512634007,19.14465981130252]]]}},{"type":"Feature","properties":{"layer":"DP_0","label":"DP Zone","confidence":"high","EP_NO":"EP-KW40","SUBURBS":"WESTERN","ZONE_CODE2":"NDZ"},"geometry":{"type":"Polygon","coordinates":[[[72.7940024234224,19.141050932503553],[72.79395945844372,19.140508373052416],[72.79546573217469,19.13874410312544],[72.79564497356522,19.136756444992287],[72.79660469829875,19.134624401457483],[72.79663860397076,19.13392599521031],[72.79485111420958,19.13291843467495],[72.79516423188211,19.131616675667658],[72.79404133909169,19.131092466823315],[72.79298860488436,19.13070216641098],[72.79181366506373,19.131337406630365],[72.78962169834548,19.13113131493644],[72.78814159581354,19.129875915095027],[72.78720274030373,19.130063327007765],[72.78718985498821,19.13027439953873],[72.78803057545214,19.130426530235905],[72.78765595316905,19.132664075624447],[72.7882365503775,19.1347215051626],[72.78851345629035,19.137157560447598],[72.78854491820515,19.135899409418247],[72.78890448530855,19.135267529673552],[72.78929574430904,19.136031821707725],[72.78926167424937,19.137526221492728],[72.79035389832462,19.13947495583935],[72.79174348362518,19.13992910959024],[72.79118440472281,19.1409054076796],[72.79119230710191,19.141799461571058],[72.79007413490905,19.141921932979564],[72.79053682791132,19.142932432510396],[72.79113117023323,19.142889159973024],[72.79097085482604,19.14407561344101],[72.79078947140758,19.144150062165572],[72.79114584746371,19.14485914310708],[72.79295314425472,19.144223037599218],[72.79555652457674,19.142134463956527],[72.79663089862582,19.14209390019972],[72.79814166092159,19.142847449336518],[72.79788820011841,19.142497780270894],[72.79594046014095,19.141825884882365],[72.79608405575289,19.141284070621705],[72.79592909526583,19.14120211050392],[72.7947470590783,19.14131572500852],[72.7940024234224,19.141050932503553]]]}},{"type":"Feature","properties":{"layer":"DP_0","label":"DP Zone","confidence":"high","SUBURBS":"WESTERN","ZONE_CODE2":"NA"},"geometry":{"type":"Polygon","coordinates":[[[72.80295454541186,19.142261326195108],[72.80309966285057,19.141231059756947],[72.80509707357795,19.13893982973371],[72.79675172231434,19.13399082090206],[72.7965315050812,19.13498036734146],[72.79663382154975,19.13573421158745],[72.7957332977497,19.137359909607465],[72.79574230961373,19.138626908423074],[72.79475633315077,19.139664936203612],[72.79400179762752,19.141053809821226],[72.79468046660057,19.14129728043637],[72.79614907425963,19.141240263660183],[72.79611792895328,19.141561496567313],[72.79809877625064,19.142314441184187],[72.79820355141692,19.139775457902275],[72.80127695500026,19.138627436032007],[72.80295454541186,19.142261326195108]]]}},{"type":"Feature","properties":{"layer":"DP_0","label":"DP Zone","confidence":"high","SUBURBS":"WESTERN","ZONE_CODE2":"NA"},"geometry":{"type":"Polygon","coordinates":[[[72.82122554869278,19.15653978082883],[72.82153193741964,19.15641046806052],[72.8228456249235,19.151006887034463],[72.8278486284798,19.153873327556155],[72.81962642360236,19.143891298133184],[72.81702901493117,19.146580479883102],[72.81830503179742,19.14839977225945],[72.81418902805994,19.153578584503006],[72.8117882306958,19.151552618050662],[72.8091127739851,19.147558848783795],[72.81503660681638,19.143657717576634],[72.81481826578627,19.14330182781213],[72.81578933552396,19.142568502197328],[72.81776061043371,19.143614773527077],[72.81968266981823,19.143368841317198],[72.81976906342537,19.14293785495847],[72.8186045390259,19.140113031721626],[72.81992124944514,19.137944924976807],[72.82012531387724,19.137160417070355],[72.81987885894264,19.136635310125754],[72.81847885199144,19.136488347655757],[72.81712403334701,19.136987656956713],[72.81697630061092,19.137235004097395],[72.8172566567651,19.137128225550725],[72.81787653709006,19.138124385006275],[72.8164772493037,19.14049701626486],[72.81575889035545,19.14128807251531],[72.81476186753704,19.140869315263608],[72.81428092455329,19.14162132697708],[72.81522486387294,19.14218750712633],[72.81500278299757,19.142380476738786],[72.81423592538194,19.142041673853353],[72.81219960727387,19.143863360756896],[72.81049857133544,19.14485646331464],[72.80770737563859,19.14494117546451],[72.80833503031172,19.145834089162722],[72.80790865734276,19.145886055854124],[72.80711443495596,19.145475843413802],[72.80666204521935,19.14602231941568],[72.80607953080795,19.145886437379904],[72.80562118393777,19.14499888299397],[72.80527802449619,19.145143790128838],[72.80485550128319,19.144586510977835],[72.80468141828001,19.14468676897339],[72.80477625003552,19.144466224139293],[72.80410693356832,19.143433856699698],[72.80360900688785,19.1436790846234],[72.80473113853628,19.14707369176219],[72.80602352287546,19.149945833741004],[72.81090889670195,19.155864104471462],[72.8186913339567,19.163499320954237],[72.82006748597533,19.161958605389664],[72.81871582070012,19.160844518626828],[72.81830359068526,19.160310655502048],[72.81833191319421,19.15996607891433],[72.81963929850936,19.158858506546643],[72.82122554869278,19.15653978082883]]]}},{"type":"Feature","properties":{"layer":"DP_0","label":"DP Zone","confidence":"high","EP_NO":"EP-PS68","SUBURBS":"WESTERN","ZONE_CODE2":"R"},"geometry":{"type":"Polygon","coordinates":[[[72.82137048964165,19.157138415599782],[72.82093041290173,19.15710268985686],[72.81963929850936,19.158858506546643],[72.81829057223877,19.160077225876723],[72.81870504768258,19.160832384978345],[72.81993939619427,19.16189227173512],[72.82037900629527,19.16160869947083],[72.82137048964165,19.157138415599782]]]}},{"type":"Feature","properties":{"layer":"DP_0","label":"DP Zone","confidence":"high","SUBURBS":"WESTERN","ZONE_CODE2":"R"},"geometry":{"type":"Polygon","coordinates":[[[72.8278486284798,19.153873327556155],[72.82784897867359,19.153873736349553],[72.82799372118608,19.15395666751423],[72.8278486284798,19.153873327556155]]]}},{"type":"Feature","properties":{"layer":"DP_0","label":"DP Zone","confidence":"high","SUBURBS":"WESTERN","ZONE_CODE2":"I"},"geometry":{"type":"Polygon","coordinates":[[[72.84771792959167,19.208835303657505],[72.84825477095086,19.20883219015132],[72.84760960544374,19.206536708191955],[72.84654777261026,19.20712547946734],[72.84676890150433,19.208608084555497],[72.84771792959167,19.208835303657505]]]}},{"type":"Feature","properties":{"layer":"DP_0","label":"DP Zone","confidence":"high","SUBURBS":"WESTERN","ZONE_CODE2":"I"},"geometry":{"type":"Polygon","coordinates":[[[72.84998565266869,19.20923173712595],[72.85067994915005,19.209086809858505],[72.85048591854111,19.208141629227214],[72.84922455144448,19.20804929272213],[72.84943792326082,19.20833151993258],[72.84910562775777,19.20838775392374],[72.84918152128458,19.20874226545819],[72.84950828613306,19.208735144684194],[72.8496407789108,19.20932186761664],[72.84998565266869,19.20923173712595]]]}},{"type":"Feature","properties":{"layer":"DP_0","label":"DP Zone","confidence":"high","SUBURBS":"WESTERN","ZONE_CODE2":"I"},"geometry":{"type":"Polygon","coordinates":[[[72.82339723388368,19.210453556749542],[72.83026547239423,19.21028073266278],[72.82836419683044,19.205434550723183],[72.82815411438433,19.20367382648073],[72.82110380140539,19.206774266880526],[72.82339723388368,19.210453556749542]]]}},{"type":"Feature","properties":{"layer":"DP_0","label":"DP Zone","confidence":"high","EP_NO":"EP-RC105","SUBURBS":"WESTERN","ZONE_CODE2":"NDZ/SDZ (Slum)"},"geometry":{"type":"Polygon","coordinates":[[[72.87846590258454,19.195967301689702],[72.87870412272629,19.196886412601327],[72.87882897803466,19.199899138332967],[72.88067709743258,19.199414109902527],[72.88096300980183,19.199022426242255],[72.87846590258454,19.195967301689702]]]}},{"type":"Feature","properties":{"layer":"DP_0","label":"DP Zone","confidence":"high","EP_NO":"EP-RS103","SUBURBS":"WESTERN","ZONE_CODE2":"NDZ/SDZ (Slum)"},"geometry":{"type":"Polygon","coordinates":[[[72.87876278955406,19.202144169941494],[72.88045275803044,19.203128563182247],[72.88040918517407,19.20391959032974],[72.87835891707815,19.20389586601225],[72.8777058536267,19.20568581791465],[72.88247913558531,19.20579054471796],[72.88301470981364,19.204505769128403],[72.8833101034295,19.204588155227736],[72.88378621423401,19.203540347015313],[72.87973363949658,19.20016229761727],[72.87890878031928,19.200189806081482],[72.87876278955406,19.202144169941494]]]}},{"type":"Feature","properties":{"layer":"DP_0","label":"DP Zone","confidence":"high","SUBURBS":"WESTERN","ZONE_CODE2":"C"},"geometry":{"type":"Polygon","coordinates":[[[72.85447600512244,19.202496306164925],[72.85405308101869,19.20164439434849],[72.85418090927931,19.20025330720569],[72.85269343977582,19.200257684264383],[72.85265470014959,19.198942769434513],[72.85158536511649,19.198803591247966],[72.8515044390293,19.19956297679071],[72.8523019314126,19.20397631583204],[72.85476314915313,19.203395211504436],[72.85447600512244,19.202496306164925]]]}},{"type":"Feature","properties":{"layer":"DP_0","label":"DP Zone","confidence":"high","SUBURBS":"CITY","ZONE_CODE2":"C"},"geometry":{"type":"Polygon","coordinates":[[[72.82676956030221,18.926405467643598],[72.82681537676596,18.926694111569393],[72.82264477696599,18.929176265094974],[72.82312153288218,18.929972548053613],[72.8236729116642,18.930216592266742],[72.82467731637867,18.92977714401263],[72.82695867365483,18.932492583630726],[72.82580015891433,18.93266332796184],[72.82478120794941,18.933245254781983],[72.82405671953134,18.93320847565014],[72.82427950450203,18.934033322354534],[72.82680004981295,18.93368133201587],[72.82684627590288,18.93402771324192],[72.82722560130776,18.934095443350074],[72.82716648977632,18.934387504028237],[72.8276336386762,18.93466539022344],[72.82678674275783,18.940180199793417],[72.82779024279353,18.940456248367187],[72.82803986724775,18.940208316226535],[72.8286073479586,18.940249053622395],[72.82912635637854,18.938742861938874],[72.829303075764,18.935061565682876],[72.82878634780751,18.93498028431186],[72.82875361149793,18.93290022604936],[72.82817341431131,18.932938836395394],[72.82820861943861,18.931772844700543],[72.82743949308644,18.931780815558017],[72.82732123788013,18.929763677919365],[72.82766768986804,18.929626317610396],[72.827563340436,18.926663187383262],[72.82753698897065,18.9264710554348],[72.82676956030221,18.926405467643598]]]}},{"type":"Feature","properties":{"layer":"DP_0","label":"DP Zone","confidence":"high","SUBURBS":"CITY","ZONE_CODE2":"R"},"geometry":{"type":"Polygon","coordinates":[[[72.83456835334876,18.93809676762768],[72.83624122604014,18.938531508558032],[72.83651562948909,18.93795561053327],[72.83686022406873,18.9379186895037],[72.83712806434393,18.938391802938362],[72.83792496790215,18.938213894950902],[72.83778859845218,18.937683346694218],[72.83949095104839,18.937293678875466],[72.83930067040286,18.936378643149435],[72.83764221351944,18.936632549924933],[72.83729522909407,18.935323212613195],[72.83641274426515,18.9353128310923],[72.83630916697565,18.934599425258085],[72.83562759554674,18.93436137186839],[72.83403577540527,18.934932231932834],[72.83399069481322,18.935808933271847],[72.83445314795307,18.935866918188168],[72.8349076431845,18.937427212187128],[72.83456835334876,18.93809676762768]]]}},{"type":"Feature","properties":{"layer":"DP_0","label":"DP Zone","confidence":"high","SUBURBS":"CITY","ZONE_CODE2":"C"},"geometry":{"type":"Polygon","coordinates":[[[72.84307375675554,18.957368983669397],[72.84155728146457,18.951184983743797],[72.84135691896105,18.9490338140204],[72.84030270112366,18.948804332344285],[72.83778137141076,18.949062921733777],[72.83487863663233,18.948420702228997],[72.83366301423632,18.9474703029831],[72.83176396869503,18.953965116929513],[72.83204891858213,18.954532619384068],[72.83280021492808,18.95455782547668],[72.83390142627665,18.953182896646215],[72.83491622924122,18.953410201655526],[72.83453005320358,18.95493090388534],[72.83538350151069,18.95500118295887],[72.83557453343846,18.954657355462924],[72.83624198028787,18.954697281207483],[72.83623480905594,18.955138431720265],[72.83686468370462,18.95519500808563],[72.83673230144866,18.955926452082366],[72.8373573991671,18.95609903503386],[72.83809886188297,18.955876532245757],[72.83878398267912,18.9582152808288],[72.84256707162751,18.957268727491403],[72.84324383551055,18.96012173152002],[72.84371285213977,18.960048560485657],[72.84307375675554,18.957368983669397]]]}},{"type":"Feature","properties":{"layer":"DP_0","label":"DP Zone","confidence":"high","SUBURBS":"WESTERN","ZONE_CODE2":"NA"},"geometry":{"type":"Polygon","coordinates":[[[72.8243273258319,19.078246214715932],[72.82352211095747,19.079121172560466],[72.82379021621065,19.079338019568528],[72.82473920596222,19.07831948698179],[72.8243273258319,19.078246214715932]]]}},{"type":"Feature","properties":{"layer":"DP_0","label":"DP Zone","confidence":"high","SUBURBS":"WESTERN","ZONE_CODE2":"SDZ"},"geometry":{"type":"Polygon","coordinates":[[[72.82717749313801,19.077976728512077],[72.82786055991431,19.079843570838893],[72.8281882459561,19.080231386355877],[72.82840438414597,19.080147930159672],[72.82905553453493,19.07911653092723],[72.82871471156831,19.077928786256372],[72.82717749313801,19.077976728512077]]]}},{"type":"Feature","properties":{"layer":"DP_0","label":"DP Zone","confidence":"high","SUBURBS":"WESTERN","ZONE_CODE2":"NDZ"},"geometry":{"type":"Polygon","coordinates":[[[72.82500257615622,19.080431541914557],[72.8253704718268,19.083952892061788],[72.82579479891855,19.08389819667797],[72.82668982951542,19.082946837189233],[72.82714485749925,19.081407967303303],[72.8267906126222,19.080370902205654],[72.82588438193129,19.07990255525297],[72.82500257615622,19.080431541914557]]]}},{"type":"Feature","properties":{"layer":"DP_0","label":"DP Zone","confidence":"high","EP_NO":"EP-KW45","SUBURBS":"WESTERN","ZONE_CODE2":"NA"},"geometry":{"type":"Polygon","coordinates":[[[72.81919852450935,19.12033862195035],[72.8193043311785,19.120131459345597],[72.82009911204669,19.120590552825732],[72.82102099792353,19.119236160146553],[72.8197652194899,19.1185091316519],[72.81862261866982,19.12077634721092],[72.81903283070211,19.120726786147802],[72.81919852450935,19.12033862195035]]]}},{"type":"Feature","properties":{"layer":"DP_0","label":"DP Zone","confidence":"high","EP_NO":"EP-KW45","SUBURBS":"WESTERN","ZONE_CODE2":"NA"},"geometry":{"type":"Polygon","coordinates":[[[72.81992551338459,19.120905707574373],[72.81966585256983,19.12088016262343],[72.81978047876552,19.121221912577763],[72.81934691131029,19.12171655826433],[72.81944949575427,19.12195444311986],[72.8197471938639,19.121775880995493],[72.81992551338459,19.120905707574373]]]}},{"type":"Feature","properties":{"layer":"DP_0","label":"DP Zone","confidence":"high","EP_NO":"EP-PN91","SUBURBS":"WESTERN","ZONE_CODE2":"NDZ/SDZ (Slum)"},"geometry":{"type":"Polygon","coordinates":[[[72.87785643134458,19.167772256839687],[72.87710018865857,19.168109826402347],[72.87622968329302,19.168102889111864],[72.8755296071971,19.169240580288335],[72.87753162001682,19.17015357835445],[72.87785643134458,19.167772256839687]]]}},{"type":"Feature","properties":{"layer":"DP_0","label":"DP Zone","confidence":"high","EP_NO":"EP-PN90","SUBURBS":"WESTERN","ZONE_CODE2":"NDZ/SDZ (Slum)"},"geometry":{"type":"Polygon","coordinates":[[[72.87416122215055,19.175933839855404],[72.87589966967212,19.176207005022672],[72.87578864665377,19.175768209019335],[72.8760241712971,19.174952566350882],[72.87673311260507,19.17488200275363],[72.87668889004203,19.174636548193053],[72.87730995421735,19.174880460420592],[72.87706371612953,19.173549627385764],[72.87587922285648,19.173246761481735],[72.87469895164163,19.172390384548628],[72.87416122215055,19.175933839855404]]]}},{"type":"Feature","properties":{"layer":"DP_0","label":"DP Zone","confidence":"high","SUBURBS":"WESTERN","ZONE_CODE2":"I"},"geometry":{"type":"Polygon","coordinates":[[[72.83705010690433,19.174934474068337],[72.8360759660555,19.17490773858682],[72.83593184776826,19.17581569436803],[72.83559408009899,19.175709971210864],[72.83561568623473,19.176084012893067],[72.83503637386835,19.176301260225245],[72.83465261091267,19.176191482230095],[72.8337057826218,19.176712832012676],[72.8350905501737,19.178778899570077],[72.83647227433433,19.179762436079812],[72.83720444620914,19.176048178317554],[72.83705010690433,19.174934474068337]]]}},{"type":"Feature","properties":{"layer":"DP_0","label":"DP Zone","confidence":"high","SUBURBS":"WESTERN","ZONE_CODE2":"I"},"geometry":{"type":"Polygon","coordinates":[[[72.84571540779321,19.178366734050513],[72.84484567383959,19.178865224481775],[72.8429160162771,19.179024879366196],[72.84360209342996,19.179570357756635],[72.84435690501012,19.179447195479224],[72.84463286709958,19.18006803973083],[72.84671774038193,19.179455914012674],[72.84628248770618,19.178111652493136],[72.84571540779321,19.178366734050513]]]}},{"type":"Feature","properties":{"layer":"DP_0","label":"DP Zone","confidence":"high","SUBURBS":"WESTERN","ZONE_CODE2":"I"},"geometry":{"type":"Polygon","coordinates":[[[72.842617841004,19.18036594596796],[72.842352151418,19.180370164590414],[72.84224275501396,19.180675549684732],[72.84206343205842,19.182223708328536],[72.84267658940982,19.18232612074677],[72.84290182936081,19.18260681012304],[72.84485253603067,19.182087316352725],[72.84469078148734,19.181635863228525],[72.84506916995785,19.18142402985332],[72.84421839459648,19.180507846815583],[72.842617841004,19.18036594596796]]]}},{"type":"Feature","properties":{"layer":"DP_0","label":"DP Zone","confidence":"high","SUBURBS":"WESTERN","ZONE_CODE2":"I"},"geometry":{"type":"Polygon","coordinates":[[[72.83993017818919,19.192177817962737],[72.84065413485223,19.19199860795659],[72.84072475435306,19.19179596040763],[72.8420406687179,19.191704153995],[72.84187485868009,19.19118411073529],[72.84139788484407,19.19113184761147],[72.84162804166697,19.18904506259219],[72.84111390574195,19.188980496848735],[72.84093482916566,19.1892930298217],[72.84012710360334,19.189589764383157],[72.83942697686545,19.189533160715463],[72.83928318532247,19.18885721371035],[72.83841439957426,19.18812538028417],[72.8381940134394,19.187641144661345],[72.83573140041656,19.186818167898878],[72.83560213581207,19.188839704392947],[72.83517120795821,19.190341004930485],[72.83901320032206,19.191562093378703],[72.83944132225636,19.192319640867353],[72.83993017818919,19.192177817962737]]]}},{"type":"Feature","properties":{"layer":"DP_0","label":"DP Zone","confidence":"high","SUBURBS":"WESTERN","ZONE_CODE2":"NA"},"geometry":{"type":"Polygon","coordinates":[[[72.8224577750321,19.063796500457297],[72.82275485585691,19.065356042184174],[72.82212390347235,19.06767488947593],[72.82233592743071,19.06878731798781],[72.82251715071682,19.06871854643164],[72.8224021980502,19.067496348094924],[72.82300384874819,19.06525610608972],[72.8224577750321,19.063796500457297]]]}},{"type":"Feature","properties":{"layer":"DP_0","label":"DP Zone","confidence":"high","SUBURBS":"WESTERN","ZONE_CODE2":"NA"},"geometry":{"type":"Polygon","coordinates":[[[72.82456312762477,19.080695161699193],[72.82415957986963,19.079472409006858],[72.8252875154402,19.078140356106157],[72.82586956750436,19.078417688229067],[72.8264576433322,19.07983659974172],[72.82718098294129,19.08018718635012],[72.82743224396644,19.08075212180492],[72.82780476551092,19.081079930381275],[72.82784866567556,19.08092588608255],[72.82747796030584,19.07990821031675],[72.82658457398988,19.079484306244673],[72.82605759414675,19.078079637377048],[72.82502282957711,19.078028168835722],[72.82388025404205,19.079352279503116],[72.82255191660371,19.078461167002395],[72.82199628859189,19.077653878519026],[72.82251011626934,19.078655725004104],[72.82342097226214,19.079269549794315],[72.82290756912761,19.081718252082883],[72.82267212075516,19.08196791752807],[72.82291459622857,19.082258935592023],[72.82321751912637,19.082280940901242],[72.82399399221106,19.081036575376242],[72.82456312762477,19.080695161699193]]]}},{"type":"Feature","properties":{"layer":"DP_0","label":"DP Zone","confidence":"high","SUBURBS":"WESTERN","ZONE_CODE2":"NA"},"geometry":{"type":"Polygon","coordinates":[[[72.82138697826389,19.13040693003632],[72.82044303789904,19.13061733206299],[72.82034679705556,19.13127759147766],[72.81941223677065,19.131468993547355],[72.81932248042799,19.1322655372227],[72.82111706041255,19.132704471277517],[72.82138697826389,19.13040693003632]]]}},{"type":"Feature","properties":{"layer":"DP_0","label":"DP Zone","confidence":"high","SUBURBS":"WESTERN","ZONE_CODE2":"NA"},"geometry":{"type":"Polygon","coordinates":[[[72.82101237353474,19.13353752908706],[72.82108333401968,19.132986431301873],[72.81937212542275,19.13253015349499],[72.81923785856424,19.13276480457285],[72.81915424792932,19.133732210305403],[72.82093571427333,19.133882212051258],[72.82101237353474,19.13353752908706]]]}},{"type":"Feature","properties":{"layer":"DP_0","label":"DP Zone","confidence":"high","SUBURBS":"WESTERN","ZONE_CODE2":"NA"},"geometry":{"type":"Polygon","coordinates":[[[72.81913288686746,19.136278401522723],[72.81881341876985,19.13564277066238],[72.81898592820772,19.133891941809857],[72.81817779033987,19.13355913728869],[72.81810741524217,19.133994748148822],[72.81747579552358,19.133906260523997],[72.81754383092462,19.133413353260867],[72.81715631099817,19.133269903070214],[72.81715486020893,19.134504605512085],[72.81826662964167,19.13439096077058],[72.81794784889057,19.134822857096843],[72.818387322043,19.13631227514092],[72.81913288686746,19.136278401522723]]]}},{"type":"Feature","properties":{"layer":"DP_0","label":"DP Zone","confidence":"high","SUBURBS":"WESTERN","ZONE_CODE2":"NA"},"geometry":{"type":"Polygon","coordinates":[[[72.82236969561563,19.13846456349418],[72.81948240202962,19.141880709427603],[72.82001030302018,19.142830325276524],[72.82349313126056,19.139086537333153],[72.82236969561563,19.13846456349418]]]}},{"type":"Feature","properties":{"layer":"DP_0","label":"DP Zone","confidence":"high","SUBURBS":"WESTERN","ZONE_CODE2":"NA"},"geometry":{"type":"Polygon","coordinates":[[[72.8169272738148,19.146491900749712],[72.81931223028718,19.143819245213265],[72.81894425498814,19.1438818311528],[72.81834475457119,19.144682767683328],[72.81787367010848,19.1446109031706],[72.81793655589408,19.145131623507226],[72.81670584378885,19.14612636377933],[72.8169272738148,19.146491900749712]]]}},{"type":"Feature","properties":{"layer":"DP_0","label":"DP Zone","confidence":"high","SUBURBS":"WESTERN","ZONE_CODE2":"NA"},"geometry":{"type":"Polygon","coordinates":[[[72.83038080744261,19.194964668239805],[72.82948763118193,19.19369242954945],[72.82940484257078,19.192579670173707],[72.83043401441613,19.188513780839443],[72.82830536114315,19.185740404328246],[72.82815558768904,19.184919130051178],[72.82830524574152,19.18410185848253],[72.82988706779615,19.181545415265376],[72.83092308071329,19.178758755861608],[72.82976245627218,19.17849689057378],[72.82930572298208,19.176420209705682],[72.82870359056646,19.175412359584776],[72.8272355734702,19.17440894933479],[72.82575700695479,19.172661802240587],[72.82503354803913,19.16963006747547],[72.81090889670195,19.155864104471462],[72.80602352287546,19.149945833741004],[72.80473113853628,19.14707369176219],[72.80402233134386,19.144565752465578],[72.80292190817245,19.14272808633868],[72.80295123949303,19.142257912202624],[72.8012788179124,19.13862771844894],[72.79820911975932,19.13973311078132],[72.79809877625064,19.142314441184187],[72.79915617247043,19.142766577977916],[72.79928426091321,19.141906017025214],[72.79890153320292,19.14091360908153],[72.79925726526835,19.1408019635873],[72.79978848189138,19.14223783125468],[72.79949244648601,19.142336394557177],[72.7993119347572,19.1419829366857],[72.79920650868121,19.142743194596104],[72.80264363568236,19.144759713060353],[72.80225745988675,19.14683840837954],[72.80100400436349,19.148235538464217],[72.79993408653904,19.14896015584596],[72.79917955149708,19.148088931368125],[72.79843289200146,19.148264593845536],[72.79859759381192,19.149165030777283],[72.79830725776205,19.14922413780322],[72.7982616874827,19.15036366240381],[72.79942746079462,19.15064255023853],[72.79889430230479,19.151879685574762],[72.79822606565075,19.152289097314295],[72.7967929697558,19.15197584974143],[72.79627579715861,19.15221317483326],[72.79566347922454,19.15140583694312],[72.79216482226603,19.150498521262865],[72.79041873915698,19.1556853605114],[72.79067194171013,19.15589347995061],[72.7897343755475,19.157442736603326],[72.78853637328933,19.15869016030357],[72.78804752223215,19.158719971216406],[72.78783465925495,19.159009680266085],[72.78753610543164,19.15984204456933],[72.78753190276822,19.16079207927851],[72.78706532688986,19.161798182671482],[72.78854349706346,19.16229013015125],[72.78947807699369,19.161806154135796],[72.7900926495913,19.162005745778135],[72.79087431654573,19.16189810598241],[72.79145865191212,19.163313520004788],[72.79251188101902,19.16372065387055],[72.79255227618127,19.163441767118705],[72.79397285523098,19.164038932955428],[72.79535267408946,19.164963021213357],[72.79554091750722,19.165976658248738],[72.79541436294578,19.167606116999607],[72.79629665546794,19.166944362629497],[72.79656629292361,19.167154831670263],[72.79663197849086,19.167759770724487],[72.79969370797403,19.164674391272538],[72.80121162347996,19.16428245568545],[72.80346547996118,19.164450638734987],[72.80277270741104,19.16123618939621],[72.80295236981345,19.160090119653884],[72.80465697542981,19.155122119922765],[72.80809075748446,19.155987054569007],[72.80870822172713,19.156419250944865],[72.81061098434115,19.15800870982295],[72.81027194663444,19.160711822650306],[72.80884719443186,19.162191074283143],[72.80802227672513,19.16229285561938],[72.80786098028892,19.162856946512083],[72.80822362782465,19.163511192073283],[72.80767285528223,19.16349866161983],[72.80727289767447,19.16421637499262],[72.80689592403948,19.163991684456228],[72.80710070727726,19.16474536675046],[72.8039474847516,19.164632508013334],[72.81100194660989,19.173580801230628],[72.81259969859931,19.177152232491423],[72.81650509482814,19.174435478774807],[72.82084098910477,19.181642577090013],[72.81992934946908,19.18196273350802],[72.82011812815094,19.182755258279176],[72.8210562326033,19.18268299422428],[72.82136232193842,19.18356529347799],[72.82425683395644,19.183434788041613],[72.82431948382789,19.18282572752022],[72.8230017735701,19.1824229537424],[72.82167667931441,19.181478976913244],[72.82130981270862,19.180771413519828],[72.82130982434688,19.180349805151817],[72.82167293745817,19.180340091758747],[72.82156354886926,19.174253112901894],[72.82383190601107,19.17381008667264],[72.82764885421031,19.176917533097924],[72.82836505501058,19.17782857643461],[72.82814369845264,19.17989134661118],[72.8267656061338,19.181657663888288],[72.82704132797652,19.18286340352505],[72.82567410480581,19.183600889828238],[72.82469752045962,19.18364152154234],[72.82535074728999,19.188376681237365],[72.8254080620272,19.18873725017445],[72.82698136817945,19.19024742978605],[72.8274798532028,19.190365684630535],[72.82823511426541,19.191448069699618],[72.8282355627715,19.191659212059676],[72.82782090392953,19.191849668597285],[72.82735900510895,19.192935700361478],[72.8278917526938,19.19291638948342],[72.82825214696564,19.1949925244092],[72.82920926458334,19.19494264377834],[72.83013129636375,19.195505496994087],[72.83185776379639,19.198220772472165],[72.83227433744266,19.197453234846705],[72.83038080744261,19.194964668239805]]]}},{"type":"Feature","properties":{"layer":"DP_0","label":"DP Zone","confidence":"high","SUBURBS":"WESTERN","ZONE_CODE2":"NA"},"geometry":{"type":"Polygon","coordinates":[[[72.80322922219058,19.162619270092467],[72.80312589201732,19.16250706841422],[72.80359606453212,19.164274156829663],[72.8038915319924,19.16359905304525],[72.80322922219058,19.162619270092467]]]}},{"type":"Feature","properties":{"layer":"DP_0","label":"DP Zone","confidence":"high","SUBURBS":"WESTERN","ZONE_CODE2":"NA"},"geometry":{"type":"Polygon","coordinates":[[[72.80689326467572,19.164504661724695],[72.80614707258968,19.162998218643697],[72.80552678273055,19.162534040382088],[72.80415417922934,19.163488776427293],[72.80374542658696,19.16440805905406],[72.80689326467572,19.164504661724695]]]}},{"type":"Feature","properties":{"layer":"DP_0","label":"DP Zone","confidence":"high","SUBURBS":"WESTERN","ZONE_CODE2":"R"},"geometry":{"type":"Polygon","coordinates":[[[72.86483287968407,19.083603463194567],[72.86427740282035,19.082528628281537],[72.86312977391195,19.08187820550399],[72.86205025968904,19.081700018872255],[72.86137929498283,19.081930688055724],[72.86073749023983,19.08272120255423],[72.86047344394458,19.083656701555007],[72.85985337503915,19.083875613140474],[72.85882335073381,19.082082635019926],[72.85846313169644,19.082039591884936],[72.85964481661021,19.08469614983555],[72.86007530694295,19.08489229903056],[72.86089100990932,19.08492142881242],[72.86123302623022,19.08434301798958],[72.8624990659817,19.084151382528415],[72.86230201585502,19.082664809744944],[72.86363774905256,19.08302933446301],[72.86401292107136,19.083656209689376],[72.86465357032094,19.083878383526628],[72.86483287968407,19.083603463194567]]]}},{"type":"Feature","properties":{"layer":"DP_0","label":"DP Zone","confidence":"high","SUBURBS":"WESTERN","ZONE_CODE2":"R"},"geometry":{"type":"Polygon","coordinates":[[[72.84516288246286,19.056269032256044],[72.84609691221928,19.056221594058268],[72.84609296812155,19.056459498639466],[72.845326244706,19.056627051251642],[72.8453292304091,19.056937839165396],[72.8460853723581,19.056908934062637],[72.84609741347293,19.057531778178838],[72.84552020083211,19.05763448828717],[72.84549493055447,19.05787821699977],[72.84251013978664,19.057603083815554],[72.8422285973889,19.0591676809585],[72.84122532581587,19.05502263164799],[72.84066341913955,19.054824234390306],[72.83977130821893,19.057265364793295],[72.8391533939846,19.060552107579937],[72.83921608530596,19.06330249780262],[72.84276163784985,19.09042968517804],[72.84314684013599,19.09020494361831],[72.84286217397727,19.08813801082624],[72.84304154363105,19.088119191957606],[72.84337576940885,19.088134618461893],[72.84332840914631,19.089520772497174],[72.8436983091355,19.090591605288797],[72.8442678590864,19.09047720408173],[72.84387318851749,19.089538979514014],[72.84389824195307,19.08838624812152],[72.84444873298357,19.08738552675578],[72.84627036145017,19.085302470482326],[72.84897301105163,19.08503111290387],[72.85224256080838,19.083641091140173],[72.85274728059905,19.083611737906534],[72.85288469240885,19.084446157829486],[72.85447322981098,19.084233871003658],[72.85458985961267,19.08397967744556],[72.85494370974823,19.08423175862295],[72.85753382637535,19.083540069642122],[72.8593084708587,19.08393164025897],[72.85846313169644,19.082039591884936],[72.85882335073381,19.082082635019926],[72.85968421926356,19.083791595841284],[72.86024715415745,19.083794516144266],[72.86131437537531,19.08198735309909],[72.86205025968904,19.081700018872255],[72.86294075150349,19.081812300667654],[72.86419494330073,19.08242679422021],[72.86483287968407,19.083603463194567],[72.86512310469229,19.082126051596287],[72.86451377953946,19.08116346921226],[72.86506357948774,19.080816999942986],[72.86549737828032,19.080082700122134],[72.86583818826816,19.08007236709616],[72.86599321568264,19.079672999153708],[72.86685624280405,19.079720161073553],[72.86715974157435,19.079356070658548],[72.86805854478361,19.079826349262213],[72.8683314945788,19.079342059417357],[72.8689301233178,19.079200654605355],[72.86923991925983,19.07946018650424],[72.8694061510508,19.079088248256507],[72.8701841919085,19.078989168216832],[72.87034312205269,19.078575824017125],[72.87218343835733,19.07882095911195],[72.87289415608141,19.07864829381891],[72.87416463808884,19.079537701172143],[72.87584076277624,19.07875036357478],[72.8749266851442,19.077497850105992],[72.87235564344073,19.07628757972582],[72.87187097491615,19.074775860805875],[72.86333187773286,19.071164648274937],[72.86240133380953,19.071186341500702],[72.86139999400247,19.07181950174964],[72.8611623838595,19.069121741775394],[72.86025232261464,19.066106552958725],[72.85288335277117,19.066858138563997],[72.84939609246689,19.073278181630275],[72.84836830797214,19.074100200074064],[72.84730497285686,19.07424150758444],[72.8470588733321,19.072311535578194],[72.84825466282109,19.071725209864002],[72.85487327874193,19.059739078795033],[72.85337949571881,19.05824163951431],[72.8529534790826,19.0586841254882],[72.85145949062323,19.057481852206216],[72.85187539062456,19.056951621234138],[72.8483606563538,19.05369082713993],[72.8474986465116,19.05366979677634],[72.84589692100016,19.054467779813194],[72.846026024495,19.05560019790334],[72.84516786370304,19.05598567733922],[72.84516288246286,19.056269032256044]],[[72.84876749542289,19.07470677014926],[72.84901837810953,19.075077262590344],[72.85128666320196,19.074888297397433],[72.8518875644467,19.07515028980992],[72.85205668710462,19.075554518149644],[72.85173182821624,19.07608950534204],[72.85249522188876,19.076854951923032],[72.85238941487212,19.07726533198861],[72.85214750540464,19.07726085423212],[72.85220046242104,19.07793240105344],[72.85188201560088,19.078372897272118],[72.85208515921495,19.07896829941906],[72.85181935428426,19.07925580963587],[72.84957557213417,19.07583248363642],[72.84930728478018,19.075996097818038],[72.84852720036929,19.07573366369335],[72.84823838553383,19.074447055205216],[72.84856943221234,19.074381444656243],[72.84876749542289,19.07470677014926]]]}},{"type":"Feature","properties":{"layer":"DP_0","label":"DP Zone","confidence":"high","SUBURBS":"CITY","ZONE_CODE2":"R"},"geometry":{"type":"Polygon","coordinates":[[[72.81571045548078,18.908098913520156],[72.81683725064379,18.907058428588982],[72.81760974852216,18.90785197286964],[72.81786061548404,18.907648552387574],[72.81726943358422,18.906555039300013],[72.81768836342931,18.90586964393263],[72.81737246223447,18.9052517332182],[72.81774238977813,18.90441484703646],[72.81745039037311,18.90299928441368],[72.81794583274767,18.902833376988983],[72.8174255636896,18.902319817732838],[72.81873379664408,18.902328592786528],[72.81747203421743,18.902253035208343],[72.81720132374659,18.90138083617497],[72.81726953694864,18.90060461483644],[72.81471809768189,18.897537093206285],[72.81323128616569,18.895246834350942],[72.81246975733895,18.8949176259834],[72.81089961892839,18.89515941252471],[72.8102291888076,18.89468877864454],[72.80991156600152,18.894016135827368],[72.80923389493208,18.894120244041225],[72.80647686373163,18.896411578290845],[72.80522780006336,18.898013496168847],[72.80440487054301,18.89965289232775],[72.80369522877116,18.902770792364684],[72.80353900234645,18.905011930867634],[72.80382418940104,18.90737779861156],[72.80448788960909,18.909439718559554],[72.80784247043803,18.914423562569567],[72.81571045548078,18.908098913520156]]]}},{"type":"Feature","properties":{"layer":"DP_0","label":"DP Zone","confidence":"high","SUBURBS":"CITY","ZONE_CODE2":"R"},"geometry":{"type":"Polygon","coordinates":[[[72.81085940304676,18.978256153040494],[72.81127319371205,18.9780085472654],[72.80989153245449,18.977535403922417],[72.80908468602054,18.97650676995774],[72.80963103458929,18.970501850724308],[72.8074706370928,18.96605709699465],[72.80790577666122,18.96322802927798],[72.80991506943394,18.959163460278475],[72.80854604760445,18.95710197857658],[72.80715650115586,18.95378035919008],[72.8064673580187,18.95315313161965],[72.80493595143886,18.952451662773246],[72.80429390511264,18.95118018392009],[72.80276725050915,18.95013188801199],[72.80199878754469,18.949146893478368],[72.79965991831146,18.94859060440955],[72.79798294625148,18.94735702937559],[72.79767312078957,18.946146322404463],[72.79686559062577,18.945448993628204],[72.79545504095488,18.943399940924326],[72.79516543058774,18.941634306692343],[72.79425618090866,18.93970799650707],[72.79477591472282,18.93971347385671],[72.79330150145567,18.939212060471792],[72.79259689817938,18.939653802219077],[72.79246365843063,18.940030486267407],[72.79338498896648,18.941945376848707],[72.7932453464486,18.94273858564658],[72.79364167133429,18.943801788171637],[72.7923609386089,18.945528739581842],[72.79227795614815,18.947671960050272],[72.79156495969112,18.94884620874279],[72.7918900281302,18.948908053629633],[72.79190120404492,18.949324215853487],[72.79330129344312,18.95222870213131],[72.79528484685872,18.954492623641016],[72.79553042800286,18.954521206506385],[72.79623089005187,18.955990133532154],[72.79694296063482,18.956375605614564],[72.79868608968654,18.958349961052576],[72.79884151120596,18.959085878628663],[72.79961264931016,18.958579822104056],[72.79970417867571,18.958751116373506],[72.79953676140981,18.95898995427648],[72.79979196596379,18.9593865104408],[72.79947621898062,18.96046049550766],[72.79950794239282,18.96184978565465],[72.80201110610942,18.971284592966626],[72.80251691890658,18.972383570119703],[72.8042742564382,18.974761670178644],[72.8054351689024,18.977778225570276],[72.80597757910698,18.97830696771728],[72.80685656314648,18.97869177589652],[72.80852796780151,18.978198232197197],[72.80924243772877,18.97882308836719],[72.80969225546127,18.978272685932737],[72.81085940304676,18.978256153040494]],[[72.80087170889126,18.960100956330116],[72.80063819307917,18.960123073729807],[72.80064308258991,18.960401284023558],[72.79997118937335,18.960545731608704],[72.8003759854958,18.959819702679322],[72.80069011545982,18.95976640681487],[72.80087170889126,18.960100956330116]]]}},{"type":"Feature","properties":{"layer":"DP_0","label":"DP Zone","confidence":"high","SUBURBS":"CITY","ZONE_CODE2":"R"},"geometry":{"type":"Polygon","coordinates":[[[72.81833303777539,19.02238446738812],[72.81865310561935,19.021944321062012],[72.81899065106126,19.01942557951021],[72.81988157673668,19.018304772436863],[72.82071431362753,19.017821696934398],[72.82273644731283,19.017570112822746],[72.8226182607682,19.017473980144025],[72.82429978013471,19.017865973317395],[72.82565046628157,19.018602991849242],[72.82830168188279,19.020273420727218],[72.83008605404912,19.021752285115614],[72.83108765210405,19.020631719569508],[72.83217365599992,19.01987653711582],[72.82986885069361,19.016927274606903],[72.82945908713837,19.017304476445847],[72.8290215140654,19.017038740203905],[72.82845239053286,19.017677648645517],[72.82800989603345,19.01747895157102],[72.82876298738553,19.01625394847697],[72.82447623442756,19.013468816361822],[72.8223027646195,19.01237252585849],[72.82091993815955,19.011243668159928],[72.81848269660358,19.007210367095052],[72.8179226611992,19.005444262355255],[72.81662998761969,19.00415487046138],[72.81573078992533,19.002666195448466],[72.81571875156087,19.00135743176564],[72.81683189843186,18.999850597172557],[72.82463631643795,18.984931707284037],[72.82472680300243,18.984208477537244],[72.8243699850298,18.983397856732516],[72.82186267354233,18.980089142118224],[72.81171489577724,18.978061074325193],[72.80959238587597,18.978280336014976],[72.80929552187574,18.97870266372227],[72.80852796780151,18.978198232197197],[72.80777554212985,18.978308397407346],[72.80691465187137,18.978706728206863],[72.80993460567173,18.979433181291007],[72.80948524915331,18.980737005600336],[72.80890232706885,18.981894066098857],[72.80871364160714,18.981857051797856],[72.80862185398097,18.98305360925647],[72.80916633071575,18.983121261488886],[72.80915360866503,18.98234411704194],[72.8088681905424,18.982180852796716],[72.81001717465563,18.979452884512586],[72.81137290047464,18.979842790771336],[72.81230930166059,18.980413435665568],[72.81305778499598,18.981307315982807],[72.81343190970179,18.98229836166688],[72.8134145438018,18.98363504295409],[72.81289610297915,18.98483780137236],[72.81359431072873,18.985927868643035],[72.8140126290374,18.986122850639042],[72.81367034928991,18.98692620008051],[72.81332971239766,18.987424770613217],[72.81230624017057,18.987855234307972],[72.8111571875186,18.98709801061504],[72.81141752720936,18.98707802662642],[72.81088540904797,18.98658617191897],[72.81032169551392,18.987683945758533],[72.81175428252503,18.99247469180974],[72.81260666263394,18.99229806451893],[72.81268935222035,18.992692996921516],[72.81251470354391,18.993671256115224],[72.81185745880498,18.993541087194217],[72.81186491631183,18.996336281685995],[72.81126801686142,18.99817536995334],[72.81134013147783,19.00127531881149],[72.81340178796032,19.00524285452758],[72.81456337363238,19.008811030407788],[72.81631629679096,19.011791513807218],[72.8166881804853,19.01290515617246],[72.81629851152151,19.01563777644753],[72.81671816588056,19.015891330233277],[72.81610806034698,19.017409277804045],[72.81609739247567,19.023029888245965],[72.81538423760158,19.025137557768385],[72.81555122925552,19.02555209186384],[72.81708585305375,19.02420483856662],[72.81833303777539,19.02238446738812]],[[72.8165544175043,18.998292968360218],[72.81669968565244,18.998544608586666],[72.81601020787978,18.998553271311778],[72.81577392288196,18.998059576388755],[72.81623714685833,18.997844656260106],[72.8165544175043,18.998292968360218]],[[72.81323339703216,18.992093883353245],[72.81276130023842,18.991961487867897],[72.812900344044,18.99106575231707],[72.81258232620523,18.990413560433346],[72.81325039525264,18.99028773095063],[72.81312440568168,18.987655244685026],[72.81367701170738,18.987211501029385],[72.81399420090358,18.990592213699703],[72.81510693253689,18.990528132884787],[72.8151522815116,18.990738666575137],[72.81466695206838,18.991983016463816],[72.81323339703216,18.992093883353245]],[[72.82948204990363,19.019403137356115],[72.82925890920083,19.019658898663316],[72.82865242921388,19.019254798202716],[72.82883051661287,19.018991161405435],[72.82817137986376,19.01851530450962],[72.82864621971567,19.01776702716588],[72.83021555338794,19.018705716243275],[72.82948204990363,19.019403137356115]]]}},{"type":"Feature","properties":{"layer":"DP_0","label":"DP Zone","confidence":"high","SUBURBS":"CITY","ZONE_CODE2":"R"},"geometry":{"type":"Polygon","coordinates":[[[72.83441019659016,19.022737010879705],[72.8329054859432,19.023838444813993],[72.83167486293806,19.022646053179336],[72.83233527865355,19.021876618662592],[72.83212758967487,19.02149885100483],[72.83307000638217,19.021148153830236],[72.83217365599992,19.01987653711582],[72.83110197392665,19.020618669564826],[72.83008605404912,19.021752285115614],[72.83354467787963,19.02519845873039],[72.83602950467319,19.02890663168312],[72.83708327889227,19.031481120763946],[72.83818099722191,19.035626111936306],[72.83833139143664,19.037445771690997],[72.83775151482273,19.04207083530184],[72.83816981184167,19.04288144748116],[72.83679375483715,19.04546889476076],[72.83628351796612,19.04715641045926],[72.83687182792984,19.047847336258084],[72.83817570499015,19.048048005585006],[72.83858061581495,19.045891378038057],[72.84011528996172,19.042844258640528],[72.83899746595164,19.037118521599456],[72.83860002149353,19.03305879694537],[72.83863067692722,19.031065579983533],[72.83441019659016,19.022737010879705]]]}},{"type":"Feature","properties":{"layer":"DP_0","label":"DP Zone","confidence":"high","SUBURBS":"WESTERN","ZONE_CODE2":"R"},"geometry":{"type":"Polygon","coordinates":[[[72.82538171005145,19.11885777237832],[72.82804757631801,19.11643808929689],[72.82814265204986,19.113741231131332],[72.82844548280286,19.11299259273525],[72.83456324948476,19.109815406390744],[72.83830446452589,19.11036165802166],[72.83759346583942,19.104557123160756],[72.83809669679653,19.101629592113724],[72.83903132037155,19.101198372263557],[72.83919129874064,19.099080299764754],[72.83905426081347,19.0965157939191],[72.83924128050388,19.096174429948878],[72.83926361304414,19.094094046632236],[72.83858629884223,19.0924131839638],[72.83812097934613,19.091870907889955],[72.83618610953927,19.092023681011888],[72.83229078458392,19.091275997351453],[72.83207150378496,19.09101376682519],[72.83218387777505,19.089437157061205],[72.83191060406604,19.088527216977898],[72.83242323560442,19.087234995207073],[72.8322345083039,19.08623496889109],[72.8310145466475,19.08667514478458],[72.82979389977413,19.08371029847705],[72.8283522424999,19.08235753381817],[72.82782011657758,19.081119539730036],[72.82687197709645,19.080401957970672],[72.8271505512127,19.081404809930504],[72.82665898236544,19.083103278537333],[72.82588762463884,19.083899968471922],[72.8246589433739,19.08371316741535],[72.82404791039122,19.083917058015277],[72.82615255191607,19.088381120002676],[72.82653140116147,19.090219875841846],[72.82627095228837,19.09629290320462],[72.82415475647375,19.10289704838173],[72.82369444596364,19.106112106115926],[72.822337207042,19.1118081295949],[72.82139150954981,19.114818633325736],[72.8197652194899,19.1185091316519],[72.82089972424716,19.119190945136374],[72.82141158297432,19.11932477689229],[72.82196131537677,19.118949338988937],[72.82229439105741,19.11932673454328],[72.82254148329412,19.119412098549393],[72.8224003930208,19.119326513637],[72.82257753435346,19.119235988671665],[72.82330879328778,19.119578970965183],[72.82538171005145,19.11885777237832]]]}},{"type":"Feature","properties":{"layer":"DP_0","label":"DP Zone","confidence":"high","SUBURBS":"WESTERN","ZONE_CODE2":"I"},"geometry":{"type":"Polygon","coordinates":[[[72.83698669408268,19.08719968333851],[72.8368132008147,19.086682029124155],[72.83639942974989,19.086822780937176],[72.83644539054075,19.087238384301667],[72.83698669408268,19.08719968333851]]]}},{"type":"Feature","properties":{"layer":"DP_0","label":"DP Zone","confidence":"high","SUBURBS":"WESTERN","ZONE_CODE2":"R"},"geometry":{"type":"Polygon","coordinates":[[[72.83706192637214,19.139035738664848],[72.83713071641928,19.13986337075363],[72.83726259323244,19.139934004743047],[72.83706192637214,19.139035738664848]]]}},{"type":"Feature","properties":{"layer":"DP_0","label":"DP Zone","confidence":"high","SUBURBS":"WESTERN","ZONE_CODE2":"C"},"geometry":{"type":"Polygon","coordinates":[[[72.83579168211435,19.086746485513228],[72.83536856512443,19.086897503381316],[72.83572506500018,19.086940157949304],[72.83579168211435,19.086746485513228]]]}},{"type":"Feature","properties":{"layer":"DP_0","label":"DP Zone","confidence":"high","SUBURBS":"WESTERN","ZONE_CODE2":"I"},"geometry":{"type":"Polygon","coordinates":[[[72.85895271499079,19.107574430354767],[72.85983493571236,19.106397078671705],[72.85888760854701,19.105264350199562],[72.85876436227639,19.105868270038588],[72.85773163262351,19.1059430992183],[72.85754937411212,19.106185567467747],[72.8577059968321,19.107403648185283],[72.85808741369077,19.10740154965108],[72.85844223930631,19.10799409765462],[72.85895271499079,19.107574430354767]]]}},{"type":"Feature","properties":{"layer":"DP_0","label":"DP Zone","confidence":"high","SUBURBS":"WESTERN","ZONE_CODE2":"I"},"geometry":{"type":"Polygon","coordinates":[[[72.84618896827227,19.10885783931621],[72.8466530185423,19.108482666010538],[72.84711930928589,19.10847285826413],[72.84723532698784,19.10793456121509],[72.84784910959104,19.10785994661414],[72.84798550999092,19.108226752438735],[72.8481271923392,19.107731292278604],[72.84737491712897,19.107534518998474],[72.84734242449501,19.106886280080165],[72.84685490841092,19.106921951863335],[72.84603888970987,19.10640474473362],[72.84583082150031,19.105888461537205],[72.84515527342172,19.106003170396047],[72.8456053296765,19.108771702215517],[72.84618896827227,19.10885783931621]]]}},{"type":"Feature","properties":{"layer":"DP_0","label":"DP Zone","confidence":"high","SUBURBS":"WESTERN","ZONE_CODE2":"I"},"geometry":{"type":"Polygon","coordinates":[[[72.85369200523587,19.109119938528337],[72.85355330247054,19.10854072260958],[72.85213955503731,19.10856769470206],[72.8519215965736,19.106925833878805],[72.85139023498554,19.106991897374666],[72.85145077937277,19.10763475728703],[72.8511181765289,19.107669995906644],[72.8510753510437,19.107986328928035],[72.85151977644762,19.11013778638263],[72.85369200523587,19.109119938528337]]]}},{"type":"Feature","properties":{"layer":"DP_0","label":"DP Zone","confidence":"high","SUBURBS":"WESTERN","ZONE_CODE2":"I"},"geometry":{"type":"Polygon","coordinates":[[[72.85705599322363,19.111830098220913],[72.85691084030162,19.112239341125793],[72.85693807455003,19.11183677850587],[72.85654372230401,19.11177789209942],[72.85661779621722,19.111345664756545],[72.85629886269533,19.111205264859635],[72.8566507654697,19.111220044197225],[72.85668135114553,19.11090662145811],[72.85569201291965,19.11099650602559],[72.85572295936375,19.11063946581769],[72.8551905942524,19.110510606575758],[72.85516147103266,19.110967109073588],[72.85411317799449,19.11095278466839],[72.85455151811293,19.11329775870565],[72.85791393831224,19.112179646048258],[72.85755414335237,19.11151144144298],[72.85705599322363,19.111830098220913]]]}},{"type":"Feature","properties":{"layer":"DP_0","label":"DP Zone","confidence":"high","SUBURBS":"WESTERN","ZONE_CODE2":"I"},"geometry":{"type":"Polygon","coordinates":[[[72.86349420346541,19.123122851752683],[72.86356760991825,19.123405201862614],[72.86414906012224,19.12352456481567],[72.86430947340367,19.122470944572974],[72.8656868400414,19.122180596004192],[72.86557861122459,19.121510139357706],[72.86513333484552,19.121550862747355],[72.8649916274918,19.121180022756885],[72.86473064432396,19.121572709765612],[72.86427288223847,19.121690832645168],[72.86369931112299,19.119071744726483],[72.86510812929147,19.119285394456135],[72.86495345079395,19.118121326484392],[72.86340299745713,19.11797406297609],[72.8630911932728,19.11749570596898],[72.863707506712,19.11700277020514],[72.86405946718668,19.117063412057345],[72.86417647725003,19.116671292011254],[72.86461665134175,19.11650802120073],[72.86465299102566,19.115287617162792],[72.86579711117041,19.115786590966458],[72.86688512266213,19.115933049099745],[72.86728022931068,19.11588104015686],[72.86727126179368,19.115656079992075],[72.86698777853051,19.115618350511358],[72.86727255982895,19.11554172932659],[72.86799310734253,19.115723875595386],[72.86812340233853,19.115303950297626],[72.86844509179451,19.11522365969149],[72.86883779086509,19.115790100067947],[72.87020341355193,19.116195708335695],[72.87054269479935,19.11604353906712],[72.87112434096352,19.115088695560832],[72.87127040088855,19.113891258907138],[72.87207207938283,19.113888403384838],[72.87243657430533,19.11493506371369],[72.87377528006581,19.114683075163455],[72.87160563782479,19.111123981598556],[72.87076150938863,19.11124032079367],[72.87086756507317,19.11184792553292],[72.87035355746956,19.112299379223234],[72.86974943210338,19.112420769019607],[72.8699974055824,19.11347231436793],[72.86960192999547,19.11378260417547],[72.86963593680656,19.114120504259336],[72.8690425033573,19.114510767906292],[72.86818953828659,19.114682390326674],[72.86728715867915,19.113696575320578],[72.86695799699271,19.11227083145688],[72.86485338220962,19.112799142412484],[72.86064271787993,19.114816139526866],[72.85758429219446,19.115362359113988],[72.85506374463833,19.116714580973873],[72.85612456266267,19.121631436827016],[72.86128044798195,19.12123150770663],[72.86161048024773,19.122165266468784],[72.86158026334648,19.123462045582546],[72.86184720541867,19.123929117064648],[72.86268575497733,19.124468504808085],[72.86312566103004,19.123678780723782],[72.86303344773548,19.123277979199763],[72.86349420346541,19.123122851752683]],[[72.8609192446223,19.118609641449005],[72.8603063368741,19.118903690404935],[72.86000928242568,19.11857225807762],[72.85945235518017,19.118654035779844],[72.85897426918321,19.117570585289226],[72.85929923554201,19.117147306547444],[72.85927260614937,19.11679929625495],[72.85963937984204,19.116649063240306],[72.85906826970214,19.11578396115828],[72.85854096357296,19.11599038781422],[72.85806389865536,19.11531949267003],[72.85975377431625,19.115054115760465],[72.86245668423157,19.116822048363336],[72.86295557012629,19.117669771099365],[72.8609192446223,19.118609641449005]],[[72.87139785614394,19.112645845738136],[72.87105550813361,19.112048187525033],[72.87177729134272,19.11186432955004],[72.87211093596497,19.11253918577207],[72.87139785614394,19.112645845738136]]]}},{"type":"Feature","properties":{"layer":"DP_0","label":"DP Zone","confidence":"high","SUBURBS":"WESTERN","ZONE_CODE2":"I"},"geometry":{"type":"Polygon","coordinates":[[[72.85667989220299,19.124198242364606],[72.85646551467318,19.122949298695815],[72.85598114354869,19.122955519704682],[72.85584642881287,19.12330114444935],[72.85507830187667,19.12376674217077],[72.85420428789851,19.123917615150685],[72.85630485523845,19.125264468395077],[72.85667989220299,19.124198242364606]]]}},{"type":"Feature","properties":{"layer":"DP_0","label":"DP Zone","confidence":"high","SUBURBS":"WESTERN","ZONE_CODE2":"I"},"geometry":{"type":"Polygon","coordinates":[[[72.85343543854258,19.127336457422036],[72.85336553934631,19.12716712647215],[72.8553301695982,19.127299520213725],[72.85593259020698,19.125873542343143],[72.85491313861493,19.12572842863825],[72.85472997128335,19.125302235305824],[72.85414070851537,19.125196162951056],[72.8538882512016,19.125867590694664],[72.85249108904077,19.12546017630735],[72.85251624067989,19.1257237633559],[72.85208244177399,19.125800665420982],[72.85198564239558,19.12684235457363],[72.85285898981445,19.126944809069176],[72.85284809967233,19.127227543070752],[72.85343543854258,19.127336457422036]]]}},{"type":"Feature","properties":{"layer":"DP_0","label":"DP Zone","confidence":"high","SUBURBS":"WESTERN","ZONE_CODE2":"I"},"geometry":{"type":"Polygon","coordinates":[[[72.86243453851071,19.13825069905888],[72.86363010741468,19.13782636221486],[72.86308352318804,19.136235682183997],[72.86110297436898,19.136883694487203],[72.86163813653977,19.138208102928722],[72.86230949779346,19.138079947049754],[72.86243453851071,19.13825069905888]]]}},{"type":"Feature","properties":{"layer":"DP_0","label":"DP Zone","confidence":"high","SUBURBS":"WESTERN","ZONE_CODE2":"I"},"geometry":{"type":"Polygon","coordinates":[[[72.8722544430712,19.220363467818856],[72.87309459189004,19.22046709163822],[72.87653837340982,19.216206513636603],[72.87554002535519,19.21602693277416],[72.87530791241221,19.21623124018359],[72.87207776465296,19.215128221809707],[72.8710155814902,19.215543545581916],[72.87205174757584,19.21601559991997],[72.87156375010109,19.21734292020266],[72.87197762278004,19.218597108852396],[72.8714795491979,19.219719772470636],[72.871734952447,19.220285691139935],[72.87225952313744,19.220517911295502],[72.8722544430712,19.220363467818856]]]}},{"type":"Feature","properties":{"layer":"DP_0","label":"DP Zone","confidence":"high","SUBURBS":"WESTERN","ZONE_CODE2":"I"},"geometry":{"type":"Polygon","coordinates":[[[72.855069840605,19.21142184353443],[72.85535817235316,19.211466323983178],[72.85585057629248,19.210639565054326],[72.85679379483754,19.209774859708546],[72.85641383234668,19.209111602556437],[72.85661615787154,19.208819112823512],[72.85761268184868,19.208804347666845],[72.85850849873128,19.209911804838743],[72.85902809968383,19.209392555934613],[72.85904451365174,19.209071694657307],[72.85863564976397,19.208689414046958],[72.85931822393245,19.207697475113665],[72.86020657297681,19.20775445021996],[72.86132381982354,19.20714159297555],[72.86289751517903,19.207614284557096],[72.86396995239384,19.207645620559134],[72.86447015071329,19.206767232833094],[72.86465588144013,19.20557079284248],[72.86428783055976,19.205145737436897],[72.86445526533416,19.20497824763883],[72.86234852558891,19.20249985311158],[72.86046739389026,19.20340227416513],[72.85494289427429,19.20463117899431],[72.85427269106226,19.204736208354742],[72.85262429372857,19.20447281527466],[72.85308530918809,19.207271162402506],[72.85291613972561,19.207453189853307],[72.85382624781174,19.212241694185824],[72.8546466713133,19.212097986578314],[72.85468673064128,19.21153039378572],[72.855069840605,19.21142184353443]]]}},{"type":"Feature","properties":{"layer":"DP_0","label":"DP Zone","confidence":"high","SUBURBS":"WESTERN","ZONE_CODE2":"C"},"geometry":{"type":"Polygon","coordinates":[[[72.83764495418798,19.207079689819313],[72.83783777406676,19.20691518357624],[72.83689281675743,19.205615829420918],[72.83566448443254,19.204387449044955],[72.83593202899718,19.20319344522849],[72.83551971574711,19.20211226252214],[72.83549340356038,19.20088424787247],[72.83404689368668,19.20012692985589],[72.83412603147359,19.202999342454714],[72.83482992719613,19.20722331347646],[72.83635732797288,19.20757900278341],[72.83764495418798,19.207079689819313]]]}},{"type":"Feature","properties":{"layer":"DP_0","label":"DP Zone","confidence":"high","SUBURBS":"CITY","ZONE_CODE2":"R"},"geometry":{"type":"Polygon","coordinates":[[[72.85763698532405,18.984955874798157],[72.85790526835494,18.98406972149262],[72.85716381207166,18.984182029126856],[72.85705072268088,18.983946341207663],[72.85614778514982,18.984343737374427],[72.85671281324088,18.986230675538778],[72.85606161799225,18.986504611597443],[72.85657291435122,18.98759727489159],[72.85763698532405,18.984955874798157]]]}},{"type":"Feature","properties":{"layer":"DP_0","label":"DP Zone","confidence":"high","SUBURBS":"CITY","ZONE_CODE2":"R"},"geometry":{"type":"Polygon","coordinates":[[[72.85532800252025,18.995778064868976],[72.85553096690258,18.995322293693018],[72.85462681017427,18.994715273602555],[72.85470358106897,18.994401834496685],[72.85399231021927,18.99416096197258],[72.85385038894586,18.995326141824922],[72.85532800252025,18.995778064868976]]]}},{"type":"Feature","properties":{"layer":"DP_0","label":"DP Zone","confidence":"high","SUBURBS":"CITY","ZONE_CODE2":"C"},"geometry":{"type":"Polygon","coordinates":[[[72.8397029230264,19.021170132421297],[72.83930331900721,19.02105295689514],[72.83924231052737,19.021507880612546],[72.8397029230264,19.021170132421297]]]}},{"type":"Feature","properties":{"layer":"DP_0","label":"DP Zone","confidence":"high","SUBURBS":"CITY","ZONE_CODE2":"C"},"geometry":{"type":"Polygon","coordinates":[[[72.83782962691697,19.01495093842372],[72.83827444138299,19.014629463187315],[72.83774840842774,19.01394124530968],[72.83723195654257,19.014420238238415],[72.83782962691697,19.01495093842372]]]}},{"type":"Feature","properties":{"layer":"DP_0","label":"DP Zone","confidence":"high","SUBURBS":"CITY","ZONE_CODE2":"I"},"geometry":{"type":"Polygon","coordinates":[[[72.8404857921228,19.01786586815607],[72.8410576505726,19.017400208214376],[72.8402420980356,19.01643572077603],[72.84002695571854,19.01658920958205],[72.83974370328646,19.016270820481175],[72.8392900137484,19.01653316215388],[72.83967783401972,19.01753458042111],[72.84046777684927,19.01823014022176],[72.8404857921228,19.01786586815607]]]}},{"type":"Feature","properties":{"layer":"DP_0","label":"DP Zone","confidence":"high","SUBURBS":"WESTERN","ZONE_CODE2":"C"},"geometry":{"type":"Polygon","coordinates":[[[72.85319638313561,19.096423566712122],[72.85418353429944,19.098951198298064],[72.85512498503662,19.097693853374533],[72.85523974244553,19.097852176417252],[72.85587436120458,19.09725030358281],[72.85541518162823,19.097102878785005],[72.85472974890155,19.096085747448605],[72.85319638313561,19.096423566712122]]]}},{"type":"Feature","properties":{"layer":"DP_0","label":"DP Zone","confidence":"high","SUBURBS":"WESTERN","ZONE_CODE2":"C"},"geometry":{"type":"Polygon","coordinates":[[[72.8499702136384,19.092050691979566],[72.84890735982657,19.091216753591475],[72.84480680306066,19.091057071972976],[72.84568543610395,19.0915419101813],[72.84968614316941,19.092375427050275],[72.85095088639574,19.092977384235432],[72.8499702136384,19.092050691979566]]]}},{"type":"Feature","properties":{"layer":"DP_0","label":"DP Zone","confidence":"high","SUBURBS":"WESTERN","ZONE_CODE2":"I"},"geometry":{"type":"Polygon","coordinates":[[[72.8589946510564,19.105272367910384],[72.85888760854701,19.105264350199562],[72.85893803294849,19.105271180084213],[72.8589946510564,19.105272367910384]]]}},{"type":"Feature","properties":{"layer":"DP_0","label":"DP Zone","confidence":"high","SUBURBS":"WESTERN","ZONE_CODE2":"C"},"geometry":{"type":"Polygon","coordinates":[[[72.869862787484,19.107080888522212],[72.87039055327612,19.10767201503877],[72.87051991094566,19.107303982743527],[72.8711379098597,19.10691214380369],[72.87049955998012,19.105521783362814],[72.87277999360155,19.104221214191295],[72.87262944002298,19.103362112398074],[72.87308200826888,19.10337277614873],[72.87299689050188,19.102956308538857],[72.8724533055627,19.102704591459652],[72.8719759615734,19.103138590207543],[72.87130243014873,19.103149879723414],[72.87121365638313,19.103416112929846],[72.87022632665605,19.10305211554472],[72.86938601730566,19.10294322402834],[72.86931789505084,19.10310150399178],[72.86891332047509,19.102728749434398],[72.8688528838375,19.102216468182476],[72.86839748770919,19.102180625677217],[72.86842632974118,19.102527650232282],[72.86916486762435,19.103113200130984],[72.86868287875791,19.10378295087401],[72.86820400817936,19.103761708797418],[72.86826196699246,19.104762984812698],[72.86770190725,19.104872930256455],[72.86960009857623,19.107958683875896],[72.869862787484,19.107080888522212]]]}},{"type":"Feature","properties":{"layer":"DP_0","label":"DP Zone","confidence":"high","SUBURBS":"WESTERN","ZONE_CODE2":"I"},"geometry":{"type":"Polygon","coordinates":[[[72.86279639671093,19.131368245866312],[72.86217642509594,19.13136680597407],[72.86220249959474,19.13203710642582],[72.86279501200003,19.132038579574324],[72.86279639671093,19.131368245866312]]]}},{"type":"Feature","properties":{"layer":"DP_0","label":"DP Zone","confidence":"high","SUBURBS":"WESTERN","ZONE_CODE2":"I"},"geometry":{"type":"Polygon","coordinates":[[[72.87815410545723,19.138763871886574],[72.8781743446727,19.13775674068974],[72.87606973232204,19.136465112868724],[72.87457457797665,19.13425848469586],[72.87370582929958,19.136106678681227],[72.87449096289836,19.13725132970106],[72.87469683796579,19.13723464611865],[72.87471869544869,19.13758250193673],[72.87595788276397,19.13781026419328],[72.87645137362448,19.13863104175693],[72.87736048360975,19.138563315189227],[72.87773745797743,19.138754635423723],[72.87819817041785,19.139577612146525],[72.87815410545723,19.138763871886574]]]}},{"type":"Feature","properties":{"layer":"DP_0","label":"DP Zone","confidence":"high","SUBURBS":"WESTERN","ZONE_CODE2":"I"},"geometry":{"type":"Polygon","coordinates":[[[72.80751842284779,19.14019009267259],[72.80778443277109,19.139597709162746],[72.80652227485287,19.139119321935308],[72.80632318743318,19.139323691769246],[72.80629098666971,19.139800985063168],[72.80751842284779,19.14019009267259]]]}},{"type":"Feature","properties":{"layer":"DP_0","label":"DP Zone","confidence":"high","SUBURBS":"WESTERN","ZONE_CODE2":"I"},"geometry":{"type":"Polygon","coordinates":[[[72.85182701766934,19.07597052487923],[72.85206633938056,19.07567272250982],[72.8517598838288,19.075247262297044],[72.85155875451332,19.07555379779672],[72.85182701766934,19.07597052487923]]]}},{"type":"Feature","properties":{"layer":"DP_0","label":"DP Zone","confidence":"high","SUBURBS":"WESTERN","ZONE_CODE2":"I"},"geometry":{"type":"Polygon","coordinates":[[[72.85800771600626,19.249789042824034],[72.85806084865446,19.249128831665978],[72.85737255742737,19.2493796783315],[72.85692701155799,19.249934887900647],[72.85759484291809,19.249769635625203],[72.85789053518874,19.24997591420074],[72.85800771600626,19.249789042824034]]]}},{"type":"Feature","properties":{"layer":"DP_0","label":"DP Zone","confidence":"high","SUBURBS":"WESTERN","ZONE_CODE2":"C"},"geometry":{"type":"Polygon","coordinates":[[[72.8738030609842,19.260691271544292],[72.87422097049769,19.26046420718773],[72.87304540738101,19.25820410249238],[72.87221364738252,19.258531960533126],[72.87317988959705,19.260782444702137],[72.8738030609842,19.260691271544292]]]}},{"type":"Feature","properties":{"layer":"DP_0","label":"DP Zone","confidence":"high","SUBURBS":"WESTERN","ZONE_CODE2":"I"},"geometry":{"type":"Polygon","coordinates":[[[72.87288127231962,19.258220275908176],[72.87338486447382,19.257897959204904],[72.87332059345897,19.25743488686466],[72.87306472547472,19.25732543158321],[72.87304170948039,19.256611185634863],[72.87397406201315,19.256503175468023],[72.87335493529034,19.253073637402],[72.87313921199689,19.25289986653674],[72.87173657442881,19.253123583613203],[72.8710948448105,19.253483529779338],[72.86977252466303,19.25483242737586],[72.87128144991945,19.257138896626905],[72.87154098132763,19.257031112611585],[72.87216995306198,19.258429498363526],[72.87288127231962,19.258220275908176]]]}},{"type":"Feature","properties":{"layer":"DP_0","label":"DP Zone","confidence":"high","SUBURBS":"WESTERN","ZONE_CODE2":"C"},"geometry":{"type":"Polygon","coordinates":[[[72.85113639952831,19.213843134513972],[72.84890367930643,19.212697902367257],[72.8479020061767,19.21247153733198],[72.84792469834676,19.214113424562758],[72.84808977509968,19.21419462889737],[72.85079792915339,19.214350070393817],[72.85113639952831,19.213843134513972]]]}},{"type":"Feature","properties":{"layer":"DP_0","label":"DP Zone","confidence":"high","SUBURBS":"WESTERN","ZONE_CODE2":"C"},"geometry":{"type":"Polygon","coordinates":[[[72.8585914670977,19.232932444009737],[72.85889790710182,19.231373013516833],[72.85860649317887,19.23125868215416],[72.8587686165602,19.22893726445098],[72.85966137998587,19.226468334557854],[72.85967422167668,19.22412618182117],[72.856516207532,19.22374172394873],[72.85598574957854,19.223882399432384],[72.85612132790322,19.2245833337108],[72.85645136456193,19.226033807273797],[72.85708092242825,19.225926319990478],[72.85803419976072,19.231027767236252],[72.85745534946543,19.231054224992292],[72.85767948041953,19.23291246288592],[72.8585914670977,19.232932444009737]]]}},{"type":"Feature","properties":{"layer":"DP_0","label":"DP Zone","confidence":"high","SUBURBS":"WESTERN","ZONE_CODE2":"I"},"geometry":{"type":"Polygon","coordinates":[[[72.86814213436092,19.07231012763231],[72.86799167031117,19.072823032337705],[72.86760287694766,19.072818616213077],[72.8676999508412,19.07206420035646],[72.86714955070023,19.071307775225396],[72.86473075922774,19.070330780081292],[72.86356935599152,19.069159996784723],[72.8637294331328,19.06966353033943],[72.86350198213768,19.06999151093223],[72.86439816847265,19.07101641637927],[72.86447915099774,19.071357399430436],[72.86416785716506,19.071490863375903],[72.86991531162667,19.074002806654843],[72.87030023258045,19.073256767948283],[72.87008425488308,19.072764080182786],[72.86888907359425,19.072262796281848],[72.86863848133088,19.07244347710236],[72.86814213436092,19.07231012763231]]]}},{"type":"Feature","properties":{"layer":"DP_0","label":"DP Zone","confidence":"high","EP_NO":"EP-RS99","SUBURBS":"WESTERN","ZONE_CODE2":"NA"},"geometry":{"type":"Polygon","coordinates":[[[72.88031463681355,19.21044527111443],[72.8797175529781,19.212245559060914],[72.87819260919947,19.214111939505],[72.88055842159177,19.21603632823958],[72.88200519101267,19.214052272509996],[72.87997604262465,19.21257898644558],[72.8810207098384,19.210432096327974],[72.88031463681355,19.21044527111443]]]}},{"type":"Feature","properties":{"layer":"DP_0","label":"DP Zone","confidence":"high","SUBURBS":"WESTERN","ZONE_CODE2":"I"},"geometry":{"type":"Polygon","coordinates":[[[72.86663533361437,19.25028378852636],[72.86645786855607,19.250037765024317],[72.8648899308446,19.251260758283173],[72.86570510291783,19.251972878998725],[72.8648719005784,19.252951062381058],[72.86820996979688,19.255501775206803],[72.8691884122358,19.25554812495523],[72.86972587287245,19.254829078168846],[72.86663533361437,19.25028378852636]]]}},{"type":"Feature","properties":{"layer":"DP_0","label":"DP Zone","confidence":"high","EP_NO":"EP-RC100","SUBURBS":"WESTERN","ZONE_CODE2":"NDZ/SDZ (Slum)"},"geometry":{"type":"Polygon","coordinates":[[[72.83914131434197,19.23516048143051],[72.8392156387399,19.235519176900088],[72.84003936920212,19.235525871515634],[72.83991043595377,19.236161294123114],[72.83907622498577,19.236254554054796],[72.83903432665672,19.23645465058396],[72.83808039479985,19.23624463668866],[72.83787345151876,19.23528625667202],[72.83747136340288,19.23531170462883],[72.83546898441062,19.23702240888107],[72.8352946135887,19.243788952916386],[72.83847063822671,19.243736412405834],[72.84022325604975,19.243037163848967],[72.84121404556609,19.24400813035382],[72.84438869862745,19.241433026303778],[72.84225591980577,19.23911439696846],[72.84143552308392,19.237897398150515],[72.84076258402312,19.23649345508057],[72.84056841993353,19.235134366048772],[72.83914131434197,19.23516048143051]],[[72.83929545251547,19.237883987714653],[72.83916845224667,19.238466039833334],[72.83758244366001,19.238857133824112],[72.8375641574066,19.238175865606323],[72.83925139889993,19.237497036816805],[72.83929545251547,19.237883987714653]],[[72.84119615531031,19.238001304640736],[72.8423220430757,19.239438350527546],[72.8412069740227,19.240256635448688],[72.84015236665005,19.23985393614938],[72.83955883308202,19.238579782311877],[72.84119615531031,19.238001304640736]]]}},{"type":"Feature","properties":{"layer":"DP_0","label":"DP Zone","confidence":"high","EP_NO":"EP-RN65","SUBURBS":"WESTERN","ZONE_CODE2":"NA"},"geometry":{"type":"Polygon","coordinates":[[[72.87495465793165,19.24934167496181],[72.87512837956884,19.250093468497433],[72.87481596325875,19.25240546089706],[72.87560733822873,19.252444880508925],[72.87575602330404,19.25806797099917],[72.87634290277883,19.258427218727647],[72.87627157005134,19.259177619303816],[72.87677715944349,19.259696536794088],[72.87765411108965,19.258786183525224],[72.87865425145456,19.256806788714716],[72.8800359304429,19.255916564536683],[72.88008857968538,19.255320050311532],[72.87961013508813,19.25443827009497],[72.88002098973027,19.25303178430589],[72.87945195134193,19.25255623223589],[72.87988209048427,19.250891130901273],[72.87960171517325,19.25052549742354],[72.87877701611971,19.250498685566445],[72.8779101379828,19.25092578323976],[72.87749183593962,19.251429904703638],[72.87706563224134,19.250093057127405],[72.87495465793165,19.24934167496181]]]}},{"type":"Feature","properties":{"layer":"DP_0","label":"DP Zone","confidence":"high","SUBURBS":"WESTERN","ZONE_CODE2":"C"},"geometry":{"type":"Polygon","coordinates":[[[72.86102127140424,19.25023157154832],[72.86102471966488,19.24988329259731],[72.86179234008226,19.249870014134252],[72.86285730053561,19.249249950553377],[72.86269986814412,19.248930577493176],[72.86050396166686,19.24913853996292],[72.86050508349624,19.248123566159336],[72.85976243288181,19.24813837840568],[72.8597250354821,19.251112775137212],[72.86049504071457,19.251328009105237],[72.86088953526588,19.2518078332669],[72.86102127140424,19.25023157154832]]]}},{"type":"Feature","properties":{"layer":"DP_0","label":"DP Zone","confidence":"high","SUBURBS":"WESTERN","ZONE_CODE2":"I"},"geometry":{"type":"Polygon","coordinates":[[[72.86006474668825,19.194724335981817],[72.85888879200148,19.19457129254519],[72.85810398020092,19.195437135715782],[72.85756432595947,19.1969292671702],[72.85689741676718,19.200207323262998],[72.85749838984144,19.200117469961413],[72.85845293975021,19.199542279675992],[72.8605511312614,19.197812415014667],[72.86006474668825,19.194724335981817]]]}},{"type":"Feature","properties":{"layer":"DP_0","label":"DP Zone","confidence":"high","SUBURBS":"WESTERN","ZONE_CODE2":"I"},"geometry":{"type":"Polygon","coordinates":[[[72.86677344385669,19.20580004098497],[72.86927126792168,19.20572455688342],[72.87141314817305,19.203707009035057],[72.87175175646259,19.203707548798008],[72.87281963793937,19.202939948192235],[72.87437668649291,19.202802873605485],[72.87568523618141,19.202349003177808],[72.8757390674772,19.200567036953966],[72.86903378531636,19.201127208819017],[72.86928329839644,19.200187762765104],[72.86972450860225,19.19959306570074],[72.8688793345245,19.19855084491254],[72.86804507030072,19.198646362323476],[72.86715139536612,19.200865434601155],[72.8664383952632,19.201371951556393],[72.86560032701661,19.203985641139084],[72.86498273319484,19.204566526886644],[72.86609093611139,19.205764055787597],[72.86677344385669,19.20580004098497]]]}},{"type":"Feature","properties":{"layer":"DP_0","label":"DP Zone","confidence":"high","SUBURBS":"WESTERN","ZONE_CODE2":"C"},"geometry":{"type":"Polygon","coordinates":[[[72.85183827283595,19.204812383020773],[72.85158568770588,19.204757481646897],[72.85093414925932,19.20099753839127],[72.849053725367,19.201120552462655],[72.85012530706328,19.206382363342364],[72.85195266529225,19.20615681505803],[72.85183827283595,19.204812383020773]]]}},{"type":"Feature","properties":{"layer":"DP_0","label":"DP Zone","confidence":"high","SUBURBS":"WESTERN","ZONE_CODE2":"C"},"geometry":{"type":"Polygon","coordinates":[[[72.8482803845665,19.18456949772666],[72.84826475726601,19.184196592841822],[72.84732099132061,19.184467397117526],[72.84681312473593,19.184298586113506],[72.84645951704653,19.188890579314414],[72.84675919075931,19.189872258048737],[72.8488726949531,19.189846125535414],[72.8486466666404,19.187592234672415],[72.84833999590789,19.187326476403673],[72.8482803845665,19.18456949772666]]]}},{"type":"Feature","properties":{"layer":"DP_0","label":"DP Zone","confidence":"high","EP_NO":"EP-GN15","SUBURBS":"CITY","ZONE_CODE2":"R"},"geometry":{"type":"Polygon","coordinates":[[[72.8350485083476,19.011238458420912],[72.83438508164787,19.01181189536203],[72.83469958341615,19.012223215789312],[72.83529510563976,19.011666784012707],[72.8350485083476,19.011238458420912]]]}},{"type":"Feature","properties":{"layer":"DP_0","label":"DP Zone","confidence":"high","EP_NO":"EP-GN13 & EP-GN22","SUBURBS":"CITY","ZONE_CODE2":"I"},"geometry":{"type":"Polygon","coordinates":[[[72.83917523192582,19.016187866789213],[72.83875679383092,19.015657760054903],[72.83827190912166,19.015936468213066],[72.83908677074733,19.016502654485432],[72.83931429794582,19.01636072160236],[72.83917523192582,19.016187866789213]]]}},{"type":"Feature","properties":{"layer":"DP_0","label":"DP Zone","confidence":"high","EP_NO":"EP-FN30","SUBURBS":"CITY","ZONE_CODE2":"I"},"geometry":{"type":"Polygon","coordinates":[[[72.8679986907891,19.02047234461881],[72.86674921160765,19.01908248027739],[72.86612813030284,19.01878895927812],[72.8657602159298,19.018860741858408],[72.86600557164508,19.02047604568372],[72.86675941296359,19.02031516942839],[72.86763694138153,19.02128495548117],[72.8677263507641,19.021720780416842],[72.86801436953296,19.021717160041717],[72.86794671942131,19.02147490610915],[72.86873889303011,19.021338128321702],[72.8679986907891,19.02047234461881]]]}},{"type":"Feature","properties":{"layer":"DP_0","label":"DP Zone","confidence":"high","EP_NO":"EP-FN70","SUBURBS":"CITY","ZONE_CODE2":"I"},"geometry":{"type":"Polygon","coordinates":[[[72.86774350131554,19.04350551702671],[72.86820837069732,19.043261156396937],[72.86794697438876,19.04276896840524],[72.86721009692842,19.043208610015096],[72.86731317929407,19.043543892779205],[72.86774350131554,19.04350551702671]]]}},{"type":"Feature","properties":{"layer":"DP_0","label":"DP Zone","confidence":"high","EP_NO":"EP-KW46","SUBURBS":"WESTERN","ZONE_CODE2":"C"},"geometry":{"type":"Polygon","coordinates":[[[72.82952344932846,19.12856106280742],[72.82930104791576,19.128594330660572],[72.82931952452383,19.129171240594506],[72.8296208017331,19.12911523744373],[72.82952344932846,19.12856106280742]]]}},{"type":"Feature","properties":{"layer":"DP_0","label":"DP Zone","confidence":"high","EP_NO":"EP-KW46","SUBURBS":"WESTERN","ZONE_CODE2":"C"},"geometry":{"type":"Polygon","coordinates":[[[72.83129127343541,19.13066568706472],[72.83143633422414,19.130398050711886],[72.83013447632919,19.13068720294107],[72.83027822586594,19.13127589938533],[72.8311242534125,19.131089831232124],[72.83129127343541,19.13066568706472]]]}},{"type":"Feature","properties":{"layer":"DP_0","label":"DP Zone","confidence":"high","EP_NO":"EP-PS68","SUBURBS":"WESTERN","ZONE_CODE2":"R"},"geometry":{"type":"Polygon","coordinates":[[[72.82137048964165,19.157138415599782],[72.82037900629527,19.16160869947083],[72.82006748597533,19.161958605389664],[72.82231591644494,19.163620293540266],[72.82474185066249,19.15764753823854],[72.82455106858387,19.1573954241864],[72.82137048964165,19.157138415599782]]]}},{"type":"Feature","properties":{"layer":"DP_0","label":"DP Zone","confidence":"high","EP_NO":"EP-PS68","SUBURBS":"WESTERN","ZONE_CODE2":"NDZ"},"geometry":{"type":"Polygon","coordinates":[[[72.82093041290173,19.15710268985686],[72.82137048964165,19.157138415599782],[72.82153193741964,19.15641046806052],[72.8212299847238,19.156386008555618],[72.82093041290173,19.15710268985686]]]}},{"type":"Feature","properties":{"layer":"DP_0","label":"DP Zone","confidence":"high","EP_NO":"EP-PS68","SUBURBS":"WESTERN","ZONE_CODE2":"NA"},"geometry":{"type":"Polygon","coordinates":[[[72.82976379092217,19.15495255224861],[72.8290794487339,19.154966926152586],[72.82887177619703,19.155262161216132],[72.82875466408167,19.15736794889942],[72.82926083880501,19.15977527076528],[72.82885501961962,19.16108236627195],[72.82724693774834,19.163792362646106],[72.82594154316695,19.164948577007912],[72.82443876005686,19.16537267369808],[72.82490547865208,19.1656280382691],[72.82568686819168,19.165915848471123],[72.82675654400006,19.165743178020087],[72.82793020336068,19.164825542023323],[72.82883734988494,19.163691806339813],[72.83003126703903,19.160270246907952],[72.82936869837496,19.156809323891512],[72.82976379092217,19.15495255224861]]]}},{"type":"Feature","properties":{"layer":"DP_0","label":"DP Zone","confidence":"high","EP_NO":"EP-PS65","SUBURBS":"WESTERN","ZONE_CODE2":"I"},"geometry":{"type":"Polygon","coordinates":[[[72.8315983918947,19.16022918291989],[72.83157794504801,19.1611433165847],[72.83221536962523,19.161144674361125],[72.83229839736043,19.160245819755687],[72.8315983918947,19.16022918291989]]]}},{"type":"Feature","properties":{"layer":"DP_0","label":"DP Zone","confidence":"high","EP_NO":"EP-PS65","SUBURBS":"WESTERN","ZONE_CODE2":"I"},"geometry":{"type":"Polygon","coordinates":[[[72.83461954185553,19.16116192150871],[72.83473865995234,19.160402405338377],[72.83394220464497,19.160265955876902],[72.83383293249788,19.16113442250661],[72.83461954185553,19.16116192150871]]]}},{"type":"Feature","properties":{"layer":"DP_0","label":"DP Zone","confidence":"high","EP_NO":"EP-KW79","SUBURBS":"WESTERN","ZONE_CODE2":"R"},"geometry":{"type":"Polygon","coordinates":[[[72.83688739673596,19.140616557946196],[72.83703559360147,19.140372126242564],[72.83668488105175,19.140261559662303],[72.83688739673596,19.140616557946196]]]}},{"type":"Feature","properties":{"layer":"DP_0","label":"DP Zone","confidence":"high","EP_NO":"EP-HE19","SUBURBS":"WESTERN","ZONE_CODE2":"I"},"geometry":{"type":"Polygon","coordinates":[[[72.84944749767685,19.07592007553509],[72.84862988269423,19.074573973140676],[72.84825175153426,19.0745316927815],[72.84852720036929,19.07573366369335],[72.84944749767685,19.07592007553509]]]}},{"type":"Feature","properties":{"layer":"DP_0","label":"DP Zone","confidence":"high","EP_NO":"EP-HE29","SUBURBS":"WESTERN","ZONE_CODE2":"R"},"geometry":{"type":"Polygon","coordinates":[[[72.86869543218147,19.072226013066768],[72.86855838677418,19.071980530327878],[72.86728839730436,19.07161526565262],[72.86776794134995,19.072235382704026],[72.86752331924943,19.072784466341147],[72.86787029668896,19.072927426192667],[72.86814213436092,19.07231012763231],[72.86863848133088,19.07244347710236],[72.86869543218147,19.072226013066768]]]}},{"type":"Feature","properties":{"layer":"DP_0","label":"DP Zone","confidence":"high","EP_NO":"EP-HE03","SUBURBS":"WESTERN","ZONE_CODE2":"C"},"geometry":{"type":"Polygon","coordinates":[[[72.84516288246286,19.056269032256044],[72.845326244706,19.056627051251642],[72.8460664432954,19.05658949815356],[72.84609497651473,19.05634236947501],[72.84516288246286,19.056269032256044]]]}},{"type":"Feature","properties":{"layer":"DP_0","label":"DP Zone","confidence":"high","EP_NO":"EP-PN83","SUBURBS":"WESTERN","ZONE_CODE2":"NA"},"geometry":{"type":"Polygon","coordinates":[[[72.78932615691436,19.144696353323837],[72.78864512634007,19.14465981130252],[72.78898215131215,19.145567478443102],[72.78914431271006,19.147891994549777],[72.78843401705976,19.150467209583827],[72.78664702397138,19.153008268644562],[72.78447426755346,19.15439396216915],[72.78434204965995,19.15510262643284],[72.78751934417971,19.152515856110604],[72.78895780390062,19.150557216765456],[72.78957103572776,19.147334439846436],[72.78932615691436,19.144696353323837]]]}},{"type":"Feature","properties":{"layer":"DP_0","label":"DP Zone","confidence":"high","EP_NO":"EP-PN83","SUBURBS":"WESTERN","ZONE_CODE2":"NA"},"geometry":{"type":"Polygon","coordinates":[[[72.80003198623633,19.198747386906305],[72.7990769597433,19.19935235904919],[72.79845185690974,19.199354888639373],[72.79766940220081,19.198774569432835],[72.79729023032954,19.19809177635389],[72.7967062094706,19.192715851042873],[72.79655595541547,19.192752363685937],[72.7961105059178,19.1913551859791],[72.79640326292277,19.190153520202106],[72.79677416774588,19.190016024883185],[72.79692219515327,19.187053263380196],[72.79653204212691,19.183422946812044],[72.79662510769644,19.176659903647046],[72.79486337196843,19.172810461833556],[72.79495275854686,19.17120027391526],[72.79319954816344,19.17151802823886],[72.79265066699395,19.171412874781314],[72.79315553457043,19.17185330438779],[72.79359759756515,19.173489428033193],[72.79412126633825,19.174222975349146],[72.79606191624937,19.180020238753418],[72.79573993882283,19.18330002435885],[72.79621701001798,19.187537041629742],[72.79538596441813,19.190722553582624],[72.79655349449293,19.19362355521334],[72.79648580766413,19.198229159878363],[72.79744875305848,19.199337819488818],[72.7980885458421,19.19961928746349],[72.80003320718826,19.199206515422794],[72.80003198623633,19.198747386906305]]]}},{"type":"Feature","properties":{"layer":"DP_0","label":"DP Zone","confidence":"high","EP_NO":"EP-PN83","SUBURBS":"WESTERN","ZONE_CODE2":"NA"},"geometry":{"type":"Polygon","coordinates":[[[72.81260122720856,19.203058176792005],[72.81179980158574,19.20394729494618],[72.811908443081,19.204217904321357],[72.81249632342146,19.203626972345948],[72.81260122720856,19.203058176792005]]]}},{"type":"Feature","properties":{"layer":"DP_0","label":"DP Zone","confidence":"high","EP_NO":"EP-RS107","SUBURBS":"WESTERN","ZONE_CODE2":"NA"},"geometry":{"type":"Polygon","coordinates":[[[72.81803914783316,19.213206624993987],[72.81969455451731,19.214854896451573],[72.82066276978256,19.21547902667063],[72.81803914783316,19.213206624993987]]]}},{"type":"Feature","properties":{"layer":"DP_0","label":"DP Zone","confidence":"high","EP_NO":"EP-RS107","SUBURBS":"WESTERN","ZONE_CODE2":"NA"},"geometry":{"type":"Polygon","coordinates":[[[72.81529963105763,19.209018063271802],[72.81526761020449,19.20936251671267],[72.81568159773639,19.210174985553582],[72.81529963105763,19.209018063271802]]]}},{"type":"Feature","properties":{"layer":"DP_0","label":"DP Zone","confidence":"high","EP_NO":"EP-RS107","SUBURBS":"WESTERN","ZONE_CODE2":"NA"},"geometry":{"type":"Polygon","coordinates":[[[72.8147504420384,19.204775588120835],[72.81550449692377,19.2072258238714],[72.81569927385486,19.20882123617884],[72.8155244598284,19.208234117305235],[72.81563162007708,19.207132314070673],[72.8147504420384,19.204775588120835]]]}},{"type":"Feature","properties":{"layer":"DP_0","label":"DP Zone","confidence":"high","EP_NO":"EP-PN91","SUBURBS":"WESTERN","ZONE_CODE2":"NDZ"},"geometry":{"type":"Polygon","coordinates":[[[72.87744473686526,19.170115622796867],[72.87548232787358,19.16931114847505],[72.87483320054855,19.170316223789406],[72.87515615874896,19.170234050338205],[72.87549608655331,19.171202081521557],[72.87668045514393,19.17176857133699],[72.8773152260656,19.171115149065574],[72.87744473686526,19.170115622796867]]]}},{"type":"Feature","properties":{"layer":"DP_0","label":"DP Zone","confidence":"high","EP_NO":"EP-PN92","SUBURBS":"WESTERN","ZONE_CODE2":"NDZ"},"geometry":{"type":"Polygon","coordinates":[[[72.87785643134458,19.167772256839687],[72.8778621212096,19.166652990190634],[72.87696747338256,19.167230981820275],[72.87622968329302,19.168102889111864],[72.87726662387479,19.168080193134685],[72.87785643134458,19.167772256839687]]]}},{"type":"Feature","properties":{"layer":"DP_0","label":"DP Zone","confidence":"high","EP_NO":"EP-PS32","SUBURBS":"WESTERN","ZONE_CODE2":"I"},"geometry":{"type":"Polygon","coordinates":[[[72.85610361896401,19.151665975434568],[72.85589075564147,19.14932147068603],[72.85286729284816,19.14959675714945],[72.85287322469236,19.151075900681136],[72.85453253026338,19.15143476560334],[72.85465924996137,19.15207807372983],[72.85608965220534,19.15197888919626],[72.85610361896401,19.151665975434568]]]}},{"type":"Feature","properties":{"layer":"DP_0","label":"DP Zone","confidence":"high","EP_NO":"EP-PN141","SUBURBS":"WESTERN","ZONE_CODE2":"NDZ"},"geometry":{"type":"Polygon","coordinates":[[[72.78927877624834,19.149772899187063],[72.78929244899021,19.149615675263256],[72.78895780390062,19.150557216765456],[72.78787592986426,19.152151954645383],[72.78651164706287,19.153338115784198],[72.78689554782875,19.153792620110607],[72.78786965363139,19.153274991570132],[72.78885718784225,19.151807705358863],[72.78957408395543,19.15015905626821],[72.78935543657612,19.15013852132999],[72.78927877624834,19.149772899187063]]]}},{"type":"Feature","properties":{"layer":"DP_0","label":"DP Zone","confidence":"high","EP_NO":"EP-PN83","SUBURBS":"WESTERN","ZONE_CODE2":"NA"},"geometry":{"type":"Polygon","coordinates":[[[72.80298789658146,19.16796678014354],[72.80286108561234,19.16585388123288],[72.80340735793658,19.165908213938604],[72.80382918759227,19.165241964114266],[72.80358320637104,19.164501262408855],[72.80410557297577,19.16357097585906],[72.80394928627294,19.1634978886611],[72.80361533179774,19.164282731443397],[72.8031020324477,19.16250882608283],[72.8029256954907,19.162521814138756],[72.80344163714379,19.164365444810773],[72.80017602392321,19.16444984886553],[72.7997287082224,19.164647415997756],[72.79663197849086,19.167759770724487],[72.79656629292361,19.167154831670263],[72.79629665546794,19.166944362629497],[72.795529022766,19.167504169047163],[72.79644496435002,19.16816521428977],[72.79937117650722,19.165240039978094],[72.7996621163432,19.16524886565263],[72.79984019666293,19.16534722071901],[72.7992375274108,19.16611257605186],[72.79998681270409,19.1673185747195],[72.7995971659277,19.167590632617355],[72.79969608949277,19.16779132130085],[72.80039947116613,19.16786410828101],[72.80045582780424,19.16821045022347],[72.79995334388688,19.168309251046967],[72.79978638588813,19.168641898580358],[72.80060863501667,19.16996460915038],[72.80135194047621,19.170109669141073],[72.80338360644474,19.169537472789496],[72.80298789658146,19.16796678014354]]]}},{"type":"Feature","properties":{"layer":"DP_0","label":"DP Zone","confidence":"high","EP_NO":"EP-PN113","SUBURBS":"WESTERN","ZONE_CODE2":"SDZ"},"geometry":{"type":"Polygon","coordinates":[[[72.80436218655629,19.178953687962334],[72.8041847931032,19.178751469237486],[72.8027702506261,19.17907957662553],[72.80355156598276,19.179275790375904],[72.80354221691252,19.179899781008277],[72.8041771980079,19.179957943547155],[72.80440469936974,19.18042079728609],[72.80530459824391,19.180086684300523],[72.80436218655629,19.178953687962334]]]}},{"type":"Feature","properties":{"layer":"DP_0","label":"DP Zone","confidence":"high","EP_NO":"EP-KE43","SUBURBS":"WESTERN","ZONE_CODE2":"R"},"geometry":{"type":"Polygon","coordinates":[[[72.8609192446223,19.118609641449005],[72.86290165866569,19.117689955923332],[72.86245668423157,19.116822048363336],[72.8598694495356,19.115100239294115],[72.85805754274286,19.11529195413993],[72.85846010116364,19.116022943128687],[72.85906826970214,19.11578396115828],[72.85963937984204,19.116649063240306],[72.85927260614937,19.11679929625495],[72.85929923554201,19.117147306547444],[72.85897426918321,19.117570585289226],[72.85937709139293,19.118666304182053],[72.86000928242568,19.11857225807762],[72.86025161272217,19.11883651620789],[72.8609192446223,19.118609641449005]]]}},{"type":"Feature","properties":{"layer":"DP_0","label":"DP Zone","confidence":"high","EP_NO":"EP-KE51","SUBURBS":"WESTERN","ZONE_CODE2":"I"},"geometry":{"type":"Polygon","coordinates":[[[72.85994692839225,19.112385539462835],[72.86042255435964,19.112508496320775],[72.86013410569602,19.112061267765696],[72.86032706052265,19.111535798603512],[72.8597954546462,19.111450429292777],[72.85977621152637,19.11178106218823],[72.85939048358549,19.111637166239824],[72.85931324240632,19.112229275143697],[72.85888883130502,19.112301179148975],[72.85934812586018,19.112502904178317],[72.85994692839225,19.112385539462835]]]}},{"type":"Feature","properties":{"layer":"DP_0","label":"DP Zone","confidence":"high","EP_NO":"EP-KE50","SUBURBS":"WESTERN","ZONE_CODE2":"I"},"geometry":{"type":"Polygon","coordinates":[[[72.86164337370839,19.112971642105123],[72.86207504338543,19.112971905519185],[72.8619662409991,19.111920684641547],[72.86159236881058,19.111948236069928],[72.86128291974308,19.112840570040348],[72.86169175206274,19.113255815482596],[72.86164337370839,19.112971642105123]]]}},{"type":"Feature","properties":{"layer":"DP_0","label":"DP Zone","confidence":"high","EP_NO":"EP-KE53","SUBURBS":"WESTERN","ZONE_CODE2":"R"},"geometry":{"type":"Polygon","coordinates":[[[72.85660191696958,19.11156245671825],[72.85649143889293,19.11164947024426],[72.85668692944701,19.111837901693402],[72.85660191696958,19.11156245671825]]]}},{"type":"Feature","properties":{"layer":"DP_0","label":"DP Zone","confidence":"high","EP_NO":"EP-KE53","SUBURBS":"WESTERN","ZONE_CODE2":"R"},"geometry":{"type":"Polygon","coordinates":[[[72.85705599322363,19.111830098220913],[72.85691268948896,19.112164598363925],[72.85707170231974,19.112226021946633],[72.85705599322363,19.111830098220913]]]}},{"type":"Feature","properties":{"layer":"DP_0","label":"DP Zone","confidence":"high","EP_NO":"EP-PN89","SUBURBS":"WESTERN","ZONE_CODE2":"NDZ/SDZ (Slum)"},"geometry":{"type":"Polygon","coordinates":[[[72.88980542813668,19.181892812351073],[72.88978253542875,19.172938497621764],[72.89005571251752,19.168908102344982],[72.88284557064506,19.1676144571543],[72.88265601525163,19.175402142103113],[72.88136940925081,19.175349233299116],[72.88105034942932,19.17732706344838],[72.87995621534218,19.177352404745637],[72.87992787601398,19.178388363657486],[72.87722902212407,19.178311674500236],[72.8769763798399,19.180181665438862],[72.87604446113427,19.18014105822223],[72.87590959741254,19.18134644095119],[72.87386779735853,19.181282426877544],[72.87379553378796,19.18146932831409],[72.88980542813668,19.181892812351073]]]}},{"type":"Feature","properties":{"layer":"DP_0","label":"DP Zone","confidence":"high","EP_NO":"EP-PN93","SUBURBS":"WESTERN","ZONE_CODE2":"SDZ"},"geometry":{"type":"Polygon","coordinates":[[[72.87528133843675,19.19040581430379],[72.87460793190432,19.1888806379166],[72.87414217144446,19.188520598039737],[72.87298281242764,19.18868159950292],[72.87285198950534,19.19009472748081],[72.87443975737517,19.190123235487025],[72.87528133843675,19.19040581430379]]]}},{"type":"Feature","properties":{"layer":"DP_0","label":"DP Zone","confidence":"high","EP_NO":"EP-PN79","SUBURBS":"WESTERN","ZONE_CODE2":"NDZ"},"geometry":{"type":"Polygon","coordinates":[[[72.82756897402506,19.19079077441781],[72.82543809624937,19.18876076704109],[72.82599365255913,19.19282503765712],[72.82722859320069,19.192778653692756],[72.82760710110092,19.192542245277675],[72.82782090392953,19.191849668597285],[72.82823511426541,19.191448069699618],[72.82756897402506,19.19079077441781]]]}},{"type":"Feature","properties":{"layer":"DP_0","label":"DP Zone","confidence":"high","EP_NO":"EP-PN80","SUBURBS":"WESTERN","ZONE_CODE2":"NDZ"},"geometry":{"type":"Polygon","coordinates":[[[72.82825214696564,19.1949925244092],[72.828207455799,19.195390866281155],[72.8288946861597,19.19529273662322],[72.82958154007946,19.195734418142337],[72.82950102722039,19.19591909314977],[72.83017667602064,19.195818214865543],[72.829303739004,19.194975968242655],[72.82825214696564,19.1949925244092]]]}},{"type":"Feature","properties":{"layer":"DP_0","label":"DP Zone","confidence":"high","SUBURBS":"WESTERN","ZONE_CODE2":"NA"},"geometry":{"type":"Polygon","coordinates":[[[72.78414997868398,19.157534014160504],[72.78421358812231,19.156358490266605],[72.78363813677515,19.15748296896935],[72.78265139030988,19.15794403977284],[72.78171600477279,19.15789744464139],[72.78169032291376,19.15815127454611],[72.78259068723345,19.15915046916871],[72.78226265732073,19.15821320635202],[72.78414997868398,19.157534014160504]]]}},{"type":"Feature","properties":{"layer":"DP_0","label":"DP Zone","confidence":"high","SUBURBS":"WESTERN","ZONE_CODE2":"NA"},"geometry":{"type":"Polygon","coordinates":[[[72.78385639024997,19.15944057193086],[72.78359422365304,19.159521988717284],[72.78379448247719,19.15979569851508],[72.7837465958695,19.16067177933994],[72.78329682419061,19.161898058158926],[72.78126198566682,19.164068960259947],[72.78154185802302,19.1641468365156],[72.78249206575357,19.163631292795692],[72.78398181666566,19.162469104978122],[72.78453263050945,19.160624406184088],[72.78429707535325,19.159806251302243],[72.78385639024997,19.15944057193086]]]}},{"type":"Feature","properties":{"layer":"DP_0","label":"DP Zone","confidence":"high","SUBURBS":"WESTERN","ZONE_CODE2":"R"},"geometry":{"type":"Polygon","coordinates":[[[72.79097528528257,19.144602549638265],[72.79078947140758,19.144150062165572],[72.7911695207408,19.14300179243701],[72.79099619385588,19.14279165112384],[72.79042985973759,19.142799203359914],[72.79007413490905,19.141921932979564],[72.79118509401441,19.141718037590408],[72.79120357469972,19.140853050506298],[72.79174348362518,19.13992910959024],[72.79030849777394,19.13936972444129],[72.78928438708999,19.137602609406326],[72.78927042148584,19.135861239685216],[72.78884682596478,19.135329387986996],[72.7885216538361,19.136059953837478],[72.78855224837208,19.139278487799242],[72.78813055217218,19.140263869157074],[72.78804860674019,19.142967790517712],[72.78899161677873,19.14453646777797],[72.78930763631564,19.1446707679871],[72.78916449715722,19.144085175258308],[72.78989918566725,19.143984877281643],[72.79004698996876,19.144941716145855],[72.79114584746371,19.14485914310708],[72.79097528528257,19.144602549638265]]]}},{"type":"Feature","properties":{"layer":"DP_0","label":"DP Zone","confidence":"high","SUBURBS":"WESTERN","ZONE_CODE2":"R"},"geometry":{"type":"Polygon","coordinates":[[[72.79643819822425,19.146304233903724],[72.79542745211924,19.146409814688553],[72.79525894580901,19.146767229600496],[72.7948203565833,19.146824467219083],[72.7946255461779,19.14651876794216],[72.79473546140869,19.146220158683885],[72.79445291337956,19.146019421097847],[72.79342816314085,19.14732016687595],[72.79395367764228,19.14853874510244],[72.79447917380764,19.148686519537105],[72.79469158144148,19.14927981868021],[72.79640658037826,19.14996218201824],[72.79630437253266,19.150743940535175],[72.79682568050907,19.151250297582642],[72.79747374914244,19.151018134869332],[72.79757466446326,19.150098115239217],[72.79716186154826,19.1498652688298],[72.79722921301824,19.149168991845517],[72.79773240025958,19.14903584854857],[72.7972323549986,19.14817264421265],[72.79650059481177,19.147646800640544],[72.79643819822425,19.146304233903724]]]}},{"type":"Feature","properties":{"layer":"DP_0","label":"DP Zone","confidence":"high","SUBURBS":"WESTERN","ZONE_CODE2":"R"},"geometry":{"type":"Polygon","coordinates":[[[72.78835369327386,19.153533968609054],[72.78793259398343,19.15322661813641],[72.78656659229459,19.154022234342957],[72.7866140747089,19.154181016481797],[72.7882183837221,19.154980257754584],[72.78903156360893,19.15393052485461],[72.78835369327386,19.153533968609054]]]}},{"type":"Feature","properties":{"layer":"DP_0","label":"DP Zone","confidence":"high","SUBURBS":"WESTERN","ZONE_CODE2":"R"},"geometry":{"type":"Polygon","coordinates":[[[72.78385639024997,19.15944057193086],[72.7839302030365,19.159015186724222],[72.78447050800159,19.158857405813613],[72.78605346971712,19.158854219913312],[72.78612717890586,19.1582378100488],[72.78414997868398,19.157534014160504],[72.78226265732073,19.15821320635202],[72.7825384167925,19.15905569886929],[72.7833067198456,19.15949090846524],[72.78385639024997,19.15944057193086]]]}},{"type":"Feature","properties":{"layer":"DP_0","label":"DP Zone","confidence":"high","SUBURBS":"WESTERN","ZONE_CODE2":"R"},"geometry":{"type":"Polygon","coordinates":[[[72.78669341900131,19.163727913064154],[72.78646655187659,19.163708529605163],[72.78635334632156,19.163132530579595],[72.7853259115883,19.16302004967268],[72.78518548524501,19.162529661582248],[72.78453910838594,19.16242815735508],[72.78464384818942,19.161477681077407],[72.78382197966529,19.16296749031966],[72.78449443618476,19.16336566549181],[72.78451272817902,19.164516195043507],[72.7870659401073,19.164632180894237],[72.78666507317001,19.164090295239536],[72.78669341900131,19.163727913064154]]]}},{"type":"Feature","properties":{"layer":"DP_0","label":"DP Zone","confidence":"high","SUBURBS":"CITY","ZONE_CODE2":"R"},"geometry":{"type":"Polygon","coordinates":[[[72.84049026101793,18.958988670088367],[72.8408555736039,18.958914176165795],[72.84103733135561,18.957691964403182],[72.83998411517923,18.957943667193963],[72.84049026101793,18.958988670088367]]]}},{"type":"Feature","properties":{"layer":"DP_0","label":"DP Zone","confidence":"high","SUBURBS":"CITY","ZONE_CODE2":"C"},"geometry":{"type":"Polygon","coordinates":[[[72.8174147419894,18.95293677591579],[72.81636344891453,18.95361416280895],[72.81556578947368,18.954511385689827],[72.81509017716677,18.955490401366774],[72.81497178246475,18.956454370946023],[72.81593317390161,18.956609173097494],[72.81850140464661,18.955241024284707],[72.8174147419894,18.95293677591579]]]}},{"type":"Feature","properties":{"layer":"DP_0","label":"DP Zone","confidence":"high","SUBURBS":"CITY","ZONE_CODE2":"C"},"geometry":{"type":"Polygon","coordinates":[[[72.8138888935264,18.973928232445243],[72.81464916615491,18.97301202974244],[72.81483854603506,18.97239492863247],[72.8136574355936,18.972099689814623],[72.81315138495196,18.972831208982445],[72.81326595252366,18.973768331274048],[72.81347442410342,18.974104229567942],[72.8138888935264,18.973928232445243]]]}},{"type":"Feature","properties":{"layer":"DP_0","label":"DP Zone","confidence":"high","SUBURBS":"WESTERN","ZONE_CODE2":"C"},"geometry":{"type":"Polygon","coordinates":[[[72.84936142804469,19.13514265822258],[72.84919096145575,19.135114803538666],[72.84919309721452,19.13547275482476],[72.84972838136117,19.138726324665367],[72.85019028900989,19.13550189641958],[72.84936142804469,19.13514265822258]]]}},{"type":"Feature","properties":{"layer":"DP_0","label":"DP Zone","confidence":"high","SUBURBS":"WESTERN","ZONE_CODE2":"C"},"geometry":{"type":"Polygon","coordinates":[[[72.84835523015776,19.117353414585466],[72.84748131301176,19.117519025674625],[72.84762118128911,19.118673021182456],[72.84806013728574,19.118648506663295],[72.84848598560174,19.118297317090757],[72.84835523015776,19.117353414585466]]]}},{"type":"Feature","properties":{"layer":"DP_0","label":"DP Zone","confidence":"high","EP_NO":"EP-KE16","SUBURBS":"WESTERN","ZONE_CODE2":"I"},"geometry":{"type":"Polygon","coordinates":[[[72.86971154600714,19.112432202899775],[72.86961133424877,19.111468216010497],[72.86814919406767,19.111888636837378],[72.86844055452622,19.112594207127717],[72.86832173977152,19.113122056055495],[72.86749848506543,19.113769370804217],[72.86818953828659,19.114682390326674],[72.86962570425153,19.114160555710743],[72.86958263031299,19.11384518280969],[72.8699974055824,19.11347231436793],[72.86971154600714,19.112432202899775]]]}},{"type":"Feature","properties":{"layer":"DP_0","label":"DP Zone","confidence":"high","EP_NO":"EP-KE58","SUBURBS":"WESTERN","ZONE_CODE2":"C"},"geometry":{"type":"Polygon","coordinates":[[[72.87190441521479,19.112608897547176],[72.87223727724961,19.1124668030833],[72.87186229536687,19.111858879693603],[72.8710333512419,19.111955814693943],[72.87113515864763,19.11252986242835],[72.87141018365891,19.112747173898995],[72.87190441521479,19.112608897547176]]]}},{"type":"Feature","properties":{"layer":"DP_0","label":"DP Zone","confidence":"high","SUBURBS":"WESTERN","ZONE_CODE2":"C"},"geometry":{"type":"Polygon","coordinates":[[[72.8572285449127,19.23385006978186],[72.85684145787958,19.230608914688798],[72.85601008278125,19.228508052960258],[72.85621948123436,19.227610480470013],[72.85592389230487,19.226269872936506],[72.85470827141556,19.226434054596584],[72.85496139052505,19.227585190189057],[72.85460523822444,19.228225972936464],[72.85456026297311,19.23343171387778],[72.85653561127685,19.233905804540054],[72.8572285449127,19.23385006978186]]]}},{"type":"Feature","properties":{"layer":"DP_0","label":"DP Zone","confidence":"high","SUBURBS":"WESTERN","ZONE_CODE2":"I"},"geometry":{"type":"Polygon","coordinates":[[[72.86083386962812,19.19238947054651],[72.85984061191571,19.1933714338151],[72.86070727984071,19.196388965127277],[72.86199732181515,19.196112518647055],[72.86190579800949,19.19574640150775],[72.86211987822062,19.195691496311944],[72.86083386962812,19.19238947054651]]]}},{"type":"Feature","properties":{"layer":"DP_0","label":"DP Zone","confidence":"high","SUBURBS":"WESTERN","ZONE_CODE2":"I"},"geometry":{"type":"Polygon","coordinates":[[[72.85678958305695,19.194373817771883],[72.8551006964949,19.193696933088308],[72.85367927106957,19.193893279436246],[72.85359827654068,19.195736086768978],[72.85386969755214,19.19531028225169],[72.85663573875435,19.194817296395296],[72.85678958305695,19.194373817771883]]]}},{"type":"Feature","properties":{"layer":"DP_0","label":"DP Zone","confidence":"high","SUBURBS":"WESTERN","ZONE_CODE2":"C"},"geometry":{"type":"Polygon","coordinates":[[[72.86224395244338,19.20252263648231],[72.86154441090666,19.201502056088714],[72.86116693779785,19.201430711436934],[72.8604886632054,19.20170593743138],[72.85784246126303,19.201773211646643],[72.85812060019867,19.203324478314958],[72.85805258499212,19.203941496029167],[72.85782986943245,19.204006524456332],[72.86046739389026,19.20340227416513],[72.86224395244338,19.20252263648231]]]}},{"type":"Feature","properties":{"layer":"DP_0","label":"DP Zone","confidence":"high","EP_NO":"EP-PN83","SUBURBS":"WESTERN","ZONE_CODE2":"NA"},"geometry":{"type":"Polygon","coordinates":[[[72.7915786458591,19.152506718083984],[72.79117574116297,19.15334094239543],[72.79056409854167,19.1533461384938],[72.79087759759415,19.15457643013891],[72.7915786458591,19.152506718083984]]]}},{"type":"Feature","properties":{"layer":"DP_0","label":"DP Zone","confidence":"high","EP_NO":"EP-PN83","SUBURBS":"WESTERN","ZONE_CODE2":"NA"},"geometry":{"type":"Polygon","coordinates":[[[72.79061513372933,19.15598735482174],[72.78987927868378,19.156229614151716],[72.78856103717585,19.158192762687783],[72.78825027026997,19.15833042987544],[72.78827412327016,19.15877250625966],[72.7897343755475,19.157442736603326],[72.79061513372933,19.15598735482174]]]}},{"type":"Feature","properties":{"layer":"DP_0","label":"DP Zone","confidence":"high","EP_NO":"EP-PN83","SUBURBS":"WESTERN","ZONE_CODE2":"NA"},"geometry":{"type":"Polygon","coordinates":[[[72.79253763251567,19.163542862415532],[72.79478941735283,19.16466785656944],[72.79440617701715,19.16733040119151],[72.79544095736217,19.16749228885188],[72.79542619106111,19.165083005131585],[72.79483295281905,19.164496053376215],[72.79253763251567,19.163542862415532]]]}},{"type":"Feature","properties":{"layer":"DP_0","label":"DP Zone","confidence":"high","EP_NO":"EP-KW41","SUBURBS":"WESTERN","ZONE_CODE2":"NA"},"geometry":{"type":"Polygon","coordinates":[[[72.79609736795834,19.141231295714043],[72.79594818143732,19.14179865294517],[72.79806650323533,19.142572359553956],[72.79794338125647,19.142272548027798],[72.79621019179169,19.141560861644084],[72.79609736795834,19.141231295714043]]]}},{"type":"Feature","properties":{"layer":"DP_0","label":"DP Zone","confidence":"high","EP_NO":"EP-PN41","SUBURBS":"WESTERN","ZONE_CODE2":"NA"},"geometry":{"type":"Polygon","coordinates":[[[72.79663860397076,19.13392599521031],[72.79660469829875,19.134624401457483],[72.79561543085018,19.1368722710562],[72.79546577500287,19.13874374061442],[72.7940243498948,19.14046185017033],[72.79394400346571,19.14103124727811],[72.79470975076637,19.139725292521504],[72.79570310053602,19.1387167628328],[72.79582150931671,19.137019572969674],[72.7966058310348,19.135815800639552],[72.79663860397076,19.13392599521031]]]}},{"type":"Feature","properties":{"layer":"DP_0","label":"DP Zone","confidence":"high","EP_NO":"EP-PN83","SUBURBS":"WESTERN","ZONE_CODE2":"NA"},"geometry":{"type":"Polygon","coordinates":[[[72.81204891286853,19.17778831565187],[72.81269026935448,19.177216363011134],[72.8116366096117,19.17466612976151],[72.81042354152216,19.17276247980289],[72.80688090358964,19.168265023596117],[72.81058808122255,19.17351736336386],[72.81150310543484,19.17615699129805],[72.81086840181517,19.176940723735626],[72.81176304134098,19.177422450576906],[72.81135157774987,19.177678094256763],[72.81144261812352,19.17786264073714],[72.81204891286853,19.17778831565187]]]}},{"type":"Feature","properties":{"layer":"DP_0","label":"DP Zone","confidence":"high","EP_NO":"EP-PN85","SUBURBS":"WESTERN","ZONE_CODE2":"NA"},"geometry":{"type":"Polygon","coordinates":[[[72.804243095203,19.156282809053646],[72.8029556040191,19.16007702527114],[72.80305938998983,19.159803909725852],[72.80348464653557,19.159670398806263],[72.8037489405255,19.158583058067844],[72.80418421171323,19.158374012247386],[72.804243095203,19.156282809053646]]]}},{"type":"Feature","properties":{"layer":"DP_0","label":"DP Zone","confidence":"high","EP_NO":"EP-PN83","SUBURBS":"WESTERN","ZONE_CODE2":"NA"},"geometry":{"type":"Polygon","coordinates":[[[72.7993931661543,19.15072190172611],[72.79837214389858,19.152077097806966],[72.79678913400873,19.15178905621033],[72.79618618733232,19.15211654766093],[72.79822606565075,19.152289097314295],[72.79889430230479,19.151879685574762],[72.7993931661543,19.15072190172611]]]}},{"type":"Feature","properties":{"layer":"DP_0","label":"DP Zone","confidence":"high","SUBURBS":"WESTERN","ZONE_CODE2":"NA"},"geometry":{"type":"Polygon","coordinates":[[[72.79910426887233,19.175950513737714],[72.80039052423723,19.174033154289543],[72.80018528915615,19.172796838817423],[72.80053699713928,19.171710833621077],[72.80114416476941,19.171772270722606],[72.80158208100863,19.172418423307743],[72.80216039966417,19.172506592020486],[72.80184615661217,19.1732791351119],[72.80254142632087,19.173397334479002],[72.80430306197118,19.17092860715674],[72.8045137730588,19.169170485284],[72.8020167405166,19.16996708940865],[72.80070284007,19.170010787217986],[72.79978638588813,19.168641898580358],[72.79995334388688,19.168309251046967],[72.80045582780424,19.16821045022347],[72.80039947116613,19.16786410828101],[72.79954852810984,19.16770529567879],[72.7999579336886,19.16745337462382],[72.79988359356594,19.166931203027254],[72.79921960643344,19.165932166038896],[72.79983099400977,19.165411514064797],[72.79951323134013,19.165240644543463],[72.79649329617905,19.168140491527083],[72.79562012638013,19.167772169501298],[72.79644276782197,19.168628090262207],[72.79642405462523,19.16903364829896],[72.79600156782344,19.16942442950198],[72.79694809003979,19.170390660633757],[72.79729587600983,19.17038225149992],[72.79760239402631,19.17320837698516],[72.7973997205262,19.173301228968796],[72.79824088982515,19.17468507059679],[72.79827636894989,19.175840876160024],[72.79910426887233,19.175950513737714]]]}},{"type":"Feature","properties":{"layer":"DP_0","label":"DP Zone","confidence":"high","SUBURBS":"WESTERN","ZONE_CODE2":"C"},"geometry":{"type":"Polygon","coordinates":[[[72.83961410623499,19.054216377182286],[72.83797768153192,19.054220305945726],[72.83759472409159,19.055450167412676],[72.83879998253529,19.057162497741142],[72.83934871787285,19.05743047979535],[72.8396190133408,19.056791889060978],[72.83945810580582,19.05558360742437],[72.83961410623499,19.054216377182286]]]}},{"type":"Feature","properties":{"layer":"DP_0","label":"DP Zone","confidence":"high","SUBURBS":"WESTERN","ZONE_CODE2":"C"},"geometry":{"type":"Polygon","coordinates":[[[72.84023092740988,19.072603664868733],[72.83977820002953,19.069299180749574],[72.83933890627077,19.06900802143539],[72.83782973184819,19.069017649311082],[72.8376791594223,19.06941445948178],[72.83785197302052,19.072150665218484],[72.83810263880866,19.072136152717952],[72.83802400432745,19.07192158225744],[72.83926109222611,19.07196108403106],[72.83930101883372,19.072416495178416],[72.84023092740988,19.072603664868733]]]}},{"type":"Feature","properties":{"layer":"DP_0","label":"DP Zone","confidence":"high","SUBURBS":"WESTERN","ZONE_CODE2":"C"},"geometry":{"type":"Polygon","coordinates":[[[72.83998869056826,19.08217551972184],[72.84134276615876,19.082468187313967],[72.84119000371139,19.0804409359616],[72.83855580951473,19.080682177922313],[72.83858462050902,19.081024195917703],[72.83789010055413,19.081269001385987],[72.83798332959712,19.082545265982354],[72.83998869056826,19.08217551972184]]]}},{"type":"Feature","properties":{"layer":"DP_0","label":"DP Zone","confidence":"high","SUBURBS":"WESTERN","ZONE_CODE2":"C"},"geometry":{"type":"Polygon","coordinates":[[[72.83804458798829,19.0886308964379],[72.83700401794746,19.088658023640193],[72.8370167345833,19.088844593140184],[72.8379106453557,19.088935596507238],[72.83804458798829,19.0886308964379]]]}},{"type":"Feature","properties":{"layer":"DP_0","label":"DP Zone","confidence":"high","SUBURBS":"WESTERN","ZONE_CODE2":"C"},"geometry":{"type":"Polygon","coordinates":[[[72.83822843528252,19.090911901629745],[72.83817844587789,19.09007355345171],[72.83755723358185,19.090102136446514],[72.83761088910029,19.090935389875348],[72.83822843528252,19.090911901629745]]]}},{"type":"Feature","properties":{"layer":"DP_0","label":"DP Zone","confidence":"high","SUBURBS":"WESTERN","ZONE_CODE2":"C"},"geometry":{"type":"Polygon","coordinates":[[[72.84013087816335,19.092033666601672],[72.83986965803322,19.09197327174112],[72.83914556063421,19.092499821621438],[72.8396396928761,19.093501496683164],[72.84089076300913,19.09347900171951],[72.84013087816335,19.092033666601672]]]}},{"type":"Feature","properties":{"layer":"DP_0","label":"DP Zone","confidence":"high","SUBURBS":"WESTERN","ZONE_CODE2":"C"},"geometry":{"type":"Polygon","coordinates":[[[72.83855131951066,19.10622227764808],[72.83802780836717,19.10628591937088],[72.83822518405259,19.10817112961711],[72.8396954473271,19.108039451770786],[72.83967134371446,19.10735382437588],[72.8391909283163,19.106843486449204],[72.83865101752514,19.106761573907022],[72.83855131951066,19.10622227764808]]]}},{"type":"Feature","properties":{"layer":"DP_0","label":"DP Zone","confidence":"high","SUBURBS":"WESTERN","ZONE_CODE2":"C"},"geometry":{"type":"Polygon","coordinates":[[[72.84278619372161,19.114931512129722],[72.8422812440604,19.114970227896222],[72.84229555075396,19.115669661342068],[72.84300472339977,19.115203004601813],[72.84278619372161,19.114931512129722]]]}},{"type":"Feature","properties":{"layer":"DP_0","label":"DP Zone","confidence":"high","SUBURBS":"WESTERN","ZONE_CODE2":"C"},"geometry":{"type":"Polygon","coordinates":[[[72.84613261673493,19.118454154700665],[72.84587313596994,19.116199784088852],[72.84438878155876,19.116540305649462],[72.84632375266379,19.121797427953048],[72.84652119335348,19.121692099295483],[72.84613261673493,19.118454154700665]]]}},{"type":"Feature","properties":{"layer":"DP_0","label":"DP Zone","confidence":"high","SUBURBS":"WESTERN","ZONE_CODE2":"C"},"geometry":{"type":"Polygon","coordinates":[[[72.84610221320578,19.139518368184923],[72.84903215322409,19.139113885225626],[72.84851817835813,19.134801192386746],[72.84787938468122,19.134606958410703],[72.84761365825679,19.13607084304804],[72.84429813203349,19.13942660341644],[72.84482800610341,19.139673327963543],[72.84610221320578,19.139518368184923]]]}},{"type":"Feature","properties":{"layer":"DP_0","label":"DP Zone","confidence":"high","SUBURBS":"WESTERN","ZONE_CODE2":"C"},"geometry":{"type":"Polygon","coordinates":[[[72.83688739673596,19.140616557946196],[72.83670271422696,19.1403629079713],[72.83707909307253,19.14025744356138],[72.83713720440907,19.1399617905186],[72.83601086351861,19.140008860888724],[72.8366368368388,19.140766220948738],[72.83688739673596,19.140616557946196]]]}},{"type":"Feature","properties":{"layer":"DP_0","label":"DP Zone","confidence":"high","SUBURBS":"WESTERN","ZONE_CODE2":"C"},"geometry":{"type":"Polygon","coordinates":[[[72.84577604318112,19.15238034406738],[72.84562125902188,19.152019107806808],[72.84458847478491,19.152313507212956],[72.8456858958705,19.155311415411077],[72.847522981864,19.154763985871163],[72.84643611728511,19.153699564550898],[72.84577604318112,19.15238034406738]]]}},{"type":"Feature","properties":{"layer":"DP_0","label":"DP Zone","confidence":"high","SUBURBS":"WESTERN","ZONE_CODE2":"C"},"geometry":{"type":"Polygon","coordinates":[[[72.83152673581702,19.163432631433754],[72.83161984693672,19.159270012849827],[72.8346542201249,19.159280155789325],[72.83490044639356,19.159501207104736],[72.83513727880593,19.158980381863657],[72.83518214071914,19.156318632598317],[72.83592934804336,19.1517470999754],[72.8352328551142,19.151745808111258],[72.83378532816076,19.152800246174877],[72.83196078878656,19.15338585680351],[72.83036151690511,19.155568426508985],[72.83024950281174,19.156748971044635],[72.83072899535266,19.157352897838695],[72.83106690482828,19.158679097735288],[72.83084969798017,19.159244815455626],[72.83078791682796,19.161778461463623],[72.83046108684613,19.163297614112057],[72.83018520059406,19.16350123366139],[72.8304069562031,19.16406697298216],[72.82999905840236,19.165966036594515],[72.83107483414403,19.16589485227974],[72.83127551508301,19.167844262114286],[72.82952491766038,19.16801622741207],[72.8294937313517,19.16818439254089],[72.83130218462522,19.168254014756968],[72.83119557869324,19.163434059585907],[72.83152673581702,19.163432631433754]]]}},{"type":"Feature","properties":{"layer":"DP_0","label":"DP Zone","confidence":"high","SUBURBS":"WESTERN","ZONE_CODE2":"C"},"geometry":{"type":"Polygon","coordinates":[[[72.85274875961719,19.16302266969941],[72.8500880309977,19.162647082206625],[72.84978980162002,19.16769838900784],[72.8507285299857,19.167709856579865],[72.8506541318883,19.16750920096111],[72.85117334584734,19.167219131185426],[72.85188028755228,19.167091226062265],[72.85196145558277,19.166676892153337],[72.85257534393914,19.166233507724353],[72.8528541062413,19.164753460300616],[72.85267255065769,19.16435471548069],[72.85274875961719,19.16302266969941]]]}},{"type":"Feature","properties":{"layer":"DP_0","label":"DP Zone","confidence":"high","SUBURBS":"WESTERN","ZONE_CODE2":"C"},"geometry":{"type":"Polygon","coordinates":[[[72.84796183609382,19.169171585173917],[72.8480244494788,19.167767892042402],[72.8483681294025,19.168225957236412],[72.84896896891824,19.168035046840508],[72.84908070116329,19.16429505357123],[72.84826015022831,19.163232924961545],[72.84707393388629,19.162564390400878],[72.84604896180065,19.162475239824403],[72.84555234504431,19.168799850729854],[72.8465915815701,19.168842758757265],[72.84664780817839,19.169228344594885],[72.84734281988298,19.169447149271004],[72.84796183609382,19.169171585173917]]]}},{"type":"Feature","properties":{"layer":"DP_0","label":"DP Zone","confidence":"high","SUBURBS":"WESTERN","ZONE_CODE2":"I"},"geometry":{"type":"Polygon","coordinates":[[[72.85094095009852,19.16979282672352],[72.85101571953314,19.169211777904785],[72.85167236442277,19.16937120208169],[72.85202424400136,19.168745308511237],[72.85199736621149,19.168318166572053],[72.85142914170721,19.16810269001484],[72.85028996962146,19.16814093998896],[72.85004512286429,19.169139559373843],[72.85039841369546,19.16982348661603],[72.85090544500252,19.169978979081666],[72.85094095009852,19.16979282672352]]]}},{"type":"Feature","properties":{"layer":"DP_0","label":"DP Zone","confidence":"high","SUBURBS":"WESTERN","ZONE_CODE2":"C"},"geometry":{"type":"Polygon","coordinates":[[[72.85371539992514,19.188522012518952],[72.85406107797624,19.187422665660883],[72.85390923207659,19.185941499183688],[72.85315883549413,19.185610484428615],[72.85285352461717,19.183576009814907],[72.84936006978367,19.183736644653873],[72.84869191237335,19.184060232502404],[72.84921271135654,19.187716362917296],[72.85061515385195,19.187802340733995],[72.85371539992514,19.188522012518952]]]}},{"type":"Feature","properties":{"layer":"DP_0","label":"DP Zone","confidence":"high","SUBURBS":"WESTERN","ZONE_CODE2":"C"},"geometry":{"type":"Polygon","coordinates":[[[72.83077005223903,19.17857210755915],[72.8350905501737,19.178778899570077],[72.83375225547869,19.176785779033803],[72.83492878297531,19.176054933787608],[72.83503637386835,19.176301260225245],[72.83561568623473,19.176084012893067],[72.83559408009899,19.175709971210864],[72.83587727862702,19.175813920052867],[72.83607577261223,19.17492939591919],[72.83700680051645,19.174811847149613],[72.83539491184202,19.170583870391287],[72.82977357655842,19.170582053828777],[72.83068238447349,19.172468169128596],[72.83047105852827,19.17251898724907],[72.83063891884217,19.172887387450928],[72.83030263790249,19.17330468096733],[72.82946575572467,19.17387357669418],[72.83007624842735,19.175527728140477],[72.83119156452094,19.176720089086484],[72.83106131611208,19.177090967917657],[72.83131155812181,19.177817162908607],[72.83077005223903,19.17857210755915]]]}},{"type":"Feature","properties":{"layer":"DP_0","label":"DP Zone","confidence":"high","EP_NO":"EP-RC100,EP-RN61","SUBURBS":"WESTERN","ZONE_CODE2":"NDZ/SDZ (Slum)"},"geometry":{"type":"Polygon","coordinates":[[[72.84383829037328,19.24483910091513],[72.84424642212298,19.24490407197855],[72.84418177074558,19.247021847935866],[72.84452086390631,19.24807145348559],[72.8455319145119,19.24984425322222],[72.84631391100173,19.25200241828659],[72.84789218438799,19.254430774627956],[72.84965825121948,19.25618018375653],[72.84744156563916,19.253502921608913],[72.84610674141017,19.251056292277926],[72.84538646606129,19.247839267430034],[72.84536812572496,19.244355516589742],[72.8451495335879,19.242946615181253],[72.84442704402919,19.2414750959529],[72.84121404556609,19.24400813035382],[72.84146173726855,19.244401144075447],[72.84383829037328,19.24483910091513]]]}},{"type":"Feature","properties":{"layer":"DP_0","label":"DP Zone","confidence":"high","EP_NO":"EP-RN61","SUBURBS":"WESTERN","ZONE_CODE2":"NA"},"geometry":{"type":"Polygon","coordinates":[[[72.84418115973716,19.246942695203003],[72.84428705225389,19.24491426068507],[72.84383935144125,19.244839270368583],[72.84368306194717,19.246467429929886],[72.84418115973716,19.246942695203003]]]}},{"type":"Feature","properties":{"layer":"DP_0","label":"DP Zone","confidence":"high","EP_NO":"EP-RN61","SUBURBS":"WESTERN","ZONE_CODE2":"NA"},"geometry":{"type":"Polygon","coordinates":[[[72.84267310803499,19.24465361424834],[72.84152502102657,19.244470838716953],[72.84115353163408,19.244061710024905],[72.8401203185258,19.24497652787501],[72.84267310803499,19.24465361424834]]]}},{"type":"Feature","properties":{"layer":"DP_0","label":"DP Zone","confidence":"high","EP_NO":"EP-RC100","SUBURBS":"WESTERN","ZONE_CODE2":"NA"},"geometry":{"type":"Polygon","coordinates":[[[72.83721892182223,19.235419261625204],[72.83551176245275,19.235643584987283],[72.83586433268721,19.236515398964197],[72.83721892182223,19.235419261625204]]]}},{"type":"Feature","properties":{"layer":"DP_0","label":"DP Zone","confidence":"high","EP_NO":"EP-RC100","SUBURBS":"WESTERN","ZONE_CODE2":"NA"},"geometry":{"type":"Polygon","coordinates":[[[72.8352946135887,19.243788952916386],[72.83524861526969,19.243998573669874],[72.83845831612912,19.24395998251842],[72.83950381573705,19.243539560431874],[72.84006628125823,19.24492162153839],[72.84115353163408,19.244061710024905],[72.84022325604975,19.243037163848967],[72.83853705703116,19.243723314464685],[72.8352946135887,19.243788952916386]]]}},{"type":"Feature","properties":{"layer":"DP_0","label":"DP Zone","confidence":"high","EP_NO":"EP-RC100","SUBURBS":"WESTERN","ZONE_CODE2":"NDZ"},"geometry":{"type":"Polygon","coordinates":[[[72.84120294023252,19.237999802210048],[72.83955560308704,19.23861936586966],[72.84011774044741,19.239816868623524],[72.8412069740227,19.240256635448688],[72.8423521918952,19.23947343757747],[72.84120294023252,19.237999802210048]]]}},{"type":"Feature","properties":{"layer":"DP_0","label":"DP Zone","confidence":"high","EP_NO":"EP-RC100","SUBURBS":"WESTERN","ZONE_CODE2":"NDZ"},"geometry":{"type":"Polygon","coordinates":[[[72.83929545251547,19.237883987714653],[72.83925139889993,19.237497036816805],[72.83756217701279,19.238039706172962],[72.83757320798617,19.2387982003329],[72.83931401321652,19.238406391054216],[72.83929545251547,19.237883987714653]]]}},{"type":"Feature","properties":{"layer":"DP_0","label":"DP Zone","confidence":"high","EP_NO":"EP-RC100","SUBURBS":"WESTERN","ZONE_CODE2":"NDZ"},"geometry":{"type":"Polygon","coordinates":[[[72.83914131434197,19.23516048143051],[72.83791988045289,19.23526791667068],[72.83808039479985,19.23624463668866],[72.8389296121524,19.23648086699254],[72.83991043595377,19.236161294123114],[72.84003936920212,19.235525871515634],[72.83935786257032,19.23553221176061],[72.83914131434197,19.23516048143051]]]}},{"type":"Feature","properties":{"layer":"DP_0","label":"DP Zone","confidence":"high","EP_NO":"EP-RC107","SUBURBS":"WESTERN","ZONE_CODE2":"NDZ"},"geometry":{"type":"Polygon","coordinates":[[[72.81486838572307,19.219362906100738],[72.81511091547921,19.217642131475113],[72.8147830087948,19.217505334613136],[72.8145671228577,19.217042915748863],[72.81347611136464,19.216747075416475],[72.81376576910051,19.217356456700927],[72.81325127938936,19.217844517773933],[72.81308858094857,19.21953811486187],[72.81434256658834,19.221531350746822],[72.81493642288487,19.220364204413347],[72.81486838572307,19.219362906100738]]]}},{"type":"Feature","properties":{"layer":"DP_0","label":"DP Zone","confidence":"high","SUBURBS":"WESTERN","ZONE_CODE2":"NDZ"},"geometry":{"type":"Polygon","coordinates":[[[72.81349331396633,19.216953170039208],[72.81352662837854,19.217074650935814],[72.81362756963125,19.217193602535357],[72.81349331396633,19.216953170039208]]]}},{"type":"Feature","properties":{"layer":"DP_0","label":"DP Zone","confidence":"high","EP_NO":"EP-PN83","SUBURBS":"WESTERN","ZONE_CODE2":"NA"},"geometry":{"type":"Polygon","coordinates":[[[72.8020536652622,19.172753856230496],[72.80216894015652,19.1725789090916],[72.80158208100863,19.172418423307743],[72.80114416476941,19.171772270722606],[72.80053699713928,19.171710833621077],[72.80017625395794,19.17293926849559],[72.80037367883625,19.173908399406486],[72.8020536652622,19.172753856230496]]]}},{"type":"Feature","properties":{"layer":"DP_0","label":"DP Zone","confidence":"high","EP_NO":"EP-PN83","SUBURBS":"WESTERN","ZONE_CODE2":"NA"},"geometry":{"type":"Polygon","coordinates":[[[72.79562012638013,19.167772169501298],[72.79539488821001,19.169263217657917],[72.79591105195637,19.169471227843054],[72.79634833203092,19.16909039897119],[72.7964659499703,19.168638045651914],[72.79562012638013,19.167772169501298]]]}},{"type":"Feature","properties":{"layer":"DP_0","label":"DP Zone","confidence":"high","EP_NO":"EP-PN83","SUBURBS":"WESTERN","ZONE_CODE2":"NA"},"geometry":{"type":"Polygon","coordinates":[[[72.79696728516063,19.170441724520337],[72.79714332148106,19.17252379376774],[72.79748226470281,19.17293152917582],[72.79734341296322,19.17047288956716],[72.79696728516063,19.170441724520337]]]}},{"type":"Feature","properties":{"layer":"DP_0","label":"DP Zone","confidence":"high","EP_NO":"EP-PN83","SUBURBS":"WESTERN","ZONE_CODE2":"NA"},"geometry":{"type":"Polygon","coordinates":[[[72.80338595297387,19.189128028761772],[72.80245826594538,19.18684703406761],[72.80025794836416,19.185546225470727],[72.80013840547143,19.186067787646323],[72.80050900792655,19.188139457330287],[72.80090158136476,19.188163035681146],[72.80115151377805,19.189384934493145],[72.80128014744068,19.1886848338288],[72.8015721072498,19.18858591912863],[72.80182861378171,19.18899629801202],[72.801895146484,19.189912472804146],[72.80341075941126,19.189995159195536],[72.80338595297387,19.189128028761772]]]}},{"type":"Feature","properties":{"layer":"DP_0","label":"DP Zone","confidence":"high","EP_NO":"EP-PN83","SUBURBS":"WESTERN","ZONE_CODE2":"NA"},"geometry":{"type":"Polygon","coordinates":[[[72.8038317582617,19.18905329743046],[72.80402942187263,19.19009229918241],[72.80399892944,19.189283795717408],[72.8038317582617,19.18905329743046]]]}},{"type":"Feature","properties":{"layer":"DP_0","label":"DP Zone","confidence":"high","EP_NO":"EP-PN83","SUBURBS":"WESTERN","ZONE_CODE2":"NA"},"geometry":{"type":"Polygon","coordinates":[[[72.8099434404782,19.20307785583068],[72.80879151410565,19.20335512253387],[72.80885835371085,19.20395660776055],[72.80913894350715,19.20421493096432],[72.80970044020742,19.20411767574264],[72.80996525493198,19.203796560157038],[72.8099434404782,19.20307785583068]]]}},{"type":"Feature","properties":{"layer":"DP_0","label":"DP Zone","confidence":"high","EP_NO":"EP-PN83","SUBURBS":"WESTERN","ZONE_CODE2":"NA"},"geometry":{"type":"Polygon","coordinates":[[[72.81126135928933,19.203481152238776],[72.81167598509377,19.203641321762962],[72.8117415046254,19.203189554156644],[72.81126135928933,19.203481152238776]]]}},{"type":"Feature","properties":{"layer":"DP_0","label":"DP Zone","confidence":"high","EP_NO":"EP-RS103","SUBURBS":"WESTERN","ZONE_CODE2":"NA"},"geometry":{"type":"Polygon","coordinates":[[[72.8833101034295,19.204588155227736],[72.88310301454803,19.204472580847757],[72.88248904956646,19.205756754450306],[72.88329738371276,19.2057994381787],[72.88367155794208,19.204992119103753],[72.8833101034295,19.204588155227736]]]}},{"type":"Feature","properties":{"layer":"DP_0","label":"DP Zone","confidence":"high","EP_NO":"EP-PN94","SUBURBS":"WESTERN","ZONE_CODE2":"NA"},"geometry":{"type":"Polygon","coordinates":[[[72.87528133843675,19.19040581430379],[72.87497297901483,19.190436556028345],[72.87663533595104,19.192850646094314],[72.87528133843675,19.19040581430379]]]}},{"type":"Feature","properties":{"layer":"DP_0","label":"DP Zone","confidence":"high","EP_NO":"EP-PKE63","SUBURBS":"WESTERN","ZONE_CODE2":"NDZ"},"geometry":{"type":"Polygon","coordinates":[[[72.86783888588313,19.140022134845204],[72.8669605870049,19.13986137317475],[72.86707645686185,19.140690138548063],[72.8679144997367,19.140492734663976],[72.86783888588313,19.140022134845204]]]}},{"type":"Feature","properties":{"layer":"DP_0","label":"DP Zone","confidence":"high","EP_NO":"EP-PS69","SUBURBS":"WESTERN","ZONE_CODE2":"I"},"geometry":{"type":"Polygon","coordinates":[[[72.87481868981527,19.138682639397707],[72.87558653515298,19.138467598792687],[72.87559457655065,19.13789219686098],[72.87475566143962,19.13759276237154],[72.87438024008866,19.138167718283782],[72.87443845304831,19.13869908243065],[72.87481868981527,19.138682639397707]]]}},{"type":"Feature","properties":{"layer":"DP_0","label":"DP Zone","confidence":"high","EP_NO":"EP-PS69","SUBURBS":"WESTERN","ZONE_CODE2":"R"},"geometry":{"type":"Polygon","coordinates":[[[72.88943859842205,19.143111430753287],[72.88951839383671,19.1422379817019],[72.88898106291018,19.139945850061803],[72.88956787636543,19.13900584821544],[72.88904483428973,19.138049086310726],[72.8894763574651,19.137776697976673],[72.88919415811094,19.136723148876815],[72.88869442868467,19.13645508906021],[72.88757121857519,19.136884697868478],[72.88807462689125,19.13773088128243],[72.88634584357163,19.138296870985204],[72.88601062980662,19.137413219306477],[72.88571002209603,19.137528660743317],[72.88524603409492,19.13685437277566],[72.88343655130821,19.137177773591112],[72.88473875303427,19.13912368806724],[72.8854806958996,19.141396747094984],[72.88673591989685,19.143041257287518],[72.88690252000583,19.14359916770173],[72.88813456233511,19.143005438511793],[72.88855064594475,19.14374991485445],[72.88788453612308,19.144348689113517],[72.88922625438428,19.146753775770367],[72.8905480238814,19.146432569486503],[72.89013313404398,19.144301041494217],[72.88943859842205,19.143111430753287]]]}},{"type":"Feature","properties":{"layer":"DP_0","label":"DP Zone","confidence":"high","EP_NO":"EP-KE69, EP-KE05","SUBURBS":"WESTERN","ZONE_CODE2":"NDZ"},"geometry":{"type":"Polygon","coordinates":[[[72.88215837875916,19.129585348976114],[72.88029646864459,19.129656772915876],[72.88047829029995,19.131324816563307],[72.88233124567437,19.131130286111603],[72.88215837875916,19.129585348976114]]]}},{"type":"Feature","properties":{"layer":"DP_0","label":"DP Zone","confidence":"high","EP_NO":"EP-KE05","SUBURBS":"WESTERN","ZONE_CODE2":"R"},"geometry":{"type":"Polygon","coordinates":[[[72.88201887017526,19.128937065518933],[72.88200889897632,19.128666821242728],[72.88143908603527,19.128685811944578],[72.8814552410773,19.129123718107888],[72.8820288805681,19.1292084086157],[72.88201887017526,19.128937065518933]]]}},{"type":"Feature","properties":{"layer":"DP_0","label":"DP Zone","confidence":"high","EP_NO":"EP-PN90","SUBURBS":"WESTERN","ZONE_CODE2":"NDZ"},"geometry":{"type":"Polygon","coordinates":[[[72.87591231261541,19.176209235961995],[72.87416122215055,19.175933839855404],[72.87392064279099,19.179060767279314],[72.87460927121009,19.178825360727394],[72.8749727403791,19.178108677263463],[72.87554544011945,19.177806948736006],[72.87538457191404,19.1771171047992],[72.87591231261541,19.176209235961995]]]}},{"type":"Feature","properties":{"layer":"DP_0","label":"DP Zone","confidence":"high","EP_NO":"EP-PN139","SUBURBS":"WESTERN","ZONE_CODE2":"R"},"geometry":{"type":"Polygon","coordinates":[[[72.87036310407737,19.167816308591085],[72.86929552727592,19.16826034300755],[72.87131464988136,19.167960304188455],[72.87036310407737,19.167816308591085]]]}},{"type":"Feature","properties":{"layer":"DP_0","label":"DP Zone","confidence":"high","EP_NO":"EP-PN139","SUBURBS":"WESTERN","ZONE_CODE2":"NDZ"},"geometry":{"type":"Polygon","coordinates":[[[72.86729838400666,19.16860321051519],[72.86643226640732,19.168253520059956],[72.86585663318793,19.168819814505085],[72.86729838400666,19.16860321051519]]]}},{"type":"Feature","properties":{"layer":"DP_0","label":"DP Zone","confidence":"high","EP_NO":"EP-PS16","SUBURBS":"WESTERN","ZONE_CODE2":"R"},"geometry":{"type":"Polygon","coordinates":[[[72.85977785570954,19.169694835544515],[72.86046365089922,19.169529386695412],[72.86027428649636,19.16744978780392],[72.86047978062581,19.166900870574032],[72.85991913479018,19.166040163574507],[72.85934741036611,19.166115628516],[72.85916513617326,19.16774912810167],[72.85941444794501,19.167871229116326],[72.8595169316444,19.169629188445956],[72.85977785570954,19.169694835544515]]]}},{"type":"Feature","properties":{"layer":"DP_0","label":"DP Zone","confidence":"high","EP_NO":"EP-RC90","SUBURBS":"WESTERN","ZONE_CODE2":"C"},"geometry":{"type":"Polygon","coordinates":[[[72.85470827141556,19.226434054596584],[72.85472049906473,19.227702884078987],[72.85496918606015,19.227620641986913],[72.85470827141556,19.226434054596584]]]}},{"type":"Feature","properties":{"layer":"DP_0","label":"DP Zone","confidence":"high","EP_NO":"EP-PN79","SUBURBS":"WESTERN","ZONE_CODE2":"NA"},"geometry":{"type":"Polygon","coordinates":[[[72.82760710110092,19.192542245277675],[72.82734079142327,19.192747303991524],[72.82744334935086,19.192764360437927],[72.82760710110092,19.192542245277675]]]}},{"type":"Feature","properties":{"layer":"DP_0","label":"DP Zone","confidence":"high","EP_NO":"EP-PN79","SUBURBS":"WESTERN","ZONE_CODE2":"NA"},"geometry":{"type":"Polygon","coordinates":[[[72.82700407542222,19.19025281683295],[72.82752873616289,19.190752811470386],[72.8274798532028,19.190365684630535],[72.82700407542222,19.19025281683295]]]}},{"type":"Feature","properties":{"layer":"DP_0","label":"DP Zone","confidence":"high","EP_NO":"EP-PN80","SUBURBS":"WESTERN","ZONE_CODE2":"NA"},"geometry":{"type":"Polygon","coordinates":[[[72.82985180341741,19.195318258825143],[72.83016783948239,19.19562773659116],[72.83021339248789,19.195550212557094],[72.82985180341741,19.195318258825143]]]}},{"type":"Feature","properties":{"layer":"DP_0","label":"DP Zone","confidence":"high","EP_NO":"EP-PN80","SUBURBS":"WESTERN","ZONE_CODE2":"NA"},"geometry":{"type":"Polygon","coordinates":[[[72.82825214696564,19.1949925244092],[72.82817960007706,19.194562466328804],[72.82818933571691,19.19499822930851],[72.82825214696564,19.1949925244092]]]}},{"type":"Feature","properties":{"layer":"DP_0","label":"DP Zone","confidence":"high","EP_NO":"EP-PN88","SUBURBS":"WESTERN","ZONE_CODE2":"NA"},"geometry":{"type":"Polygon","coordinates":[[[72.7999178952728,19.143073331465356],[72.79999039552659,19.14339012704961],[72.80031286184877,19.14352643705664],[72.7999178952728,19.143073331465356]]]}},{"type":"Feature","properties":{"layer":"DP_0","label":"DP Zone","confidence":"high","EP_NO":"EP-PN88","SUBURBS":"WESTERN","ZONE_CODE2":"NA"},"geometry":{"type":"Polygon","coordinates":[[[72.79967981285625,19.14183400826866],[72.79975265981366,19.142351301282],[72.79978191209628,19.142076311468664],[72.79967981285625,19.14183400826866]]]}},{"type":"Feature","properties":{"layer":"DP_0","label":"DP Zone","confidence":"high","EP_NO":"EP-PN88","SUBURBS":"WESTERN","ZONE_CODE2":"NA"},"geometry":{"type":"Polygon","coordinates":[[[72.79969031266947,19.142408099476476],[72.79918027414192,19.141092395728645],[72.79933093095327,19.140830442923427],[72.79890153320292,19.14091360908153],[72.79923089466898,19.141876398879667],[72.79915617247043,19.142766577977916],[72.79809877625064,19.142314441184187],[72.79806674101819,19.142484657153084],[72.79988822012201,19.143356419834202],[72.79981527185974,19.142969327772867],[72.79954833530958,19.14310677305072],[72.79949165144644,19.142776701598777],[72.79920715680437,19.14274289338245],[72.7993119347572,19.1419829366857],[72.79969031266947,19.142408099476476]]]}},{"type":"Feature","properties":{"layer":"DP_0","label":"DP Zone","confidence":"high","EP_NO":"EP-PN88","SUBURBS":"WESTERN","ZONE_CODE2":"NDZ"},"geometry":{"type":"Polygon","coordinates":[[[72.79940014849558,19.14100503323584],[72.79918027414192,19.141092395728645],[72.79969031266947,19.142408099476476],[72.79940014849558,19.14100503323584]]]}},{"type":"Feature","properties":{"layer":"DP_0","label":"DP Zone","confidence":"high","EP_NO":"EP-PN87","SUBURBS":"WESTERN","ZONE_CODE2":"NA"},"geometry":{"type":"Polygon","coordinates":[[[72.80023683975591,19.14803897209146],[72.7997269684108,19.147627379913477],[72.79905360352467,19.1481156843902],[72.79992560958043,19.149069478691903],[72.80023683975591,19.14803897209146]]]}},{"type":"Feature","properties":{"layer":"DP_0","label":"DP Zone","confidence":"high","EP_NO":"EP-PN87","SUBURBS":"WESTERN","ZONE_CODE2":"NDZ/SDZ (Slum)"},"geometry":{"type":"Polygon","coordinates":[[[72.80264492948676,19.1448214949663],[72.8001338922348,19.14345078614145],[72.79961105622958,19.143831952856285],[72.80014876012388,19.144395610761805],[72.80031025778715,19.143913495128977],[72.80147451034209,19.144481677697083],[72.80011403103282,19.14599723973659],[72.80006895390424,19.14678033853031],[72.80107221342635,19.146740979053355],[72.8013411786798,19.145871258451226],[72.80196766565713,19.145760922897807],[72.80198977044532,19.145154871293112],[72.80257825858223,19.145143952530173],[72.80264492948676,19.1448214949663]]]}},{"type":"Feature","properties":{"layer":"DP_0","label":"DP Zone","confidence":"high","SUBURBS":"WESTERN","ZONE_CODE2":"C"},"geometry":{"type":"Polygon","coordinates":[[[72.84586477865655,19.09861516389793],[72.84408745489853,19.09884772333512],[72.84420843538003,19.10112300460273],[72.84637685431008,19.102578540195303],[72.84586477865655,19.09861516389793]]]}},{"type":"Feature","properties":{"layer":"DP_0","label":"DP Zone","confidence":"high","EP_NO":"EP-PS69","SUBURBS":"WESTERN","ZONE_CODE2":"G-Z"},"geometry":{"type":"Polygon","coordinates":[[[72.89312862439309,19.1528754744841],[72.89192186751634,19.15240220345297],[72.89250061922978,19.152152736715664],[72.89271104684558,19.15071762059305],[72.89245786015974,19.150332314428116],[72.8933151231871,19.149736128342674],[72.89349371058941,19.14912595710463],[72.89389956491156,19.149125848362868],[72.89433016547439,19.148400349933826],[72.89194193752117,19.146762568465817],[72.89040933940285,19.14664126397164],[72.88253117592348,19.15046175756671],[72.88225894556174,19.15080962860556],[72.88225372861426,19.151410426289637],[72.88320891252454,19.152848839342738],[72.88353016932786,19.153990482031602],[72.88424664464404,19.15520466815319],[72.88493035462463,19.155974812122974],[72.8868548871592,19.156661704634175],[72.89045709221008,19.155413796944014],[72.89312862439309,19.1528754744841]]]}},{"type":"Feature","properties":{"layer":"DP_0","label":"DP Zone","confidence":"high","SUBURBS":"WESTERN","ZONE_CODE2":"I"},"geometry":{"type":"Polygon","coordinates":[[[72.85974379416476,19.144006835445822],[72.85810598890063,19.14397830164627],[72.8586857572822,19.146937454928022],[72.85923129266307,19.147452843992276],[72.85664980076687,19.149141788367082],[72.85682601792627,19.15102099485055],[72.86237707283432,19.15026507536352],[72.86260444959237,19.149846933384843],[72.86243073336695,19.148849851387922],[72.86136058741546,19.14767441568999],[72.86176838825013,19.147131255693704],[72.86123321399587,19.1463806884309],[72.86150721643574,19.144037543319794],[72.85974379416476,19.144006835445822]]]}},{"type":"Feature","properties":{"layer":"DP_0","label":"DP Zone","confidence":"high","SUBURBS":"WESTERN","ZONE_CODE2":"C"},"geometry":{"type":"Polygon","coordinates":[[[72.8585431980565,19.17538137187158],[72.85770204506619,19.175429074428536],[72.85719008825812,19.17582226708695],[72.85715450213556,19.176129873290563],[72.85729523904637,19.178191882579842],[72.8581905314603,19.17866588353723],[72.85837688223522,19.177283013104685],[72.8590622042641,19.175404787135758],[72.8585431980565,19.17538137187158]]]}},{"type":"Feature","properties":{"layer":"DP_0","label":"DP Zone","confidence":"high","EP_NO":"SM-A04","SUBURBS":"CITY","ZONE_CODE2":"NA"},"geometry":{"type":"Polygon","coordinates":[[[72.81813218602733,18.90740989283979],[72.81854166486961,18.90704000949923],[72.81909972102946,18.907569963918622],[72.81945030769454,18.907304791498547],[72.81864913144514,18.906496517922115],[72.81787376033009,18.9070615124654],[72.81748907855174,18.906535707794312],[72.81726943358422,18.906555039300013],[72.81789026198324,18.907515538519437],[72.81813218602733,18.90740989283979]]]}},{"type":"Feature","properties":{"layer":"DP_0","label":"DP Zone","confidence":"high","EP_NO":"SM-A04","SUBURBS":"CITY","ZONE_CODE2":"NA"},"geometry":{"type":"Polygon","coordinates":[[[72.82229684816691,18.910251768201974],[72.82060745623984,18.9084903348946],[72.82037525810406,18.90853473946792],[72.82009305402396,18.909412427620932],[72.8206435513447,18.909990543554905],[72.82101988268968,18.909720328556165],[72.82226102031716,18.910912008937256],[72.82259998305042,18.91081245148326],[72.82229684816691,18.910251768201974]]]}},{"type":"Feature","properties":{"layer":"DP_0","label":"DP Zone","confidence":"high","SUBURBS":"CITY","ZONE_CODE2":"C"},"geometry":{"type":"Polygon","coordinates":[[[72.84409026885515,19.02540979847309],[72.84372238180362,19.024930380911666],[72.84385166551988,19.024742321284734],[72.84404033349394,19.025109541206135],[72.84421982003374,19.025093697447424],[72.84416712337396,19.02484785468881],[72.84519224489495,19.02464162278009],[72.84491102124687,19.02383546897501],[72.84151827907162,19.024503090069828],[72.84112798574887,19.02424645139424],[72.84078231904093,19.024879070481923],[72.84083238595349,19.02520219811484],[72.84143511852469,19.025494850890492],[72.84201557036701,19.025317536440667],[72.84204812076908,19.02502786626037],[72.84300067740755,19.024761073650676],[72.84328254226297,19.02599542502741],[72.8434772379675,19.02604588542403],[72.84426276785989,19.025630512269117],[72.84409026885515,19.02540979847309]]]}},{"type":"Feature","properties":{"layer":"DP_0","label":"DP Zone","confidence":"high","SUBURBS":"CITY","ZONE_CODE2":"NA"},"geometry":{"type":"Polygon","coordinates":[[[72.81270246903983,18.992461633819055],[72.81237677159187,18.99227970897567],[72.81175428252503,18.99247469180974],[72.8112744938197,18.99068632171685],[72.81185745880498,18.993541087194217],[72.81249254212979,18.99375358517169],[72.81270246903983,18.992461633819055]]]}},{"type":"Feature","properties":{"layer":"DP_0","label":"DP Zone","confidence":"high","SUBURBS":"WESTERN","ZONE_CODE2":"I"},"geometry":{"type":"Polygon","coordinates":[[[72.88523508018635,19.118673936243027],[72.88481752791381,19.118723331756073],[72.88484508990783,19.119289498645692],[72.88531778021829,19.11923538045394],[72.88523508018635,19.118673936243027]]]}},{"type":"Feature","properties":{"layer":"DP_0","label":"DP Zone","confidence":"high","EP_NO":"SM-A19","SUBURBS":"CITY","ZONE_CODE2":"NA"},"geometry":{"type":"Polygon","coordinates":[[[72.81945512527936,18.907309917005442],[72.8204654946663,18.908345466003514],[72.8206527700326,18.908289331911412],[72.81965287240348,18.90716423143581],[72.81945512527936,18.907309917005442]]]}},{"type":"Feature","properties":{"layer":"DP_0","label":"DP Zone","confidence":"high","EP_NO":"EP-D01","SUBURBS":"CITY","ZONE_CODE2":"NA"},"geometry":{"type":"Polygon","coordinates":[[[72.79884151120596,18.959085878628663],[72.79868259863191,18.95856862893697],[72.79864836271487,18.95896172532335],[72.79884151120596,18.959085878628663]]]}},{"type":"Feature","properties":{"layer":"DP_0","label":"DP Zone","confidence":"high","EP_NO":"EP-D01","SUBURBS":"CITY","ZONE_CODE2":"NA"},"geometry":{"type":"Polygon","coordinates":[[[72.79949905899802,18.959052662957614],[72.79971352466832,18.95859821967322],[72.79903490638932,18.959012002189457],[72.79949905899802,18.959052662957614]]]}},{"type":"Feature","properties":{"layer":"DP_0","label":"DP Zone","confidence":"high","EP_NO":"EP-D26","SUBURBS":"CITY","ZONE_CODE2":"C"},"geometry":{"type":"Polygon","coordinates":[[[72.80087170889126,18.960100956330116],[72.80082058114249,18.95974262493172],[72.8003759854958,18.959819702679322],[72.79997118937335,18.960545731608704],[72.80064308258991,18.960401284023558],[72.80059487138224,18.960127381124465],[72.80087170889126,18.960100956330116]]]}},{"type":"Feature","properties":{"layer":"DP_0","label":"DP Zone","confidence":"high","EP_NO":"EP-D18","SUBURBS":"CITY","ZONE_CODE2":"I"},"geometry":{"type":"Polygon","coordinates":[[[72.8148449791388,18.971920784095225],[72.81501404447657,18.971394025908182],[72.8145673171293,18.97121303539548],[72.81496392186635,18.97095138749654],[72.81404352980255,18.970802415542924],[72.81395444792967,18.972110455459998],[72.81401028608762,18.97178310144863],[72.8148449791388,18.971920784095225]]]}},{"type":"Feature","properties":{"layer":"DP_0","label":"DP Zone","confidence":"high","EP_NO":"EP-E28","SUBURBS":"CITY","ZONE_CODE2":"R"},"geometry":{"type":"Polygon","coordinates":[[[72.8398855518451,18.96438017170112],[72.83920309787858,18.96457923166301],[72.8391462328965,18.965421535402644],[72.84009370106219,18.965204255226087],[72.8398855518451,18.96438017170112]]]}},{"type":"Feature","properties":{"layer":"DP_0","label":"DP Zone","confidence":"high","EP_NO":"EP-E28","SUBURBS":"CITY","ZONE_CODE2":"I"},"geometry":{"type":"Polygon","coordinates":[[[72.84019004321647,18.965885896413376],[72.8402666195089,18.966102253408273],[72.8406364017552,18.966000545629832],[72.84053743412144,18.96544843611633],[72.83965032840803,18.96567547689573],[72.83954836715981,18.96536713343084],[72.83909543595685,18.965513671436526],[72.83928239632574,18.96617535654782],[72.84019004321647,18.965885896413376]]]}},{"type":"Feature","properties":{"layer":"DP_0","label":"DP Zone","confidence":"high","EP_NO":"EP-E30","SUBURBS":"CITY","ZONE_CODE2":"I"},"geometry":{"type":"Polygon","coordinates":[[[72.8377266446042,18.97237822466893],[72.83787353349423,18.97334092616717],[72.83825238306154,18.973306056306665],[72.83827069009841,18.972734177460563],[72.83843364489042,18.972715588544062],[72.8377266446042,18.97237822466893]]]}},{"type":"Feature","properties":{"layer":"DP_0","label":"DP Zone","confidence":"high","EP_NO":"EP-E08","SUBURBS":"CITY","ZONE_CODE2":"I"},"geometry":{"type":"Polygon","coordinates":[[[72.83861264371687,18.976230184238304],[72.84024037968739,18.97619388610798],[72.8405098531707,18.975989479987106],[72.84006218977393,18.97401413091926],[72.8386057991449,18.97400773818544],[72.8385391833306,18.974419598824678],[72.83823275770612,18.9743947457101],[72.83848947939,18.97567026732289],[72.83794678211736,18.975691172334628],[72.83794744582929,18.976059144880377],[72.83861264371687,18.976230184238304]]]}},{"type":"Feature","properties":{"layer":"DP_0","label":"DP Zone","confidence":"high","EP_NO":"EP-E36","SUBURBS":"CITY","ZONE_CODE2":"I"},"geometry":{"type":"Polygon","coordinates":[[[72.84026801239611,18.97638155383733],[72.8400977341825,18.97659515205237],[72.84055696028709,18.9768214924454],[72.84013310006587,18.980171810082474],[72.8406572962028,18.980163233751963],[72.84140705658716,18.977542357429506],[72.84121424782246,18.977027507833697],[72.84026801239611,18.97638155383733]]]}},{"type":"Feature","properties":{"layer":"DP_0","label":"DP Zone","confidence":"high","EP_NO":"EP-E51","SUBURBS":"CITY","ZONE_CODE2":"I"},"geometry":{"type":"Polygon","coordinates":[[[72.82851798455937,18.977107224278864],[72.828413412921,18.976789129999947],[72.82730449974034,18.97712444029461],[72.8272373739161,18.97816603554475],[72.82887595013665,18.97820567568798],[72.82972490046296,18.97715548144589],[72.82858026663652,18.97738558676152],[72.82851798455937,18.977107224278864]]]}},{"type":"Feature","properties":{"layer":"DP_0","label":"DP Zone","confidence":"high","EP_NO":"EP-E35","SUBURBS":"CITY","ZONE_CODE2":"I"},"geometry":{"type":"Polygon","coordinates":[[[72.83096155266476,18.981794196277],[72.8318499826079,18.981723981883572],[72.83125378100159,18.98161258340557],[72.83113299547853,18.980622595457234],[72.83073276555032,18.980097072890175],[72.82930967583744,18.980468654618313],[72.82938912356632,18.980874118640184],[72.82915688486027,18.98096000231773],[72.82965814609075,18.98195057786483],[72.83096155266476,18.981794196277]]]}},{"type":"Feature","properties":{"layer":"DP_0","label":"DP Zone","confidence":"high","EP_NO":"EP-E29","SUBURBS":"CITY","ZONE_CODE2":"I"},"geometry":{"type":"Polygon","coordinates":[[[72.83465030768556,18.98577617073424],[72.83432868693684,18.98537356438083],[72.83375907485893,18.985458765384625],[72.83385183180654,18.98591924450585],[72.83465030768556,18.98577617073424]]]}},{"type":"Feature","properties":{"layer":"DP_0","label":"DP Zone","confidence":"high","EP_NO":"EP-GS20","SUBURBS":"CITY","ZONE_CODE2":"I"},"geometry":{"type":"Polygon","coordinates":[[[72.8165544175043,18.998292968360218],[72.81628326324918,18.997823258948745],[72.81577392288196,18.998059576388755],[72.81601020787978,18.998553271311778],[72.81669968565244,18.998544608586666],[72.8165544175043,18.998292968360218]]]}},{"type":"Feature","properties":{"layer":"DP_0","label":"DP Zone","confidence":"high","EP_NO":"EP-GS43","SUBURBS":"CITY","ZONE_CODE2":"I"},"geometry":{"type":"Polygon","coordinates":[[[72.81945544838041,19.000247058751675],[72.81965445115334,19.000547835411325],[72.819987839777,19.000377183952498],[72.82001819063454,18.999744522700365],[72.82178413880638,18.999570909302726],[72.82172101244298,18.998508320829565],[72.81978969231358,18.99869747374296],[72.8197866618853,18.999939395281718],[72.8193296487323,19.000072633833895],[72.81843186859041,19.000046387668885],[72.81825714406162,18.999172134742047],[72.81793235023972,18.999282328744854],[72.81781765121244,18.998932729719648],[72.81801727094488,18.998728992645045],[72.81766541873485,18.99872928832405],[72.81843760023459,19.0006212866493],[72.81945544838041,19.000247058751675]]]}},{"type":"Feature","properties":{"layer":"DP_0","label":"DP Zone","confidence":"high","EP_NO":"EP-GS39","SUBURBS":"CITY","ZONE_CODE2":"I"},"geometry":{"type":"Polygon","coordinates":[[[72.82368078415752,19.00954008817393],[72.82315176808353,19.009599736316822],[72.82327875236285,19.010197127852884],[72.82381613612296,19.010140851119047],[72.82368078415752,19.00954008817393]]]}},{"type":"Feature","properties":{"layer":"DP_0","label":"DP Zone","confidence":"high","EP_NO":"EP-GS35","SUBURBS":"CITY","ZONE_CODE2":"I"},"geometry":{"type":"Polygon","coordinates":[[[72.82465285817398,19.00998889552104],[72.82507062675049,19.010087468001384],[72.82518102827078,19.008944474159023],[72.82576904157189,19.008913964152306],[72.82576938587155,19.009492849613927],[72.82629924459462,19.009496586607135],[72.82629665772343,19.010077693978367],[72.8265655819031,19.009389929823495],[72.82712737168076,19.009390545933414],[72.82692351601332,19.008664888404173],[72.82643836307732,19.00856944450527],[72.82585600662664,19.007527796364588],[72.82614389148108,19.00639329396423],[72.82370796516187,19.006396929289313],[72.8238662237491,19.01000729175824],[72.82465285817398,19.00998889552104]]]}},{"type":"Feature","properties":{"layer":"DP_0","label":"DP Zone","confidence":"high","EP_NO":"EP-GS34","SUBURBS":"CITY","ZONE_CODE2":"I"},"geometry":{"type":"Polygon","coordinates":[[[72.82440855035313,18.9859020119736],[72.82434645779276,18.985763526734388],[72.82392900597057,18.986557342801508],[72.82493971859323,18.988825124222974],[72.82559387275582,18.98856379769079],[72.82440855035313,18.9859020119736]]]}},{"type":"Feature","properties":{"layer":"DP_0","label":"DP Zone","confidence":"high","EP_NO":"EP-GS32&EP-GS33","SUBURBS":"CITY","ZONE_CODE2":"I"},"geometry":{"type":"Polygon","coordinates":[[[72.82827770195723,19.012821015445255],[72.82809582534706,19.013028286499086],[72.82898847509576,19.013511491698644],[72.82920970929956,19.01310215304935],[72.82827770195723,19.012821015445255]]]}},{"type":"Feature","properties":{"layer":"DP_0","label":"DP Zone","confidence":"high","EP_NO":"EP-GS24","SUBURBS":"CITY","ZONE_CODE2":"I"},"geometry":{"type":"Polygon","coordinates":[[[72.8312334206025,19.011924517448247],[72.83151590095481,19.01120484905228],[72.83178548946643,19.011135877994903],[72.83120768103097,19.010337039038532],[72.8309006005146,19.010479189923398],[72.83078518324194,19.01032296915664],[72.83106233727777,19.010151044324807],[72.83032805879147,19.009379278440935],[72.83000898596251,19.009716663106463],[72.82987286508315,19.010881654669866],[72.8306825897214,19.011330386919433],[72.83058172718992,19.011816613252066],[72.8312334206025,19.011924517448247]]]}},{"type":"Feature","properties":{"layer":"DP_0","label":"DP Zone","confidence":"high","EP_NO":"EP-FS17","SUBURBS":"CITY","ZONE_CODE2":"I"},"geometry":{"type":"Polygon","coordinates":[[[72.83785269171075,18.991468033748795],[72.83769727297455,18.991418550284532],[72.83770607362521,18.991572472774184],[72.83785269171075,18.991468033748795]]]}},{"type":"Feature","properties":{"layer":"DP_0","label":"DP Zone","confidence":"high","EP_NO":"EP-FS17","SUBURBS":"CITY","ZONE_CODE2":"I"},"geometry":{"type":"Polygon","coordinates":[[[72.83689588705553,18.99141534019943],[72.8368161687864,18.991385427765312],[72.83682540897817,18.991498806146936],[72.83689588705553,18.99141534019943]]]}},{"type":"Feature","properties":{"layer":"DP_0","label":"DP Zone","confidence":"high","EP_NO":"EP-FS40","SUBURBS":"CITY","ZONE_CODE2":"I"},"geometry":{"type":"Polygon","coordinates":[[[72.84123414870386,18.99204620152857],[72.8415711222914,18.991880580743885],[72.8411852737186,18.991655106462712],[72.84152077756438,18.991457753262356],[72.84005615294188,18.991533356668935],[72.84009830670956,18.992035844557957],[72.84086262471415,18.99200672168934],[72.84128143600972,18.992275912395865],[72.84123414870386,18.99204620152857]]]}},{"type":"Feature","properties":{"layer":"DP_0","label":"DP Zone","confidence":"high","EP_NO":"EP-FS69","SUBURBS":"CITY","ZONE_CODE2":"I"},"geometry":{"type":"Polygon","coordinates":[[[72.84930523446855,18.996759609395788],[72.84921206969655,18.99657950982669],[72.84887667469026,18.996719235404143],[72.84880646008558,18.99696859558021],[72.84818094094531,18.997259455657193],[72.84862334164421,18.998301031937707],[72.84825868070148,18.998842763380008],[72.84855030067463,18.9992229849176],[72.84896044202411,18.99906619292097],[72.84903079203183,18.998569677766984],[72.84998084631252,18.99814704294935],[72.84930523446855,18.996759609395788]]]}},{"type":"Feature","properties":{"layer":"DP_0","label":"DP Zone","confidence":"high","EP_NO":"EP-GN15","SUBURBS":"CITY","ZONE_CODE2":"I"},"geometry":{"type":"Polygon","coordinates":[[[72.83425407035735,19.011956013875842],[72.83396637955568,19.012194277637384],[72.83411319140218,19.012361021017014],[72.83438997572395,19.012086581979172],[72.83425407035735,19.011956013875842]]]}},{"type":"Feature","properties":{"layer":"DP_0","label":"DP Zone","confidence":"high","EP_NO":"EP-PN82","SUBURBS":"WESTERN","ZONE_CODE2":"NDZ"},"geometry":{"type":"Polygon","coordinates":[[[72.81905621801151,19.193300232034666],[72.81846424113662,19.193329363749807],[72.81864704122471,19.19431379528422],[72.81828222045156,19.194498040272375],[72.81807828765275,19.194091160270755],[72.81601934102291,19.194616048340688],[72.81614657288137,19.19533257821393],[72.8166250995122,19.19555692501507],[72.81704026760806,19.195463019386434],[72.81707390376353,19.19653242937224],[72.81861845010474,19.196339955143486],[72.81943814653079,19.19580554548639],[72.81927325252059,19.193602963310138],[72.81905621801151,19.193300232034666]]]}},{"type":"Feature","properties":{"layer":"DP_0","label":"DP Zone","confidence":"high","EP_NO":"EP-PN81","SUBURBS":"WESTERN","ZONE_CODE2":"NDZ"},"geometry":{"type":"Polygon","coordinates":[[[72.8191024944192,19.191603237178015],[72.81877190606401,19.18975441140313],[72.81726471621903,19.187197443265763],[72.816397945892,19.185850870372036],[72.81566920893718,19.18615689316355],[72.81603003916332,19.18554641258155],[72.81576614014018,19.184844470006045],[72.81509311466826,19.184314441874527],[72.81381243237074,19.18430673613838],[72.81370132614641,19.186777770529886],[72.81290678332213,19.187645653615135],[72.81301823756176,19.18848783989934],[72.81283189108095,19.188854821981256],[72.81213718159728,19.188849087372464],[72.81340498610709,19.19492824363467],[72.81373097357161,19.19510880151985],[72.81434210331119,19.194630041914113],[72.81422612235649,19.193332633255608],[72.81531094289942,19.19317215696087],[72.81495951528834,19.192605043115623],[72.81683930377962,19.19168729165496],[72.81757540592717,19.191879750411562],[72.8191024944192,19.191603237178015]]]}},{"type":"Feature","properties":{"layer":"DP_0","label":"DP Zone","confidence":"high","EP_NO":"EP-RS104","SUBURBS":"WESTERN","ZONE_CODE2":"SDZ"},"geometry":{"type":"Polygon","coordinates":[[[72.87876278955406,19.202144169941494],[72.87838773460079,19.203813161286263],[72.88040918517407,19.20391959032974],[72.88045079316902,19.203164230102285],[72.87876278955406,19.202144169941494]]]}},{"type":"Feature","properties":{"layer":"DP_0","label":"DP Zone","confidence":"high","EP_NO":"EP-PS84","SUBURBS":"WESTERN","ZONE_CODE2":"I"},"geometry":{"type":"Polygon","coordinates":[[[72.89032870397304,19.163687423505323],[72.88985620348566,19.16375851446013],[72.89013355907271,19.16233550409279],[72.8917421221912,19.16167859473371],[72.89210587336972,19.1618138409206],[72.89160035445121,19.160399563002738],[72.89046886154046,19.159889566694005],[72.89045652851618,19.15763254884517],[72.88941301796869,19.156848115737937],[72.89016370032729,19.15651008301448],[72.89266779373949,19.154119382450997],[72.8934578946217,19.153729021331387],[72.89359136553966,19.153159001699603],[72.89312862439309,19.1528754744841],[72.89046524759236,19.155404975276408],[72.8872453721021,19.15668145348085],[72.88516047529697,19.156047311777993],[72.88450008608707,19.1576845961187],[72.884792729537,19.159161917668197],[72.88396089216732,19.159721554232817],[72.88421109071469,19.16013177052506],[72.88403707381154,19.16169171646874],[72.88261806620672,19.162327797085062],[72.88139982461502,19.1620126188524],[72.87784630067662,19.164257675850507],[72.87677212807665,19.163958265725732],[72.87582926637397,19.165233390979004],[72.87613970986739,19.165387641492696],[72.87608828164369,19.16628260724048],[72.87710437077178,19.1664778351578],[72.877151570098,19.16670385872075],[72.87885340200727,19.165887480256888],[72.88074558240203,19.167551474038877],[72.88161194642134,19.167225512455357],[72.88167485320389,19.167402631666796],[72.89181679503287,19.169140203676132],[72.89078234575439,19.16445602613093],[72.89121038440268,19.16414602246316],[72.89196494404278,19.164234099940714],[72.89032870397304,19.163687423505323]]]}},{"type":"Feature","properties":{"layer":"DP_0","label":"DP Zone","confidence":"high","EP_NO":"EP-PS84","SUBURBS":"WESTERN","ZONE_CODE2":"NA"},"geometry":{"type":"Polygon","coordinates":[[[72.88984693628215,19.16318164740857],[72.88998827380462,19.163831575033104],[72.89076597855147,19.16371689732805],[72.89247544652375,19.16429368931348],[72.89247552060338,19.163176762869405],[72.89213266702583,19.16189503264528],[72.8917421221912,19.16167859473371],[72.89013355907271,19.16233550409279],[72.88984693628215,19.16318164740857]]]}},{"type":"Feature","properties":{"layer":"DP_0","label":"DP Zone","confidence":"high","EP_NO":"EP-PN85","SUBURBS":"WESTERN","ZONE_CODE2":"NDZ"},"geometry":{"type":"Polygon","coordinates":[[[72.80291768925203,19.16030944548624],[72.80290334872396,19.16243996716265],[72.8035386375471,19.16286472833372],[72.80385100570992,19.163434955592738],[72.80404551451477,19.163559507179283],[72.80558640899922,19.1625174110803],[72.80614707258968,19.162998218643697],[72.80690129490017,19.164484519821116],[72.8038061767821,19.164465046116554],[72.80392042182984,19.164055517955042],[72.80363883504364,19.16442698547334],[72.80707280600762,19.16474293622594],[72.80684180244127,19.163954599733675],[72.80727289767447,19.16421637499262],[72.80767285528223,19.16349866161983],[72.80814569446012,19.163547104468723],[72.80824610883468,19.16332731534064],[72.80786098028892,19.162856946512083],[72.80802230057928,19.16240347633809],[72.80884719443186,19.162191074283143],[72.81033409989725,19.160599049201444],[72.81061581110757,19.158070734578423],[72.80814708181076,19.15601868061843],[72.80471703525109,19.15511688029752],[72.804243095203,19.156282809053646],[72.80418421171323,19.158374012247386],[72.80376148948386,19.158553710589597],[72.80349016152998,19.159645411100687],[72.80308333343218,19.15980786692601],[72.80291768925203,19.16030944548624]]]}},{"type":"Feature","properties":{"layer":"DP_0","label":"DP Zone","confidence":"high","EP_NO":"EP-PN85","SUBURBS":"WESTERN","ZONE_CODE2":"NA"},"geometry":{"type":"Polygon","coordinates":[[[72.80291768925203,19.16030944548624],[72.80280877158954,19.16099828786687],[72.80292594933627,19.16045732343253],[72.80291768925203,19.16030944548624]]]}},{"type":"Feature","properties":{"layer":"DP_0","label":"DP Zone","confidence":"high","EP_NO":"EP-PN85","SUBURBS":"WESTERN","ZONE_CODE2":"NA"},"geometry":{"type":"Polygon","coordinates":[[[72.80280125859296,19.161045801688847],[72.80284361450136,19.162060523479322],[72.80291505216341,19.161387118810783],[72.80280125859296,19.161045801688847]]]}},{"type":"Feature","properties":{"layer":"DP_0","label":"DP Zone","confidence":"high","EP_NO":"EP-RC89","SUBURBS":"WESTERN","ZONE_CODE2":"NA"},"geometry":{"type":"Polygon","coordinates":[[[72.82126585887546,19.219064196040105],[72.82134379651004,19.218834544430933],[72.82016922638122,19.218418120265948],[72.81999415466538,19.218698516610264],[72.8206547611377,19.219333982400972],[72.82126585887546,19.219064196040105]]]}},{"type":"Feature","properties":{"layer":"DP_0","label":"DP Zone","confidence":"high","EP_NO":"EP-KE63","SUBURBS":"WESTERN","ZONE_CODE2":"NDZ"},"geometry":{"type":"Polygon","coordinates":[[[72.86404410314611,19.140011544726192],[72.86459153238478,19.139743252313462],[72.86434486309223,19.139033465040782],[72.86290537931731,19.139013719041504],[72.86355013518619,19.139975346857995],[72.86404410314611,19.140011544726192]]]}},{"type":"Feature","properties":{"layer":"DP_0","label":"DP Zone","confidence":"high","EP_NO":"EP-PS69","SUBURBS":"WESTERN","ZONE_CODE2":"G-Z"},"geometry":{"type":"Polygon","coordinates":[[[72.87110305799457,19.139495059543133],[72.87093513229364,19.139014286038158],[72.86955709027066,19.13958871247905],[72.86802861313312,19.139837341324377],[72.86837661209745,19.14033263614874],[72.87110305799457,19.139495059543133]]]}},{"type":"Feature","properties":{"layer":"DP_0","label":"DP Zone","confidence":"high","EP_NO":"EP-KE65","SUBURBS":"WESTERN","ZONE_CODE2":"NDZ"},"geometry":{"type":"Polygon","coordinates":[[[72.87099167496774,19.13926448181585],[72.87110305799457,19.139495059543133],[72.87251489499656,19.139199470260866],[72.87261046882048,19.138965542134766],[72.8722358629043,19.138534903575533],[72.87099167496774,19.13926448181585]]]}},{"type":"Feature","properties":{"layer":"DP_0","label":"DP Zone","confidence":"high","EP_NO":"EP-GS26","SUBURBS":"CITY","ZONE_CODE2":"I"},"geometry":{"type":"Polygon","coordinates":[[[72.8305691081093,18.99525852771831],[72.83118141847636,18.99523428969324],[72.83126073144061,18.99410351803664],[72.83100946699624,18.993876606143736],[72.83102417202466,18.993480280073076],[72.83002802009253,18.99341907679637],[72.82963646585846,18.993833217518393],[72.83025305889701,18.99521428963292],[72.8305691081093,18.99525852771831]]]}},{"type":"Feature","properties":{"layer":"DP_0","label":"DP Zone","confidence":"high","SUBURBS":"WESTERN","ZONE_CODE2":"R"},"geometry":{"type":"Polygon","coordinates":[[[72.86312422122748,19.262832801806002],[72.86278207675673,19.262801449638644],[72.86313690141658,19.263182644234032],[72.86312422122748,19.262832801806002]]]}},{"type":"Feature","properties":{"layer":"DP_0","label":"DP Zone","confidence":"high","EP_NO":"EP-RN65,EP-RN66,EP-RN67","SUBURBS":"WESTERN","ZONE_CODE2":"NDZ"},"geometry":{"type":"Polygon","coordinates":[[[72.87681412817521,19.259721516453393],[72.87634865043084,19.259277867450276],[72.87634290277883,19.258427218727647],[72.8757533415388,19.258089791362423],[72.875628648748,19.25244669784889],[72.87503692607633,19.252407815255054],[72.87451972793224,19.252824614359014],[72.87375051320616,19.252636739647457],[72.87384551676737,19.25295317540766],[72.87334688789655,19.252940088347433],[72.87337034313302,19.253293104823225],[72.87403876529639,19.256820713361602],[72.87568053022795,19.25841776942681],[72.87564723500844,19.259086310747747],[72.8762508562256,19.25982294728915],[72.87589775412228,19.260486654885277],[72.87681412817521,19.259721516453393]]]}},{"type":"Feature","properties":{"layer":"DP_0","label":"DP Zone","confidence":"high","EP_NO":"EP-RN62","SUBURBS":"WESTERN","ZONE_CODE2":"NDZ"},"geometry":{"type":"Polygon","coordinates":[[[72.8731160678539,19.242793010170814],[72.87336132107522,19.242800386689918],[72.87340383106945,19.24322603522619],[72.87394733664875,19.243944707449973],[72.8737384646607,19.245658919987697],[72.87447533943619,19.24583058787445],[72.8744007172515,19.246448695763842],[72.87376209168156,19.24668585668451],[72.87372130194353,19.247016696138417],[72.87390940013364,19.247227144035527],[72.8748087746727,19.247239069638407],[72.87526604697831,19.245066871145358],[72.87374296700938,19.238570758670818],[72.87304825237108,19.238386873720955],[72.8731160678539,19.242793010170814]]]}},{"type":"Feature","properties":{"layer":"DP_0","label":"DP Zone","confidence":"high","EP_NO":"EP-RN63","SUBURBS":"WESTERN","ZONE_CODE2":"NDZ"},"geometry":{"type":"Polygon","coordinates":[[[72.87456033626735,19.24882723679899],[72.87434977044167,19.248820211949305],[72.87429122436542,19.249490673057156],[72.8733195476911,19.24953514576531],[72.87374359005328,19.25259333015006],[72.87451972793224,19.252824614359014],[72.87480548115782,19.252481019059488],[72.87507766768974,19.250100766677246],[72.8749897700448,19.249451822980653],[72.87456033626735,19.24882723679899]]]}},{"type":"Feature","properties":{"layer":"DP_0","label":"DP Zone","confidence":"high","EP_NO":"EP-RN63,EP-RN64","SUBURBS":"WESTERN","ZONE_CODE2":"NDZ"},"geometry":{"type":"Polygon","coordinates":[[[72.8748087746727,19.247239069638407],[72.87373471698385,19.24722761029575],[72.87359996107399,19.247712650272568],[72.87324553529118,19.24773709934345],[72.87331266027991,19.249540774243417],[72.87429122436542,19.249490673057156],[72.8742407040428,19.24881510012977],[72.87446438750854,19.248825583311955],[72.8748087746727,19.247239069638407]]]}},{"type":"Feature","properties":{"layer":"DP_0","label":"DP Zone","confidence":"high","EP_NO":"EP-RN63","SUBURBS":"WESTERN","ZONE_CODE2":"SDZ"},"geometry":{"type":"Polygon","coordinates":[[[72.87390031134575,19.24722722280194],[72.87376209168156,19.24668585668451],[72.87412608396247,19.246643251911987],[72.87447533943619,19.24583058787445],[72.8737384646607,19.245658919987697],[72.87394733664875,19.243944707449973],[72.87321430327404,19.242795965903333],[72.87324553529118,19.24773709934345],[72.87359917693418,19.247730234520137],[72.87370231498387,19.247260140994285],[72.87390031134575,19.24722722280194]]]}},{"type":"Feature","properties":{"layer":"DP_0","label":"DP Zone","confidence":"high","EP_NO":"EP-RS101","SUBURBS":"WESTERN","ZONE_CODE2":"NDZ"},"geometry":{"type":"Polygon","coordinates":[[[72.87800930804669,19.212478317067248],[72.87766740032941,19.212502812630014],[72.87765019365327,19.21362345796381],[72.87800930804669,19.212478317067248]]]}},{"type":"Feature","properties":{"layer":"DP_0","label":"DP Zone","confidence":"high","EP_NO":"EP-RS102","SUBURBS":"WESTERN","ZONE_CODE2":"NDZ"},"geometry":{"type":"Polygon","coordinates":[[[72.87838298476616,19.211063903209613],[72.87821357531122,19.21049409822242],[72.87752229388695,19.21051235617546],[72.87752306202916,19.21107204046396],[72.87838298476616,19.211063903209613]]]}},{"type":"Feature","properties":{"layer":"DP_0","label":"DP Zone","confidence":"high","EP_NO":"EP-RC104","SUBURBS":"WESTERN","ZONE_CODE2":"NA"},"geometry":{"type":"Polygon","coordinates":[[[72.82840278537965,19.236252272795287],[72.82813490339254,19.236651213389813],[72.82722643408255,19.236801249767048],[72.8255719910732,19.235403668617657],[72.82521325432863,19.23426355131969],[72.82476964437608,19.234787362183372],[72.82492449826177,19.235686065218356],[72.82457715296573,19.23762641096207],[72.8248098744607,19.23822237689468],[72.82587900291767,19.238852315750993],[72.82724378589378,19.238526297035143],[72.82778128171486,19.237994163578808],[72.82851656889429,19.23641853008148],[72.82840278537965,19.236252272795287]]]}},{"type":"Feature","properties":{"layer":"DP_0","label":"DP Zone","confidence":"high","EP_NO":"EP-RC93","SUBURBS":"WESTERN","ZONE_CODE2":"R"},"geometry":{"type":"Polygon","coordinates":[[[72.83903725938784,19.2240798148211],[72.8390039168725,19.2256419755542],[72.8394145317077,19.225631083583757],[72.8394879902138,19.224114646250197],[72.83903725938784,19.2240798148211]]]}},{"type":"Feature","properties":{"layer":"DP_0","label":"DP Zone","confidence":"high","EP_NO":"EP-S124","SUBURBS":"EASTERN","ZONE_CODE2":"NDZ"},"geometry":{"type":"Polygon","coordinates":[[[72.9326551934577,19.119176868007116],[72.93242775748722,19.11921371070447],[72.93247745530209,19.120359923183045],[72.93271734064503,19.120352514003756],[72.9326551934577,19.119176868007116]]]}},{"type":"Feature","properties":{"layer":"DP_0","label":"DP Zone","confidence":"high","EP_NO":"EP-S124","SUBURBS":"EASTERN","ZONE_CODE2":"NDZ"},"geometry":{"type":"Polygon","coordinates":[[[72.93278448769613,19.12047020603009],[72.93249104221694,19.120569289793725],[72.93264176971499,19.121982247083405],[72.93292457828385,19.121966093399234],[72.93278448769613,19.12047020603009]]]}},{"type":"Feature","properties":{"layer":"DP_0","label":"DP Zone","confidence":"high","EP_NO":"EP-S124","SUBURBS":"EASTERN","ZONE_CODE2":"NDZ"},"geometry":{"type":"Polygon","coordinates":[[[72.93300977073453,19.122668479177975],[72.93283620148445,19.122655585233534],[72.93291867343459,19.124734703201327],[72.93315160130612,19.12472407145729],[72.93300977073453,19.122668479177975]]]}},{"type":"Feature","properties":{"layer":"DP_0","label":"DP Zone","confidence":"high","EP_NO":"EP-ME69","SUBURBS":"EASTERN","ZONE_CODE2":"SDZ"},"geometry":{"type":"Polygon","coordinates":[[[72.93772717515775,19.050003751272495],[72.94008148893933,19.047851594883237],[72.94426828598027,19.044600781489148],[72.94416900868559,19.04438473488103],[72.93860497791178,19.0458822436678],[72.93827070371042,19.046586486832158],[72.93778378845136,19.046829415041195],[72.93781866549355,19.048024605311245],[72.93648601795717,19.049290772260385],[72.93554508708134,19.04955097633075],[72.93756679469554,19.050250402323087],[72.93772717515775,19.050003751272495]]]}},{"type":"Feature","properties":{"layer":"DP_0","label":"DP Zone","confidence":"high","EP_NO":"EP-ME72","SUBURBS":"EASTERN","ZONE_CODE2":"NDZ"},"geometry":{"type":"Polygon","coordinates":[[[72.94073678340365,19.051495231970417],[72.94147368230593,19.049730925126298],[72.942079299531,19.049931108956343],[72.94208724672305,19.049602983627427],[72.94124878130684,19.04924324188909],[72.94035889881667,19.051360812998357],[72.94073678340365,19.051495231970417]]]}},{"type":"Feature","properties":{"layer":"DP_0","label":"DP Zone","confidence":"high","SUBURBS":"EASTERN","ZONE_CODE2":"R"},"geometry":{"type":"Polygon","coordinates":[[[72.91697262539356,19.046440712190343],[72.91635803175984,19.0465047230557],[72.91637097931537,19.04700473319072],[72.91714811814339,19.046824954957227],[72.91697262539356,19.046440712190343]]]}},{"type":"Feature","properties":{"layer":"DP_0","label":"DP Zone","confidence":"high","SUBURBS":"EASTERN","ZONE_CODE2":"R"},"geometry":{"type":"Polygon","coordinates":[[[72.88267573554573,19.10050251010584],[72.88259198648846,19.100948495002513],[72.88328700442334,19.10119275067537],[72.88318514574772,19.10059218604589],[72.88267573554573,19.10050251010584]]]}},{"type":"Feature","properties":{"layer":"DP_0","label":"DP Zone","confidence":"high","SUBURBS":"EASTERN","ZONE_CODE2":"R"},"geometry":{"type":"Polygon","coordinates":[[[72.88737758165041,19.105408746938668],[72.88710541574731,19.104943440316358],[72.8868085909536,19.10514811234585],[72.88694308888624,19.10624003681772],[72.88752364327824,19.105661077810872],[72.88737758165041,19.105408746938668]]]}},{"type":"Feature","properties":{"layer":"DP_0","label":"DP Zone","confidence":"high","SUBURBS":"EASTERN","ZONE_CODE2":"R"},"geometry":{"type":"Polygon","coordinates":[[[72.88978029456723,19.108055548628062],[72.88898270837254,19.107746287728002],[72.889256979338,19.1097633895714],[72.89033721763519,19.109746492409897],[72.89040921776112,19.10904592584453],[72.88978029456723,19.108055548628062]]]}},{"type":"Feature","properties":{"layer":"DP_0","label":"DP Zone","confidence":"high","SUBURBS":"EASTERN","ZONE_CODE2":"R"},"geometry":{"type":"Polygon","coordinates":[[[72.89026910490458,19.110510035114736],[72.89028992889038,19.110292354622768],[72.88942493061379,19.11029411521176],[72.88955992718671,19.110753282316537],[72.89011016554072,19.110735565721942],[72.89026910490458,19.110510035114736]]]}},{"type":"Feature","properties":{"layer":"DP_0","label":"DP Zone","confidence":"high","SUBURBS":"EASTERN","ZONE_CODE2":"R"},"geometry":{"type":"Polygon","coordinates":[[[72.88663871375942,19.112310308945464],[72.88578221852478,19.112351246472038],[72.88598700852927,19.112492928871198],[72.88587400122955,19.112694838461767],[72.88670911088246,19.112593440513457],[72.88663871375942,19.112310308945464]]]}},{"type":"Feature","properties":{"layer":"DP_0","label":"DP Zone","confidence":"high","SUBURBS":"EASTERN","ZONE_CODE2":"R"},"geometry":{"type":"Polygon","coordinates":[[[72.88891620534895,19.11598206836962],[72.88912509589568,19.11596213024474],[72.88907659812013,19.115207956542328],[72.88824489721978,19.115185209116902],[72.88821119154359,19.11590965182083],[72.88891620534895,19.11598206836962]]]}},{"type":"Feature","properties":{"layer":"DP_0","label":"DP Zone","confidence":"high","SUBURBS":"EASTERN","ZONE_CODE2":"I"},"geometry":{"type":"Polygon","coordinates":[[[72.91976554888737,19.04907387066342],[72.91984421718256,19.049237216510875],[72.92036083649083,19.04916077762217],[72.92033522634773,19.048265966953185],[72.91993200957499,19.04755523115545],[72.91780696939699,19.04805899683262],[72.91714811814339,19.046824954957227],[72.91637097931537,19.04700473319072],[72.91635803175984,19.0465047230557],[72.91683527507435,19.046408189804684],[72.91643945020736,19.04508276984469],[72.91397223861985,19.045733348263088],[72.91408979761746,19.047252752669486],[72.91518666189472,19.047186368783652],[72.91584974222023,19.047827278380574],[72.91511566459505,19.048235014421415],[72.91425765659484,19.048007339292955],[72.9141059801262,19.051701629101128],[72.9142635170486,19.053519204441344],[72.91479480703178,19.053396424792368],[72.91539216568725,19.05365486084419],[72.91622037848245,19.05343727095981],[72.91703418572662,19.054379164075325],[72.91989368592536,19.052516637642054],[72.91913627902414,19.051514508924807],[72.91995843919689,19.05098809123215],[72.91974436610779,19.05037468922395],[72.92050450632343,19.050245011387187],[72.92024389647138,19.049565788480773],[72.9197274482802,19.049663750617572],[72.9196164093063,19.048858787535845],[72.91985878751039,19.04883414486932],[72.91976554888737,19.04907387066342]]]}},{"type":"Feature","properties":{"layer":"DP_0","label":"DP Zone","confidence":"high","SUBURBS":"EASTERN","ZONE_CODE2":"I"},"geometry":{"type":"Polygon","coordinates":[[[72.87706196489171,19.085418129264696],[72.8779874930579,19.085209156735555],[72.87812686941827,19.084879275646145],[72.8769550882907,19.083207593059793],[72.87610412766742,19.084461405278542],[72.87630461563275,19.08616500630996],[72.87734152224627,19.086096416226333],[72.87683340182288,19.08520711640507],[72.87706196489171,19.085418129264696]],[[72.87672419093595,19.085517102614165],[72.87660525012781,19.085938277520356],[72.87654188362026,19.08543009319144],[72.87672419093595,19.085517102614165]]]}},{"type":"Feature","properties":{"layer":"DP_0","label":"DP Zone","confidence":"high","SUBURBS":"EASTERN","ZONE_CODE2":"I"},"geometry":{"type":"Polygon","coordinates":[[[72.93809933209448,19.170738866794515],[72.93972151357035,19.169796365418417],[72.93938452018357,19.16863598230798],[72.93758162172873,19.169756637246042],[72.93809933209448,19.170738866794515]]]}},{"type":"Feature","properties":{"layer":"DP_0","label":"DP Zone","confidence":"high","SUBURBS":"EASTERN","ZONE_CODE2":"NA"},"geometry":{"type":"Polygon","coordinates":[[[72.94269344121003,19.038821955507586],[72.94344824543876,19.038561235924497],[72.94405060586911,19.036317842308833],[72.94372939386624,19.035581021848788],[72.94275684675354,19.034686395335992],[72.94271936989881,19.033583269040623],[72.9420655989931,19.032822511767687],[72.941164582446,19.03233453693617],[72.94106475884348,19.03286961910573],[72.94023647678199,19.032970278870604],[72.93953791576037,19.032152839427027],[72.93891951927618,19.032417777479825],[72.9388393642802,19.032716640910152],[72.93704719326651,19.03139675805971],[72.9361611516369,19.03164469715929],[72.93552196828907,19.030422952193433],[72.93465108998731,19.03031260808764],[72.93441531352107,19.03050549504687],[72.93372388015516,19.02968486617998],[72.93285075490591,19.029471803489237],[72.93223687474887,19.026360020802755],[72.9318921642834,19.02578719868109],[72.93159663199003,19.025883426888075],[72.93119804878764,19.026575084237773],[72.93027647322057,19.02925035237752],[72.93002192992036,19.0294596412135],[72.92900560979754,19.028922982346412],[72.92835899847324,19.027357949870183],[72.92701506581444,19.025925345468853],[72.92639314199846,19.025724195664353],[72.92576796477739,19.02606279775185],[72.92528039657367,19.027359338859224],[72.92536688022422,19.02841087995149],[72.92571229500096,19.028767786554923],[72.92711530226391,19.0292714903929],[72.92733958076731,19.029652231660126],[72.92741883677115,19.029519932625302],[72.92783113403415,19.02995752452948],[72.92829236358376,19.030064029293364],[72.92841962858594,19.030335848904166],[72.92907316377135,19.030490475570254],[72.92951754339722,19.03118570865624],[72.93007612880625,19.03129230616707],[72.93084209969456,19.032720586013845],[72.93133784665035,19.032804440776108],[72.9314349188666,19.035343641685007],[72.93175491594091,19.035693480519555],[72.93220306791642,19.035232041199137],[72.93258538018665,19.035470409407207],[72.9330283180216,19.03684747158163],[72.93375092385254,19.037214186844892],[72.93453313107116,19.037087472436127],[72.93503326717439,19.036228693932195],[72.93561378256157,19.03583645993141],[72.93610456895148,19.037066176806704],[72.9364695872367,19.036809798512262],[72.93791906168805,19.037637353498813],[72.93805888401286,19.038593690842042],[72.9387518953307,19.03797773639085],[72.9395005240973,19.036751350728913],[72.94029025048242,19.03716403720364],[72.94054544531984,19.037924419608146],[72.94120570858422,19.037608098785224],[72.94180972985797,19.038871711514382],[72.94218404591727,19.039118913520134],[72.94269344121003,19.038821955507586]]]}},{"type":"Feature","properties":{"layer":"DP_0","label":"DP Zone","confidence":"high","EP_NO":"EP-MW51,50,52","SUBURBS":"EASTERN","ZONE_CODE2":"NDZ/SDZ (Slum)"},"geometry":{"type":"Polygon","coordinates":[[[72.88677545994426,19.01446594555968],[72.88743135568623,19.014459764215193],[72.8874493559748,19.014283908984616],[72.88708898988249,19.013638540905443],[72.88641721321206,19.013445026745178],[72.88596245258107,19.014687667421562],[72.88608616782538,19.014786144220185],[72.88640806618244,19.01434234852239],[72.88677545994426,19.01446594555968]]]}},{"type":"Feature","properties":{"layer":"DP_0","label":"DP Zone","confidence":"high","EP_NO":"EP-MW53","SUBURBS":"EASTERN","ZONE_CODE2":"NDZ"},"geometry":{"type":"Polygon","coordinates":[[[72.88624135111924,19.017292382563138],[72.88631316150162,19.019007282849074],[72.88656413286297,19.019182008833504],[72.88624135111924,19.017292382563138]]]}},{"type":"Feature","properties":{"layer":"DP_0","label":"DP Zone","confidence":"high","EP_NO":"EP-ME65","SUBURBS":"EASTERN","ZONE_CODE2":"SDZ"},"geometry":{"type":"Polygon","coordinates":[[[72.94871198198608,19.035023375680684],[72.94956042718357,19.034886649085788],[72.94956677715477,19.034663760995354],[72.95001858980703,19.03442734989941],[72.94987628124618,19.034102985045376],[72.94846851883983,19.034916983104527],[72.94860245906831,19.035474018054675],[72.9488209952876,19.03529312245418],[72.94871198198608,19.035023375680684]]]}},{"type":"Feature","properties":{"layer":"DP_0","label":"DP Zone","confidence":"high","SUBURBS":"EASTERN","ZONE_CODE2":"I"},"geometry":{"type":"Polygon","coordinates":[[[72.9322650528951,19.055707704258246],[72.93092084473166,19.053301046272527],[72.92997863838707,19.053589549604954],[72.92920470139927,19.053545156740963],[72.92972515266842,19.054714764718344],[72.92874763644652,19.05544387051347],[72.93010464464261,19.056880856999648],[72.93258571169733,19.056028611022192],[72.9322650528951,19.055707704258246]]]}},{"type":"Feature","properties":{"layer":"DP_0","label":"DP Zone","confidence":"high","SUBURBS":"EASTERN","ZONE_CODE2":"I"},"geometry":{"type":"Polygon","coordinates":[[[72.93083188514188,19.05998225263207],[72.93192790885668,19.058838714045617],[72.93019721891999,19.05717698189237],[72.92980468042099,19.057105399703744],[72.92790056117741,19.05780210862211],[72.93055338395544,19.060252891663634],[72.93083188514188,19.05998225263207]]]}},{"type":"Feature","properties":{"layer":"DP_0","label":"DP Zone","confidence":"high","SUBURBS":"EASTERN","ZONE_CODE2":"I"},"geometry":{"type":"Polygon","coordinates":[[[72.91856738319156,19.05965504975223],[72.91973898681044,19.059176142100743],[72.92072039696892,19.060630544386342],[72.92192510989452,19.06027056503149],[72.9239232424957,19.059200252363212],[72.92191941382114,19.055726506946886],[72.92086435287499,19.05621919111814],[72.9189136034179,19.053423290334564],[72.91256990528159,19.057459390926862],[72.91366420019241,19.059213404425737],[72.9143337927868,19.058984108766168],[72.91561178047529,19.059904228541924],[72.916873093369,19.0593348553104],[72.91827397098704,19.05793484713346],[72.91913193430032,19.058760502294092],[72.91856738319156,19.05965504975223]]]}},{"type":"Feature","properties":{"layer":"DP_0","label":"DP Zone","confidence":"high","SUBURBS":"EASTERN","ZONE_CODE2":"I"},"geometry":{"type":"Polygon","coordinates":[[[72.91478228503412,19.06085276204699],[72.91395178536085,19.06076888962134],[72.9143695769981,19.063396120100304],[72.91548495420446,19.063031329303563],[72.91478228503412,19.06085276204699]]]}},{"type":"Feature","properties":{"layer":"DP_0","label":"DP Zone","confidence":"high","EP_NO":"EP-ME81","SUBURBS":"EASTERN","ZONE_CODE2":"NA"},"geometry":{"type":"Polygon","coordinates":[[[72.94170589951595,19.059626540385715],[72.93983004741631,19.060494627037453],[72.93835256171396,19.061977464907773],[72.9376398796698,19.063148087295477],[72.93783985699655,19.06378810608244],[72.93752072177989,19.06354264433806],[72.93704669338508,19.06448788116497],[72.93672637483942,19.066282020645556],[72.93555895911857,19.06901029270122],[72.93568889211171,19.069287746431456],[72.93518524103636,19.069729671146497],[72.93503831525996,19.070190510138488],[72.93519708495634,19.07067342147488],[72.93501450008247,19.07052964718587],[72.93483956912283,19.07071790289465],[72.93427355915156,19.071693539874808],[72.93647005696361,19.069127844231453],[72.93880699753493,19.064640504549693],[72.94134025763479,19.061417185386496],[72.94170589951595,19.059626540385715]]]}},{"type":"Feature","properties":{"layer":"DP_0","label":"DP Zone","confidence":"high","EP_NO":"EP-ME81","SUBURBS":"EASTERN","ZONE_CODE2":"NA"},"geometry":{"type":"Polygon","coordinates":[[[72.92435769138316,19.07357049644749],[72.92331318431557,19.073833495811492],[72.92268986647528,19.0734297989881],[72.92269817112651,19.07322171387649],[72.92346282359487,19.072800287919407],[72.92312107510936,19.072306355166326],[72.92204736659949,19.07228488745784],[72.92082439581958,19.072712453130848],[72.92302227386598,19.074822009287047],[72.9245630726966,19.074456216191965],[72.92556095042495,19.075197831006445],[72.92556212291136,19.07480370147741],[72.9281531492062,19.074876295845797],[72.929543042879,19.074504502877303],[72.93077462560792,19.073826235049324],[72.93188862729748,19.072859839032937],[72.93394782589584,19.069871351284117],[72.93670015629161,19.0624412698309],[72.93760641025096,19.06102501412051],[72.93873366207649,19.059823905680982],[72.93841886637529,19.05958218277168],[72.93743898782154,19.059959727752375],[72.93712687666907,19.05950629491312],[72.93741863846297,19.059134452025642],[72.93832772604968,19.059163248005184],[72.9384338597286,19.05896665796251],[72.936440890434,19.05871549582114],[72.93484990105443,19.058904307924603],[72.93389988572063,19.0584109311944],[72.93322497434845,19.059414645479954],[72.93165847318006,19.058043114500574],[72.93185422788336,19.05876232721595],[72.93219606822217,19.058870743662254],[72.93144062049558,19.059384113443315],[72.93109285758267,19.06042103664785],[72.93130453986122,19.060910988673076],[72.93276976737766,19.06040025669817],[72.935208278478,19.060754060546554],[72.9353954509132,19.06306688384758],[72.93469965865108,19.064262103412243],[72.9345209230226,19.065236417839532],[72.93342270488988,19.066930120698775],[72.93323673629111,19.069077670949714],[72.93222687601417,19.069877537107782],[72.93216605577645,19.070605747521768],[72.93166122345322,19.070586768051133],[72.93116190906132,19.072784398711867],[72.92880529763377,19.07461726203844],[72.9259803470771,19.074369889396962],[72.92495655057708,19.073615928857883],[72.92435769138316,19.07357049644749]]]}},{"type":"Feature","properties":{"layer":"DP_0","label":"DP Zone","confidence":"high","EP_NO":"EP-N76","SUBURBS":"EASTERN","ZONE_CODE2":"SDZ"},"geometry":{"type":"Polygon","coordinates":[[[72.92095144109975,19.07373875504851],[72.91999720453859,19.07425952139433],[72.92033341036266,19.074709937793752],[72.91898326396152,19.075769593361834],[72.91921053387769,19.076264124249242],[72.92021916710607,19.075626133740993],[72.9212301022993,19.07412058158179],[72.92095144109975,19.07373875504851]]]}},{"type":"Feature","properties":{"layer":"DP_0","label":"DP Zone","confidence":"high","EP_NO":"EP-MW03","SUBURBS":"EASTERN","ZONE_CODE2":"I"},"geometry":{"type":"Polygon","coordinates":[[[72.88776446767808,19.02316739483686],[72.88702592102125,19.023092278903604],[72.88668484411986,19.022601894785414],[72.8862120224176,19.022876219160242],[72.88559554187607,19.022812311855333],[72.88540769627602,19.02507769853272],[72.88701657873399,19.025337394819882],[72.8869631242326,19.025609366623875],[72.88785098136262,19.025885010243144],[72.88880830217818,19.02596805434461],[72.88965844156903,19.024548345111818],[72.88961246188245,19.023405341121453],[72.88776446767808,19.02316739483686]]]}},{"type":"Feature","properties":{"layer":"DP_0","label":"DP Zone","confidence":"high","EP_NO":"EP-MW61,62,59","SUBURBS":"EASTERN","ZONE_CODE2":"NDZ"},"geometry":{"type":"Polygon","coordinates":[[[72.88777452415403,19.03264290105567],[72.88722808752883,19.031385606223637],[72.88758903165265,19.031513127005926],[72.88731334738647,19.030230804127918],[72.88764850390004,19.029577209048362],[72.88206329411248,19.02762939339576],[72.88186508761667,19.03523297660327],[72.88347890569334,19.034940534842256],[72.88308828654081,19.03560703931016],[72.88613733443343,19.034448354454046],[72.8873071807355,19.03426994675222],[72.88781648492801,19.033529547108706],[72.88821554925794,19.033351630943038],[72.88777452415403,19.03264290105567]]]}},{"type":"Feature","properties":{"layer":"DP_0","label":"DP Zone","confidence":"high","SUBURBS":"EASTERN","ZONE_CODE2":"I"},"geometry":{"type":"Polygon","coordinates":[[[72.94056845994783,19.16134330410901],[72.94079631318297,19.16062655109028],[72.94064007672786,19.15963209183761],[72.9413206979015,19.159360496245338],[72.94167426611742,19.158903666758093],[72.94146198919076,19.157927807455497],[72.94094921101969,19.158111737355565],[72.94034615246437,19.157490577100862],[72.94015627224428,19.154486765591287],[72.9393908294862,19.154792867342767],[72.93859546512789,19.155565294712066],[72.93849604739056,19.15529624093673],[72.93873663017567,19.15511109819039],[72.93833511071345,19.154960177075573],[72.93843046638953,19.154131326749173],[72.93758520719886,19.154172528389402],[72.9376611691521,19.151915464226047],[72.93505227919937,19.15128146879294],[72.9332984562928,19.151803107566],[72.9323324051695,19.15365707114996],[72.93222974627646,19.155510301861405],[72.93247335842361,19.157487253618857],[72.9342078550434,19.157828497430078],[72.93339386156687,19.15903740579453],[72.93397649221716,19.160859695377052],[72.93443002598086,19.160546599957648],[72.93511525010886,19.160789120507356],[72.93541849747315,19.160525628498107],[72.93582930810985,19.160667278611268],[72.93597341820542,19.161376652514775],[72.9371569815988,19.161198327506824],[72.93721209132607,19.161397554867133],[72.93750168766304,19.1613469954041],[72.93756442214169,19.16382259086321],[72.93912230999943,19.163664461706123],[72.94115199935763,19.162922117004825],[72.9409882466709,19.16175652570289],[72.94056845994783,19.16134330410901]],[[72.93636532725691,19.16011140143564],[72.93635815418011,19.159525366587168],[72.93583487365343,19.159568528117237],[72.93544373575749,19.158649521391567],[72.93511775577929,19.158568536347893],[72.93472137572485,19.15798133261027],[72.93567648232771,19.15766960259832],[72.9356787132955,19.15723652431892],[72.93622195028067,19.157313277312426],[72.93697702995868,19.156859881764742],[72.93744948095474,19.156846369054467],[72.93760735566696,19.16014563448943],[72.93636532725691,19.16011140143564]]]}},{"type":"Feature","properties":{"layer":"DP_0","label":"DP Zone","confidence":"high","EP_NO":"EP-N75","SUBURBS":"EASTERN","ZONE_CODE2":"SDZ"},"geometry":{"type":"Polygon","coordinates":[[[72.91647115898098,19.115590336972847],[72.91749164149219,19.114538316342852],[72.91712035889877,19.11396496647265],[72.9169464102365,19.110881844978323],[72.91649221595752,19.10984818380679],[72.91560195496717,19.11057102953467],[72.91371850923959,19.108896386806826],[72.91293363664614,19.10857169879315],[72.91169555313067,19.107514331590828],[72.90963378537506,19.10490394600288],[72.90891486175204,19.102766164472772],[72.90716716673631,19.101027618736122],[72.90681502256572,19.101151295066412],[72.90754269490405,19.10175020888983],[72.90762863034605,19.102150642906025],[72.90730256422901,19.10258757561271],[72.90844089897321,19.103700051833798],[72.90889551400554,19.105443065056278],[72.91040023959889,19.10765920728237],[72.91202325586552,19.108776090077917],[72.91281709270673,19.108952915012235],[72.91313679280951,19.10957504333799],[72.91328677938043,19.109477129937783],[72.91484617357287,19.112549472783165],[72.91513669540029,19.113942604007903],[72.91599039048153,19.11599535792236],[72.91617887607734,19.115623464249296],[72.91647115898098,19.115590336972847]]]}},{"type":"Feature","properties":{"layer":"DP_0","label":"DP Zone","confidence":"high","SUBURBS":"EASTERN","ZONE_CODE2":"I"},"geometry":{"type":"Polygon","coordinates":[[[72.88969907505506,19.02430112812952],[72.88984526702899,19.024591390865144],[72.88945836795234,19.024741109155013],[72.8888388891789,19.025884784513106],[72.88908125790164,19.025989069533544],[72.88992097656777,19.02475026645404],[72.88984488859306,19.027576325507514],[72.88827745408928,19.028143671308886],[72.88972720505663,19.027584806052744],[72.89739519400685,19.02787156595135],[72.89780380203617,19.027460177316517],[72.89858620562168,19.027701337643936],[72.8989634073835,19.029401066062128],[72.89858668879964,19.02770228515816],[72.897683218159,19.027458778543476],[72.8984663717399,19.009335980199083],[72.89985606530192,19.008848160355043],[72.90098155563746,19.007963094750593],[72.90534171579624,19.00683827676073],[72.90492755780521,19.00327620088833],[72.90432096524809,19.002969874828597],[72.90441272380181,18.998774714466204],[72.90436468278192,18.99805755826199],[72.90399099134012,18.99832217588743],[72.90398244704639,18.99766074399372],[72.90338051943603,18.99790583257385],[72.89555240367645,18.996364582524034],[72.89562131994134,19.001462542250675],[72.89317709710609,19.001288945846003],[72.89305280198802,19.002341151302417],[72.89349406893629,19.0033286365464],[72.89306443485735,19.00483028823674],[72.89269293920786,19.00983078263571],[72.89112910009005,19.01026178799128],[72.89116240412515,19.01292121141073],[72.89041960832256,19.013610120470467],[72.89030133368804,19.018538716692536],[72.89019715307336,19.018953813378218],[72.88995320123416,19.01900407092177],[72.88998592642085,19.020718609677527],[72.88991082617963,19.020903244207627],[72.88684311100636,19.021783894530394],[72.88655187869057,19.02206184946414],[72.88702592102125,19.023092278903604],[72.88961246188245,19.023405341121453],[72.88969907505506,19.02430112812952]]]}},{"type":"Feature","properties":{"layer":"DP_0","label":"DP Zone","confidence":"high","SUBURBS":"EASTERN","ZONE_CODE2":"I"},"geometry":{"type":"Polygon","coordinates":[[[72.8906432131341,19.118408146597805],[72.89079185432622,19.11781051856309],[72.89122432799383,19.117577325777823],[72.89110990659844,19.117121108771762],[72.89085792348632,19.117268124322212],[72.89062251775745,19.11693629897297],[72.89036723075223,19.11709550179005],[72.88940639688686,19.116882230436474],[72.89013449555802,19.116738018329368],[72.89020749350719,19.116163922547354],[72.89056599168603,19.11620882950772],[72.89092801596371,19.115878154793265],[72.889249291108,19.115687427267193],[72.88965011222862,19.11562592226844],[72.88969563356436,19.115082341053906],[72.89287516459504,19.11550835750088],[72.89295916305326,19.115039682889613],[72.89598360661742,19.11465864971934],[72.89625820797768,19.11403483230894],[72.89630346132458,19.114322969179714],[72.89669088694845,19.114289248427447],[72.89440255349513,19.111974447503382],[72.88852314756393,19.102978149060323],[72.8876401257548,19.10366010512256],[72.88711214418205,19.101536693692093],[72.8869057130898,19.101603372214118],[72.88672064913004,19.101125146460298],[72.88613697684276,19.100719810840804],[72.88586377676148,19.100994932113043],[72.88557812070653,19.10092754550834],[72.88498966688125,19.101694197845017],[72.88478275332913,19.101634846803808],[72.88516270894492,19.10086449399677],[72.8849725180191,19.100127946344138],[72.88613808225762,19.09972340414627],[72.88668867054396,19.100113488265865],[72.88678215908726,19.099963163936017],[72.88536706024183,19.09353209280251],[72.88354250351009,19.09265728044843],[72.88355572403415,19.092308206733573],[72.88260856640063,19.09230072587874],[72.88279961575927,19.092950007053254],[72.8830851192386,19.092775413078765],[72.88324477794708,19.09304153477023],[72.88308375991102,19.09350099176708],[72.88352128371616,19.09499507913845],[72.88362323894822,19.096759637059648],[72.88257241325667,19.09670162869151],[72.88074456083672,19.09774201754629],[72.87996280109122,19.098480617016836],[72.87921152927875,19.098492967075256],[72.87895251909991,19.09893318419825],[72.8791320579484,19.099750188143968],[72.87960000130639,19.100909025683908],[72.879940227736,19.10086088388388],[72.88015191714744,19.101107283762865],[72.88029202086463,19.101706228323227],[72.88008318108179,19.1018908390311],[72.88035752673497,19.102407375927754],[72.88147232940511,19.102760822724644],[72.8815147993656,19.101979295659397],[72.88204723036958,19.102041127622428],[72.88200082127467,19.103027537253464],[72.88382166093737,19.104051414210897],[72.88410915607777,19.104644673268986],[72.88410851889414,19.105541278917848],[72.88453421721309,19.10603060800441],[72.8859461310285,19.10676182318185],[72.8864514819829,19.107520045196352],[72.88731069211475,19.107449917271826],[72.88786314629886,19.106534249055464],[72.8875553193521,19.107579591746436],[72.88750217104885,19.109714341320725],[72.88731646919334,19.109800628136846],[72.88827075173131,19.117442962853588],[72.88870311168155,19.11727520966688],[72.88876987826845,19.11753913703824],[72.8891054918016,19.11745093232247],[72.88916398752532,19.11787818816299],[72.89014121503668,19.118007176353654],[72.89023447159299,19.11839110599927],[72.8906432131341,19.118408146597805]],[[72.89003577014181,19.11789993636286],[72.88932417558561,19.117492633356616],[72.88927024002658,19.117038282832517],[72.8895577631437,19.116939281297583],[72.88996131783932,19.11745542993407],[72.89048372062136,19.117457361930853],[72.8905235641656,19.117889445023255],[72.89003577014181,19.11789993636286]],[[72.88824887744529,19.115974265256177],[72.88824489721978,19.115185209116902],[72.88906136016364,19.115128377571423],[72.88913130417826,19.115814781949055],[72.88884263638235,19.11670393145869],[72.88852189760111,19.116589370385725],[72.88824887744529,19.115974265256177]],[[72.88978877321847,19.11029701249842],[72.89028992889038,19.110292354622768],[72.89025076652138,19.110729979584992],[72.88966452415791,19.110751080351484],[72.88942493061379,19.11029411521176],[72.88978877321847,19.11029701249842]],[[72.88892568565139,19.10780135186619],[72.88948957778328,19.107813469994877],[72.89013036192983,19.108462334499873],[72.89037578721397,19.10899286198512],[72.89033721763519,19.109746492409897],[72.889256979338,19.1097633895714],[72.88892568565139,19.10780135186619]],[[72.8868085909536,19.10514811234585],[72.88710541574731,19.104943440316358],[72.88752364327824,19.105661077810872],[72.88696337315987,19.10621939153078],[72.8868085909536,19.10514811234585]],[[72.88804463723547,19.10413074401702],[72.88810501173874,19.104473451047166],[72.88782929097427,19.104563049044966],[72.8877097999155,19.104246389777398],[72.88804463723547,19.10413074401702]],[[72.88259198648846,19.100948495002513],[72.88264996679543,19.100546201142773],[72.88316470938133,19.100521454319775],[72.88335162853976,19.101202203830734],[72.88259198648846,19.100948495002513]]]}},{"type":"Feature","properties":{"layer":"DP_0","label":"DP Zone","confidence":"high","SUBURBS":"EASTERN","ZONE_CODE2":"NA"},"geometry":{"type":"Polygon","coordinates":[[[72.8869631242326,19.025609366623875],[72.88701657873399,19.025337394819882],[72.88540769627602,19.02507769853272],[72.88547177047079,19.02291512805053],[72.8862120224176,19.022876219160242],[72.88660709733628,19.02248830335047],[72.88668943410636,19.0218902229354],[72.88360090358582,19.022958543685192],[72.88420428904139,19.025050123752283],[72.88466143974225,19.025378587481686],[72.8869631242326,19.025609366623875]]]}},{"type":"Feature","properties":{"layer":"DP_0","label":"DP Zone","confidence":"high","SUBURBS":"EASTERN","ZONE_CODE2":"NA"},"geometry":{"type":"Polygon","coordinates":[[[72.91438465834023,19.03952030924632],[72.91482490542958,19.03939532517991],[72.91553835695325,19.038321752193905],[72.91649266429204,19.038507797624895],[72.916666445111,19.037592652341274],[72.9195972198606,19.033973338202944],[72.92023584574136,19.032737748495183],[72.92153120563935,19.031232312168108],[72.9230239280756,19.03030298092076],[72.92256110583705,19.02940864154929],[72.92248027971478,19.028633380907987],[72.92297556542167,19.0274749317475],[72.92332651987705,19.027215440882692],[72.9231275643153,19.026877628098042],[72.9231990681696,19.0261026386341],[72.92363463159002,19.025815559188207],[72.92463217944048,19.0263997042098],[72.92456798824236,19.02659020625569],[72.92504706499572,19.025646021866184],[72.92508247813215,19.024856488012162],[72.9244093328768,19.02340141723188],[72.92430136468185,19.02040206521918],[72.92397884129478,19.01948565155842],[72.92323990580012,19.01895986478945],[72.9229574705396,19.019290572605644],[72.92222243530041,19.019263973487803],[72.92134608649948,19.01973791355758],[72.92108087714094,19.01952071151799],[72.92110700029596,19.01886227556363],[72.92072519487404,19.018600051938915],[72.92072450946338,19.018296327557888],[72.9196105967881,19.01747740230616],[72.91892236741216,19.014679402793934],[72.91809127185779,19.01293561801825],[72.91646226728645,19.011734352238925],[72.91697554873191,19.010733543828437],[72.91670062074746,19.009278518914183],[72.9156113468568,19.007079359664072],[72.91414519632787,19.004843703485648],[72.91367739818413,19.001584432310487],[72.91338365558946,19.001127757016942],[72.91264320975198,19.000870142229413],[72.91198201422586,19.000135313863726],[72.91165037078845,19.000474131857214],[72.91128704544407,19.00248703089588],[72.9113814757086,19.00442136724753],[72.9106029736048,19.004004109288523],[72.9100364264616,19.005753075706565],[72.90951160727819,19.00635003009452],[72.90826433492016,19.005004486005795],[72.90754637343527,19.003349457300406],[72.90721433650441,19.003163362065912],[72.90754900798245,19.003939508183343],[72.90750295886309,19.004391331046175],[72.90727503457408,19.004282907497338],[72.9075151138906,19.004833511905534],[72.90766133848564,19.00477586032554],[72.90786284927317,19.006633030690885],[72.90748639626945,19.00714877783417],[72.90706388857124,19.008597453975913],[72.90818782169652,19.00921272782638],[72.90874622379097,19.010046743323954],[72.90882891477486,19.010491646119426],[72.90820380742561,19.011771107015353],[72.90867871885544,19.014260890593924],[72.90977354776828,19.014090001521772],[72.91125834070817,19.014924829595877],[72.91065839446756,19.021558711873634],[72.91063508635088,19.022236453184895],[72.91088948814527,19.022619270444547],[72.90836905546749,19.023256891915686],[72.9083523533671,19.024977846712535],[72.91002861599532,19.027330375535865],[72.91010431328954,19.0282827454688],[72.91105024923053,19.030037930138057],[72.91041450284348,19.03059156769197],[72.90978382225046,19.032391334396777],[72.91074099473849,19.033173924978037],[72.91334011563002,19.0395415593588],[72.91397109607271,19.039684697968433],[72.91438465834023,19.03952030924632]],[[72.92179046440678,19.021167800907456],[72.92141655390176,19.021086792008425],[72.92136518983244,19.020115213570058],[72.92211719632644,19.019476338919322],[72.92256146832774,19.01946487667008],[72.92273339122379,19.019554583628608],[72.92229524727267,19.02139291310282],[72.92189690369156,19.02142134819968],[72.92179046440678,19.021167800907456]]]}},{"type":"Feature","properties":{"layer":"DP_0","label":"DP Zone","confidence":"high","SUBURBS":"EASTERN","ZONE_CODE2":"NA"},"geometry":{"type":"Polygon","coordinates":[[[72.93838690842499,19.052258666125915],[72.93682810691813,19.051697542943714],[72.93662482652948,19.051999659044352],[72.9382116482421,19.05256968046646],[72.93838690842499,19.052258666125915]]]}},{"type":"Feature","properties":{"layer":"DP_0","label":"DP Zone","confidence":"high","SUBURBS":"EASTERN","ZONE_CODE2":"NA"},"geometry":{"type":"Polygon","coordinates":[[[72.94026101340538,19.053139136354037],[72.94034039989316,19.052905959302972],[72.93861494573214,19.052337382352825],[72.93837891851564,19.052628741109043],[72.94019939039025,19.05332014017106],[72.94026101340538,19.053139136354037]]]}},{"type":"Feature","properties":{"layer":"DP_0","label":"DP Zone","confidence":"high","SUBURBS":"EASTERN","ZONE_CODE2":"NA"},"geometry":{"type":"Polygon","coordinates":[[[72.94257811722561,19.056362367815094],[72.94369360755005,19.054060233095903],[72.94052049418488,19.05289395512123],[72.94044097765091,19.053416681103133],[72.94083897378337,19.053575513267216],[72.94122639842388,19.054214930890044],[72.94082476634445,19.05470938303978],[72.94018667434786,19.054867784166756],[72.940667060435,19.05548998872636],[72.94126849830809,19.055389131405732],[72.94257811722561,19.056362367815094]]]}},{"type":"Feature","properties":{"layer":"DP_0","label":"DP Zone","confidence":"high","SUBURBS":"EASTERN","ZONE_CODE2":"NA"},"geometry":{"type":"Polygon","coordinates":[[[72.93353316623181,19.058727701175442],[72.93389988572063,19.0584109311944],[72.9338368768717,19.058147577127347],[72.93277234864611,19.056888011129278],[72.93288713711992,19.05633857900747],[72.93263262993395,19.05613672690292],[72.93246900208088,19.05691429298188],[72.9331669695037,19.05794260015225],[72.93296456387831,19.058682509873503],[72.93309919531951,19.05886441901014],[72.93353316623181,19.058727701175442]]]}},{"type":"Feature","properties":{"layer":"DP_0","label":"DP Zone","confidence":"high","SUBURBS":"EASTERN","ZONE_CODE2":"NA"},"geometry":{"type":"Polygon","coordinates":[[[72.9106136380653,19.064662473070495],[72.91103396251027,19.064280773932158],[72.91010191481905,19.06352310303955],[72.9098001627848,19.06353442754211],[72.90959809875626,19.062892905082947],[72.90867314335273,19.061916170451973],[72.90763490359359,19.063094008735984],[72.90668226729885,19.06305782858823],[72.90645501258847,19.063286641421332],[72.90684912921054,19.064779207449618],[72.9073252633315,19.064717726019552],[72.90729922446481,19.064928864216252],[72.90735805565711,19.064703604274175],[72.9090582304826,19.064655517384477],[72.90893861833457,19.06434644237902],[72.90923906774745,19.064124603203908],[72.90995416356579,19.06500197061977],[72.9099686104053,19.065423034183347],[72.9106136380653,19.064662473070495]]]}},{"type":"Feature","properties":{"layer":"DP_0","label":"DP Zone","confidence":"high","SUBURBS":"EASTERN","ZONE_CODE2":"NA"},"geometry":{"type":"Polygon","coordinates":[[[72.93554329089784,19.107475977883556],[72.93573896037427,19.105597672927857],[72.935146121627,19.105790918762672],[72.93489051355986,19.106461959841933],[72.93425189401971,19.1070824400384],[72.93503515987976,19.10763183912431],[72.93554329089784,19.107475977883556]]]}},{"type":"Feature","properties":{"layer":"DP_0","label":"DP Zone","confidence":"high","SUBURBS":"EASTERN","ZONE_CODE2":"NA"},"geometry":{"type":"Polygon","coordinates":[[[72.93988621883632,19.113407562964163],[72.93822859273082,19.113207390903405],[72.93744493935334,19.112708372396114],[72.93751051923007,19.113377064694976],[72.94103102045011,19.114055318680126],[72.93988621883632,19.113407562964163]]]}},{"type":"Feature","properties":{"layer":"DP_0","label":"DP Zone","confidence":"high","SUBURBS":"EASTERN","ZONE_CODE2":"NA"},"geometry":{"type":"Polygon","coordinates":[[[72.9412769950407,19.113160424184315],[72.9411979110625,19.112771717162357],[72.94070526459346,19.113334870124326],[72.94081319959527,19.113851737183488],[72.94144701684934,19.114126829066752],[72.9412769950407,19.113160424184315]]]}},{"type":"Feature","properties":{"layer":"DP_0","label":"DP Zone","confidence":"high","SUBURBS":"EASTERN","ZONE_CODE2":"R"},"geometry":{"type":"Polygon","coordinates":[[[72.87095812389587,19.051169086705688],[72.86895315890688,19.05131647810071],[72.86798850858288,19.052339965708455],[72.86753455000273,19.05246864595292],[72.86799577144446,19.052366281403255],[72.86888966841205,19.051412551722457],[72.87095812389587,19.051169086705688]]]}},{"type":"Feature","properties":{"layer":"DP_0","label":"DP Zone","confidence":"high","SUBURBS":"EASTERN","ZONE_CODE2":"I"},"geometry":{"type":"Polygon","coordinates":[[[72.91066982768798,19.0514834187546],[72.9104949636974,19.050708989229754],[72.91065386897914,19.052195316519057],[72.91066982768798,19.0514834187546]]]}},{"type":"Feature","properties":{"layer":"DP_0","label":"DP Zone","confidence":"high","SUBURBS":"EASTERN","ZONE_CODE2":"I"},"geometry":{"type":"Polygon","coordinates":[[[72.91160786610831,19.04674049700926],[72.9096177664499,19.04719018593115],[72.91011275341137,19.048975963404406],[72.9121136307429,19.048591437699056],[72.91188591088846,19.046857190257512],[72.91160786610831,19.04674049700926]]]}},{"type":"Feature","properties":{"layer":"DP_0","label":"DP Zone","confidence":"high","SUBURBS":"EASTERN","ZONE_CODE2":"I"},"geometry":{"type":"Polygon","coordinates":[[[72.90336776317717,19.028675495498018],[72.90374036378553,19.0291957253924],[72.90471192111818,19.029411750381737],[72.90480520210761,19.02980114418985],[72.90516599556845,19.029983187369233],[72.90692998604187,19.030031213074448],[72.9071450431288,19.030226087569197],[72.9073053810615,19.03008262430592],[72.9071586684864,19.030244445898],[72.90700996504313,19.030030276782636],[72.90516603624157,19.029981979883097],[72.90480537870266,19.029800004438844],[72.904711947119,19.029411737091294],[72.90385637141851,19.029242403522055],[72.90317752364916,19.028388387912383],[72.9020107172896,19.028026864209753],[72.90181654769485,19.026610897213665],[72.90258790832033,19.024171047155367],[72.90295359378563,19.02426214347721],[72.90265614345674,19.02386171200603],[72.90281711205573,19.022932168850765],[72.90325828795561,19.022879184721322],[72.90414211314588,19.023630230774472],[72.90698952943137,19.023787174505916],[72.90698588496139,19.02221187066112],[72.90767060872962,19.022124525594666],[72.90772424171601,19.017871026995877],[72.9098983500907,19.01697710398109],[72.91109235958993,19.018021468555396],[72.91112898273917,19.017830335237164],[72.91125834070817,19.014924829595877],[72.90979605791506,19.014086329614],[72.90870362963626,19.01425959454252],[72.90820380742561,19.011771107015353],[72.90883746589516,19.010502940768216],[72.90879494149623,19.010102383625423],[72.90824569263856,19.009306583144262],[72.90707928839204,19.008525133054253],[72.90786678923958,19.006386888111027],[72.90766829260089,19.00489605117745],[72.90727502009632,19.004283214596594],[72.90754774662591,19.004121739710595],[72.90749282453132,19.003798529968645],[72.90551409542394,19.00326932368224],[72.90511652237468,19.0037289782339],[72.90529099873585,19.00687511272865],[72.90108933807052,19.00790612401894],[72.90008345265213,19.00871021764106],[72.90027897282555,19.00889171565375],[72.90021976354119,19.00932334874246],[72.90062152776275,19.009481219579705],[72.90069877522693,19.011008612062728],[72.90045783466006,19.0110030138062],[72.90025503699795,19.010465432825093],[72.89917616331209,19.0104535298694],[72.89842447845724,19.010042985175275],[72.89846756313469,19.009335340776694],[72.897683218159,19.027458778543476],[72.89858624665473,19.02770012929992],[72.89896344810803,19.029399858003558],[72.89897998992296,19.030026885450013],[72.89873131316627,19.03007140911041],[72.89880781620876,19.030784775454645],[72.90312938770454,19.031129905188],[72.90336776317717,19.028675495498018]]]}},{"type":"Feature","properties":{"layer":"DP_0","label":"DP Zone","confidence":"high","SUBURBS":"EASTERN","ZONE_CODE2":"R"},"geometry":{"type":"Polygon","coordinates":[[[72.9039131708034,19.072847182277215],[72.90521513293835,19.071581527885808],[72.90730208006958,19.071959265659387],[72.90767934838053,19.07035235767937],[72.90925052224864,19.070400743193012],[72.90950763341314,19.069512774630695],[72.90986690149762,19.069563824473843],[72.91011275051649,19.06808163681168],[72.91060811380414,19.067545872085674],[72.91173875756041,19.06510008187745],[72.90763220754076,19.060245588815235],[72.90800001134974,19.06001560346074],[72.90772582890955,19.059730886727703],[72.9123732729551,19.05722671245311],[72.9111150060409,19.055281288084558],[72.91065398350933,19.052196317068827],[72.90904280948668,19.052425235294173],[72.90890932747591,19.051955656342347],[72.9075899581801,19.052092476664793],[72.9074634643179,19.050981370536142],[72.90820634465283,19.050843540293275],[72.9082198086857,19.05017782969173],[72.90907959094413,19.04982597889735],[72.90928083169504,19.049232656234803],[72.907880798192,19.04919839430351],[72.90787858262104,19.048831149828672],[72.90740755257795,19.048874287404285],[72.90728371605064,19.049793588066564],[72.90651818525997,19.049813511400874],[72.90632864806263,19.049143668236823],[72.90588093568566,19.048957143037633],[72.90624488074822,19.04840889012684],[72.90548747797021,19.046495224226135],[72.90518380630454,19.046415634097617],[72.9050824870583,19.045805763506745],[72.89890674348098,19.04609547350723],[72.89895092880685,19.045029794226256],[72.89867098617405,19.04458399771353],[72.89656395026203,19.04379220738792],[72.89607838119755,19.042428393776657],[72.89528447761683,19.0426468922004],[72.89511265805938,19.041353859232057],[72.89388649647339,19.040941742128535],[72.89471286203741,19.03936986470175],[72.89512543014493,19.036318014297937],[72.89648573254313,19.032454051633017],[72.89682223057166,19.03125021889704],[72.89691745699938,19.029487679157675],[72.89767943562114,19.027491736127896],[72.89724121665192,19.027868901638058],[72.88972720505663,19.027584806052744],[72.88827741329992,19.028144878490806],[72.8876578385701,19.02812326620905],[72.88741901855288,19.029298921655943],[72.88771219801934,19.029401520960352],[72.8873525103094,19.030412945852497],[72.88758906567398,19.03151315254237],[72.88730736899514,19.031327023471228],[72.88730626649061,19.03154168043017],[72.88783331160332,19.032965904950686],[72.88819138096467,19.033233827126764],[72.8904788737775,19.032734638287998],[72.8943228258104,19.03249261523691],[72.8951946962953,19.032716418173337],[72.88741753177173,19.04714300874151],[72.88658584159064,19.047728408537715],[72.88207663631572,19.05280600532422],[72.88034365993428,19.050749423407673],[72.87857497241474,19.047885883434933],[72.87823176807544,19.0478236404812],[72.89518129377416,19.071539178271543],[72.89790360990254,19.072027457917443],[72.89922823559725,19.071853480155475],[72.90193436140208,19.072976074407393],[72.9022145902613,19.072804668515435],[72.9028570491773,19.0736436777996],[72.9039131708034,19.072847182277215]],[[72.89251957804845,19.06758684372885],[72.89252038517714,19.06758650609605],[72.89252100327785,19.06758743811787],[72.89251957804845,19.06758684372885]],[[72.90995416356579,19.06500197061977],[72.90928486155791,19.06410285446213],[72.90890747565625,19.064264757381608],[72.90905825913389,19.06465551135024],[72.90735806986935,19.06470239938107],[72.9073928913121,19.0649385553927],[72.9073252483414,19.06471892020892],[72.90684912921054,19.064779207449618],[72.90638623827603,19.06315765029051],[72.90763487762007,19.063094019425257],[72.90867314335273,19.061916170451973],[72.90959809875626,19.062892905082947],[72.90986409899321,19.063536104364353],[72.91002492837481,19.063440799491666],[72.91099035161209,19.064252319623957],[72.90995019839032,19.06550458805159],[72.90995416356579,19.06500197061977]],[[72.9035081931699,19.06153891685431],[72.89858527529209,19.063692007741487],[72.89710149493969,19.06049290189756],[72.89999348133249,19.05919373319747],[72.90378262768303,19.059126536703655],[72.90396568450888,19.060075494112976],[72.90446323611795,19.060915496168224],[72.9035081931699,19.06153891685431]],[[72.90599523696706,19.062227226857388],[72.9061603080998,19.062172597121013],[72.90600809744944,19.064163448521626],[72.90251865513672,19.064197138249835],[72.90187133721442,19.063853555939257],[72.90599523696706,19.062227226857388]],[[72.88480127540664,19.05367406149709],[72.8892072938762,19.054176646386388],[72.88738089759264,19.056716468939484],[72.88457134363769,19.054741299736953],[72.88480127540664,19.05367406149709]],[[72.89625661278221,19.045967814204143],[72.89721868687043,19.046075982788587],[72.89734476256048,19.047200667512588],[72.89612359987991,19.047012580400306],[72.89625661278221,19.045967814204143]]]}},{"type":"Feature","properties":{"layer":"DP_0","label":"DP Zone","confidence":"high","SUBURBS":"EASTERN","ZONE_CODE2":"NA"},"geometry":{"type":"Polygon","coordinates":[[[72.88020307170888,19.04810624467066],[72.8812276092064,19.04486935828324],[72.88205311464415,19.04317793293627],[72.8810577737074,19.042740087403594],[72.88113915284576,19.042472590038685],[72.88413054209411,19.03693479913604],[72.88275806614867,19.03617048137692],[72.88347890569334,19.034940534842256],[72.88126720657662,19.035314241236822],[72.88053899398098,19.033091906177223],[72.87920714000334,19.030966807587376],[72.87914802683311,19.03004373706882],[72.8782968330875,19.027837253968087],[72.87746136565569,19.023920365575187],[72.87802792998077,19.022433188364346],[72.87863331678905,19.021648206904473],[72.8790398833599,19.021641304529346],[72.8813297030264,19.022952017681778],[72.88236777108769,19.023165026319035],[72.8899770150524,19.020729662338002],[72.8900565007238,19.018992339848296],[72.8878640780791,19.019397561305354],[72.88633395188677,19.019046312834455],[72.88613765087862,19.01571820667074],[72.88564379388089,19.015098629700496],[72.88564957687457,19.014370953717492],[72.88604003667899,19.01421786048026],[72.88647312022725,19.01334561883464],[72.886909363137,19.013553216379997],[72.88753805717853,19.0127491459802],[72.8869308976799,19.009010378491443],[72.88724951949983,19.009155912027904],[72.88881986675548,19.008780290285635],[72.88829595483138,19.007228183558837],[72.88914851325413,19.006548723615122],[72.88968166668566,19.004986052838895],[72.89103756598611,19.005561462867146],[72.89172149630951,19.006893534403304],[72.89246088371128,19.007243048061465],[72.89281285945285,19.004736603193965],[72.89315315846616,19.004395976170702],[72.89348213782078,19.003367790717718],[72.89305280198802,19.002341151302417],[72.89317709710609,19.001288945846003],[72.895620036046,19.001464355021238],[72.89555078266923,18.996370782440966],[72.90338051943603,18.99790583257385],[72.90398244704639,18.99766074399372],[72.90414060994367,18.99833516362241],[72.90436468278192,18.99805755826199],[72.90425795916912,18.994605402762943],[72.90444525334702,18.99398893032294],[72.90034534366153,18.995212128575144],[72.89581922754878,18.995208427486713],[72.8937998492437,18.994584013832473],[72.89140027636442,18.99436170059637],[72.88913911317118,18.992996746558514],[72.88790436948733,18.991722111771555],[72.88759569690342,18.991647903054623],[72.88725809820673,18.99190322354761],[72.88672565689103,18.995820131577844],[72.88684283093404,18.997329406078325],[72.88662332745169,18.999595747735444],[72.885496413327,18.9996266804571],[72.88491117028722,19.00120331873052],[72.88337969038382,19.00309773999324],[72.88387502431455,19.00863012486615],[72.88368433697448,19.008807186804642],[72.88497844566557,19.009768644526684],[72.88404801881775,19.015360854823268],[72.88357505363967,19.01617050297794],[72.8796194041572,19.019706381386936],[72.8781196236799,19.02169708580665],[72.87730429262609,19.023838300245135],[72.87737783286298,19.025576675230347],[72.87811068477387,19.028586265941527],[72.87881886079153,19.030729194005662],[72.8808385380016,19.034741031473096],[72.88132646618156,19.036864454234966],[72.88073380655081,19.04211800609346],[72.87980181371084,19.045576839981678],[72.88001845380236,19.046783242001535],[72.87947922934879,19.0476391645956],[72.87863258285117,19.04789399418894],[72.88022610228741,19.05050882095467],[72.88038808824994,19.04980767760253],[72.88020307170888,19.04810624467066]]]}},{"type":"Feature","properties":{"layer":"DP_0","label":"DP Zone","confidence":"high","SUBURBS":"EASTERN","ZONE_CODE2":"R"},"geometry":{"type":"Polygon","coordinates":[[[72.91964575431555,19.068458135928886],[72.91969438704616,19.06918400330728],[72.9200955677025,19.070058721755498],[72.91964575431555,19.068458135928886]]]}},{"type":"Feature","properties":{"layer":"DP_0","label":"DP Zone","confidence":"high","SUBURBS":"EASTERN","ZONE_CODE2":"R"},"geometry":{"type":"MultiPolygon","coordinates":[[[[72.91993895197072,19.068104306747625],[72.9203493769939,19.067990316568892],[72.92075342889831,19.068318536213784],[72.92164602256132,19.068314239952798],[72.9249647638043,19.067482867913238],[72.9266310420317,19.067933168154507],[72.92760026041208,19.06849674438724],[72.93175135393668,19.06671630254609],[72.93115233309278,19.065335609208937],[72.93165789473643,19.064087354207906],[72.93169486414011,19.06200279982144],[72.93078566227688,19.060861390531574],[72.93078316403148,19.06010001497157],[72.93060670871371,19.06020351502933],[72.92789959986264,19.057802484577795],[72.9297412491722,19.05708435628409],[72.93009919183879,19.057147692730652],[72.93167519828113,19.058527114888086],[72.93151920301877,19.05695234770598],[72.93209450272137,19.05624901907894],[72.93014436906074,19.05688803309972],[72.92874763644652,19.05544387051347],[72.92966513336845,19.054828297539164],[72.92906884144479,19.053580013896678],[72.93082148262793,19.053331471550884],[72.93226399262,19.055705103596797],[72.93322642702006,19.055435997622045],[72.93418781672425,19.055594141787008],[72.93455027899701,19.05687781409194],[72.93384335489831,19.057854716518627],[72.93409372257737,19.058021343738012],[72.93383689167365,19.058146382338926],[72.9339621239662,19.05833502957102],[72.93466235371554,19.057767890734603],[72.93513602352748,19.05781905499375],[72.93577158450243,19.05643187320336],[72.93720874181277,19.05596755638816],[72.93843342533062,19.054526720041352],[72.93958267256976,19.054196777246194],[72.94094117755924,19.054624570764915],[72.94121503942372,19.054110680531227],[72.94044097765091,19.053416681103133],[72.94058685008322,19.052988214498026],[72.9409625803008,19.053016327568866],[72.94369361720373,19.054060214414825],[72.94309023377548,19.05530601266161],[72.94535575871612,19.056247436977532],[72.94591245099977,19.054855564429833],[72.95254638874884,19.05728403506284],[72.9528922758347,19.060564249454504],[72.95348027312922,19.06056332009896],[72.95355746119988,19.061939551284937],[72.9559104917807,19.0620737597629],[72.9562450425812,19.063164390587637],[72.95756070101596,19.06276360228713],[72.95818517853097,19.062214983800217],[72.95774603992733,19.06092302610464],[72.95636374863962,19.059895946091512],[72.95429237112167,19.05730521920303],[72.95357179116847,19.057015235869034],[72.9524227433907,19.05559225711464],[72.94318115114454,19.052349051703683],[72.94207928479493,19.049932303752026],[72.94147368230593,19.049730925126298],[72.94073678340365,19.051495231970417],[72.94035889881667,19.051360812998357],[72.94120062115573,19.049357159087922],[72.94208889100776,19.049564551942407],[72.94219804261166,19.04893291062401],[72.9425886124618,19.048634510292636],[72.9431221819268,19.04850291542159],[72.94400085665335,19.048822704455926],[72.94521793199921,19.048169431537442],[72.94694580261005,19.048253812816714],[72.94731600401046,19.047974323607814],[72.94767005938336,19.046383997355637],[72.94926727488632,19.044309279571877],[72.94938502238949,19.04359183832335],[72.94889229000383,19.04338222994955],[72.94832030785433,19.042672895543074],[72.9488011714093,19.042702245248382],[72.9503814025053,19.040460394990564],[72.94980824418823,19.03995296186472],[72.94999252926733,19.03957802993515],[72.95062482471693,19.03987669000988],[72.95081791983459,19.039611396949585],[72.95059327966932,19.039298045523097],[72.95144530891017,19.039183811586234],[72.95138505142312,19.038653774367233],[72.95095677385812,19.0383720331148],[72.95144769173334,19.03755923111552],[72.95098714913874,19.037433633740815],[72.95185741501155,19.03732491351233],[72.95158665414517,19.03654671386965],[72.9507088030824,19.03620211578978],[72.9506618010837,19.0354973985438],[72.94973361334907,19.035409119893046],[72.94939351032136,19.03488646648579],[72.94878839753294,19.0349862993224],[72.94863105595567,19.03545034656241],[72.9484765736841,19.034961820502332],[72.95001622748688,19.033843923906495],[72.95062866313332,19.035031691204015],[72.95184463120039,19.034578363736895],[72.95185156050678,19.03404364201928],[72.95096994326666,19.032764101820142],[72.95168644800214,19.031367354958117],[72.9511155861277,19.03048928979961],[72.95004419890138,19.03238028379987],[72.95052488090717,19.03275862635431],[72.9500582755512,19.03354452606997],[72.9483045632905,19.031709825718433],[72.94733198580472,19.03151993637479],[72.94672374594623,19.030817265459742],[72.94585893151942,19.030676546225216],[72.94557997527338,19.03133837524606],[72.94414165558968,19.030464898896966],[72.93920365564328,19.028468134786408],[72.93761398820126,19.027598536592098],[72.93727036920707,19.026832101542],[72.93604958078718,19.02684769448302],[72.9329904606986,19.025335272376292],[72.93207425345318,19.02415580866065],[72.93061398203803,19.022978896930397],[72.93100300371499,19.022086474834452],[72.92669068606976,19.016548702335367],[72.92675342251107,19.015609635025402],[72.92403697849969,19.012099395713616],[72.92416039774186,19.011758506291272],[72.92367977107969,19.01166549611575],[72.9212819503294,19.008610916649815],[72.92081308724241,19.00743679334362],[72.91852673305048,19.006410550103524],[72.91645938747294,19.006491600799738],[72.91629170340374,19.00667386814899],[72.91502392105895,19.004556365354336],[72.91400696254114,19.000745124699915],[72.9135502438969,19.00000768237301],[72.91205069508291,18.999226140400964],[72.911501594074,18.99938322826012],[72.90998193032694,19.000507972567437],[72.90707048241507,19.000397571176535],[72.9061659549572,18.999557593151405],[72.90608342415615,18.999072433174227],[72.90654337368461,18.998863197492813],[72.90625569389607,18.998168901085617],[72.90437561328467,18.998216070484993],[72.90432096524809,19.002969874828597],[72.9049092983666,19.0031331821194],[72.90499502642864,19.003804673164492],[72.90545403046023,19.003338767437345],[72.90735874625508,19.003687212933265],[72.90720207880382,19.003273110519128],[72.90739609217336,19.00313760329321],[72.90824777895723,19.00495706571533],[72.9094656259484,19.006302019893283],[72.91008646646178,19.005640030749106],[72.91059779962399,19.00401705561768],[72.91136114978409,19.004418608420217],[72.91142069121533,19.004276333411163],[72.91128225398167,19.00251325722184],[72.91172767340998,19.000265754312732],[72.91205726550731,19.000110154173143],[72.9127480692126,19.000938426751848],[72.91321769874983,19.001004506875343],[72.91355016305207,19.00133870551756],[72.9141264360918,19.00479075021658],[72.91669821610647,19.009270363903077],[72.91697554873191,19.010733543828437],[72.91646276652321,19.011733626271045],[72.91813687926009,19.01296458016973],[72.91892132899169,19.014668462827522],[72.91953309740276,19.017367975454235],[72.92076836495906,19.018359316341467],[72.92081120758435,19.018698826566602],[72.92110021765156,19.0188408861131],[72.9210055770732,19.019416888640635],[72.92121958343243,19.01967074404734],[72.92218141606355,19.01927951052093],[72.92299234627856,19.019282112345547],[72.92313278658226,19.01899026979853],[72.92395999864327,19.019457895812568],[72.92430138711572,19.020364481981385],[72.9243951358228,19.023327564072773],[72.92498647344222,19.024313271090385],[72.9250641186142,19.025590762019306],[72.92462844696048,19.026473175251105],[72.92362295189999,19.025816421669195],[72.92317750781693,19.0261171171938],[72.92327251377782,19.02730099013429],[72.92248029457323,19.028632186124405],[72.92293289081361,19.030189045197357],[72.92279574281265,19.03058690816823],[72.92153120563935,19.031232312168108],[72.92023584574136,19.032737748495183],[72.9195972198606,19.033973338202944],[72.91669394209444,19.037587603289595],[72.91657212010514,19.038423260021666],[72.91564730873218,19.03830878259053],[72.91486989798433,19.03937361705687],[72.91396796174128,19.039684843208246],[72.91334074780826,19.0395034549009],[72.91074099473849,19.033173924978037],[72.90978360362536,19.032396660603403],[72.91041450284348,19.03059156769197],[72.91105023428919,19.03003912491276],[72.91010431328954,19.0282827454688],[72.91005002642738,19.027367843436267],[72.90928184971168,19.026239282709533],[72.9089176960379,19.028170548127928],[72.90749087262562,19.02802280394035],[72.90754596355188,19.028978165733747],[72.90694746286078,19.028927475007603],[72.90730539954237,19.030081440268805],[72.90715862782015,19.030245653963952],[72.90700992529854,19.030031483991756],[72.90516599556845,19.029983187369233],[72.90480533801987,19.029801212502694],[72.90471187226703,19.02941293118204],[72.90385633042555,19.029243611581666],[72.90344808379682,19.028786694913485],[72.90312656807544,19.031026456913153],[72.89884374372075,19.030863155694973],[72.898731606368,19.030074146578496],[72.89892963548056,19.030037741948885],[72.8989611242387,19.029535155953084],[72.89858664777024,19.02770349321317],[72.89768314034991,19.027459986468198],[72.89696130094646,19.02939570216668],[72.89684025483268,19.03116196024911],[72.89648573254313,19.032454051633017],[72.89512908218984,19.036303556598977],[72.89473739016674,19.0392784479319],[72.89388649647339,19.040941742128535],[72.89519272503607,19.04141955557097],[72.89528447761683,19.0426468922004],[72.89602081311925,19.042379150275945],[72.89650399132768,19.04372151957318],[72.89874810379582,19.044659398134645],[72.89895092880685,19.045029794226256],[72.8988282342994,19.046086655345945],[72.90016228123184,19.04615327200964],[72.9000667639178,19.045638621691857],[72.89984926233143,19.04559736798769],[72.8999079544512,19.044916533996172],[72.90096368975178,19.043407669812677],[72.90144928771528,19.043989745250357],[72.90398095170006,19.043827382752827],[72.90350832730554,19.04429792318601],[72.90370948594236,19.045635917930525],[72.90924712607085,19.04571701354954],[72.9096177664499,19.04719018593115],[72.91174774856876,19.04680044219027],[72.91209614514656,19.048461073239135],[72.91022366632826,19.048953523627027],[72.91017834253064,19.049269291912704],[72.91108406413126,19.05517195442095],[72.9123540578506,19.057199347787424],[72.9078408866539,19.059677669592652],[72.90800001134974,19.06001560346074],[72.90765943261418,19.06040289793893],[72.91178623356204,19.064942290532866],[72.91156383281358,19.06501879768639],[72.91317657425552,19.065298182169684],[72.91840423028158,19.067126315250785],[72.91963442704117,19.06844735218071],[72.91993895197072,19.068104306747625]]],[[[72.92285310001313,19.067975314543784],[72.92285312867553,19.067975307640364],[72.92285327738293,19.067975645195713],[72.92285310001313,19.067975314543784]],[[72.91396648708212,19.060855527624373],[72.91478228503412,19.06085276204699],[72.91545406910765,19.062969882602584],[72.91446870132954,19.063412714408752],[72.91396648708212,19.060855527624373]],[[72.91850345184498,19.060865178204605],[72.91821726935318,19.06002856903737],[72.91913191939256,19.05876169707125],[72.91839180966106,19.058001515412023],[72.916873093369,19.0593348553104],[72.915751142262,19.059891870263268],[72.9153704692769,19.059866667821133],[72.9143337927868,19.058984108766168],[72.91366420019241,19.059213404425737],[72.91256990528159,19.057459390926862],[72.91891357953081,19.05342330451775],[72.92086435287499,19.05621919111814],[72.92191938872894,19.055726520249735],[72.92388999800896,19.059143826886974],[72.91880143178197,19.061736267238885],[72.91850345184498,19.060865178204605]],[[72.91717873185223,19.054287893597806],[72.91703418572662,19.054379164075325],[72.91622037848245,19.05343727095981],[72.91539216568725,19.05365486084419],[72.91489945696942,19.05336452983488],[72.9143493692919,19.053543446635917],[72.91421585302278,19.053373914445043],[72.9141059801262,19.051701629101128],[72.91433244688616,19.0485677789708],[72.91399673887017,19.04581892463194],[72.91801578678141,19.044508246354113],[72.91966490302588,19.04662722315144],[72.92030084405357,19.048137452737556],[72.92036082186843,19.049159585111703],[72.91988197028246,19.049239424401744],[72.91988090592227,19.048835302987015],[72.91964507163078,19.04882297726475],[72.91961478028806,19.049650321060202],[72.9203497625773,19.049668819836143],[72.92107249405662,19.0517637742797],[72.91717873185223,19.054287893597806]],[[72.93837891851564,19.052628741109043],[72.9385264247199,19.052408034691293],[72.93894061061555,19.05244540312673],[72.94034040591059,19.05290593971433],[72.94019939039025,19.05332014017106],[72.93837891851564,19.052628741109043]],[[72.93839428959379,19.052296401906702],[72.9382116482421,19.05256968046646],[72.93670227424815,19.052036730258543],[72.93682559209178,19.051701281797904],[72.93839428959379,19.052296401906702]],[[72.93568132751827,19.049869904508558],[72.93430693402244,19.04936720392073],[72.93654528857701,19.049267512221995],[72.93653332415117,19.0483126422905],[72.93781866549355,19.048024605311245],[72.93778618845187,19.046861944481822],[72.93820991532071,19.046618385204148],[72.93860497690005,19.045882251750076],[72.94186351962067,19.045046431733684],[72.94648111141865,19.04263041059418],[72.94658560159897,19.04285188714577],[72.93945509263641,19.048393664046262],[72.9376938960918,19.04999096899991],[72.93784129925453,19.050043465689683],[72.9375716654363,19.050594324951017],[72.93568132751827,19.049869904508558]],[[72.94496201929692,19.040072259736338],[72.94441777440797,19.039395160279394],[72.94453044477966,19.039234825449316],[72.94529420286783,19.03925367159539],[72.94504538396885,19.039766460946915],[72.94589289621916,19.040059270653106],[72.94639013389845,19.04078370789439],[72.94605988411443,19.04104091951252],[72.94587350795281,19.040583195505874],[72.94496201929692,19.040072259736338]],[[72.90665480979419,19.03578279233337],[72.9058791761146,19.03539576616179],[72.90595084248568,19.03507090693617],[72.90772060024784,19.035817322173596],[72.90888356505359,19.036845834635223],[72.90926359462578,19.03778690991452],[72.90918980636967,19.03916438222414],[72.90873780737205,19.03906042831779],[72.90876078921771,19.037712141510408],[72.90839097529388,19.036983812514475],[72.90665480979419,19.03578279233337]],[[72.89730547365198,19.035489341329175],[72.89659682137263,19.03532673807105],[72.89548324426778,19.035635022580873],[72.89619514199846,19.03332744297483],[72.89736609091948,19.033854320104926],[72.89730547365198,19.035489341329175]],[[72.94175957034366,19.038791767448345],[72.9412566541712,19.03767174631839],[72.94045070643459,19.037909183661743],[72.93998926468859,19.036839620417602],[72.93952233412128,19.03674843271981],[72.9387662571822,19.037956402499955],[72.938006924678,19.038545516511544],[72.93798368345746,19.037713033934573],[72.9364695872367,19.036809798512262],[72.93611438037922,19.037077124355672],[72.93563349186893,19.03583875774249],[72.9353309752515,19.035930472841486],[72.93439846594612,19.037134192216392],[72.93361845501978,19.037190939228974],[72.93308480548562,19.03689669162625],[72.93259257263612,19.035496860776377],[72.93220306791642,19.035232041199137],[72.93175823804525,19.035690807837167],[72.9313632118609,19.035214325127512],[72.9313612575161,19.032691181097366],[72.93085401334916,19.032732550836677],[72.93006570332489,19.0312677152813],[72.92962007976499,19.031228672095054],[72.92901058656679,19.030471530988176],[72.92777664042248,19.029949869404813],[72.92701452071321,19.029213553565636],[72.92541095897721,19.028494010340644],[72.92525544595813,19.027508072704904],[72.92575634455703,19.026071427362517],[72.92632151262202,19.02573431870335],[72.92702645090287,19.025935588431402],[72.92832675453766,19.02731189118953],[72.92898697380367,19.028897486530063],[72.93000233984425,19.029481443913905],[72.93031884090543,19.029155819252445],[72.9311778695631,19.026617213844066],[72.93186124059706,19.02577989864214],[72.93222563485392,19.02631898346086],[72.93291579482622,19.029500618712966],[72.93368173751446,19.029647457090036],[72.93437291416605,19.03043186883123],[72.93540905397808,19.03035774897027],[72.93608909565582,19.031530822887465],[72.93710855840861,19.031418847309023],[72.93879289317144,19.032720895106674],[72.93887181732708,19.032428727837274],[72.93951359427076,19.032217696291458],[72.94022891369185,19.032967575076437],[72.94100317407944,19.032928809712047],[72.94110487688987,19.032347251138077],[72.94197719429332,19.032738348629096],[72.94272094615638,19.033588795742215],[72.9428053093081,19.03476415226396],[72.94378689007067,19.035656711246997],[72.9440673141156,19.036396432542052],[72.94333787487183,19.03868942362016],[72.94229932724701,19.039126158281288],[72.94175957034366,19.038791767448345]]]]}},{"type":"Feature","properties":{"layer":"DP_0","label":"DP Zone","confidence":"high","SUBURBS":"EASTERN","ZONE_CODE2":"NA"},"geometry":{"type":"Polygon","coordinates":[[[72.91397811503188,19.065551737452264],[72.91197363839663,19.06495818257881],[72.91201198130337,19.065212493598622],[72.91297058897574,19.065315907605903],[72.91640852893023,19.066543726186577],[72.91916670210169,19.067920456410786],[72.918429227217,19.06714074312188],[72.91397811503188,19.065551737452264]]]}},{"type":"Feature","properties":{"layer":"DP_0","label":"DP Zone","confidence":"high","SUBURBS":"EASTERN","ZONE_CODE2":"NA"},"geometry":{"type":"Polygon","coordinates":[[[72.9206186109741,19.072208419283236],[72.91963442704117,19.06844735218071],[72.91923864853841,19.06800718934032],[72.91640852893023,19.066543726186577],[72.9130287562045,19.06532255655824],[72.91212490200407,19.065237125014633],[72.91160230578721,19.065521698504142],[72.91185010806919,19.065735522576777],[72.91331743015682,19.065665936636986],[72.91427512671734,19.06659712946733],[72.91599835925047,19.067115344642847],[72.91610992882846,19.067673008093067],[72.91721202490112,19.067325367702445],[72.91689022563075,19.067576636672893],[72.9168611116258,19.06794380270412],[72.91699478117256,19.070502290113655],[72.91756948097932,19.071460776374472],[72.91771120435887,19.072759621462133],[72.91837051353733,19.072704424040204],[72.91780485567092,19.071836380519088],[72.91842291261017,19.072620004533043],[72.9188071386335,19.072645586329934],[72.92008216846264,19.071970978731407],[72.92119056557094,19.074081098217235],[72.9206186109741,19.072208419283236]]]}},{"type":"Feature","properties":{"layer":"DP_0","label":"DP Zone","confidence":"high","EP_NO":"EP-PN86","SUBURBS":"WESTERN","ZONE_CODE2":"NDZ"},"geometry":{"type":"Polygon","coordinates":[[[72.80016631962334,19.14438629909166],[72.79957299008348,19.143985583923058],[72.8001338922348,19.14345078614145],[72.7999178952728,19.143073331465356],[72.79990285651083,19.143362691945146],[72.79815321141466,19.14260862789714],[72.7974446731802,19.14474504568199],[72.79884828669158,19.145136900768346],[72.79882388082572,19.145884336168333],[72.79921600581865,19.146006543725708],[72.79931511117981,19.146346814912622],[72.79840108614269,19.146707054442967],[72.7979266764125,19.147255733302394],[72.79834178582536,19.147782399956114],[72.79912303015551,19.148007129971177],[72.79980198347684,19.147640768307014],[72.80017335700968,19.147962210725577],[72.80026314257127,19.147759443335747],[72.80054218315334,19.148006610790983],[72.80065763332838,19.14787453372599],[72.80036923125333,19.147498759558005],[72.80088302809254,19.14694134297558],[72.80007852729976,19.14682658282139],[72.80011403103282,19.14599723973659],[72.80125075052332,19.144878918883194],[72.80040899604556,19.144767889993194],[72.80016631962334,19.14438629909166]]]}},{"type":"Feature","properties":{"layer":"DP_0","label":"DP Zone","confidence":"high","EP_NO":"EP-PN52","SUBURBS":"WESTERN","ZONE_CODE2":"NA"},"geometry":{"type":"Polygon","coordinates":[[[72.80020200503724,19.144354724887986],[72.80059141939907,19.14483217426351],[72.80118902840239,19.144837452008915],[72.8014224008764,19.1445658654745],[72.80041409115232,19.143960255360312],[72.80020200503724,19.144354724887986]]]}},{"type":"Feature","properties":{"layer":"DP_0","label":"DP Zone","confidence":"high","EP_NO":"EP-PN87","SUBURBS":"WESTERN","ZONE_CODE2":"NA"},"geometry":{"type":"Polygon","coordinates":[[[72.80132474815721,19.144070737498424],[72.8027120533915,19.14494899722809],[72.8024645099214,19.144603494303592],[72.80132474815721,19.144070737498424]]]}},{"type":"Feature","properties":{"layer":"DP_0","label":"DP Zone","confidence":"high","SUBURBS":"EASTERN","ZONE_CODE2":"C"},"geometry":{"type":"Polygon","coordinates":[[[72.89642936286778,19.04597901503605],[72.89625661278221,19.045967814204143],[72.89608988079212,19.04692265377808],[72.8973374882563,19.047301327580872],[72.89722066019974,19.04612275740931],[72.89642936286778,19.04597901503605]]]}},{"type":"Feature","properties":{"layer":"DP_0","label":"DP Zone","confidence":"high","SUBURBS":"EASTERN","ZONE_CODE2":"C"},"geometry":{"type":"Polygon","coordinates":[[[72.90378597867839,19.04402017399048],[72.90391471940633,19.043806140320257],[72.90144928771528,19.043989745250357],[72.90139055222447,19.043674225273264],[72.90080813684385,19.04346091345148],[72.8999079544512,19.044916533996172],[72.89984276015237,19.045464023745247],[72.90016228123184,19.04615327200964],[72.90358641397177,19.045779948808708],[72.90369578059857,19.044902869529725],[72.90350249921853,19.044326187467533],[72.90378597867839,19.04402017399048]]]}},{"type":"Feature","properties":{"layer":"DP_0","label":"DP Zone","confidence":"high","EP_NO":"EP-MW44","SUBURBS":"EASTERN","ZONE_CODE2":"NDZ"},"geometry":{"type":"Polygon","coordinates":[[[72.88809782559021,19.00897521782462],[72.88697250159301,19.009380769744606],[72.88739025402768,19.011882178295153],[72.88753925588043,19.01190408301559],[72.88741695350606,19.011113936456212],[72.88825323283484,19.01092697593174],[72.88829268399415,19.010653704542083],[72.889243795954,19.010532283501597],[72.89002612696864,19.010139699484867],[72.89006222358651,19.010396221777356],[72.8905413284666,19.009965351727697],[72.8911867055546,19.01024947406948],[72.89269169298059,19.00983118957497],[72.89310851041685,19.004584027038554],[72.89282505031906,19.00465981938895],[72.89252842386641,19.007254885189774],[72.89172149630951,19.006893534403304],[72.89095058434584,19.005524660767666],[72.88968166668566,19.004986052838895],[72.88914851325413,19.006548723615122],[72.88829595483138,19.007228183558837],[72.88874770693124,19.008681143206676],[72.88809782559021,19.00897521782462]]]}},{"type":"Feature","properties":{"layer":"DP_0","label":"DP Zone","confidence":"high","SUBURBS":"EASTERN","ZONE_CODE2":"C"},"geometry":{"type":"Polygon","coordinates":[[[72.97024860936816,19.174611148850587],[72.96987448229912,19.1745871703028],[72.96978025369094,19.173831624496415],[72.97030607614714,19.17378310450963],[72.97029194600907,19.173426029304142],[72.97088833842845,19.17331797620367],[72.97102351838923,19.172388957263735],[72.96894761443484,19.17229671733178],[72.96879440475502,19.17243059585325],[72.96901983753824,19.17458995854559],[72.96879326839903,19.175528784891373],[72.9702256177219,19.175237869723198],[72.97024860936816,19.174611148850587]]]}},{"type":"Feature","properties":{"layer":"DP_0","label":"DP Zone","confidence":"high","SUBURBS":"EASTERN","ZONE_CODE2":"I"},"geometry":{"type":"Polygon","coordinates":[[[72.95234530234899,19.165732912504787],[72.95187760387554,19.165147790410128],[72.95181453592082,19.164618736124034],[72.95311700534813,19.162048875200366],[72.954011348054,19.161036272927205],[72.95449959625876,19.159656127791028],[72.95420513263704,19.158818887442184],[72.95266325829205,19.156627499928874],[72.95146217932269,19.15739838622442],[72.95038865359706,19.1602758461125],[72.94941752361734,19.158275328230562],[72.94865310371057,19.157219004008148],[72.94819145757887,19.15704874897853],[72.95027876141533,19.162464059964858],[72.95059881837852,19.162579226069028],[72.95148627742296,19.164711565625602],[72.95130680239144,19.16482032494524],[72.95288063629813,19.16736629561057],[72.95313493910338,19.167047949699004],[72.95234530234899,19.165732912504787]]]}},{"type":"Feature","properties":{"layer":"DP_0","label":"DP Zone","confidence":"high","SUBURBS":"EASTERN","ZONE_CODE2":"I"},"geometry":{"type":"Polygon","coordinates":[[[72.91065398350933,19.052196317068827],[72.90934002064698,19.045713485296393],[72.9050824872288,19.04580574992327],[72.90516593924215,19.04641887012972],[72.90548747797021,19.046495224226135],[72.90624489572862,19.048407696225237],[72.90579566935618,19.048865043820808],[72.90638117854506,19.04917704008943],[72.90644078572551,19.049790168451203],[72.90729133628605,19.049689951221698],[72.907306275702,19.048844822504563],[72.90785664949357,19.04883668681436],[72.907880798192,19.04919839430351],[72.90928083169504,19.049232656234803],[72.90885512560996,19.04997323079193],[72.90821983377792,19.050177816390754],[72.90820634465283,19.050843540293275],[72.90745790466153,19.050922818765326],[72.9075899581801,19.052092476664793],[72.90885660953404,19.051933734052728],[72.90904435397609,19.052418880941108],[72.91065398350933,19.052196317068827]]]}},{"type":"Feature","properties":{"layer":"DP_0","label":"DP Zone","confidence":"high","EP_NO":"EP-S115","SUBURBS":"EASTERN","ZONE_CODE2":"NA"},"geometry":{"type":"Polygon","coordinates":[[[72.88934414530628,19.127544940846143],[72.88928540471063,19.127169627499555],[72.88699802909238,19.12902120624517],[72.89025503993587,19.13008375556769],[72.88962368098652,19.128855454127876],[72.88934414530628,19.127544940846143]]]}},{"type":"Feature","properties":{"layer":"DP_0","label":"DP Zone","confidence":"high","EP_NO":"EP-S116","SUBURBS":"EASTERN","ZONE_CODE2":"NDZ"},"geometry":{"type":"Polygon","coordinates":[[[72.89985695390517,19.130204826268002],[72.8995017291728,19.129652578270885],[72.89890585288111,19.129765849879394],[72.8991212584203,19.1305281022124],[72.89836341518644,19.13189327330123],[72.89914489961443,19.132560769465197],[72.89947745443929,19.132518731854322],[72.8997661537049,19.13170216738125],[72.90051218276243,19.131297733755485],[72.89985695390517,19.130204826268002]]]}},{"type":"Feature","properties":{"layer":"DP_0","label":"DP Zone","confidence":"high","EP_NO":"EP-S67","SUBURBS":"EASTERN","ZONE_CODE2":"NDZ"},"geometry":{"type":"Polygon","coordinates":[[[72.8977839152944,19.13419882702054],[72.89793570844937,19.133995849243814],[72.8988859934425,19.134374860828178],[72.89692611186716,19.13308903342504],[72.89644037930924,19.13389198768895],[72.8967969239947,19.13523891973632],[72.8977839152944,19.13419882702054]]]}},{"type":"Feature","properties":{"layer":"DP_0","label":"DP Zone","confidence":"high","EP_NO":"EP-S133","SUBURBS":"EASTERN","ZONE_CODE2":"NDZ"},"geometry":{"type":"Polygon","coordinates":[[[72.93169486651774,19.110666567744016],[72.93164299367004,19.110211388606903],[72.93163976189629,19.110697188716816],[72.93169486651774,19.110666567744016]]]}},{"type":"Feature","properties":{"layer":"DP_0","label":"DP Zone","confidence":"high","EP_NO":"EP-S124","SUBURBS":"EASTERN","ZONE_CODE2":"NDZ"},"geometry":{"type":"Polygon","coordinates":[[[72.93210209647228,19.11510361117382],[72.93225078530904,19.114915851111128],[72.9319988294323,19.112787579493904],[72.93167568867857,19.11284659637875],[72.93186800782274,19.115006691688805],[72.93210209647228,19.11510361117382]]]}},{"type":"Feature","properties":{"layer":"DP_0","label":"DP Zone","confidence":"high","EP_NO":"EP-S124","SUBURBS":"EASTERN","ZONE_CODE2":"NDZ"},"geometry":{"type":"Polygon","coordinates":[[[72.93258745956206,19.11845716861305],[72.93230452895517,19.11536493941309],[72.93198611203158,19.115266732678393],[72.93235937743101,19.119082595264807],[72.9326331613496,19.11894868447666],[72.93258745956206,19.11845716861305]]]}},{"type":"Feature","properties":{"layer":"DP_0","label":"DP Zone","confidence":"high","SUBURBS":"EASTERN","ZONE_CODE2":"R"},"geometry":{"type":"Polygon","coordinates":[[[72.89503068912693,19.12469152577867],[72.8940901327483,19.124765297126203],[72.89316663002425,19.12501179023255],[72.89503068912693,19.12469152577867]]]}},{"type":"Feature","properties":{"layer":"DP_0","label":"DP Zone","confidence":"high","EP_NO":"EP-S82","SUBURBS":"EASTERN","ZONE_CODE2":"NA"},"geometry":{"type":"Polygon","coordinates":[[[72.90982537059855,19.11150975523181],[72.90983440808056,19.11098251917638],[72.91042615663086,19.110901875783984],[72.91072044366389,19.110204148807874],[72.91237214806323,19.110668073124668],[72.91359091067432,19.11143939976927],[72.9141059256991,19.112285874373917],[72.91350364678236,19.112994598505203],[72.91416156185699,19.113323704543145],[72.91419783426619,19.11355952596788],[72.91372087920725,19.11424636082813],[72.91435083566414,19.115669964867603],[72.9146771620527,19.11361951270777],[72.91408934892122,19.111812130649984],[72.91330247462027,19.11065259315508],[72.90978074430606,19.108631231377785],[72.90904576599422,19.108298373792774],[72.90835494875519,19.10840873096249],[72.90800999594065,19.10813679948892],[72.90698615810179,19.110717947259783],[72.90735327063103,19.11096067899901],[72.90813690196954,19.110421461909457],[72.90884769786037,19.11127353357745],[72.90982537059855,19.11150975523181]]]}},{"type":"Feature","properties":{"layer":"DP_0","label":"DP Zone","confidence":"high","EP_NO":"EP-PS69","SUBURBS":"EASTERN","ZONE_CODE2":"G-Z"},"geometry":{"type":"Polygon","coordinates":[[[72.8848939857112,19.128680145627296],[72.88477156534931,19.129537893464942],[72.88639500700612,19.129428521406773],[72.88680527431691,19.12996231050918],[72.88871441263939,19.131205037806655],[72.88852199105284,19.131313947378814],[72.88858517881035,19.132210872783048],[72.88916627189366,19.132800958537576],[72.8895046523284,19.134030397740982],[72.8905171368792,19.13522141927689],[72.8909251995793,19.136147014167616],[72.89234276983505,19.136618366594426],[72.89360491011215,19.135535590476383],[72.89377798007204,19.134904325357876],[72.89572111302664,19.135217488193526],[72.89577206404822,19.133679921994442],[72.89635877021374,19.1327503741437],[72.89555227269736,19.132226617444022],[72.8848939857112,19.128680145627296]]]}},{"type":"Feature","properties":{"layer":"DP_0","label":"DP Zone","confidence":"high","SUBURBS":"EASTERN","ZONE_CODE2":"I"},"geometry":{"type":"Polygon","coordinates":[[[72.88569876476413,19.11077912171149],[72.88535764005405,19.111015732243775],[72.88526909735496,19.11163102266913],[72.88554056014625,19.112184176409215],[72.8859868761885,19.112492957989698],[72.88578221852478,19.112351246472038],[72.88663005518181,19.112243390826823],[72.88674614688229,19.112566743154606],[72.88593710435914,19.1126887997849],[72.88667138083206,19.11304702029141],[72.88724115295892,19.11380808778626],[72.88746802099854,19.113762172706128],[72.88722453087202,19.109713759205558],[72.88657943655397,19.11019979201307],[72.8864778927827,19.111044191698788],[72.88605230864093,19.111132960707117],[72.88599040443412,19.11080072096922],[72.88569876476413,19.11077912171149]]]}},{"type":"Feature","properties":{"layer":"DP_0","label":"DP Zone","confidence":"high","SUBURBS":"EASTERN","ZONE_CODE2":"C"},"geometry":{"type":"Polygon","coordinates":[[[72.89018455969767,19.117879495478363],[72.8905235641656,19.117889445023255],[72.89053346032202,19.11745742558486],[72.89001098569041,19.11750733728071],[72.88951288615382,19.11691338727014],[72.88937240095495,19.117011533841225],[72.88932031632254,19.11749031572279],[72.89018455969767,19.117879495478363]]]}},{"type":"Feature","properties":{"layer":"DP_0","label":"DP Zone","confidence":"high","SUBURBS":"EASTERN","ZONE_CODE2":"R"},"geometry":{"type":"Polygon","coordinates":[[[72.88848275980607,19.01173047201884],[72.88832798345462,19.01090320837821],[72.88746401563131,19.01103572622045],[72.88753411216551,19.011861263080718],[72.88848275980607,19.01173047201884]]]}},{"type":"Feature","properties":{"layer":"DP_0","label":"DP Zone","confidence":"high","SUBURBS":"EASTERN","ZONE_CODE2":"R"},"geometry":{"type":"Polygon","coordinates":[[[72.903567786095,19.026771643100286],[72.90432259018614,19.025342959238337],[72.90307381493116,19.02430122856393],[72.90261204456345,19.024175060655896],[72.90181934114835,19.026603558134628],[72.903567786095,19.026771643100286]]]}},{"type":"Feature","properties":{"layer":"DP_0","label":"DP Zone","confidence":"high","SUBURBS":"EASTERN","ZONE_CODE2":"I"},"geometry":{"type":"Polygon","coordinates":[[[72.89646501768834,19.03542347201489],[72.8973054326018,19.035490549670893],[72.89736609091948,19.033854320104926],[72.89620154797406,19.033306989912436],[72.89543835698029,19.03550909753652],[72.89646501768834,19.03542347201489]]]}},{"type":"Feature","properties":{"layer":"DP_0","label":"DP Zone","confidence":"high","SUBURBS":"EASTERN","ZONE_CODE2":"C"},"geometry":{"type":"Polygon","coordinates":[[[72.97655313612266,19.172884245172785],[72.97626255200579,19.172697266896723],[72.97600770225252,19.173029375337],[72.9762660189346,19.173205473031334],[72.97655313612266,19.172884245172785]]]}},{"type":"Feature","properties":{"layer":"DP_0","label":"DP Zone","confidence":"high","EP_NO":"EP-S79","SUBURBS":"EASTERN","ZONE_CODE2":"NA"},"geometry":{"type":"Polygon","coordinates":[[[72.92172284395888,19.144721673407567],[72.92233706424281,19.145887250238513],[72.92271525089203,19.14616115789579],[72.92367827234999,19.148675548028],[72.92296509442207,19.146297762563474],[72.92172284395888,19.144721673407567]]]}},{"type":"Feature","properties":{"layer":"DP_0","label":"DP Zone","confidence":"high","EP_NO":"EP-T66","SUBURBS":"EASTERN","ZONE_CODE2":"NDZ"},"geometry":{"type":"Polygon","coordinates":[[[72.95929673531172,19.15726576932589],[72.96337268912869,19.155759117803996],[72.96674523345575,19.155579611165813],[72.96872854568652,19.154800417559493],[72.96871186771074,19.154323675787705],[72.97436697132554,19.15331999165872],[72.97498710625703,19.15719971815844],[72.97334488217926,19.158502019393797],[72.97369846278693,19.15933267803301],[72.97617274512714,19.157181634503587],[72.97630174961591,19.156266761283902],[72.97565951417127,19.152655512099336],[72.9752290717448,19.15217551863615],[72.96742795010425,19.153619474182857],[72.96737337562047,19.154008683782934],[72.96524534450084,19.154407035774817],[72.96516960735514,19.154056338256584],[72.96257322147272,19.154786702872595],[72.9625283510573,19.15458295955095],[72.95884399795645,19.1549453118181],[72.95819107382555,19.155453057511185],[72.95929673531172,19.15726576932589]]]}},{"type":"Feature","properties":{"layer":"DP_0","label":"DP Zone","confidence":"high","EP_NO":"EP-T63","SUBURBS":"EASTERN","ZONE_CODE2":"NDZ/SDZ (Slum)"},"geometry":{"type":"Polygon","coordinates":[[[72.92868018326892,19.157818896625184],[72.92766170794224,19.157965329569596],[72.92697542640852,19.15853199060108],[72.92671498518841,19.158130790634104],[72.92691806797968,19.158104851967575],[72.92677507121095,19.156156412568023],[72.92613311536685,19.156254735402243],[72.92649342195035,19.15528858971359],[72.92719422421123,19.155386267030686],[72.92746352856403,19.15414023281691],[72.92684264408265,19.153160439641056],[72.92595321995256,19.15303509169512],[72.92506128369403,19.152018950241136],[72.92306052728836,19.15171259176172],[72.92251138903369,19.152273529819393],[72.92115178476526,19.154934724508333],[72.9207846271064,19.15625440681825],[72.92086856833977,19.157339092106437],[72.92244019825262,19.161707599791416],[72.92252880263896,19.16278469573165],[72.92118043361228,19.164114219534415],[72.92104582166711,19.16356987810869],[72.92015016788973,19.163757256399716],[72.91981540761114,19.163555888006073],[72.91960527759665,19.162995903893083],[72.918544843616,19.162817043912593],[72.91812504782398,19.16313279568412],[72.91801080079028,19.16376813202147],[72.91771392658478,19.163861357551067],[72.91712228663593,19.163512182498483],[72.91663061025393,19.162279907938235],[72.91513637673037,19.162590254640975],[72.91564718516219,19.163240788718877],[72.91712656177113,19.163907382174326],[72.91753884882759,19.16455747248134],[72.91746343163517,19.165043969624328],[72.91801421738731,19.16533560403235],[72.91821087058773,19.16586470212841],[72.91862780744158,19.16577722805979],[72.91867652966974,19.16594462219181],[72.91563720760388,19.167525132968827],[72.91706389562795,19.171332491413754],[72.92324629509224,19.169428547652934],[72.92405946180415,19.168391443402058],[72.92572848166373,19.167542385495597],[72.92809649449896,19.167736633451465],[72.92946201724286,19.16756740684513],[72.92872642272907,19.166372644706446],[72.92901821137777,19.16526984567445],[72.92872683000674,19.165313802964345],[72.9288780931117,19.164211985479717],[72.92866184585243,19.163264645446944],[72.92898114333887,19.162834045665463],[72.92850309023991,19.159395956979445],[72.92868018326892,19.157818896625184]]]}},{"type":"Feature","properties":{"layer":"DP_0","label":"DP Zone","confidence":"high","SUBURBS":"EASTERN","ZONE_CODE2":"C"},"geometry":{"type":"Polygon","coordinates":[[[72.96684405033015,19.152823791427405],[72.9666484012724,19.152432887015724],[72.96443942622244,19.15284134360824],[72.9644736980711,19.15316141146827],[72.96496557444296,19.15317446650109],[72.96684405033015,19.152823791427405]]]}},{"type":"Feature","properties":{"layer":"DP_0","label":"DP Zone","confidence":"high","SUBURBS":"EASTERN","ZONE_CODE2":"C"},"geometry":{"type":"Polygon","coordinates":[[[72.96256703589114,19.153646164866743],[72.9624449997772,19.152805337898634],[72.96072528365927,19.15295707058879],[72.96019691314682,19.15323956208645],[72.96022538808077,19.153795861756812],[72.96256703589114,19.153646164866743]]]}},{"type":"Feature","properties":{"layer":"DP_0","label":"DP Zone","confidence":"high","SUBURBS":"EASTERN","ZONE_CODE2":"C"},"geometry":{"type":"Polygon","coordinates":[[[72.96737337562047,19.154008683782934],[72.9673141228508,19.153640912770577],[72.96516960735514,19.154056338256584],[72.96524534450084,19.154407035774817],[72.96737337562047,19.154008683782934]]]}},{"type":"Feature","properties":{"layer":"DP_0","label":"DP Zone","confidence":"high","SUBURBS":"EASTERN","ZONE_CODE2":"C"},"geometry":{"type":"Polygon","coordinates":[[[72.95438156054976,19.169788507524157],[72.95338580647429,19.170405554191973],[72.9530160275311,19.17075008937994],[72.95309478969702,19.17103632999488],[72.95239316490375,19.171580460144156],[72.95561366399662,19.174842034560633],[72.95734468692888,19.1732868805877],[72.95557671782751,19.17178245267423],[72.9555947415708,19.171313199734424],[72.95438156054976,19.169788507524157]]]}},{"type":"Feature","properties":{"layer":"DP_0","label":"DP Zone","confidence":"high","SUBURBS":"EASTERN","ZONE_CODE2":"I"},"geometry":{"type":"Polygon","coordinates":[[[72.93356096101947,19.13344435800742],[72.93383372122206,19.133244163607717],[72.93376795748316,19.132571688364987],[72.93425015067452,19.132567302667553],[72.93390841634678,19.1320986314612],[72.9342782496894,19.1318258427232],[72.93365081346454,19.13132836262657],[72.93355771002066,19.1296242364952],[72.93267108989984,19.129483707308097],[72.93265014292002,19.130839018823494],[72.93183624057816,19.131258765588473],[72.93117387816811,19.130539648484987],[72.93215333197452,19.130143212133415],[72.93163361734999,19.129412138975173],[72.9311288159484,19.129460632051742],[72.92998844366913,19.13050551600134],[72.92930585294697,19.13077544572776],[72.93050983345091,19.132686909984038],[72.93147987427527,19.133333202003126],[72.93340021731063,19.135735712187525],[72.93430403313027,19.13472702979856],[72.93345745137196,19.13369117312793],[72.93356096101947,19.13344435800742]]]}},{"type":"Feature","properties":{"layer":"DP_0","label":"DP Zone","confidence":"high","SUBURBS":"EASTERN","ZONE_CODE2":"R"},"geometry":{"type":"Polygon","coordinates":[[[72.89713916238827,19.120629936458375],[72.90176182725192,19.1184029232881],[72.90327226289249,19.11742608982995],[72.90331755444991,19.116910173724378],[72.9044868371912,19.115271696301583],[72.90431602814223,19.114100214474913],[72.90454830207506,19.11198503960038],[72.90571177966777,19.111560705603072],[72.90518348511876,19.110921960093606],[72.90549220119243,19.109624304315787],[72.90510462529997,19.1084265177667],[72.90463080846166,19.10792811991309],[72.90477868309272,19.107047558001216],[72.90459083176447,19.106403390459366],[72.90378861263507,19.10611827937542],[72.90316602117962,19.103876676299627],[72.90281607882297,19.10370617934231],[72.90166420170279,19.101726931833134],[72.90065092733461,19.100864182856682],[72.90091912853313,19.100147202225575],[72.90070480400053,19.09957499645469],[72.89958669688933,19.098805893621076],[72.8987936007214,19.096097456900733],[72.89934035527264,19.09576532224808],[72.89970146165274,19.094551786125386],[72.89957587311669,19.093823541412654],[72.89838739615176,19.09258916184916],[72.8967408630167,19.09162590157013],[72.89594382912934,19.09157941664556],[72.89570360916196,19.09213388417104],[72.8949740755344,19.092284661342475],[72.89488478724742,19.091336898141506],[72.89440823096344,19.09105549680756],[72.89443298156128,19.090225827317354],[72.8932714002198,19.090058571387015],[72.8935516360396,19.089504297910707],[72.8916987744427,19.088639285000927],[72.89246867939438,19.085268035740683],[72.89438508834945,19.08583299677495],[72.89267139879318,19.085083777661097],[72.89375104718495,19.083350596279526],[72.89385585115627,19.080881828679942],[72.89144943524236,19.07241252786052],[72.89121938164986,19.0704061965644],[72.89106196730134,19.068429939633386],[72.89271297947538,19.068168265056872],[72.87812172568171,19.047663291613958],[72.87695184758651,19.04850057669462],[72.87663417255702,19.04902909446778],[72.87595465886237,19.048854347190897],[72.87703009498662,19.049849386153788],[72.87684842442066,19.05013486590696],[72.87541302061162,19.05003110574845],[72.874933948477,19.049845014112268],[72.87497583964273,19.04942509153895],[72.87348132829048,19.049942293093505],[72.87204746209706,19.049966802370378],[72.87095812389587,19.051169086705688],[72.86896184411391,19.051385012631464],[72.86752565757486,19.052584966130848],[72.8658570214889,19.052369915610285],[72.86668050240684,19.05375534654512],[72.86660543634885,19.054700094181484],[72.86860464185837,19.056171053364984],[72.869799871107,19.057794709677218],[72.87128133640098,19.060513301271342],[72.87139038819632,19.061546602399897],[72.8729265211402,19.06377772163789],[72.87344868015937,19.065113111691247],[72.87336439815371,19.06556026701124],[72.8737345712355,19.066913781128864],[72.87352498954878,19.068275457736227],[72.87390660433326,19.071131313399828],[72.87290623292017,19.072400804588437],[72.87291543905366,19.072867857251147],[72.87191159951844,19.074791358508215],[72.87222440128448,19.076116924840004],[72.87272954533009,19.076609953719128],[72.87492668423229,19.077497850095472],[72.87584076187535,19.078750362697253],[72.87709930953835,19.078243954164773],[72.87735027627613,19.07639503844688],[72.87761451003115,19.076346447721747],[72.87997468752918,19.079510458603078],[72.87953052271017,19.080015383381763],[72.88031106898225,19.080219728785146],[72.87984791483899,19.081420520932696],[72.87993099248571,19.082164516455407],[72.8797288622949,19.082158651770477],[72.87932097545891,19.08317843897132],[72.87905024070531,19.083228236874966],[72.8789146213643,19.08300620915619],[72.87814789059814,19.08317109386985],[72.87780693852044,19.082952694582612],[72.879021416528,19.08212718781534],[72.87910327666137,19.08138647475951],[72.87957549679133,19.081155616569998],[72.87922725269168,19.080016555025527],[72.876976000648,19.083180236477357],[72.87811681366057,19.084849144100165],[72.87846100082177,19.085847940577075],[72.87932098446905,19.085930482581105],[72.87970908889746,19.086391750923095],[72.88067890515168,19.086090374302195],[72.88091618304237,19.086589057438967],[72.88140920943576,19.086640386872293],[72.8818244574674,19.08650775432989],[72.88206502351957,19.085551264959477],[72.8828681318286,19.08540796946345],[72.89069578641397,19.08461340167209],[72.89238421985976,19.084983442765072],[72.89144511810247,19.088669843510328],[72.89126020821135,19.089076672092876],[72.89095852572841,19.08901017294424],[72.89097364592173,19.089573560951386],[72.88913288358845,19.089162915234752],[72.88868501702012,19.090834104569765],[72.88791477204987,19.090677190937107],[72.8880192923132,19.09114968251454],[72.8876767308355,19.091217125399233],[72.88805052951527,19.089775516199506],[72.88688935635558,19.089209323667124],[72.8865721172415,19.0894667236293],[72.88637620734465,19.090333861524215],[72.88224804921799,19.090284773475567],[72.88134277928047,19.088513582298972],[72.88170597990566,19.088409291164925],[72.88175551364175,19.08786762057069],[72.88114328546476,19.08797108016652],[72.88238363095488,19.091497232659304],[72.8820049230143,19.091988483861506],[72.88231510066097,19.09195700634444],[72.88115295880554,19.09218839477758],[72.88124144195598,19.092952702418174],[72.88024253987552,19.092874386455737],[72.87929312946311,19.094122174145276],[72.87889184231385,19.09396113170374],[72.87842027957306,19.093055432736552],[72.87897345417187,19.091265314313354],[72.87873021835998,19.091262513007145],[72.87829381890197,19.093281031717247],[72.87869635541104,19.094257358027367],[72.87948170760869,19.094544838672537],[72.88086919320243,19.09627785022124],[72.88072142045408,19.097624888016544],[72.88096307881302,19.097605857882634],[72.88115919545179,19.096377150894263],[72.88242905632941,19.096691117948875],[72.88103714185786,19.096300858214192],[72.8797109311699,19.094508479351266],[72.8809869820731,19.09399077324602],[72.88198867671849,19.094099589749142],[72.88217480300045,19.094963480524246],[72.88273758738309,19.094112720578092],[72.88276761118449,19.093794054078767],[72.88232375533305,19.0934654784116],[72.88265924870049,19.092918768611657],[72.88315844577768,19.093831481024893],[72.88350885418633,19.095295776253597],[72.8830703109067,19.095361064720443],[72.88323311130183,19.095834908304205],[72.8826489647577,19.09657637246221],[72.88362323894822,19.096759637059648],[72.88352128371616,19.09499507913845],[72.8829552386958,19.093222045606687],[72.88314931384004,19.092851853201207],[72.88279961575927,19.092950007053254],[72.88256921457142,19.09230918418342],[72.88350744531911,19.092183783453596],[72.88354972972421,19.092633032099457],[72.88419992496641,19.093051715744913],[72.88671685891705,19.0936619286771],[72.887250780653,19.094112222179742],[72.88786421928782,19.096918707581],[72.88783134555072,19.10015721217529],[72.88740032451449,19.10000044755526],[72.88694291932752,19.100226541634836],[72.88649271622423,19.10006032059256],[72.88642814932182,19.099812623831834],[72.8858578961547,19.099762395933215],[72.8849725180191,19.100127946344138],[72.88511048492173,19.100812031822354],[72.88575036719676,19.101010651988286],[72.88631172873504,19.100802738611012],[72.88704212783837,19.10155150586517],[72.88754116091762,19.10373691738045],[72.88852130283917,19.102979512726932],[72.89434497795892,19.111893324931497],[72.8968127091959,19.11428223779031],[72.89603460275853,19.11406110287878],[72.89611140428704,19.114642637284145],[72.89510005843248,19.11476690975909],[72.89527930218509,19.116008550055657],[72.89317971471782,19.116142810110144],[72.89294482250315,19.115657964253135],[72.89282709609381,19.11679076323081],[72.89226058177142,19.116845890162562],[72.89203331782421,19.11751183988816],[72.89110947946108,19.117120692849976],[72.89122432799383,19.117577325777823],[72.89079185432622,19.11781051856309],[72.89108495076476,19.118658693678093],[72.89033962428526,19.118877065821113],[72.89040184735354,19.119190973066047],[72.89053388539556,19.11947762513736],[72.89105502311236,19.11935332700534],[72.89165235503955,19.120672878379388],[72.89295413600844,19.120561406374968],[72.89424442007575,19.121332828445535],[72.89527411262293,19.124611392951],[72.89573103529175,19.124548802897838],[72.89587593946524,19.12146835987182],[72.89607357042766,19.12100653320848],[72.89713916238827,19.120629936458375]],[[72.89209089254553,19.0962518709352],[72.89244277275621,19.095948758755316],[72.892496935572,19.09642683100389],[72.89230103521047,19.09656548353295],[72.89209089254553,19.0962518709352]],[[72.89186742942026,19.09509983991847],[72.89210244593619,19.094824974382327],[72.89218614471784,19.095367973423656],[72.89180553455408,19.095346557356347],[72.89186742942026,19.09509983991847]],[[72.89210727499773,19.09482508110929],[72.89191778762586,19.09453957637211],[72.8920448262592,19.09231455850007],[72.89210727499773,19.09482508110929]],[[72.89847121574257,19.11369586504081],[72.8992284681864,19.113302843218122],[72.89951361690046,19.113786715220925],[72.89876026772714,19.114194534821785],[72.89847121574257,19.11369586504081]],[[72.8916381448472,19.078041236698557],[72.89208391828096,19.07759199159338],[72.89306254914158,19.078330603468736],[72.89253668536305,19.078851013965735],[72.8916381448472,19.078041236698557]],[[72.87786332917561,19.072051098186282],[72.8780400358924,19.07252280059633],[72.87713708607936,19.07197590724299],[72.87645670043014,19.072406801624744],[72.87607658364207,19.07199199079593],[72.87573833787485,19.07198107572919],[72.87540795476309,19.070817831141593],[72.87721544992034,19.070528965557713],[72.87786332917561,19.072051098186282]],[[72.88162959727771,19.076117445242605],[72.88117156376443,19.073948140769083],[72.88136490997033,19.073802008957873],[72.88263699314565,19.07470451796793],[72.88335998840287,19.074481000690366],[72.88402869020136,19.074723735883456],[72.88417307269965,19.075224880183246],[72.88343815485257,19.075493320537458],[72.88325324114845,19.07631343717846],[72.88162959727771,19.076117445242605]],[[72.8917288792858,19.096977050431843],[72.89117059423616,19.096665881741295],[72.88992803588515,19.09403862336874],[72.88970761245663,19.094110261788963],[72.88852552584925,19.092307622783085],[72.88980083129236,19.09187439420128],[72.89052303702569,19.092061122023814],[72.89122914991066,19.09544288307578],[72.89190813302169,19.09658987180366],[72.8917288792858,19.096977050431843]],[[72.89098915790095,19.08082767844942],[72.8898567792427,19.080519395445716],[72.88973725067622,19.079962121061186],[72.88989222014375,19.078736355852694],[72.89054695229423,19.07755380346459],[72.89263355178758,19.079242636260627],[72.89192625467862,19.081116397526696],[72.89098915790095,19.08082767844942]],[[72.9007242761945,19.109702510066455],[72.90050038680587,19.108218471536592],[72.8999984538281,19.108329306509397],[72.89975113717277,19.107997480784224],[72.90100633495429,19.10773275333735],[72.90112044504001,19.10804378150604],[72.90036261852902,19.104701452899874],[72.90052549604535,19.104643122609627],[72.90119995520566,19.105568666408978],[72.90137790766403,19.106901103858167],[72.9019735698712,19.106876017311208],[72.90211575922626,19.107448102823255],[72.90248883854163,19.107399749775936],[72.90253907960555,19.107796528599927],[72.90211576593947,19.108086741031606],[72.90259770516762,19.10806098138547],[72.9022864511705,19.10818709888973],[72.90244496612168,19.10977733159124],[72.901656422201,19.10985007884647],[72.90173681802787,19.11071798392766],[72.90114984931625,19.11179668081952],[72.9004700552892,19.11188365899482],[72.9007242761945,19.109702510066455]],[[72.87843325348565,19.068851351033313],[72.87771566635762,19.068814554014384],[72.87750018429946,19.06715362972199],[72.87701594051212,19.067109259274204],[72.87693857182056,19.066898324267775],[72.87734126771781,19.066698264257994],[72.87661491127982,19.0653237778363],[72.8774029822338,19.0653129874949],[72.87745524043864,19.064403506465247],[72.87891434022768,19.06585600855546],[72.87916364671119,19.065753345225495],[72.87992830936575,19.066248558066697],[72.88034162051444,19.067653580967605],[72.88095281841905,19.067640925193757],[72.88099764023094,19.06781711978037],[72.88050681108145,19.068047831780106],[72.88057607535907,19.06824915709591],[72.8787230065152,19.068453162085774],[72.87871970995981,19.068851769504974],[72.87843325348565,19.068851351033313]],[[72.87409419785124,19.060683328238728],[72.87206808673874,19.05859073140366],[72.8706228502876,19.056472262427253],[72.87119302838464,19.056066110856275],[72.87236682717153,19.057446995781646],[72.87317362037501,19.0569289322119],[72.87354289377099,19.057689203206433],[72.87520252464694,19.057587874963556],[72.8756729609887,19.05896706195732],[72.8757006090626,19.060545796582083],[72.87409419785124,19.060683328238728]],[[72.8795373904648,19.059838503521924],[72.8775204961406,19.05936185740813],[72.87679175676561,19.056779492975565],[72.87611879507132,19.055882482170702],[72.87617894633306,19.053596195425424],[72.87696257495607,19.05356510131728],[72.87704097010277,19.053730412540144],[72.87705533382308,19.054073671441387],[72.87642464785256,19.05409551682252],[72.87774124450796,19.057248781064075],[72.87744675753999,19.057458582106808],[72.87754769752704,19.057848784681337],[72.87892456080553,19.05831128751531],[72.87913008555392,19.05790674637354],[72.87821177353193,19.0570277239906],[72.87757213145619,19.055615546896174],[72.8778701071532,19.05347737517573],[72.87904949933409,19.05329986941661],[72.88073828987908,19.053432313339233],[72.88157060687365,19.054274528445106],[72.8795373904648,19.059838503521924]]]}},{"type":"Feature","properties":{"layer":"DP_0","label":"DP Zone","confidence":"high","EP_NO":"EP-PS69","SUBURBS":"EASTERN","ZONE_CODE2":"G-Z"},"geometry":{"type":"Polygon","coordinates":[[[72.88435229852469,19.128094235621077],[72.88422889786189,19.128438820970754],[72.8848939857112,19.128680145627296],[72.88435229852469,19.128094235621077]]]}},{"type":"Feature","properties":{"layer":"DP_0","label":"DP Zone","confidence":"high","SUBURBS":"EASTERN","ZONE_CODE2":"I"},"geometry":{"type":"Polygon","coordinates":[[[72.93655662962271,19.1425627358423],[72.93681328997333,19.14311921254447],[72.93752401189293,19.142734388931295],[72.9314272394698,19.134673774809873],[72.93045494852247,19.13511561347835],[72.93085620364666,19.135997218277147],[72.92966677578927,19.136675394394608],[72.93004991232567,19.137498012681252],[72.92881893688283,19.13787990812232],[72.92858087517035,19.138598105235058],[72.92825907202733,19.1386268809326],[72.92851861656357,19.139323438890962],[72.92988287170516,19.139506455935376],[72.93099196901471,19.139335103734524],[72.93166784913201,19.140782385018973],[72.93292890714818,19.140049046441515],[72.93332709595259,19.140154337209918],[72.9339680766413,19.139757075594087],[72.93476945231703,19.14110907831227],[72.93255678702539,19.14209257639543],[72.93394959754994,19.143775511331626],[72.93655662962271,19.1425627358423]]]}},{"type":"Feature","properties":{"layer":"DP_0","label":"DP Zone","confidence":"high","EP_NO":"EP-S65&EP-S1118","SUBURBS":"EASTERN","ZONE_CODE2":"NDZ/SDZ (Slum)"},"geometry":{"type":"Polygon","coordinates":[[[72.90684201761653,19.110671743525838],[72.90628346300919,19.11135395393921],[72.904616417251,19.1119597765229],[72.90447141400452,19.1127303958012],[72.91110941400227,19.11283330535082],[72.91278946017641,19.113913829220255],[72.9136076324836,19.1147728145637],[72.91379892310037,19.114636648581374],[72.91346487432179,19.11413496438646],[72.91372607261316,19.11333007903047],[72.9131757923363,19.113030481347973],[72.91334149954169,19.11252044998332],[72.91258021360112,19.111918784597403],[72.91171317770052,19.111493088229192],[72.90987780688604,19.11128769799951],[72.90984904756843,19.111516216204613],[72.90884769786037,19.11127353357745],[72.90813690196954,19.110421461909457],[72.90735327063103,19.11096067899901],[72.90684201761653,19.110671743525838]]]}},{"type":"Feature","properties":{"layer":"DP_0","label":"DP Zone","confidence":"high","EP_NO":"EP-S121","SUBURBS":"EASTERN","ZONE_CODE2":"NDZ"},"geometry":{"type":"Polygon","coordinates":[[[72.92240569469818,19.12187673958697],[72.9220204986362,19.121920437588326],[72.92156859644741,19.11918392834144],[72.92088458784488,19.11842811126916],[72.9208453411054,19.11804577723034],[72.92047140779142,19.11802062504594],[72.9199719122136,19.11967732881867],[72.91997335475031,19.121051161846115],[72.918880015969,19.120869269698463],[72.91888094461873,19.121658160810927],[72.91987443789273,19.122485701977233],[72.9203605125544,19.12241592785873],[72.92056945486613,19.122694049136616],[72.92241518840804,19.12348491682979],[72.92267785988138,19.12210707080255],[72.92240569469818,19.12187673958697]]]}},{"type":"Feature","properties":{"layer":"DP_0","label":"DP Zone","confidence":"high","EP_NO":"EP-S126","SUBURBS":"EASTERN","ZONE_CODE2":"NDZ"},"geometry":{"type":"Polygon","coordinates":[[[72.9579794073863,19.1216311252838],[72.94912767188374,19.121002319406667],[72.94929725485358,19.128075907609322],[72.9514196352983,19.127939866649],[72.95441192380223,19.127174536406248],[72.96101821077116,19.12744893996807],[72.9607395926622,19.125970056564803],[72.9579794073863,19.1216311252838]]]}},{"type":"Feature","properties":{"layer":"DP_0","label":"DP Zone","confidence":"high","SUBURBS":"EASTERN","ZONE_CODE2":"NA"},"geometry":{"type":"Polygon","coordinates":[[[72.93427355915156,19.071693539874808],[72.93484450205563,19.070952930099626],[72.93488465367388,19.070561760069953],[72.93510770732487,19.07060528561924],[72.93518524103636,19.069729671146497],[72.9356174171968,19.069357810871892],[72.93553468676002,19.069069696343153],[72.93672637483942,19.066282020645556],[72.9371684139928,19.064161027537676],[72.93752072177989,19.06354264433806],[72.93772551960313,19.063835313641643],[72.9376398796698,19.063148087295477],[72.93920827040951,19.0609762744164],[72.94170589951595,19.059626540385715],[72.94229518250201,19.05673221042017],[72.94256912409922,19.056564275807013],[72.94180166377492,19.056331205194457],[72.94121132198636,19.057764740232308],[72.93949282709102,19.057930109155283],[72.93907346426863,19.058879127186483],[72.93782839028773,19.058760905377657],[72.93838369261098,19.058961223755645],[72.9383424176643,19.05914433193701],[72.93755794224592,19.059164970533462],[72.93712687666907,19.05950629491312],[72.93739630519194,19.059928056700198],[72.93841886637529,19.05958218277168],[72.93875523581201,19.059767431421346],[72.93670015629161,19.0624412698309],[72.93370581118154,19.070387582573908],[72.9324179184253,19.072267430993165],[72.93088840284935,19.07376529881815],[72.92840862082282,19.07482921160708],[72.92583941350887,19.0749565816453],[72.92556212291136,19.07480370147741],[72.92556095042495,19.075197831006445],[72.9245630726966,19.074456216191965],[72.92293792066954,19.074784518648453],[72.92197232093469,19.074026225965305],[72.92069436615746,19.07250336260684],[72.9212381301066,19.074128599395944],[72.92213934261477,19.075005890416858],[72.92443673861862,19.075880440169918],[72.92710905429672,19.07597251054401],[72.929149529373,19.075487075444144],[72.93243397652866,19.073330877645816],[72.93427355915156,19.071693539874808]]]}},{"type":"Feature","properties":{"layer":"DP_0","label":"DP Zone","confidence":"high","SUBURBS":"EASTERN","ZONE_CODE2":"NA"},"geometry":{"type":"Polygon","coordinates":[[[72.96052609696827,19.063671949216566],[72.96107282635846,19.062614522714266],[72.96169235881688,19.05747046829007],[72.96193565793124,19.049921896543232],[72.96160087560928,19.04273662568049],[72.96115847847427,19.040234169824963],[72.96017921856985,19.0372611442631],[72.95918332774347,19.035373132949335],[72.95756424907295,19.034081408814075],[72.9570783012552,19.03282985176117],[72.95670620375935,19.0306126507993],[72.95624644856281,19.029362084115743],[72.95549234290935,19.02827244717441],[72.95314847602071,19.025581342347113],[72.95058730860818,19.023198654681735],[72.94574187021368,19.019602746446264],[72.9351321724054,19.012461158521695],[72.92545520461323,19.00558411877622],[72.9240905172698,19.004164326593543],[72.92342107702454,19.003701899753175],[72.92181876829028,19.00326864931698],[72.91929169848532,19.000449245315924],[72.91744124948143,18.999456715895736],[72.91377648786279,18.998386922586594],[72.91295326328797,18.997397787161344],[72.91180821446444,18.996668868499277],[72.90987964663448,18.995997917516835],[72.90800426487992,18.995890796718882],[72.90674445394008,18.99551377369142],[72.90452528924165,18.994008930667153],[72.90425795916912,18.994605402762943],[72.90437561328467,18.998216070484993],[72.90625569389607,18.998168901085617],[72.90657004865945,18.99884994373316],[72.90609779766893,18.999064743507674],[72.90624188766506,18.999670612562703],[72.90677737818916,19.00025399802307],[72.90984674530951,19.00052658098104],[72.91038718822129,19.000371155519524],[72.91166744500597,18.999293694332064],[72.91259470994342,18.99938423453326],[72.91385502294051,19.000401198103326],[72.91482638427986,19.004075375670052],[72.91628517054181,19.00666482748256],[72.91645938747294,19.006491600799738],[72.91852673305048,19.006410550103524],[72.92081308724241,19.00743679334362],[72.92083491779685,19.007791450561466],[72.92214427967102,19.00969304448195],[72.92367977107969,19.01166549611575],[72.92408242025162,19.011658632922448],[72.9240365110017,19.012098791540804],[72.92675350462636,19.015608527419424],[72.92666950803223,19.016520231249853],[72.9310033437141,19.022085696457165],[72.93061360678874,19.02297859471062],[72.93207425345318,19.02415580866065],[72.9329904606986,19.025335272376292],[72.93604958078718,19.02684769448302],[72.93727036920707,19.026832101542],[72.93755568764666,19.027549342312682],[72.93920365564328,19.028468134786408],[72.94414165558968,19.030464898896966],[72.94552177345754,19.031316528859783],[72.94585893151942,19.030676546225216],[72.94672374594623,19.030817265459742],[72.94722034870134,19.031232181330697],[72.94723637501026,19.031552514751876],[72.94828640066483,19.03169737943425],[72.9500582755512,19.03354452606997],[72.95052485329856,19.032759811186864],[72.95004461642056,19.032381851950667],[72.9510611064184,19.030457254906523],[72.95148512146423,19.03084059633276],[72.9516864626576,19.031366159863794],[72.95093347954996,19.03274219213904],[72.95192784152225,19.034421759969774],[72.95068971961047,19.034970782109955],[72.9506259565657,19.03536059672091],[72.95070812277807,19.036191916913204],[72.95139184985052,19.03638075586686],[72.9519231467935,19.037198905054584],[72.95103259283691,19.03729724385796],[72.95144770639212,19.03755803631121],[72.95107600980332,19.038326263388164],[72.95143715488638,19.038704494895377],[72.95144699223901,19.03913099475365],[72.95077383262326,19.03919307314851],[72.95062485041255,19.03987667670941],[72.95011494653724,19.03960695445752],[72.94982759294253,19.039911742886993],[72.95042888397036,19.040409596444828],[72.9488610840186,19.04270850690054],[72.94827178593933,19.04266055079478],[72.94889229000383,19.04338222994955],[72.94938503706803,19.04359064352136],[72.94921281851397,19.044477298382432],[72.94767005938336,19.046383997355637],[72.94714824830314,19.048179404401],[72.945331372441,19.048120873048514],[72.94411374756876,19.048820116903237],[72.94288382084885,19.04851269420194],[72.94211551406859,19.049089115977754],[72.9421146945698,19.050137963259374],[72.94318116588545,19.05234785604042],[72.94901338010844,19.054545336570104],[72.95239874422283,19.055566388296118],[72.95168041501664,19.054814906397745],[72.95248605265009,19.0543422811396],[72.95399200482696,19.05459593874233],[72.95414635728115,19.055041237503755],[72.95717514215275,19.05416966563467],[72.9577223566315,19.05473300765264],[72.95876912025462,19.054947566881996],[72.9594601477459,19.05469982366592],[72.95940132959394,19.053967298316458],[72.9600875142327,19.053971155316535],[72.96031380426491,19.05609347001851],[72.96093865512043,19.055321815249705],[72.9614932172985,19.055785047870604],[72.96143401766217,19.05645635604403],[72.96117858251152,19.05640890232399],[72.96107529922881,19.056829727578197],[72.96143481466262,19.05691184178309],[72.96110362600541,19.056955819268133],[72.96132341624389,19.0572575854366],[72.96112120590958,19.058364838891887],[72.95968495490064,19.05967420955132],[72.95839790622006,19.059357936605785],[72.95668887489073,19.060134296079966],[72.95774603992733,19.06092302610464],[72.95818517853097,19.062214983800217],[72.95756070101596,19.06276360228713],[72.9562450425812,19.063164390587637],[72.9559104917807,19.0620737597629],[72.95355746119988,19.061939551284937],[72.95348027312922,19.06056332009896],[72.9528922758347,19.060564249454504],[72.95254638874884,19.05728403506284],[72.94591245099977,19.054855564429833],[72.94504098231724,19.057034445982264],[72.94912905484233,19.05877993262001],[72.95192151539801,19.062101311966117],[72.95371244600328,19.063386499079158],[72.96052609696827,19.063671949216566]]]}},{"type":"Feature","properties":{"layer":"DP_0","label":"DP Zone","confidence":"high","EP_NO":"EP-S119","SUBURBS":"EASTERN","ZONE_CODE2":"NDZ"},"geometry":{"type":"Polygon","coordinates":[[[72.91641514032781,19.115547088347775],[72.91604492719352,19.116011521995468],[72.91685122403734,19.116199847915627],[72.91679274316026,19.116832731516265],[72.91766170079593,19.118357358310945],[72.91864467407596,19.11724736688202],[72.91641514032781,19.115547088347775]]]}},{"type":"Feature","properties":{"layer":"DP_0","label":"DP Zone","confidence":"high","SUBURBS":"EASTERN","ZONE_CODE2":"NA"},"geometry":{"type":"Polygon","coordinates":[[[72.91467764313711,19.11361638369188],[72.914752509416,19.113129504951008],[72.915125285376,19.113946102310138],[72.91521297360815,19.113773765596815],[72.91484725445149,19.112549144529517],[72.91293148453883,19.109045751227114],[72.91202325586552,19.108776090077917],[72.91174313215755,19.108333527049965],[72.9109466261044,19.108113948442348],[72.91040023959889,19.10765920728237],[72.90889551400554,19.105443065056278],[72.90844089897321,19.103700051833798],[72.90730256422901,19.10258757561271],[72.9075796901309,19.102253040259473],[72.90754269490405,19.10175020888983],[72.90652715486493,19.10094868220195],[72.9056092787602,19.10126152487594],[72.90595586957987,19.10213390632672],[72.90549650355935,19.102279490507904],[72.90459843592717,19.103276218634875],[72.90500772388341,19.104595844014607],[72.90672203532189,19.107071098844848],[72.90835494875519,19.10840873096249],[72.90904576599422,19.108298373792774],[72.90978074430606,19.108631231377785],[72.91330247462027,19.11065259315508],[72.91408934892122,19.111812130649984],[72.91467764313711,19.11361638369188]]]}},{"type":"Feature","properties":{"layer":"DP_0","label":"DP Zone","confidence":"high","EP_NO":"EP-S135","SUBURBS":"EASTERN","ZONE_CODE2":"I"},"geometry":{"type":"Polygon","coordinates":[[[72.92564303258604,19.11109025655959],[72.9242705383976,19.108580321620096],[72.92318295581903,19.10918595004399],[72.92354107216296,19.10990866639324],[72.92463287096523,19.110860824428805],[72.92515859777345,19.111178821048494],[72.92564303258604,19.11109025655959]]]}},{"type":"Feature","properties":{"layer":"DP_0","label":"DP Zone","confidence":"high","SUBURBS":"EASTERN","ZONE_CODE2":"C"},"geometry":{"type":"Polygon","coordinates":[[[72.9268152394493,19.11088100597255],[72.9269155384523,19.11022192404691],[72.92723828591042,19.110214070559767],[72.92709465225182,19.109934820081993],[72.92524377237388,19.109957695301468],[72.92545548825227,19.11065991708721],[72.92665248065086,19.111039395927566],[72.9268152394493,19.11088100597255]]]}},{"type":"Feature","properties":{"layer":"DP_0","label":"DP Zone","confidence":"high","SUBURBS":"EASTERN","ZONE_CODE2":"R"},"geometry":{"type":"Polygon","coordinates":[[[72.92365539988128,19.111784968946264],[72.92447904318306,19.110792249908137],[72.92354107216296,19.10990866639324],[72.92318295581903,19.10918595004399],[72.92426555435591,19.10858323657686],[72.92143648412217,19.104490951982662],[72.92025886260012,19.10506765527765],[72.91924591438143,19.10365607477904],[72.9189974176949,19.103204565084017],[72.91992458357288,19.10243984911801],[72.91655734780105,19.104861234099136],[72.9160001766724,19.105020763633952],[72.91610136118625,19.10631376839927],[72.91564123238619,19.106961375029723],[72.91555317626838,19.107743044380506],[72.91762074024646,19.11057794740444],[72.91925455944096,19.110803394351635],[72.9196344301908,19.111373590276692],[72.92036557300068,19.111631582628466],[72.92023649429105,19.1117404395556],[72.92365539988128,19.111784968946264]]]}},{"type":"Feature","properties":{"layer":"DP_0","label":"DP Zone","confidence":"high","SUBURBS":"EASTERN","ZONE_CODE2":"R"},"geometry":{"type":"Polygon","coordinates":[[[72.91546846915158,19.115232400702762],[72.91561612753469,19.115273387998606],[72.91512697956611,19.113945583294207],[72.91546846915158,19.115232400702762]]]}},{"type":"Feature","properties":{"layer":"DP_0","label":"DP Zone","confidence":"high","SUBURBS":"EASTERN","ZONE_CODE2":"R"},"geometry":{"type":"Polygon","coordinates":[[[72.92016427217146,19.074145103349633],[72.92085115410158,19.07367468171964],[72.92008216846264,19.071970978731407],[72.91934548727323,19.072462893489437],[72.91850065303038,19.072649981898643],[72.9177208425832,19.0717654990429],[72.91837617024146,19.072642271088267],[72.91771635903768,19.072813838007853],[72.91756948097932,19.071460776374472],[72.91699478117256,19.070502290113655],[72.91684946409939,19.067695709455002],[72.91731530345041,19.067364926885382],[72.91707128828008,19.06724174646288],[72.91610992882846,19.067673008093067],[72.91602043526738,19.067225686121155],[72.91381157088404,19.066362771795994],[72.9132422972978,19.065637743781092],[72.91155901812503,19.065648506627593],[72.91201697950082,19.065248328455613],[72.91173875756041,19.06510008187745],[72.91060811380414,19.067545872085674],[72.91011275051649,19.06808163681168],[72.90987089240195,19.06952443761455],[72.90950763341314,19.069512774630695],[72.90925052224864,19.070400743193012],[72.90767934838053,19.07035235767937],[72.90734795311062,19.071871946433692],[72.90535455677214,19.071607058311873],[72.9028570491773,19.0736436777996],[72.9022695729949,19.072771037164845],[72.90193436140208,19.072976074407393],[72.89922823559725,19.071853480155475],[72.89790360990254,19.072027457917443],[72.89525485146424,19.071576890132405],[72.89277231129063,19.068244785307193],[72.89106167194066,19.068427767233374],[72.89144943524236,19.07241252786052],[72.89387480093069,19.08098470730551],[72.89375104718495,19.083350596279526],[72.89272556809269,19.084999266134304],[72.89615585041594,19.08628316238554],[72.8963688032489,19.088344208188627],[72.8961548980618,19.088517584719913],[72.89672313574734,19.089577046938324],[72.89565350050393,19.08745070502398],[72.8949379168712,19.086948980079274],[72.89530337977718,19.08847824792394],[72.89593450395121,19.08941254788633],[72.89740947090291,19.090320859501293],[72.89693683020884,19.090593557469443],[72.89438077776163,19.09068675268011],[72.89434913831523,19.090973343073596],[72.89488478724742,19.091336898141506],[72.8949740755344,19.092284661342475],[72.89570360916196,19.09213388417104],[72.89594382912934,19.09157941664556],[72.8967408630167,19.09162590157013],[72.89838739615176,19.09258916184916],[72.89957587311669,19.093823541412654],[72.89970146165274,19.094551786125386],[72.89934035527264,19.09576532224808],[72.89876318569333,19.096017736958572],[72.89953501461802,19.098650917398544],[72.8996872500713,19.09899372048326],[72.90069874090912,19.09956859974411],[72.90098772901561,19.100385431118617],[72.90198585051068,19.101396211819694],[72.90364204975586,19.102327996098797],[72.90388892310695,19.102792069792724],[72.90459050957159,19.103270930138827],[72.90549650355935,19.102279490507904],[72.9058698372694,19.1021611716259],[72.9056092787602,19.10126152487594],[72.90652715486493,19.10094868220195],[72.90716716673631,19.101027618736122],[72.90891486175204,19.102766164472772],[72.90963378537506,19.10490394600288],[72.91166176518183,19.107480462561888],[72.91553743689228,19.110508160840705],[72.91649221595752,19.10984818380679],[72.91684588905315,19.1107052962979],[72.91703714507399,19.110682140337758],[72.9175962628558,19.11054978852032],[72.91552395219142,19.10765721031581],[72.91564123238619,19.106961375029723],[72.9160686758588,19.106353926798764],[72.91591202043072,19.105028684778237],[72.91655734780105,19.104861234099136],[72.91992458357288,19.10243984911801],[72.9180413334426,19.100140507295052],[72.91757524895318,19.10017128256144],[72.91673750985706,19.100899047342978],[72.91675295364415,19.10129924518409],[72.9161621820573,19.10194902650951],[72.91596024746597,19.101761027962773],[72.91369300072859,19.102989844817287],[72.91333430860047,19.10287214609424],[72.91230418634649,19.10119290126825],[72.91654264279758,19.098092750223394],[72.91160011695929,19.092010419078374],[72.91436754403716,19.09080062614854],[72.92275031633629,19.09945466714277],[72.92479103716204,19.10192062655331],[72.92660087343904,19.105506039616337],[72.92790455064264,19.11051112612172],[72.92841795472994,19.11055766099861],[72.93313783233297,19.10880437730822],[72.93402100623463,19.110655056967907],[72.93461735027073,19.110866513254045],[72.93633873444847,19.113082590074892],[72.94052920499078,19.113949682439745],[72.93759796891463,19.113402873792246],[72.93745542969371,19.112792751893753],[72.9381084644103,19.113185628337042],[72.94047935814037,19.113583679945254],[72.94152071145743,19.11420419438507],[72.94090928745109,19.111285055170246],[72.93779555271658,19.104652629908884],[72.93452532819678,19.105840122262972],[72.93335694864282,19.10190936713191],[72.93234613687471,19.102156293851596],[72.93161992397852,19.102622829996335],[72.93136161631209,19.101944053061434],[72.93059412250273,19.102109496204864],[72.93048710274103,19.101843177890313],[72.93294025842306,19.10144094821275],[72.93229547091107,19.0999954739006],[72.93126935606301,19.09994408303632],[72.93068740672419,19.098596507754998],[72.92946509354556,19.098912305252558],[72.9255897388063,19.089470291559998],[72.92441331642016,19.08845839526901],[72.92309464375198,19.08587521606623],[72.92124980588117,19.083741516691966],[72.92147920994314,19.08288469065198],[72.92193707620797,19.08249204893033],[72.92207456252513,19.08299364384056],[72.92272212496314,19.083220569928674],[72.9260275373888,19.08154095441747],[72.9275236222621,19.081905389157566],[72.92776750348784,19.082735906644956],[72.92951714309814,19.083539395469565],[72.93039288085271,19.08474385317467],[72.938528888652,19.07955504845648],[72.93312324658346,19.07330864083182],[72.929580697216,19.07571465176538],[72.92698536964441,19.076803737793412],[72.92109817796538,19.077091465289993],[72.9191328077308,19.077712322129752],[72.91895767158282,19.078357399587908],[72.92141780343074,19.081315691600487],[72.92161453977386,19.082624846783553],[72.92111779423738,19.08359208657653],[72.9176111111215,19.079459975636468],[72.91801405671286,19.077623863980886],[72.91850120674896,19.076840252657],[72.91921053387769,19.076264124249242],[72.91860450763743,19.075485997760975],[72.91878578422465,19.075267939380435],[72.91859604487617,19.075049733770324],[72.92016427217146,19.074145103349633]],[[72.90533235988828,19.083352563619663],[72.90536450669914,19.08385401411373],[72.90477554331498,19.083698531492228],[72.9038117938983,19.08032680325028],[72.903557768969,19.077396274319145],[72.9038869447063,19.07726766764227],[72.90405016758902,19.077273230225103],[72.90422079153723,19.078276069971437],[72.90430008686262,19.08016778646626],[72.90533235988828,19.083352563619663]],[[72.90452526428629,19.08393456433688],[72.90591979444196,19.08455823605094],[72.90593522771171,19.08484415487854],[72.91022613458324,19.087221619599724],[72.910484228614,19.087425681447826],[72.91042433344943,19.08765883824572],[72.90963337220163,19.088529030503143],[72.90811966228725,19.08730270241015],[72.90786533671137,19.087407034614127],[72.90772875294323,19.089036701682296],[72.90536990864798,19.08794189104669],[72.90524843008569,19.085653395881984],[72.90452526428629,19.08393456433688]],[[72.9008196230659,19.08566397039004],[72.90054066228572,19.087038421869895],[72.89897020769281,19.08668425053452],[72.89905114018434,19.086304327596736],[72.89952357473402,19.08627485553161],[72.89950725713666,19.085627470392748],[72.9005432004976,19.085308718409422],[72.90087871534271,19.085372226612833],[72.9008196230659,19.08566397039004]],[[72.9012051294161,19.086342707559908],[72.90141004963078,19.086080268184833],[72.90207814732962,19.086043551898662],[72.90215726744411,19.08711354330065],[72.9012065104705,19.08718106682047],[72.90145483449773,19.086973763962884],[72.9012051294161,19.086342707559908]],[[72.91838846379683,19.08926128941128],[72.91860858746469,19.087561600068046],[72.92103768259497,19.084180421092984],[72.92360602234014,19.087584052416936],[72.92930779321381,19.10150060737517],[72.92570972630516,19.102679013639126],[72.92514684138087,19.10162440773785],[72.92367853423265,19.09985271810674],[72.91913178213483,19.095075310705866],[72.91937998558437,19.093222300200484],[72.91838846379683,19.08926128941128]],[[72.93555963239136,19.105685404934437],[72.93573896037427,19.105597672927857],[72.93559224315237,19.107344725515414],[72.93549013456565,19.107594844220785],[72.93503515987976,19.10763183912431],[72.93427774181883,19.107145919066607],[72.93489051355986,19.106461959841933],[72.93512405255417,19.105796497651035],[72.93555963239136,19.105685404934437]],[[72.94140147778496,19.113901548849224],[72.94144701684934,19.114126829066752],[72.94099833171566,19.114005809246866],[72.94071918525452,19.113443896343],[72.94118396127047,19.112785742109157],[72.94140147778496,19.113901548849224]]]}},{"type":"Feature","properties":{"layer":"DP_0","label":"DP Zone","confidence":"high","SUBURBS":"EASTERN","ZONE_CODE2":"NA"},"geometry":{"type":"Polygon","coordinates":[[[72.96022652885281,19.133469092503233],[72.95903583454283,19.13230906386405],[72.96120847713898,19.1286014848195],[72.96104510572354,19.127587506089245],[72.95441192380223,19.127174536406248],[72.9503314306445,19.128111392619353],[72.94434960254993,19.128301149515732],[72.94377184521646,19.128157633289945],[72.94368759141081,19.126085353783704],[72.94169903249936,19.126057739509065],[72.94196119567968,19.124379097638787],[72.93862175181627,19.123995354609523],[72.9403672343911,19.12787890842771],[72.95468276508343,19.15129741032076],[72.95595901789788,19.15034843774111],[72.9588297079928,19.149990690976068],[72.96150411837354,19.148531829227956],[72.96185864798025,19.147284696106507],[72.96162112578072,19.146571648898885],[72.95822485164024,19.144568029823848],[72.95701239625369,19.143055930674418],[72.95666183383366,19.141757169710104],[72.95681600190657,19.138662295581817],[72.95763024855634,19.13668762237152],[72.95885800859064,19.13471590778058],[72.96022652885281,19.133469092503233]]]}},{"type":"Feature","properties":{"layer":"DP_0","label":"DP Zone","confidence":"high","EP_NO":"EP-PS70","SUBURBS":"EASTERN","ZONE_CODE2":"G-Z"},"geometry":{"type":"Polygon","coordinates":[[[72.89843760011128,19.144387806969366],[72.89754157806746,19.14482387976433],[72.89694674431412,19.144756322824666],[72.89649685183176,19.1433740506935],[72.89488260250559,19.143015969584084],[72.89413990696943,19.142004436485614],[72.8942234042422,19.142760626401024],[72.8953376955722,19.14520544396297],[72.89498977654848,19.147295086526057],[72.8943739946176,19.148326908564098],[72.89633363051688,19.148425170118223],[72.8978735410923,19.146353938555123],[72.89843760011128,19.144387806969366]]]}},{"type":"Feature","properties":{"layer":"DP_0","label":"DP Zone","confidence":"high","SUBURBS":"EASTERN","ZONE_CODE2":"R"},"geometry":{"type":"Polygon","coordinates":[[[72.89911021128582,19.010318075079752],[72.90039096470335,19.01054144639482],[72.90058758816805,19.011007026926958],[72.9007357972128,19.009896723790238],[72.90021976354119,19.00932334874246],[72.90035901782268,19.008904205700816],[72.89998353771254,19.008789336637143],[72.89846765567606,19.009334167413027],[72.89842447845724,19.010042985175275],[72.89911021128582,19.010318075079752]]]}},{"type":"Feature","properties":{"layer":"DP_0","label":"DP Zone","confidence":"high","SUBURBS":"EASTERN","ZONE_CODE2":"R"},"geometry":{"type":"Polygon","coordinates":[[[72.89035792001991,19.015092375767544],[72.89041832426726,19.01361193318822],[72.89111756528365,19.012965002223595],[72.89116361882127,19.012580479580215],[72.89122340994633,19.010551253752787],[72.8908953686378,19.01031594472948],[72.89102942276429,19.010994332554052],[72.89028325811064,19.01105228447871],[72.89004887770078,19.01140155015779],[72.8901675487379,19.0122355063657],[72.88942814151426,19.012528721307334],[72.88930541926939,19.01281498063065],[72.88755177806405,19.012903025784492],[72.8871968794658,19.013686212749068],[72.88751645884635,19.01436276278035],[72.88661824866237,19.0145391634027],[72.88607667577845,19.014914344676942],[72.88636875870233,19.015586214649733],[72.88614902862457,19.015815358848656],[72.88644957296707,19.019104918657046],[72.88785327941443,19.019397909302118],[72.89019715307336,19.018953813378218],[72.89035792001991,19.015092375767544]]]}},{"type":"Feature","properties":{"layer":"DP_0","label":"DP Zone","confidence":"high","SUBURBS":"EASTERN","ZONE_CODE2":"R"},"geometry":{"type":"Polygon","coordinates":[[[72.92226398599625,19.021123753546558],[72.92270909563206,19.019653056174423],[72.92241186413632,19.019435765006264],[72.92164630918118,19.019772765989803],[72.92134399972554,19.020427670495593],[72.92131967190339,19.02099244208919],[72.92201156457813,19.02147749664892],[72.92220858346705,19.021489363438647],[72.92226398599625,19.021123753546558]]]}},{"type":"Feature","properties":{"layer":"DP_0","label":"DP Zone","confidence":"high","SUBURBS":"EASTERN","ZONE_CODE2":"R"},"geometry":{"type":"Polygon","coordinates":[[[72.8819764035912,19.029682779823755],[72.8819709686836,19.023278438939812],[72.87869564589056,19.02159206132501],[72.8780668004658,19.022350621107474],[72.87744982715402,19.024233192367994],[72.8782968330875,19.027837253968087],[72.87904346426447,19.029473435775177],[72.87920714000334,19.030966807587376],[72.88067547790561,19.033387259455232],[72.8814831628401,19.03333518454046],[72.8819764035912,19.029682779823755]]]}},{"type":"Feature","properties":{"layer":"DP_0","label":"DP Zone","confidence":"high","SUBURBS":"EASTERN","ZONE_CODE2":"I"},"geometry":{"type":"Polygon","coordinates":[[[72.94065881395348,19.171631947574326],[72.93996968403431,19.170049401501117],[72.93799611616117,19.17194280496615],[72.93708257332293,19.172443988266526],[72.94045940134774,19.177334194725002],[72.94204267982714,19.17617921233866],[72.9424470947864,19.175565179170047],[72.94151804843145,19.174097422168746],[72.94065881395348,19.171631947574326]]]}},{"type":"Feature","properties":{"layer":"DP_0","label":"DP Zone","confidence":"high","SUBURBS":"EASTERN","ZONE_CODE2":"C"},"geometry":{"type":"Polygon","coordinates":[[[72.8849636470584,19.05368001223994],[72.8848020175561,19.053671556154143],[72.88457134363769,19.054741299736953],[72.8873189724124,19.05667082885625],[72.88923487408843,19.054071515207507],[72.8849636470584,19.05368001223994]]]}},{"type":"Feature","properties":{"layer":"DP_0","label":"DP Zone","confidence":"high","SUBURBS":"EASTERN","ZONE_CODE2":"C"},"geometry":{"type":"Polygon","coordinates":[[[72.90386413382645,19.0596602160448],[72.90385746583972,19.059125919144794],[72.90011585561125,19.05915776672901],[72.8971868523146,19.060431947074477],[72.89856375710133,19.063703954074306],[72.9045337000333,19.061040938994765],[72.90386413382645,19.0596602160448]]]}},{"type":"Feature","properties":{"layer":"DP_0","label":"DP Zone","confidence":"high","SUBURBS":"EASTERN","ZONE_CODE2":"C"},"geometry":{"type":"Polygon","coordinates":[[[72.90616782653224,19.06246992526608],[72.90599526297318,19.062227213567287],[72.90395975426307,19.062895339310334],[72.90189178860558,19.063705192440548],[72.90189429901972,19.063910709541343],[72.90251865513672,19.064197138249835],[72.90600394417767,19.06428735249743],[72.90616782653224,19.06246992526608]]]}},{"type":"Feature","properties":{"layer":"DP_0","label":"DP Zone","confidence":"high","SUBURBS":"EASTERN","ZONE_CODE2":"C"},"geometry":{"type":"Polygon","coordinates":[[[72.8785343713183,19.06885498049415],[72.87871970995981,19.068851769504974],[72.87877409393201,19.06843892813867],[72.88057607535907,19.06824915709591],[72.88050681108145,19.068047831780106],[72.88084212003774,19.067966862394155],[72.88095281841905,19.067640925193757],[72.88041608859626,19.067776064370403],[72.87977483162813,19.06612080690437],[72.87885634723368,19.065784234134682],[72.87749814212403,19.064318062048955],[72.87741697736918,19.065183372091433],[72.87663341392253,19.065315935465744],[72.87732509889791,19.066577132006834],[72.87693857182056,19.066898324267775],[72.87701594051212,19.067109259274204],[72.87750639578346,19.067169319000573],[72.87771566635762,19.068814554014384],[72.8785343713183,19.06885498049415]]]}},{"type":"Feature","properties":{"layer":"DP_0","label":"DP Zone","confidence":"high","EP_NO":"EP-L74","SUBURBS":"EASTERN","ZONE_CODE2":"I"},"geometry":{"type":"Polygon","coordinates":[[[72.89208126770677,19.085789106102933],[72.8896520872972,19.085616782858054],[72.88957240648891,19.08488498671669],[72.88677658185293,19.085287995821556],[72.88681942746756,19.085629442356648],[72.88711189996391,19.085576731562888],[72.88734823019715,19.086008155679053],[72.8880661216995,19.08620649666423],[72.88793564805239,19.087377606820947],[72.8886859980473,19.087492454314223],[72.89068766844395,19.087358814520506],[72.8909998850927,19.087003561134413],[72.89076555393613,19.086893251130427],[72.89084897897261,19.086290489608373],[72.89174746680693,19.08638452518498],[72.89208126770677,19.085789106102933]]]}},{"type":"Feature","properties":{"layer":"DP_0","label":"DP Zone","confidence":"high","SUBURBS":"EASTERN","ZONE_CODE2":"C"},"geometry":{"type":"Polygon","coordinates":[[[72.88733872477496,19.10002077235843],[72.88783134555072,19.10015721217529],[72.8878848336953,19.09715138328674],[72.88747201442266,19.094531529630657],[72.88676579546005,19.093682102964465],[72.8853830266055,19.093523185603033],[72.88681904608927,19.100124895617878],[72.88710462868917,19.100241781324677],[72.88733872477496,19.10002077235843]]]}},{"type":"Feature","properties":{"layer":"DP_0","label":"DP Zone","confidence":"high","SUBURBS":"EASTERN","ZONE_CODE2":"C"},"geometry":{"type":"Polygon","coordinates":[[[72.89527411262293,19.124611392951],[72.89443071328454,19.121632040924258],[72.89192738344684,19.122482745548098],[72.89279153359885,19.124282036258748],[72.89162034955447,19.12455606996039],[72.89160705288693,19.12479837931823],[72.89280091234194,19.124502114019382],[72.89303378727912,19.12504204821999],[72.89527411262293,19.124611392951]]]}},{"type":"Feature","properties":{"layer":"DP_0","label":"DP Zone","confidence":"high","SUBURBS":"EASTERN","ZONE_CODE2":"C"},"geometry":{"type":"Polygon","coordinates":[[[72.9603617326826,19.05905667508149],[72.9612371743974,19.058175986596098],[72.96132341624389,19.0572575854366],[72.96104584046823,19.057224594356818],[72.96110362600541,19.056955819268133],[72.96139963074424,19.05702104165029],[72.96107529922881,19.056829727578197],[72.96159048732287,19.05584289481249],[72.96093865512043,19.055321815249705],[72.96031380426491,19.05609347001851],[72.9600875142327,19.053971155316535],[72.95940132959394,19.053967298316458],[72.95952638541965,19.054669361341546],[72.95880779865234,19.054949810710426],[72.95760514467564,19.054706785960956],[72.95720513085273,19.05419785745864],[72.95418954379747,19.055169901024787],[72.95401764494615,19.054664171721193],[72.95248605265009,19.0543422811396],[72.95168041501664,19.054814906397745],[72.95322289091607,19.05636308923772],[72.95312438392256,19.05651882176505],[72.95350582840219,19.056944479758048],[72.95424259373995,19.05722978490896],[72.95665837629667,19.06014742311706],[72.95829506513503,19.05940621629071],[72.95967997218054,19.059727402543253],[72.9603617326826,19.05905667508149]]]}},{"type":"Feature","properties":{"layer":"DP_0","label":"DP Zone","confidence":"high","SUBURBS":"EASTERN","ZONE_CODE2":"I"},"geometry":{"type":"Polygon","coordinates":[[[72.95064683501458,19.03536563057839],[72.95054754753697,19.034604345865194],[72.95005159523976,19.03389470835121],[72.94980572717483,19.03399409394588],[72.95001858980703,19.03442734989941],[72.94953066545911,19.034539049683517],[72.94954234430853,19.03514217710307],[72.94973361334907,19.035409119893046],[72.95064683501458,19.03536563057839]]]}},{"type":"Feature","properties":{"layer":"DP_0","label":"DP Zone","confidence":"high","SUBURBS":"EASTERN","ZONE_CODE2":"I"},"geometry":{"type":"Polygon","coordinates":[[[72.88382771773286,19.05069716411678],[72.88658406592646,19.047730466461044],[72.88741753177173,19.04714300874151],[72.89519467159185,19.03271763074668],[72.89445458189795,19.032467508796636],[72.89025869474618,19.032781731845112],[72.88790152804427,19.033468325454237],[72.8874285293062,19.034211083754524],[72.88613733443343,19.034448354454046],[72.88308828654081,19.03560703931016],[72.88275806614867,19.03617048137692],[72.88413054209411,19.03693479913604],[72.88102356416559,19.04272563595959],[72.88205311464415,19.04317793293627],[72.8812276092064,19.04486935828324],[72.88018573891571,19.04847024933907],[72.88034365993428,19.050749423407673],[72.88201360768652,19.05279998669733],[72.88382771773286,19.05069716411678]]]}},{"type":"Feature","properties":{"layer":"DP_0","label":"DP Zone","confidence":"high","SUBURBS":"EASTERN","ZONE_CODE2":"I"},"geometry":{"type":"Polygon","coordinates":[[[72.88010705872104,19.058276930772152],[72.88154507843808,19.054335987729605],[72.88086045964408,19.053455861211624],[72.87791408717236,19.05338625774135],[72.87755460203414,19.054705935517593],[72.87757213145619,19.055615546896174],[72.87821177353193,19.0570277239906],[72.87904749046231,19.057829313026833],[72.87897938280828,19.058345471692586],[72.87756329354748,19.057849588194152],[72.87744675753999,19.057458582106808],[72.87774124450796,19.057248781064075],[72.87635212176822,19.054098028543983],[72.87705533382308,19.054073671441387],[72.87700290909862,19.053584948964783],[72.8762994629114,19.0536049390291],[72.87608127522566,19.054367748215263],[72.87611879507132,19.055882482170702],[72.87689149534708,19.057024398579962],[72.87751566928817,19.059393736924065],[72.87818687729543,19.05938184337199],[72.8795373904648,19.059838503521924],[72.88010705872104,19.058276930772152]]]}},{"type":"Feature","properties":{"layer":"DP_0","label":"DP Zone","confidence":"high","SUBURBS":"EASTERN","ZONE_CODE2":"C"},"geometry":{"type":"Polygon","coordinates":[[[72.87684572922542,19.070508585366188],[72.8754014538977,19.07074501308703],[72.875594385544,19.071977032149267],[72.8767383604144,19.072486905384068],[72.87671947094596,19.07208975935313],[72.8770205463607,19.07192494217006],[72.8780400358924,19.07252280059633],[72.8773204276695,19.07066541926931],[72.87684572922542,19.070508585366188]]]}},{"type":"Feature","properties":{"layer":"DP_0","label":"DP Zone","confidence":"high","SUBURBS":"EASTERN","ZONE_CODE2":"I"},"geometry":{"type":"Polygon","coordinates":[[[72.88400892626913,19.075241820834393],[72.8841725547513,19.07530052230284],[72.88406132217933,19.074775409208662],[72.88371499253458,19.074534070681988],[72.88252182148095,19.07460602901913],[72.88156808372688,19.07377965146031],[72.88118483222513,19.07382298415404],[72.88178156043192,19.07622410149859],[72.88325324114845,19.07631343717846],[72.88336845978337,19.075554377159257],[72.88400892626913,19.075241820834393]]]}},{"type":"Feature","properties":{"layer":"DP_0","label":"DP Zone","confidence":"high","SUBURBS":"EASTERN","ZONE_CODE2":"I"},"geometry":{"type":"Polygon","coordinates":[[[72.87932097545891,19.08317843897132],[72.8797153167924,19.082230680672478],[72.87993099248571,19.082164516455407],[72.87986128128532,19.081424714159386],[72.88031106898225,19.080219728785146],[72.87933571811055,19.080060809134096],[72.87914160963926,19.080271579951155],[72.87956223137257,19.0812100682963],[72.87910293971802,19.08148276848382],[72.87908502304715,19.082091730498345],[72.87780693852044,19.082952694582612],[72.878010450336,19.083214291493327],[72.87873538404862,19.082963435176286],[72.87932097545891,19.08317843897132]]]}},{"type":"Feature","properties":{"layer":"DP_0","label":"DP Zone","confidence":"high","SUBURBS":"EASTERN","ZONE_CODE2":"I"},"geometry":{"type":"Polygon","coordinates":[[[72.88755743815626,19.08890963866844],[72.8878711170739,19.088052317363864],[72.88742256097645,19.087625477370757],[72.88660600348634,19.085023312748646],[72.88206543003537,19.08548046123377],[72.8818244574674,19.08650775432989],[72.8809814065847,19.086635690406844],[72.88119879345727,19.08797863669405],[72.88161376885692,19.087890556921955],[72.88229266832174,19.088315407137856],[72.88251885171442,19.088029327243355],[72.88328602403429,19.088107301589282],[72.88393419384185,19.087579730523544],[72.88418050228701,19.08789557184711],[72.88465625531218,19.087792876936806],[72.88467646122365,19.08800204040112],[72.88527449596249,19.088033569935533],[72.88566695795417,19.088685832833548],[72.88755743815626,19.08890963866844]]]}},{"type":"Feature","properties":{"layer":"DP_0","label":"DP Zone","confidence":"high","SUBURBS":"EASTERN","ZONE_CODE2":"I"},"geometry":{"type":"Polygon","coordinates":[[[72.87409419785124,19.060683328238728],[72.87569789447402,19.060438229847172],[72.87563954863988,19.059096905368715],[72.87521702540374,19.057637064315223],[72.87359589048543,19.057679493480403],[72.87324592060547,19.05689387725152],[72.87248265145081,19.057487695224303],[72.87124624992504,19.056130969300884],[72.8706228502876,19.056472262427253],[72.87201551491943,19.058533239727833],[72.87409419785124,19.060683328238728]]]}},{"type":"Feature","properties":{"layer":"DP_0","label":"DP Zone","confidence":"high","SUBURBS":"EASTERN","ZONE_CODE2":"C"},"geometry":{"type":"Polygon","coordinates":[[[72.88147245545271,19.10276085741558],[72.88200067284126,19.103027469643038],[72.88204522130401,19.102138701044353],[72.88163062601929,19.101864774113537],[72.88147245545271,19.10276085741558]]]}},{"type":"Feature","properties":{"layer":"DP_0","label":"DP Zone","confidence":"high","SUBURBS":"EASTERN","ZONE_CODE2":"C"},"geometry":{"type":"Polygon","coordinates":[[[72.88539820185328,19.101181045107055],[72.88557343137987,19.100944829846192],[72.88517536854123,19.10082755094088],[72.88470619636327,19.101557912569096],[72.88491778648148,19.101770544930854],[72.88539820185328,19.101181045107055]]]}},{"type":"Feature","properties":{"layer":"DP_0","label":"DP Zone","confidence":"high","SUBURBS":"EASTERN","ZONE_CODE2":"NA"},"geometry":{"type":"Polygon","coordinates":[[[72.90775424640071,19.10911424595231],[72.90800999594065,19.10813679948892],[72.90679456739211,19.107168338107332],[72.90500772388341,19.104595844014607],[72.90459843592717,19.103276218634875],[72.90365964829728,19.1023644361012],[72.90198585051068,19.101396211819694],[72.9009326767512,19.100194251182256],[72.9006931671858,19.100176169178948],[72.90084296229894,19.101029496649115],[72.90137371552977,19.10125887613359],[72.9029539457638,19.102726628419184],[72.90231884482334,19.10276266145034],[72.90279641507445,19.103693525320658],[72.90316602117962,19.103876676299627],[72.90378861263507,19.10611827937542],[72.90449730967283,19.10631583947268],[72.90463724131715,19.10655879536908],[72.90461214400506,19.10785941797645],[72.90510462529997,19.1084265177667],[72.90549220119243,19.109624304315787],[72.90518348511876,19.110921960093606],[72.90571177966777,19.111560705603072],[72.90671379755774,19.110958608788664],[72.90775424640071,19.10911424595231]]]}},{"type":"Feature","properties":{"layer":"DP_0","label":"DP Zone","confidence":"high","SUBURBS":"EASTERN","ZONE_CODE2":"NA"},"geometry":{"type":"Polygon","coordinates":[[[72.92208362694404,19.118574626218116],[72.92195274943468,19.116449973402272],[72.92403703722212,19.1170821514016],[72.92419325739955,19.114935742974524],[72.9217422096347,19.11422421261164],[72.92039859002357,19.112916298706576],[72.92006911233237,19.111880248962077],[72.92036572792419,19.111632494892486],[72.91968660671473,19.111420094268382],[72.91915286757097,19.11076203653744],[72.91845931900048,19.110811969944063],[72.91832261795321,19.117057997666837],[72.91918175530746,19.117573157911274],[72.91982830516723,19.117515667031924],[72.92023419606065,19.118065026191985],[72.92083443523597,19.11804131270432],[72.92161183464046,19.119247193422947],[72.92202565488905,19.1218047840851],[72.92240569469818,19.12187673958697],[72.92240889635974,19.118884769328478],[72.92208362694404,19.118574626218116]]]}},{"type":"Feature","properties":{"layer":"DP_0","label":"DP Zone","confidence":"high","SUBURBS":"EASTERN","ZONE_CODE2":"NA"},"geometry":{"type":"Polygon","coordinates":[[[72.90376029377104,19.13543208379802],[72.90346442784693,19.133896892442223],[72.90424808312294,19.13481035491431],[72.90398205580013,19.133783215542607],[72.9041741749687,19.133374531946817],[72.90386262288926,19.13284750984273],[72.9043721057263,19.132356774377328],[72.90355646217805,19.132083091484276],[72.9031698832621,19.13091384150472],[72.90361825846978,19.131045380155495],[72.90387361892421,19.130880504003137],[72.90400189429194,19.13133617147221],[72.90467294397926,19.131793085807203],[72.90559349921902,19.13195340707701],[72.90525008900651,19.131431827709385],[72.90479235149984,19.131292246564218],[72.90428883619174,19.13028614207401],[72.90453798562353,19.129252648881565],[72.9059241813584,19.1296788738214],[72.90616400427277,19.132791709414654],[72.9057436960821,19.132896198947225],[72.90563318135894,19.13333230995157],[72.9063994523682,19.133278601721738],[72.90652126415343,19.134046060310695],[72.90696994336565,19.134447880442288],[72.90715127234311,19.133408556461827],[72.90745558861195,19.133252704722423],[72.90760512260721,19.133682913439426],[72.90849687164352,19.13332696171151],[72.9083119440935,19.132482836954885],[72.9085200477447,19.132257090119758],[72.909324012292,19.132324098706793],[72.90973327368249,19.132107009580306],[72.91025631153205,19.13265478828618],[72.91174387648609,19.131606525964024],[72.91140311132693,19.130970226516535],[72.91042692097031,19.130427343231087],[72.91002511127101,19.129744547212205],[72.91116649208007,19.130036400977513],[72.91145159043538,19.13040755609861],[72.91192936858968,19.130387376350555],[72.91225497966501,19.130733090742257],[72.91325976027542,19.130769830921608],[72.91328143855736,19.13017968342323],[72.91355002659624,19.130012788129456],[72.91353517474622,19.12842350498812],[72.91397820911939,19.127785345515754],[72.91372001707873,19.126398079898447],[72.91300406035982,19.1252087959789],[72.91165118322313,19.125198553507797],[72.91052013459328,19.12465693609511],[72.91003991269093,19.124584713507815],[72.90932123024427,19.12512392930314],[72.90901319083841,19.12649075083266],[72.90874473858817,19.12664712439674],[72.90809827236242,19.126117229369093],[72.90859369808464,19.124080813059603],[72.90676897807212,19.12298420984796],[72.90775739554567,19.12283353430493],[72.90642164828333,19.121867612871892],[72.90526634808404,19.121829352602767],[72.9046548240831,19.120601171081532],[72.90339380921085,19.12063265072331],[72.90205887005779,19.120343083459943],[72.90219616443974,19.121876422614342],[72.90147889841757,19.1219399904997],[72.90104347547594,19.120824222298555],[72.90073608716459,19.121147349233286],[72.89975442597154,19.121094238978934],[72.89979799801107,19.121560700954475],[72.89926047267653,19.121563055941433],[72.89940305047904,19.122074158535717],[72.89741334528813,19.124322617691654],[72.89701658934425,19.125204468784002],[72.89553502173185,19.1249247762075],[72.89594613400044,19.12674328006175],[72.89752803646552,19.127140979154287],[72.89779429194715,19.126981847262098],[72.89913987636677,19.127499956557088],[72.8994603655684,19.129365295846434],[72.89884258246704,19.129648334919494],[72.8995017291728,19.129652578270885],[72.90051218276243,19.131297733755485],[72.89975869543869,19.131669685363278],[72.89975098664314,19.132103717999723],[72.90073691882674,19.132026911844484],[72.90080844917121,19.132331200509277],[72.9016450975043,19.13286465294315],[72.9012299728908,19.133338420356672],[72.90129743697598,19.13380737037994],[72.90146895402349,19.13425722514197],[72.90208953229337,19.134462576876658],[72.90223232022366,19.135310513292733],[72.90384411343575,19.135794347099953],[72.90376029377104,19.13543208379802]]]}},{"type":"Feature","properties":{"layer":"DP_0","label":"DP Zone","confidence":"high","SUBURBS":"EASTERN","ZONE_CODE2":"NA"},"geometry":{"type":"Polygon","coordinates":[[[72.9677323005068,19.166344085237046],[72.96798346772128,19.16606999224962],[72.96783397287139,19.165926264995104],[72.9677323005068,19.166344085237046]]]}},{"type":"Feature","properties":{"layer":"DP_0","label":"DP Zone","confidence":"high","SUBURBS":"EASTERN","ZONE_CODE2":"NA"},"geometry":{"type":"Polygon","coordinates":[[[72.94407622526441,19.11480817264753],[72.94536538608861,19.114591489707184],[72.94852294519552,19.11170004339639],[72.94932500337924,19.11121970831008],[72.95182355234232,19.11083155605954],[72.96239555798905,19.107767460170916],[72.96119627285219,19.103474499959564],[72.9610655271191,19.101736677671767],[72.95973741462936,19.097355558973398],[72.95879261177215,19.09267670632035],[72.95824210450148,19.088032685905752],[72.95786136977915,19.08121435165561],[72.95674377945316,19.077723478452267],[72.95842956905177,19.06818374566353],[72.95892536861172,19.06648312186067],[72.9605189364274,19.06368579890468],[72.9537345966926,19.06339048469953],[72.95192151539801,19.062101311966117],[72.94912905484233,19.05877993262001],[72.94363039823463,19.05643559275518],[72.94275812972529,19.056473509899714],[72.94229518250201,19.05673221042017],[72.94134025763479,19.061417185386496],[72.93880699753493,19.064640504549693],[72.93682857137591,19.068515576190396],[72.93576386359756,19.07011152969033],[72.93323777864093,19.072663747855557],[72.929149529373,19.075487075444144],[72.92810205848998,19.07582248437357],[72.92567409586755,19.076005963007013],[72.92443673861862,19.075880440169918],[72.92221689075868,19.075061871736118],[72.92093426284174,19.07527520693581],[72.91852942889875,19.076802484110406],[72.917932756914,19.077788896830064],[72.9176111111215,19.079459975636468],[72.92111779423738,19.08359208657653],[72.92161056001903,19.08267052628185],[72.92141780343074,19.081315691600487],[72.91895129594349,19.078380883635866],[72.9191328077308,19.077712322129752],[72.92109817796538,19.077091465289993],[72.92472405379098,19.077067091601975],[72.9271710015396,19.076746854108766],[72.929580697216,19.07571465176538],[72.93062299258472,19.074805281277175],[72.93312324658346,19.07330864083182],[72.938528888652,19.07955504845648],[72.93039288085271,19.08474385317467],[72.92963187325266,19.08361844832483],[72.9280036861614,19.08296419982579],[72.92750894496504,19.08201274277669],[72.92603170019363,19.081538705031786],[72.92272212496314,19.083220569928674],[72.9221009580768,19.083043534894877],[72.92204998044524,19.08240572219975],[72.92150094670289,19.082837229441072],[72.92117243295463,19.083653935126204],[72.92309464375198,19.08587521606623],[72.9245052070559,19.08867683552991],[72.9255897388063,19.089470291559998],[72.92946509354556,19.098912305252558],[72.93081194386406,19.098562239871438],[72.93122513888719,19.099919526809984],[72.93226106364594,19.099883734979322],[72.93290852104647,19.101353346150074],[72.93048710274103,19.101843177890313],[72.93059296575147,19.102106618103107],[72.93132176639037,19.10183898432708],[72.93160691657403,19.10258834427222],[72.93335694864282,19.10190936713191],[72.93452532819678,19.105840122262972],[72.93773941167947,19.104672914036552],[72.94090286881439,19.111269756521533],[72.94152071145743,19.11420419438507],[72.9429258907532,19.114758472241206],[72.94407622526441,19.11480817264753]]]}},{"type":"Feature","properties":{"layer":"DP_0","label":"DP Zone","confidence":"high","SUBURBS":"EASTERN","ZONE_CODE2":"NA"},"geometry":{"type":"Polygon","coordinates":[[[72.91919232065548,19.14195435867429],[72.92002670888573,19.143149711614672],[72.92033271799538,19.142965791451886],[72.91964761811691,19.142530910907155],[72.91959588800815,19.14153667218462],[72.91919232065548,19.14195435867429]]]}},{"type":"Feature","properties":{"layer":"DP_0","label":"DP Zone","confidence":"high","SUBURBS":"EASTERN","ZONE_CODE2":"NA"},"geometry":{"type":"Polygon","coordinates":[[[72.92031127460773,19.143555740187377],[72.92066689301785,19.144063146875258],[72.92164264912408,19.144613032376903],[72.92081825282553,19.143505566744576],[72.92031127460773,19.143555740187377]]]}},{"type":"Feature","properties":{"layer":"DP_0","label":"DP Zone","confidence":"high","SUBURBS":"EASTERN","ZONE_CODE2":"NA"},"geometry":{"type":"Polygon","coordinates":[[[72.91168658551021,19.14029094682803],[72.91022418612975,19.13975768119943],[72.9100301781854,19.140026535911996],[72.91073157922011,19.140593883998708],[72.91168658551021,19.14029094682803]]]}},{"type":"Feature","properties":{"layer":"DP_0","label":"DP Zone","confidence":"high","SUBURBS":"EASTERN","ZONE_CODE2":"NA"},"geometry":{"type":"Polygon","coordinates":[[[72.91514627058416,19.141630999923024],[72.91486359743108,19.141060827228124],[72.91392100443588,19.14128349462978],[72.91352819177021,19.14018104177387],[72.91272229746015,19.140448523075545],[72.912875605275,19.14116858417592],[72.91353518564432,19.14127136003138],[72.91392081997252,19.14179467032579],[72.91514627058416,19.141630999923024]]]}},{"type":"Feature","properties":{"layer":"DP_0","label":"DP Zone","confidence":"high","SUBURBS":"EASTERN","ZONE_CODE2":"NA"},"geometry":{"type":"Polygon","coordinates":[[[72.9059605924662,19.139764820768015],[72.9058609612291,19.139510016207893],[72.904684444187,19.140174376413206],[72.90262132400734,19.14009818822342],[72.90239518760485,19.140343137714442],[72.90134779817001,19.140148253125545],[72.9002962571529,19.13914996793103],[72.89911320346044,19.138939512761198],[72.89900604699983,19.139642652293436],[72.8986178247156,19.139956081790555],[72.89913626948021,19.140651753059228],[72.89978468514506,19.139349831922093],[72.90019943615411,19.13981088744888],[72.9006270267824,19.139707234729926],[72.90117818039089,19.14064288567461],[72.90159827683539,19.14041359538425],[72.90193535499547,19.140520700864688],[72.90411590682734,19.14194709895037],[72.90455798605683,19.141940434761537],[72.90476979808865,19.141748200122876],[72.90478093254639,19.14034560795665],[72.9059605924662,19.139764820768015]]]}},{"type":"Feature","properties":{"layer":"DP_0","label":"DP Zone","confidence":"high","SUBURBS":"EASTERN","ZONE_CODE2":"NA"},"geometry":{"type":"Polygon","coordinates":[[[72.93548305139751,19.199987993369568],[72.93532960550496,19.19399744601051],[72.93702278157687,19.19182902360909],[72.93952513732916,19.1894857428902],[72.9384968272947,19.18707264643685],[72.93742348487677,19.18610824566141],[72.93707704288032,19.18463571682449],[72.93644179036158,19.184127457736523],[72.93686694770643,19.182215900858395],[72.93779060930028,19.180901795914906],[72.9372616818555,19.18040559503447],[72.93632010979606,19.18009610630237],[72.93557228732689,19.17780141197517],[72.9352347596631,19.17717320091411],[72.93469708248666,19.17694064031132],[72.93491030247681,19.176392043515293],[72.93474599336311,19.176011960585736],[72.93327324367216,19.174402874238865],[72.93163413423996,19.171770656193523],[72.931146946863,19.17162002484513],[72.93052623557729,19.167346328421804],[72.92824126977328,19.167742036746507],[72.92573735666834,19.16754303758241],[72.92414435413362,19.168321461167917],[72.92324629509224,19.169428547652934],[72.91706389562795,19.171332491413754],[72.91567745484237,19.167753898401063],[72.91572844935212,19.16737298716847],[72.91867652966974,19.16594462219181],[72.91862780744158,19.16577722805979],[72.91821087058773,19.16586470212841],[72.91808697580241,19.165428630925376],[72.91753217607217,19.165088655261396],[72.91753884882759,19.16455747248134],[72.91712656177113,19.163907382174326],[72.91564718516219,19.163240788718877],[72.91505352634674,19.162685227720996],[72.91656087795114,19.16222815804143],[72.91705926523188,19.163379750354967],[72.91771392658478,19.163861357551067],[72.91812387933177,19.16359379214217],[72.91823345053868,19.162962792463926],[72.91869729244782,19.162818772149812],[72.91953191352094,19.16295116756987],[72.92007608704324,19.16376958888439],[72.92098380877347,19.16359985685858],[72.92118043361228,19.164114219534415],[72.92252880263896,19.16278469573165],[72.92244019825262,19.161707599791416],[72.92094729740268,19.15760089497822],[72.92077234355203,19.15653319178976],[72.92103573606148,19.155198403676355],[72.92250843634841,19.152311217580202],[72.92306052728836,19.15171259176172],[72.92441193545388,19.151914975239237],[72.92407277243127,19.151548287565532],[72.92404629938575,19.149531507165978],[72.9228024905074,19.146274614021518],[72.92234980751215,19.145901474885267],[72.92172284395888,19.144721673407567],[72.92066689301785,19.144063146875258],[72.91844694067935,19.14087081191813],[72.91810526842198,19.141405182039925],[72.91625806229071,19.141309182980343],[72.91392081997252,19.14179467032579],[72.91353518564432,19.14127136003138],[72.912875605275,19.14116858417592],[72.91272229746015,19.140448523075545],[72.91174995702286,19.140270983662898],[72.91073157922011,19.140593883998708],[72.9101436991145,19.140115370682327],[72.91022418612975,19.13975768119943],[72.90789180086794,19.138744250211488],[72.90722336481784,19.138867663345508],[72.90738586476171,19.139331070197304],[72.90696028425026,19.14026075502763],[72.90662827802095,19.140304735190366],[72.90620046425245,19.139725958679012],[72.90478093254639,19.14034560795665],[72.90476979808865,19.141748200122876],[72.90470274909835,19.141936229551344],[72.90424546216144,19.1419310150544],[72.90195754179729,19.140527513816018],[72.90159827683539,19.14041359538425],[72.90117818039089,19.14064288567461],[72.9006270267824,19.139707234729926],[72.90019943615411,19.13981088744888],[72.89978468514506,19.139349831922093],[72.8992035725328,19.140612614732948],[72.89788841375405,19.14632752443269],[72.89633363051688,19.148425170118223],[72.8943739946176,19.148326908564098],[72.89298481380717,19.15067715274961],[72.89311367043445,19.152327973055446],[72.89355471178837,19.15309756357588],[72.89624576554233,19.155152693923974],[72.89656171138516,19.156096281264936],[72.89431593432847,19.159195949701836],[72.89155143414474,19.16026685104132],[72.89243827201075,19.16303751355422],[72.89238286169386,19.164100694494415],[72.89502277157754,19.169603403915175],[72.8970485311781,19.17359872431738],[72.89925795037968,19.176012693658922],[72.89948753085548,19.176710839242478],[72.90024326191006,19.179834850222182],[72.89999187394444,19.18326322732272],[72.90032263946709,19.191536706658],[72.90146859988347,19.196369895800093],[72.90235762236013,19.19725122305782],[72.90239468623449,19.199394005301663],[72.90390175358878,19.199343776851702],[72.90500516655321,19.199614501363964],[72.9053123571183,19.19839915594988],[72.90647188761487,19.19860837545857],[72.9089297007354,19.202380712379593],[72.91016874267834,19.207595402951377],[72.9133000297904,19.208079159542436],[72.91486052554379,19.210172686919414],[72.9167179243718,19.21538341266402],[72.91721176154232,19.216166327025082],[72.92008898748898,19.216933497652484],[72.92229102297136,19.21639445087466],[72.92615901231513,19.21352435431429],[72.9275650437222,19.211693537840592],[72.9309847663655,19.211228233754635],[72.93296306044766,19.207109229186184],[72.93550950300882,19.20549931096646],[72.93548305139751,19.199987993369568]]]}},{"type":"Feature","properties":{"layer":"DP_0","label":"DP Zone","confidence":"high","EP_NO":"EP-S130,EP-S130","SUBURBS":"EASTERN","ZONE_CODE2":"NDZ"},"geometry":{"type":"Polygon","coordinates":[[[72.92737958768078,19.153783658993618],[72.92720458920488,19.155455732112923],[72.92805783259148,19.15630532158792],[72.9286865614361,19.157865383916306],[72.92849270636547,19.159264255423942],[72.92898114333887,19.162834045665463],[72.92866184585243,19.163264645446944],[72.9288780931117,19.164211985479717],[72.92869199985483,19.16522289898648],[72.92901821137777,19.16526984567445],[72.9291486923679,19.1647427046245],[72.9306697636094,19.164466524573825],[72.93256529251433,19.16505098900326],[72.93184098696916,19.163114000150124],[72.92986340351057,19.160199721752743],[72.92955060336247,19.159144044365586],[72.92944538280756,19.157057432149962],[72.92883616392213,19.155392082576945],[72.92798055870844,19.15384723270289],[72.9274841748515,19.153455768262756],[72.92737958768078,19.153783658993618]]]}},{"type":"Feature","properties":{"layer":"DP_0","label":"DP Zone","confidence":"high","SUBURBS":"EASTERN","ZONE_CODE2":"I"},"geometry":{"type":"Polygon","coordinates":[[[72.89359136462733,19.153159001689144],[72.89345789370937,19.153729021320917],[72.89266779373949,19.154119382450997],[72.89016699871767,19.15650687376312],[72.8894130077317,19.156848107527004],[72.89045643430924,19.15763254227108],[72.89046886062809,19.15988956668352],[72.89102576300682,19.160258261551725],[72.89355992170917,19.15963473653038],[72.89431593432847,19.159195949701836],[72.89656171138516,19.156096281264936],[72.89624576554233,19.155152693923974],[72.89359136462733,19.153159001689144]]]}},{"type":"Feature","properties":{"layer":"DP_0","label":"DP Zone","confidence":"high","SUBURBS":"EASTERN","ZONE_CODE2":"R"},"geometry":{"type":"Polygon","coordinates":[[[72.92478650197899,19.152038072410402],[72.92415717203963,19.151064874393654],[72.92414713048902,19.15167992444467],[72.92478650197899,19.152038072410402]]]}},{"type":"Feature","properties":{"layer":"DP_0","label":"DP Zone","confidence":"high","SUBURBS":"EASTERN","ZONE_CODE2":"R"},"geometry":{"type":"Polygon","coordinates":[[[72.93876087365331,19.187688630102127],[72.93849843095688,19.187071881419406],[72.93742508883732,19.186107480656318],[72.93844169665829,19.18585709545143],[72.93825463602911,19.184959347885833],[72.93944017476323,19.18510657968548],[72.9399658802622,19.18663808004823],[72.93930380990005,19.186818808464956],[72.93967527875499,19.188342481956905],[72.94067395894875,19.188621446478145],[72.94193996368453,19.187386105334763],[72.9428766581672,19.187853197808263],[72.9434391722605,19.187596813903713],[72.94425461062687,19.18797670103546],[72.94593098265136,19.18813884565479],[72.94871247576647,19.1873372668088],[72.9474479097778,19.18576711879941],[72.94856383050397,19.184390978797545],[72.94965246280725,19.18440307007651],[72.94986084660589,19.183395762326445],[72.9488691718778,19.183333194985444],[72.94782235881554,19.182780039357624],[72.94611636616129,19.18036411845265],[72.94715561403855,19.180075745010985],[72.94760833366814,19.180261241885514],[72.94820695237561,19.18013416267865],[72.94830970784905,19.18029597178104],[72.94799584960197,19.180659155317795],[72.94842820632871,19.181430558073135],[72.94939539322876,19.18138394220093],[72.94938761614166,19.180497204433394],[72.95067185030506,19.180278338236757],[72.95046852537327,19.179033656460884],[72.95106705411452,19.178933073496022],[72.95121524140151,19.179777439492682],[72.95181061117238,19.179527186211875],[72.95183336636687,19.179821321914762],[72.95285267191774,19.17984540699575],[72.95304476943605,19.180127206094443],[72.95363370358693,19.180218796045903],[72.95387231050253,19.18137262876324],[72.95291662873443,19.18134736090661],[72.95264746355382,19.182245242420976],[72.95374865181421,19.182812819176746],[72.95420238211268,19.181319396758106],[72.95391693314521,19.178851954836166],[72.95539973927394,19.178978554305615],[72.95544928313049,19.179793388752454],[72.95622778581854,19.179922868160542],[72.9563172864847,19.18049441018402],[72.95552466723232,19.1804506050287],[72.95550262591124,19.180629581567207],[72.95479630346115,19.180788369748846],[72.95484485960819,19.18165936619232],[72.95525661148692,19.181759745381004],[72.95557848264835,19.182196265592356],[72.95657406131701,19.18164629677707],[72.95704058732231,19.1825983298355],[72.9568555273113,19.182642680324733],[72.9573430075272,19.182701092945283],[72.95802076327084,19.182552397891236],[72.95865735595045,19.181686556567875],[72.95862202507594,19.18080917748347],[72.95901873004074,19.180814621199875],[72.95956044797028,19.180207423841946],[72.95939399520898,19.179420371941607],[72.95974658170044,19.17931440871705],[72.95975011568142,19.179061602123102],[72.96017344649982,19.1789000830959],[72.96049845218685,19.179114824491485],[72.96106223770373,19.17887073579862],[72.9615820735518,19.179478874636786],[72.96173235600361,19.179391055186148],[72.96185673745718,19.179010733456934],[72.96254952259972,19.178425242695884],[72.96255793215138,19.17761813440132],[72.96378391139652,19.176670320306222],[72.96574477900697,19.177143835288163],[72.9668899797633,19.17783569476855],[72.9680255669806,19.1779136462948],[72.96815560211499,19.17689945969257],[72.9686761083285,19.17591337642282],[72.97022132865455,19.175555358824642],[72.97091601519787,19.176089809585942],[72.97186129806563,19.17870284228328],[72.97295376403667,19.178351765019055],[72.97270259685808,19.177306916130874],[72.97356837732592,19.17719646575801],[72.97374808672943,19.176516435055728],[72.97624850421089,19.173220179678683],[72.97600770225252,19.173029375337],[72.97626255200579,19.172697266896723],[72.97652920474017,19.172868845362014],[72.97618915721763,19.171155722554396],[72.9754197857333,19.17313143001539],[72.9733118084954,19.17410770180815],[72.97292267541977,19.173601348663922],[72.97211867223686,19.173410425770474],[72.97110650973431,19.17318629808322],[72.97033749683985,19.173417395412784],[72.97030535351752,19.173764863364585],[72.96982990271835,19.173811857662024],[72.96981236233715,19.174066433112124],[72.96987448229912,19.1745871703028],[72.97022490162465,19.17459272573588],[72.97027050544489,19.17522117715659],[72.96877649768203,19.175604343164103],[72.96900153030487,19.174365572540502],[72.96883030968148,19.172363469502322],[72.97101788182722,19.172280586014935],[72.96886524653591,19.172131730607337],[72.9686467308892,19.171811137201345],[72.97005532968298,19.17076384524774],[72.9715094941287,19.170673510357776],[72.97423551589596,19.169160062559477],[72.97496648028392,19.169108808424077],[72.97492542459995,19.168579657358475],[72.97369422967411,19.168476068590323],[72.97325038814661,19.168982851353203],[72.97232025103528,19.169344593872488],[72.97146762233362,19.170242919335127],[72.96996466945444,19.170588770496344],[72.9685753506375,19.171442662804473],[72.9681338568949,19.169786465145954],[72.96848502937148,19.16987296133626],[72.96882382930598,19.170631212156653],[72.96991488403968,19.169510337643068],[72.97087451256877,19.16951190502975],[72.97086908251426,19.168425867712273],[72.97329897900659,19.16860875248707],[72.97339202996366,19.168449740399076],[72.97097951626009,19.168265322930075],[72.96479097209512,19.163268953804877],[72.9660175219196,19.16323219234506],[72.96738840129427,19.16281943995788],[72.96788547916285,19.163105249122587],[72.96715336884122,19.16100068558523],[72.97002712835996,19.16052917682759],[72.97248287173761,19.15925973363019],[72.9728487652501,19.15996064022464],[72.97375667027875,19.159124749558778],[72.97334648572559,19.158501254032295],[72.97252754514818,19.159080210536466],[72.97225477972815,19.158475267149218],[72.97042705825928,19.159268997678197],[72.97020754716173,19.158451689044156],[72.96962652623202,19.158645526820237],[72.96943719352414,19.157398235016093],[72.96521645842833,19.15875459198503],[72.96514472304611,19.158575728789227],[72.96356619674505,19.15904557416941],[72.96115660075908,19.159971712741545],[72.95815327627062,19.155529797341508],[72.95862014347276,19.15503372597636],[72.9599082289394,19.154708348078245],[72.96219848973796,19.154639292896963],[72.9752290717448,19.15217551863615],[72.97469205971305,19.151456456876947],[72.96206766411885,19.153743292351518],[72.95752255883586,19.15412962046651],[72.95683660352789,19.154493001673185],[72.95692737940637,19.154680150714235],[72.94708204616323,19.15708084173336],[72.94663081566277,19.157816009144128],[72.94697712194058,19.159546795406566],[72.94669862516939,19.160402707441317],[72.94423500440946,19.16171254759187],[72.9416029898001,19.162751536760755],[72.94296501176143,19.1652595847291],[72.94330156286468,19.16526666803171],[72.94385706182551,19.166123319784422],[72.94349079509175,19.166364553033755],[72.94385249870088,19.16712464832029],[72.94370564667564,19.16723085014086],[72.94427154812162,19.16802889039144],[72.94482967599771,19.167815079752206],[72.94555757868967,19.169092375084862],[72.94304750389145,19.171653951903693],[72.94322472146054,19.172993308768536],[72.94225969431186,19.173412825197083],[72.94126752684859,19.173177356105672],[72.94151804843145,19.174097422168746],[72.94244307867883,19.175727749993282],[72.94045942555746,19.17733422939408],[72.93581953744253,19.170557465317675],[72.93443294171693,19.167506229490343],[72.93340657633196,19.16608885498907],[72.93122817972808,19.167205966925817],[72.92963264789616,19.166600309276255],[72.92878839730248,19.166519494775322],[72.929447228511,19.16754254953357],[72.93049809243246,19.167292807406625],[72.931146946863,19.17162002484513],[72.93165664953783,19.17170059086552],[72.93326001070508,19.174390090743028],[72.93468634952137,19.175920977545648],[72.93489050556222,19.17634879183316],[72.93477021331843,19.177033378256297],[72.93559163550877,19.17772461633926],[72.93623187491502,19.180016917912077],[72.9377685908894,19.180756354773894],[72.93689060428669,19.182123625677928],[72.93647053611718,19.1840002802206],[72.93707704288032,19.18463571682449],[72.93739745169772,19.18600364204866],[72.9384968272947,19.18707264643685],[72.93876087365331,19.187688630102127]],[[72.95438726236723,19.173580412181742],[72.95239316490375,19.171580460144156],[72.95347697264275,19.170323517157055],[72.95434862163165,19.16980137653903],[72.95579586313896,19.171574446163877],[72.95591687960639,19.17212903595594],[72.9573454845013,19.17327346023936],[72.95561366399662,19.174842034560633],[72.95438726236723,19.173580412181742]],[[72.95950437406951,19.16810090427542],[72.95734175233876,19.167178437716018],[72.95875304480631,19.164937334976702],[72.95992376963896,19.166020997237112],[72.9608613640589,19.16817417721086],[72.96046461825807,19.168498638225007],[72.95950437406951,19.16810090427542]],[[72.96760767821026,19.166334548083473],[72.96783582819162,19.16596645724456],[72.9679913189309,19.16606189797067],[72.96760767821026,19.166334548083473]],[[72.95226037276285,19.16567852961556],[72.95313493910338,19.167047949699004],[72.95288063629813,19.16736629561057],[72.95130680239144,19.16482032494524],[72.95148627742296,19.164711565625602],[72.9505195079669,19.162387188013987],[72.9502061941445,19.162270698060187],[72.9482116391522,19.15713771594055],[72.9484316864764,19.157007666146594],[72.94871366033563,19.157084599117358],[72.9489994411262,19.15788513466986],[72.94941752361734,19.158275328230562],[72.95032072817907,19.160268360161187],[72.95107937645494,19.158852133150138],[72.95146217932269,19.15739838622442],[72.95266272542506,19.156627767723815],[72.95459797895923,19.159575453380413],[72.954011348054,19.161036272927205],[72.95315783799265,19.16198155680045],[72.95182428347007,19.164594170280665],[72.95186528271176,19.165123670357424],[72.95226037276285,19.16567852961556]]]}},{"type":"Feature","properties":{"layer":"DP_0","label":"DP Zone","confidence":"high","SUBURBS":"EASTERN","ZONE_CODE2":"NA"},"geometry":{"type":"Polygon","coordinates":[[[72.97959738345007,19.161330161681217],[72.97902059900827,19.154925538813977],[72.97904144972641,19.15268739721999],[72.97816965961808,19.147456413134865],[72.97689425692404,19.142814526418924],[72.97199349673025,19.131668360134153],[72.96371487563543,19.132887986754188],[72.96671805601393,19.13785133568758],[72.96715838449425,19.13928309641879],[72.97343149537829,19.149837130018923],[72.97198915834356,19.15023804963924],[72.97200578308534,19.150547840432587],[72.96880443773742,19.15109610409982],[72.968845290498,19.151812795284258],[72.96847847149729,19.152451335547465],[72.97462476925293,19.151366426540154],[72.97565950067089,19.152655446912366],[72.97625672857266,19.155783409912594],[72.97617274512714,19.157181634503587],[72.97285036790065,19.159959874859037],[72.97248287173761,19.15925973363019],[72.97002712835996,19.16052917682759],[72.96715320341454,19.16100021027819],[72.96788547916285,19.163105249122587],[72.96747340324421,19.162840102756622],[72.9660175219196,19.16323219234506],[72.96478940439766,19.16326788252597],[72.97088918475536,19.16824024591936],[72.97339076976232,19.168449634276154],[72.97330058266625,19.168607986268714],[72.97088213649077,19.168427404116677],[72.97087611593544,19.169511139409135],[72.96991488403968,19.169510337643068],[72.96888778690364,19.17058717389812],[72.96848502937148,19.16987296133626],[72.9681338568949,19.169786465145954],[72.9686203119202,19.17145068951769],[72.97003446957949,19.170568394202043],[72.97146762233362,19.170242919335127],[72.97232025103528,19.169344593872488],[72.97325038814661,19.168982851353203],[72.97369330009555,19.168475990400065],[72.97492542459995,19.168579657358475],[72.97502062896704,19.165315871360423],[72.97479054337617,19.16339510220568],[72.97583458268821,19.16134938021681],[72.976573925312,19.161155461113946],[72.97729695883646,19.16906533796341],[72.97562192905514,19.16932530928255],[72.97655888385945,19.170049623311233],[72.97621312232963,19.17106117689375],[72.97660470187421,19.172823724736247],[72.98064462537612,19.16771272532181],[72.97959738345007,19.161330161681217]]]}},{"type":"Feature","properties":{"layer":"DP_0","label":"DP Zone","confidence":"high","SUBURBS":"EASTERN","ZONE_CODE2":"C"},"geometry":{"type":"Polygon","coordinates":[[[72.8988666286527,19.13774094489967],[72.89880585384017,19.137037484361322],[72.89940955681818,19.136271983133046],[72.8985528673897,19.13562654391061],[72.89878073618803,19.13512079081749],[72.89915177823302,19.135153720886397],[72.8991466457006,19.1346738377923],[72.8978920344638,19.134167345201025],[72.89681905979688,19.135330432596884],[72.89731699347966,19.138175797526863],[72.89815574691806,19.13908651132623],[72.8988666286527,19.13774094489967]],[[72.896817665989,19.13533206624506],[72.89681798703756,19.13533169039867],[72.89681759463356,19.135331769154725],[72.896817665989,19.13533206624506]]]}},{"type":"Feature","properties":{"layer":"DP_0","label":"DP Zone","confidence":"high","SUBURBS":"EASTERN","ZONE_CODE2":"C"},"geometry":{"type":"Polygon","coordinates":[[[72.94167626721541,19.13090959541332],[72.94010292435499,19.12835146246298],[72.93766140348949,19.122535830664887],[72.9374309196411,19.12245408699974],[72.93630933414687,19.12253177130511],[72.93462447695471,19.12331777228386],[72.93304470085032,19.122675817097242],[72.93315160130612,19.12472407145729],[72.93291867343459,19.124734703201327],[72.93283890769483,19.122723814884456],[72.9325284715401,19.122567369604223],[72.93215483546541,19.12285030838553],[72.93046020393933,19.125894804248215],[72.92930324918667,19.125816812340727],[72.92900411554612,19.126581998763033],[72.92915458615717,19.126638141843728],[72.9288048011165,19.127519700737903],[72.92883787929067,19.128630666783756],[72.92854684733729,19.128693676263865],[72.92863490759488,19.12933380213742],[72.93002578259166,19.12941075010586],[72.93000297251325,19.12921271709079],[72.930392080696,19.129188610143196],[72.93394521728361,19.12939953635262],[72.93813290471803,19.128945351729396],[72.93789461371537,19.129863503909334],[72.93847437320866,19.129791248566985],[72.93801599490916,19.130571307263462],[72.9377542685627,19.13053824783766],[72.93766207026381,19.130977225805452],[72.94168180058165,19.13108089922273],[72.94167626721541,19.13090959541332]],[[72.93283958417851,19.127556524310545],[72.93289041827416,19.128006573431577],[72.93123543141728,19.128161263244102],[72.93114408502342,19.127435441697475],[72.93011700566055,19.12760221925211],[72.93005090590118,19.12730298919393],[72.93264162107498,19.12633629673403],[72.93283958417851,19.127556524310545]]]}},{"type":"Feature","properties":{"layer":"DP_0","label":"DP Zone","confidence":"high","EP_NO":"EP-S123","SUBURBS":"EASTERN","ZONE_CODE2":"NDZ"},"geometry":{"type":"Polygon","coordinates":[[[72.92487078764151,19.11485758146429],[72.92484027445232,19.11231060449548],[72.92454024085545,19.110728138037736],[72.92360177619395,19.111860623083686],[72.92006911233237,19.111880248962077],[72.92039859002357,19.112916298706576],[72.9217422096347,19.11422421261164],[72.92419325739955,19.114935742974524],[72.92487078764151,19.11485758146429]]]}},{"type":"Feature","properties":{"layer":"DP_0","label":"DP Zone","confidence":"high","SUBURBS":"EASTERN","ZONE_CODE2":"I"},"geometry":{"type":"Polygon","coordinates":[[[72.92549776158451,19.109914812572242],[72.92622997451761,19.109874269240688],[72.92629478024237,19.109420696221196],[72.92773035658098,19.109604918691815],[72.9266250794495,19.105562756214535],[72.92544342135484,19.1030177662077],[72.92439389500788,19.10139683907379],[72.92118624716815,19.097873470815788],[72.91843835744602,19.10025701770646],[72.9232169815773,19.10693605542015],[72.92510254275635,19.109981539640334],[72.92549776158451,19.109914812572242]]]}},{"type":"Feature","properties":{"layer":"DP_0","label":"DP Zone","confidence":"high","SUBURBS":"EASTERN","ZONE_CODE2":"R"},"geometry":{"type":"Polygon","coordinates":[[[72.9369847764828,19.160101220327526],[72.93757821046765,19.160148746000594],[72.93756190731743,19.15684538428268],[72.93697702995868,19.156859881764742],[72.93622195028067,19.157313277312426],[72.9356787132955,19.15723652431892],[72.93569512616484,19.157640935802032],[72.93507413537438,19.158032731332476],[72.93472137572485,19.15798133261027],[72.93506664466399,19.15854217350301],[72.93544373575749,19.158649521391567],[72.93568699936776,19.159543506867536],[72.93635815418011,19.159525366587168],[72.93636532725691,19.16011140143564],[72.9369847764828,19.160101220327526]]]}},{"type":"Feature","properties":{"layer":"DP_0","label":"DP Zone","confidence":"high","SUBURBS":"EASTERN","ZONE_CODE2":"R"},"geometry":{"type":"Polygon","coordinates":[[[72.95223643420455,19.18487617414124],[72.95438045423951,19.184756788111404],[72.95464555404067,19.185157451028974],[72.95511741936406,19.18483024605059],[72.95307536938962,19.183836490860507],[72.95066603905649,19.1835682027489],[72.95077042768955,19.185377283741484],[72.95223643420455,19.18487617414124]]]}},{"type":"Feature","properties":{"layer":"DP_0","label":"DP Zone","confidence":"high","SUBURBS":"EASTERN","ZONE_CODE2":"I"},"geometry":{"type":"Polygon","coordinates":[[[72.92930779321381,19.10150060737517],[72.92551510133153,19.09220529619517],[72.9239228974864,19.09356208435361],[72.91860858746469,19.087561600068046],[72.91838951221067,19.08786504673969],[72.91840508900844,19.08946898694294],[72.91937998558437,19.093222300200484],[72.91903187288007,19.094969721774316],[72.92367853423265,19.09985271810674],[72.92514684138087,19.10162440773785],[72.9256949824746,19.10265061976496],[72.92930779321381,19.10150060737517]]]}},{"type":"Feature","properties":{"layer":"DP_0","label":"DP Zone","confidence":"high","SUBURBS":"EASTERN","ZONE_CODE2":"I"},"geometry":{"type":"Polygon","coordinates":[[[72.93294323940765,19.146732510161144],[72.93245235402483,19.146520851572763],[72.93227482094498,19.144203269512097],[72.93276653011645,19.143913375655117],[72.93276879884858,19.143571965751757],[72.93311072089372,19.143509861138806],[72.93291498452946,19.14324527004035],[72.93161712329072,19.144001226621608],[72.93154206920457,19.14429512863675],[72.93106846556978,19.144364557549643],[72.9310672164995,19.14578785674875],[72.93081788641207,19.1459779987617],[72.93141348963238,19.147153359617537],[72.93298528978092,19.146892920415763],[72.93294323940765,19.146732510161144]]]}},{"type":"Feature","properties":{"layer":"DP_0","label":"DP Zone","confidence":"high","SUBURBS":"EASTERN","ZONE_CODE2":"I"},"geometry":{"type":"Polygon","coordinates":[[[72.93426615095255,19.146045931452704],[72.93377521826402,19.145350180359436],[72.93346246604087,19.145706526591752],[72.93356793977014,19.14616977178267],[72.93426615095255,19.146045931452704]]]}},{"type":"Feature","properties":{"layer":"DP_0","label":"DP Zone","confidence":"high","SUBURBS":"EASTERN","ZONE_CODE2":"I"},"geometry":{"type":"Polygon","coordinates":[[[72.93737074965875,19.14807388463417],[72.93752299517092,19.148083057763767],[72.93736038361075,19.147744266613905],[72.9362553734806,19.146468586053924],[72.93575051598731,19.14701326533565],[72.93498984441311,19.14688072639861],[72.93490066040097,19.147761525042437],[72.9353508261733,19.1480089418184],[72.93737074965875,19.14807388463417]]]}},{"type":"Feature","properties":{"layer":"DP_0","label":"DP Zone","confidence":"high","SUBURBS":"EASTERN","ZONE_CODE2":"I"},"geometry":{"type":"Polygon","coordinates":[[[72.94637772512347,19.158223562150393],[72.94646324187367,19.157501846595245],[72.94603138697346,19.157848062425682],[72.94594499313432,19.15668554786688],[72.94705232680343,19.156606196382235],[72.94719597224586,19.155835511893788],[72.94625208811915,19.15415699936462],[72.94367653541977,19.15412946791362],[72.94334826164751,19.154925388713565],[72.94353199301251,19.15690044573442],[72.9455532277528,19.156925658757345],[72.94551199000847,19.158079446798066],[72.94587493608927,19.15808850640765],[72.94605361718318,19.158536105761375],[72.94641399569873,19.15842445753599],[72.94637772512347,19.158223562150393]]]}},{"type":"Feature","properties":{"layer":"DP_0","label":"DP Zone","confidence":"high","SUBURBS":"EASTERN","ZONE_CODE2":"C"},"geometry":{"type":"Polygon","coordinates":[[[72.96411719412048,19.154497709789744],[72.96407125808192,19.154276078445942],[72.9625283510573,19.15458295955095],[72.96257322147272,19.154786702872595],[72.96411719412048,19.154497709789744]]]}},{"type":"Feature","properties":{"layer":"DP_0","label":"DP Zone","confidence":"high","SUBURBS":"EASTERN","ZONE_CODE2":"I"},"geometry":{"type":"Polygon","coordinates":[[[72.89510022391373,19.114767361411012],[72.89298097939414,19.114927134752758],[72.89291612182336,19.11560135449954],[72.89317971471782,19.116142810110144],[72.89527930218509,19.116008550055657],[72.89510022391373,19.114767361411012]]]}},{"type":"Feature","properties":{"layer":"DP_0","label":"DP Zone","confidence":"high","SUBURBS":"EASTERN","ZONE_CODE2":"R"},"geometry":{"type":"Polygon","coordinates":[[[72.8911096253551,19.117121273484315],[72.89096535316037,19.116401006196217],[72.89045512973527,19.11613150653346],[72.89013449555802,19.116738018329368],[72.88940047046007,19.116829499790924],[72.89036723075223,19.11709550179005],[72.89062251775745,19.11693629897297],[72.89085792348632,19.117268124322212],[72.8911096253551,19.117121273484315]]]}},{"type":"Feature","properties":{"layer":"DP_0","label":"DP Zone","confidence":"high","SUBURBS":"EASTERN","ZONE_CODE2":"R"},"geometry":{"type":"Polygon","coordinates":[[[72.89284396112744,19.116566668718367],[72.8922096371384,19.11680124407726],[72.89170045299251,19.116672928286462],[72.89181581222864,19.115983497235007],[72.89285084330433,19.116089052926693],[72.89285469282879,19.115489027970312],[72.88981901870933,19.11508670452107],[72.88965963386974,19.115512232731348],[72.8892255329645,19.11556914050214],[72.89092801596371,19.115878154793265],[72.89065264136025,19.11621531952183],[72.89115880642127,19.11702138432727],[72.89181255971339,19.117521161144243],[72.89215012401897,19.117416414123706],[72.89226056748831,19.116845961393654],[72.89279103283542,19.11690654008957],[72.89284396112744,19.116566668718367]]]}},{"type":"Feature","properties":{"layer":"DP_0","label":"DP Zone","confidence":"high","SUBURBS":"EASTERN","ZONE_CODE2":"R"},"geometry":{"type":"Polygon","coordinates":[[[72.8881479399562,19.127913319966318],[72.88930979831622,19.126864574878386],[72.88731932938579,19.109838174651614],[72.88750756935362,19.109586375386836],[72.88759167772204,19.107229093123603],[72.88789182467927,19.106611865907286],[72.88731505871044,19.107371562506163],[72.88655413751084,19.107532504101144],[72.88707378272771,19.10955979462311],[72.88577815465618,19.110743671764375],[72.88605230864093,19.111132960707117],[72.88648188458403,19.111073649799433],[72.88652128854768,19.110279670591346],[72.88710535039735,19.109770087272512],[72.88722082797628,19.109939981536954],[72.88758840807981,19.113709231976532],[72.88736091394978,19.113765993159696],[72.88689378687216,19.11498605752756],[72.88615949614534,19.11606871058681],[72.8858288434295,19.118392130027917],[72.88663299827556,19.12066822238189],[72.88852442914006,19.121491150439255],[72.88857320345225,19.12181647909139],[72.88752958306841,19.122793159359727],[72.8865108573997,19.12702922961604],[72.8857517122986,19.127429233477272],[72.88513947457619,19.127424026827697],[72.88436186351144,19.1280675256635],[72.8848939857112,19.128680145627296],[72.88640842074199,19.12917841029911],[72.8881479399562,19.127913319966318]]]}},{"type":"Feature","properties":{"layer":"DP_0","label":"DP Zone","confidence":"high","SUBURBS":"EASTERN","ZONE_CODE2":"R"},"geometry":{"type":"Polygon","coordinates":[[[72.88848641699816,19.118589187964027],[72.88839226326088,19.117957111351775],[72.8891327862706,19.118103535153782],[72.88915608423416,19.11750680378374],[72.8885496807882,19.117272518310298],[72.88839268124055,19.117437325875343],[72.88810318138984,19.116018169490868],[72.88844051308753,19.11947759601643],[72.88848641699816,19.118589187964027]]]}},{"type":"Feature","properties":{"layer":"DP_0","label":"DP Zone","confidence":"high","SUBURBS":"EASTERN","ZONE_CODE2":"R"},"geometry":{"type":"Polygon","coordinates":[[[72.8905088051926,19.12622742735721],[72.89300790527976,19.125050516188022],[72.89295259449767,19.12478600847062],[72.89285797002735,19.124493304356843],[72.89160705288693,19.12479837931823],[72.89158546764625,19.12463000925505],[72.89268680773353,19.124327572377357],[72.89269111691954,19.12404557216723],[72.8913409602334,19.12182171965088],[72.89074235738029,19.120101284631502],[72.89019113824975,19.119717782804486],[72.88855611549897,19.119567592760852],[72.88834315625886,19.118816233977462],[72.88932869976198,19.12702731189287],[72.8905088051926,19.12622742735721]]]}},{"type":"Feature","properties":{"layer":"DP_0","label":"DP Zone","confidence":"high","SUBURBS":"EASTERN","ZONE_CODE2":"R"},"geometry":{"type":"Polygon","coordinates":[[[72.89024449920817,19.11856836532624],[72.88995475355334,19.117966813833277],[72.88959806868405,19.117867314193887],[72.88841045226289,19.11809125929386],[72.88847781253294,19.11853381619418],[72.88891941963377,19.118386772728964],[72.89024449920817,19.11856836532624]]]}},{"type":"Feature","properties":{"layer":"DP_0","label":"DP Zone","confidence":"high","SUBURBS":"EASTERN","ZONE_CODE2":"R"},"geometry":{"type":"Polygon","coordinates":[[[72.89084336133487,19.11796039366554],[72.89053695027866,19.11797687085384],[72.8906432131341,19.118408146597805],[72.89023447159299,19.11839110599927],[72.8901470887095,19.118031358350343],[72.89032831422239,19.11884036181107],[72.89108495076476,19.118658693678093],[72.89084336133487,19.11796039366554]]]}},{"type":"Feature","properties":{"layer":"DP_0","label":"DP Zone","confidence":"high","SUBURBS":"EASTERN","ZONE_CODE2":"I"},"geometry":{"type":"Polygon","coordinates":[[[72.90730539954237,19.030081440268805],[72.90694780373518,19.028929911533055],[72.90754596355188,19.028978165733747],[72.9074911187207,19.02802523736837],[72.9089176960379,19.028170548127928],[72.90921219714515,19.02615606117053],[72.9076856815721,19.024128388461754],[72.9077165609983,19.023250677532523],[72.91080163114337,19.022725362609492],[72.910650984854,19.021686783120703],[72.91101572301065,19.018864803929976],[72.90966307004736,19.018581882277243],[72.90859457424355,19.019218217728714],[72.90773967999215,19.01812546163538],[72.90756301193686,19.019408456275478],[72.90767063085667,19.022122758289914],[72.90698579552142,19.022149319601166],[72.9070105197528,19.023653207100562],[72.90546905455226,19.023817331487386],[72.90414211314588,19.023630230774472],[72.90335599112639,19.022932688844932],[72.9028230946675,19.02284438414041],[72.90267358731347,19.023762744539788],[72.90291002561666,19.024129113509673],[72.904237846813,19.025216127297938],[72.90453815889214,19.024562762491993],[72.90480297017722,19.024775110311587],[72.90457606932607,19.02557192914833],[72.90599271693529,19.026982991744735],[72.90198849024625,19.026627114979757],[72.90196603894024,19.026794914465075],[72.9020107172896,19.028026864209753],[72.90317736046018,19.02838814412358],[72.90374040447539,19.02919451732941],[72.90471196210514,19.02941054232136],[72.90480537870266,19.029800004438844],[72.90516603624157,19.029981979883097],[72.90693002670956,19.030030005008676],[72.90714508379516,19.030224879503272],[72.90730539954237,19.030081440268805]]]}},{"type":"Feature","properties":{"layer":"DP_0","label":"DP Zone","confidence":"high","SUBURBS":"EASTERN","ZONE_CODE2":"I"},"geometry":{"type":"Polygon","coordinates":[[[72.904237846813,19.025216127297938],[72.903567786095,19.026771643100286],[72.90599271693529,19.026982991744735],[72.90464363670463,19.025613540661976],[72.90487445169566,19.024866082417564],[72.90458020034927,19.02469714989019],[72.904237846813,19.025216127297938]]]}},{"type":"Feature","properties":{"layer":"DP_0","label":"DP Zone","confidence":"high","SUBURBS":"EASTERN","ZONE_CODE2":"R"},"geometry":{"type":"Polygon","coordinates":[[[72.9311715003597,19.067000236779464],[72.92771714146734,19.06848624856679],[72.9249647638043,19.067482867913238],[72.92166012290568,19.06830943528153],[72.92081394203421,19.068335432790636],[72.9204397068263,19.06808258744516],[72.92171633934454,19.07101037362815],[72.92325437724749,19.07087597709894],[72.92383444590436,19.071869066292983],[72.92485018336664,19.06968083762254],[72.92759366000816,19.071348209401712],[72.92800821052812,19.07304734363687],[72.92836707388838,19.072880083725543],[72.93021679623114,19.069392219244538],[72.93084504506021,19.06899152653718],[72.9311715003597,19.067000236779464]]]}},{"type":"Feature","properties":{"layer":"DP_0","label":"DP Zone","confidence":"high","SUBURBS":"EASTERN","ZONE_CODE2":"R"},"geometry":{"type":"Polygon","coordinates":[[[72.93169486414011,19.06200279982144],[72.93167777815748,19.06397937768076],[72.93115233309278,19.065335609208937],[72.93164619282531,19.066395475573373],[72.93214027639853,19.0651204414672],[72.93394517982725,19.06266603759023],[72.93383382371273,19.061270235593728],[72.93341344912533,19.060926030436274],[72.93304333946442,19.060938368863344],[72.93175881148419,19.062142687620753],[72.93169486414011,19.06200279982144]]]}},{"type":"Feature","properties":{"layer":"DP_0","label":"DP Zone","confidence":"high","SUBURBS":"EASTERN","ZONE_CODE2":"I"},"geometry":{"type":"Polygon","coordinates":[[[72.92078612378002,19.06073792087728],[72.91973898681044,19.059176142100743],[72.91817230227898,19.059897116761505],[72.91877458753028,19.061657791671216],[72.92078612378002,19.06073792087728]]]}},{"type":"Feature","properties":{"layer":"DP_0","label":"DP Zone","confidence":"high","SUBURBS":"EASTERN","ZONE_CODE2":"I"},"geometry":{"type":"Polygon","coordinates":[[[72.91974726571792,19.046701531275282],[72.91860508511273,19.04549238303121],[72.9181352330512,19.044592810447483],[72.91647817589875,19.045025222122288],[72.91774479046275,19.04805150421294],[72.9198397563008,19.047542761240127],[72.91974726571792,19.046701531275282]]]}},{"type":"Feature","properties":{"layer":"DP_0","label":"DP Zone","confidence":"high","SUBURBS":"EASTERN","ZONE_CODE2":"I"},"geometry":{"type":"Polygon","coordinates":[[[72.92107249405662,19.0517637742797],[72.92050451074547,19.050245022421052],[72.91959167175744,19.0504579594676],[72.91995843919689,19.05098809123215],[72.91913627902414,19.051514508924807],[72.91984381098094,19.052445420863194],[72.92107249405662,19.0517637742797]]]}},{"type":"Feature","properties":{"layer":"DP_0","label":"DP Zone","confidence":"high","SUBURBS":"EASTERN","ZONE_CODE2":"I"},"geometry":{"type":"Polygon","coordinates":[[[72.88871448272616,19.0129063860785],[72.88930541926939,19.01281498063065],[72.8892993057631,19.01260081788053],[72.8901662378293,19.012235690846],[72.89010292018058,19.011491014706063],[72.89028375469196,19.0110540415014],[72.89090828480478,19.01106552883304],[72.89099464588232,19.0101370263414],[72.89050773429898,19.00997241139058],[72.89007790008306,19.010442864660334],[72.89002793805426,19.01015257045929],[72.88829244568488,19.010652024463244],[72.88848275980607,19.01173047201884],[72.88739064092154,19.011884268210828],[72.88753089929115,19.012782908127555],[72.88871448272616,19.0129063860785]]]}},{"type":"Feature","properties":{"layer":"DP_0","label":"DP Zone","confidence":"high","EP_NO":"EP-MW55","SUBURBS":"EASTERN","ZONE_CODE2":"NDZ"},"geometry":{"type":"Polygon","coordinates":[[[72.88631464237727,19.021855165178234],[72.88619424633396,19.02202077779677],[72.88990954729339,19.0209036550828],[72.88631464237727,19.021855165178234]]]}},{"type":"Feature","properties":{"layer":"DP_0","label":"DP Zone","confidence":"high","SUBURBS":"EASTERN","ZONE_CODE2":"I"},"geometry":{"type":"Polygon","coordinates":[[[72.88984488859306,19.027576325507514],[72.88991992629809,19.02476891174844],[72.88908125790164,19.025989069533544],[72.88522354627801,19.025589626164937],[72.88814933011813,19.028147238706953],[72.88984488859306,19.027576325507514]]]}},{"type":"Feature","properties":{"layer":"DP_0","label":"DP Zone","confidence":"high","EP_NO":"EP-MW61,62,59","SUBURBS":"EASTERN","ZONE_CODE2":"NDZ"},"geometry":{"type":"Polygon","coordinates":[[[72.88186508761667,19.03523297660327],[72.8819764035912,19.029682779823755],[72.88149295805933,19.033273557084993],[72.88068089870399,19.033386482565096],[72.88126428692411,19.03531445891616],[72.88186508761667,19.03523297660327]]]}},{"type":"Feature","properties":{"layer":"DP_0","label":"DP Zone","confidence":"high","EP_NO":"EP-MW61,62,59","SUBURBS":"EASTERN","ZONE_CODE2":"NDZ"},"geometry":{"type":"Polygon","coordinates":[[[72.88401495351066,19.024665642829792],[72.8829449527178,19.02486435418589],[72.88286910892752,19.02320423621969],[72.88207523870162,19.023170813084548],[72.88190798674941,19.02501864897078],[72.88206329411248,19.02762939339576],[72.88764850390004,19.029577209048362],[72.88771219801934,19.029401520960352],[72.8874194797758,19.029300302516987],[72.88757677971873,19.028254408345642],[72.88801371118741,19.028147741079685],[72.88783284704186,19.02786007764646],[72.88517280157467,19.02573738946821],[72.88563529374451,19.025531338571597],[72.88465105601021,19.025364111799515],[72.88401495351066,19.024665642829792]]]}},{"type":"Feature","properties":{"layer":"DP_0","label":"DP Zone","confidence":"high","EP_NO":"EP-MW61,62,59","SUBURBS":"EASTERN","ZONE_CODE2":"NDZ"},"geometry":{"type":"Polygon","coordinates":[[[72.88206329411248,19.02762939339576],[72.88193688184107,19.026296867203904],[72.88182749345846,19.029070589947437],[72.88199503598044,19.02917455012359],[72.88206329411248,19.02762939339576]]]}},{"type":"Feature","properties":{"layer":"DP_0","label":"DP Zone","confidence":"high","SUBURBS":"EASTERN","ZONE_CODE2":"C"},"geometry":{"type":"Polygon","coordinates":[[[72.92773035658098,19.109604918691815],[72.9264367173579,19.10937847512785],[72.92622253732536,19.109830792264603],[72.92684640738972,19.109827036251133],[72.92770396809642,19.110323667534843],[72.92773035658098,19.109604918691815]]]}},{"type":"Feature","properties":{"layer":"DP_0","label":"DP Zone","confidence":"high","SUBURBS":"EASTERN","ZONE_CODE2":"C"},"geometry":{"type":"Polygon","coordinates":[[[72.92726909974756,19.110031811960525],[72.926921425135,19.11022260980094],[72.92679897550703,19.110854281341066],[72.92792146551871,19.11059536420919],[72.92726909974756,19.110031811960525]]]}},{"type":"Feature","properties":{"layer":"DP_0","label":"DP Zone","confidence":"high","SUBURBS":"EASTERN","ZONE_CODE2":"R"},"geometry":{"type":"Polygon","coordinates":[[[72.92118624716815,19.097873470815788],[72.91863380580781,19.095228086075],[72.91800830014121,19.09565541420215],[72.91739484136902,19.095673408854005],[72.9173343893227,19.09602712144018],[72.91583874328249,19.097045563359288],[72.91829034495748,19.100295722701592],[72.92118624716815,19.097873470815788]]]}},{"type":"Feature","properties":{"layer":"DP_0","label":"DP Zone","confidence":"high","SUBURBS":"EASTERN","ZONE_CODE2":"R"},"geometry":{"type":"Polygon","coordinates":[[[72.93236044303706,19.1090730354566],[72.9329586236902,19.110522519260638],[72.93392203916346,19.11071504374812],[72.93332128081948,19.108896376516295],[72.93236044303706,19.1090730354566]]]}},{"type":"Feature","properties":{"layer":"DP_0","label":"DP Zone","confidence":"high","EP_NO":"EP-S123","SUBURBS":"EASTERN","ZONE_CODE2":"C"},"geometry":{"type":"Polygon","coordinates":[[[72.92545826875094,19.112184044158916],[72.92542967451003,19.111994843017193],[72.92597714255929,19.111944972579877],[72.92564303258604,19.11109025655959],[72.92525025024462,19.111162836451363],[72.92463287096523,19.110860824428805],[72.92487078764151,19.11485758146429],[72.92544702073516,19.1147911045719],[72.92527115088643,19.112221965378225],[72.92545826875094,19.112184044158916]]]}},{"type":"Feature","properties":{"layer":"DP_0","label":"DP Zone","confidence":"high","SUBURBS":"EASTERN","ZONE_CODE2":"I"},"geometry":{"type":"Polygon","coordinates":[[[72.918282077232,19.11421076400463],[72.91845932814026,19.110812065723515],[72.91772628191121,19.110607326782137],[72.91684588905315,19.1107052962979],[72.91712035889877,19.11396496647265],[72.91750462855212,19.11448274522837],[72.91743014141296,19.114801478981544],[72.91647115898098,19.115590336972847],[72.9182970077441,19.117043194899843],[72.918282077232,19.11421076400463]]]}},{"type":"Feature","properties":{"layer":"DP_0","label":"DP Zone","confidence":"high","SUBURBS":"EASTERN","ZONE_CODE2":"C"},"geometry":{"type":"Polygon","coordinates":[[[72.9038869447063,19.07726766764227],[72.90353376745115,19.077249599919362],[72.9038117938983,19.08032680325028],[72.90476240713787,19.0836005394488],[72.90536450669914,19.08385401411373],[72.90430008686262,19.08016778646626],[72.90422079153723,19.078276069971437],[72.90405016758902,19.077273230225103],[72.9038869447063,19.07726766764227]]]}},{"type":"Feature","properties":{"layer":"DP_0","label":"DP Zone","confidence":"high","SUBURBS":"EASTERN","ZONE_CODE2":"C"},"geometry":{"type":"Polygon","coordinates":[[[72.90753542775121,19.08905737329849],[72.9078274398603,19.088974902663857],[72.90801585391276,19.087286647273768],[72.90955586381308,19.088541544946636],[72.91057563098043,19.08749258310538],[72.90775276953374,19.085705850418602],[72.90593522771171,19.08484415487854],[72.90591979444196,19.08455823605094],[72.90452526428629,19.08393456433688],[72.90524052985839,19.08558144091904],[72.90548780859328,19.08757651904897],[72.90531379250474,19.087852131518442],[72.90753542775121,19.08905737329849]]]}},{"type":"Feature","properties":{"layer":"DP_0","label":"DP Zone","confidence":"high","SUBURBS":"EASTERN","ZONE_CODE2":"C"},"geometry":{"type":"Polygon","coordinates":[[[72.92548987204849,19.09214232478923],[72.92329801945407,19.0869529408042],[72.92103768259497,19.084180421092984],[72.91860858746469,19.087561600068046],[72.92388028474481,19.093514164049346],[72.92548987204849,19.09214232478923]]]}},{"type":"Feature","properties":{"layer":"DP_0","label":"DP Zone","confidence":"high","SUBURBS":"EASTERN","ZONE_CODE2":"C"},"geometry":{"type":"Polygon","coordinates":[[[72.91809675001265,19.10005443113685],[72.91818560889263,19.099916410972302],[72.91663146942454,19.09801427970078],[72.9141729966267,19.099956531617234],[72.91540370322672,19.102087537628574],[72.91596024746597,19.101761027962773],[72.91610818757587,19.101957923373188],[72.91663883996198,19.101395355259143],[72.91673750985706,19.100899047342978],[72.91755623540536,19.100198851728933],[72.91809675001265,19.10005443113685]]]}},{"type":"Feature","properties":{"layer":"DP_0","label":"DP Zone","confidence":"high","SUBURBS":"EASTERN","ZONE_CODE2":"I"},"geometry":{"type":"Polygon","coordinates":[[[72.90069103410104,19.08629753647184],[72.90087871534271,19.085372226612833],[72.9005432004976,19.085308718409422],[72.89947166326446,19.085658069737303],[72.89948470050726,19.086192902074213],[72.89906920246798,19.086219488899058],[72.89897020769281,19.08668425053452],[72.90047729677777,19.087059809383923],[72.90069103410104,19.08629753647184]]]}},{"type":"Feature","properties":{"layer":"DP_0","label":"DP Zone","confidence":"high","SUBURBS":"EASTERN","ZONE_CODE2":"I"},"geometry":{"type":"Polygon","coordinates":[[[72.90201250419916,19.087170370308318],[72.90220841077063,19.086958959435517],[72.90214784687494,19.086073199155663],[72.9014613251916,19.086058316237267],[72.9012051294161,19.086342707559908],[72.90149590857196,19.086915568358428],[72.90118300213378,19.087063315608894],[72.90201250419916,19.087170370308318]]]}},{"type":"Feature","properties":{"layer":"DP_0","label":"DP Zone","confidence":"high","SUBURBS":"EASTERN","ZONE_CODE2":"R"},"geometry":{"type":"Polygon","coordinates":[[[72.93164299367004,19.110211388606903],[72.93150361112276,19.109502464811882],[72.93158624973789,19.11022762317151],[72.93164299367004,19.110211388606903]]]}},{"type":"Feature","properties":{"layer":"DP_0","label":"DP Zone","confidence":"high","SUBURBS":"EASTERN","ZONE_CODE2":"C"},"geometry":{"type":"Polygon","coordinates":[[[72.90633623240652,19.118370828471708],[72.90608917566938,19.118780465932538],[72.90654699608716,19.11899481668167],[72.90673543794743,19.118538777561835],[72.90633623240652,19.118370828471708]]]}},{"type":"Feature","properties":{"layer":"DP_0","label":"DP Zone","confidence":"high","EP_NO":"EP-S128","SUBURBS":"EASTERN","ZONE_CODE2":"NDZ"},"geometry":{"type":"Polygon","coordinates":[[[72.9214061967674,19.141861472030303],[72.92089822279162,19.142152584602428],[72.92134993585562,19.14329131140118],[72.92101315519072,19.14359656581227],[72.92275500029339,19.14602704673013],[72.92335445430108,19.14595103228534],[72.92343695602484,19.144181013974148],[72.92360691639632,19.144242897452507],[72.92295653713784,19.14246703797921],[72.92255616072782,19.141766999017584],[72.9214061967674,19.141861472030303]]]}},{"type":"Feature","properties":{"layer":"DP_0","label":"DP Zone","confidence":"high","SUBURBS":"EASTERN","ZONE_CODE2":"R"},"geometry":{"type":"Polygon","coordinates":[[[72.92525202761409,19.11481360017836],[72.92419325739955,19.114935742974524],[72.92410778949262,19.117110009389652],[72.92447359119176,19.116982020125782],[72.92525202761409,19.11481360017836]]]}},{"type":"Feature","properties":{"layer":"DP_0","label":"DP Zone","confidence":"high","SUBURBS":"EASTERN","ZONE_CODE2":"C"},"geometry":{"type":"Polygon","coordinates":[[[72.93715055538517,19.144412519061877],[72.93807535912599,19.14408912369124],[72.93817282039464,19.14362564127888],[72.93746275666395,19.142769016523655],[72.93674812335234,19.14309811533039],[72.93643761894987,19.142616680908127],[72.93405088374486,19.143730352800645],[72.93522634674962,19.145252385458328],[72.93715055538517,19.144412519061877]]]}},{"type":"Feature","properties":{"layer":"DP_0","label":"DP Zone","confidence":"high","SUBURBS":"EASTERN","ZONE_CODE2":"C"},"geometry":{"type":"Polygon","coordinates":[[[72.95869616845027,19.164922594913314],[72.95734171827054,19.16717394512406],[72.96073783428042,19.168444134570347],[72.96084750515617,19.168108272828405],[72.95992376963896,19.166020997237112],[72.95869616845027,19.164922594913314]]]}},{"type":"Feature","properties":{"layer":"DP_0","label":"DP Zone","confidence":"high","SUBURBS":"EASTERN","ZONE_CODE2":"I"},"geometry":{"type":"Polygon","coordinates":[[[72.97423970092323,19.17368802670028],[72.97548170858923,19.172970993074326],[72.97655887286103,19.170049652095788],[72.97504257468819,19.168999545705873],[72.97432084111708,19.16911231790755],[72.97155108562531,19.170662116064037],[72.97014787248754,19.170711326374136],[72.96862144061977,19.17172650840908],[72.96886524653591,19.172131730607337],[72.97085522111435,19.172116934315785],[72.97098029339124,19.173158375579984],[72.97290874994742,19.17362632927288],[72.9733118084954,19.17410770180815],[72.97423970092323,19.17368802670028]]]}},{"type":"Feature","properties":{"layer":"DP_0","label":"DP Zone","confidence":"high","SUBURBS":"EASTERN","ZONE_CODE2":"I"},"geometry":{"type":"Polygon","coordinates":[[[72.92519566784442,19.125204149820586],[72.927637574903,19.125013401261242],[72.92767888621313,19.123255011112327],[72.92741248382426,19.123524809771304],[72.92650720488577,19.12361847170566],[72.92529705975734,19.12325933926583],[72.92589441540096,19.11935940979337],[72.92600145754876,19.117976214551256],[72.9257422344123,19.117932162349923],[72.92511064840191,19.117914534905957],[72.92500412948633,19.1188203558538],[72.9240522358053,19.118730307564405],[72.92269020948045,19.12567506311207],[72.92519566784442,19.125204149820586]]]}},{"type":"Feature","properties":{"layer":"DP_0","label":"DP Zone","confidence":"high","SUBURBS":"EASTERN","ZONE_CODE2":"C"},"geometry":{"type":"Polygon","coordinates":[[[72.92862663705313,19.133277851440237],[72.92770664532702,19.13163382221711],[72.92714547581808,19.131924076184088],[72.92807686793417,19.133538080374805],[72.92862663705313,19.133277851440237]]]}},{"type":"Feature","properties":{"layer":"DP_0","label":"DP Zone","confidence":"high","SUBURBS":"EASTERN","ZONE_CODE2":"C"},"geometry":{"type":"Polygon","coordinates":[[[72.9318640205969,19.11339173621124],[72.9315731006582,19.11197926926406],[72.93158624973789,19.11022762317151],[72.93042544580904,19.11055973299103],[72.93012107674998,19.110004694122445],[72.92859990054927,19.110644037415966],[72.92888501577204,19.113908057306066],[72.9318640205969,19.11339173621124]]]}},{"type":"Feature","properties":{"layer":"DP_0","label":"DP Zone","confidence":"high","SUBURBS":"EASTERN","ZONE_CODE2":"I"},"geometry":{"type":"Polygon","coordinates":[[[72.96356619674505,19.15904557416941],[72.96509715375765,19.15845712018849],[72.96521645842833,19.15875459198503],[72.96943719352414,19.157398235016093],[72.96962652623202,19.158645526820237],[72.97020754716173,19.158451689044156],[72.97036903175307,19.15925343547203],[72.97225477972815,19.158475267149218],[72.97252754514818,19.159080210536466],[72.97497304067363,19.157228559374417],[72.97438556129829,19.15331669183512],[72.96871186771074,19.154323675787705],[72.96873927311906,19.154795625978167],[72.96565794791618,19.15602757355437],[72.96766192396628,19.15652686931414],[72.96796809063447,19.156885486970456],[72.96775995714859,19.157351699057827],[72.9610942201802,19.159880108134686],[72.96356619674505,19.15904557416941]]]}},{"type":"Feature","properties":{"layer":"DP_0","label":"DP Zone","confidence":"high","SUBURBS":"EASTERN","ZONE_CODE2":"I"},"geometry":{"type":"Polygon","coordinates":[[[72.96244314235757,19.15280550171296],[72.96767493047379,19.151682964015883],[72.96868269696664,19.1489637939116],[72.96332744916661,19.15018157627302],[72.96039273939523,19.151977332488823],[72.96099160727547,19.15293359467898],[72.96244314235757,19.15280550171296]]]}},{"type":"Feature","properties":{"layer":"DP_0","label":"DP Zone","confidence":"high","SUBURBS":"EASTERN","ZONE_CODE2":"C"},"geometry":{"type":"Polygon","coordinates":[[[72.97706452154887,19.16648589978664],[72.976573925312,19.161155461113946],[72.97583458268821,19.16134938021681],[72.97479054337617,19.16339510220568],[72.97502062896704,19.165315871360423],[72.97485528730576,19.167788494253145],[72.9750141087205,19.168989872258624],[72.97557255142961,19.16929517410369],[72.97729695883646,19.16906533796341],[72.97706452154887,19.16648589978664]]]}},{"type":"Feature","properties":{"layer":"DP_0","label":"DP Zone","confidence":"high","SUBURBS":"EASTERN","ZONE_CODE2":"C"},"geometry":{"type":"Polygon","coordinates":[[[72.90118013390878,19.13259524259373],[72.90066245723368,19.132046415800254],[72.89984705834193,19.132107564913408],[72.89914489961443,19.132560769465197],[72.89840429046801,19.131967622104625],[72.89732082528676,19.13286466674363],[72.89947819898022,19.134388933453273],[72.90243285691146,19.135412801519415],[72.90204425768428,19.134450245323823],[72.90144730666277,19.134215011947823],[72.90122401597229,19.13329367095494],[72.90173094459328,19.13290677796633],[72.90118013390878,19.13259524259373]]]}},{"type":"Feature","properties":{"layer":"DP_0","label":"DP Zone","confidence":"high","SUBURBS":"EASTERN","ZONE_CODE2":"C"},"geometry":{"type":"Polygon","coordinates":[[[72.87960941000944,19.100930572312492],[72.88001725089781,19.101725207863684],[72.88029202086463,19.101706228323227],[72.879940227736,19.10086088388388],[72.87960941000944,19.100930572312492]]]}},{"type":"Feature","properties":{"layer":"DP_0","label":"DP Zone","confidence":"high","EP_NO":"EP-MW51","SUBURBS":"EASTERN","ZONE_CODE2":"NA"},"geometry":{"type":"Polygon","coordinates":[[[72.88641721321206,19.013445026745178],[72.88708898988249,19.013638540905443],[72.88755020486956,19.012904799044207],[72.88698940078918,19.01352555632023],[72.88641721321206,19.013445026745178]]]}},{"type":"Feature","properties":{"layer":"DP_0","label":"DP Zone","confidence":"high","EP_NO":"EP-MW56","SUBURBS":"EASTERN","ZONE_CODE2":"NA"},"geometry":{"type":"Polygon","coordinates":[[[72.88619325845565,19.022022135719972],[72.88631464237727,19.021855165178234],[72.88349317719003,19.02287776501957],[72.88619325845565,19.022022135719972]]]}},{"type":"Feature","properties":{"layer":"DP_0","label":"DP Zone","confidence":"high","EP_NO":"EP-MW64","SUBURBS":"EASTERN","ZONE_CODE2":"NA"},"geometry":{"type":"Polygon","coordinates":[[[72.88401495351066,19.024665642829792],[72.88349317719003,19.02287776501957],[72.88299383901045,19.02305989632384],[72.8829449527178,19.02486435418589],[72.88401495351066,19.024665642829792]]]}},{"type":"Feature","properties":{"layer":"DP_0","label":"DP Zone","confidence":"high","EP_NO":"EP-MW47","SUBURBS":"EASTERN","ZONE_CODE2":"I"},"geometry":{"type":"Polygon","coordinates":[[[72.89908260291432,19.010224085205213],[72.89892094065091,19.010195105772063],[72.89905928783399,19.010310461643193],[72.89908260291432,19.010224085205213]]]}},{"type":"Feature","properties":{"layer":"DP_0","label":"DP Zone","confidence":"high","EP_NO":"EP-S79","SUBURBS":"EASTERN","ZONE_CODE2":"NA"},"geometry":{"type":"Polygon","coordinates":[[[72.91967985221758,19.141449582411582],[72.91969183295399,19.142589959566937],[72.92031024051755,19.142953554171314],[72.92002670888573,19.143149711614672],[72.92031127460773,19.143555740187377],[72.92077286143662,19.143436305252685],[72.92111505137368,19.14379719910264],[72.920524860569,19.142941845787863],[72.91980667614177,19.142566158153347],[72.91967985221758,19.141449582411582]]]}},{"type":"Feature","properties":{"layer":"DP_0","label":"DP Zone","confidence":"high","EP_NO":"EP-S126","SUBURBS":"EASTERN","ZONE_CODE2":"NA"},"geometry":{"type":"Polygon","coordinates":[[[72.9579794073863,19.1216311252838],[72.95643087793131,19.119348012492733],[72.9490182795023,19.119372878772086],[72.9490800133598,19.120998288719072],[72.9579794073863,19.1216311252838]]]}},{"type":"Feature","properties":{"layer":"DP_0","label":"DP Zone","confidence":"high","EP_NO":"EP-T65","SUBURBS":"EASTERN","ZONE_CODE2":"NA"},"geometry":{"type":"Polygon","coordinates":[[[72.9601147032293,19.1455309095227],[72.95750270042964,19.14359031174978],[72.95859750061767,19.14471259291959],[72.9601147032293,19.1455309095227]]]}},{"type":"Feature","properties":{"layer":"DP_0","label":"DP Zone","confidence":"high","EP_NO":"EP-T65","SUBURBS":"EASTERN","ZONE_CODE2":"NDZ"},"geometry":{"type":"Polygon","coordinates":[[[72.9574404696976,19.143501909387332],[72.9601147032293,19.1455309095227],[72.9605934846389,19.145112292039475],[72.96209672954514,19.145675151477125],[72.9626511261081,19.1463568787276],[72.96267440654587,19.147133681016545],[72.9638644774606,19.14727580275791],[72.96407099530428,19.146388792707757],[72.9629953272603,19.145936315203226],[72.96401749108082,19.143504509978552],[72.96386335251412,19.143158412187063],[72.95827875464504,19.14059989256482],[72.9574404696976,19.143501909387332]]]}},{"type":"Feature","properties":{"layer":"DP_0","label":"DP Zone","confidence":"high","EP_NO":"EP-T65","SUBURBS":"EASTERN","ZONE_CODE2":"NA"},"geometry":{"type":"Polygon","coordinates":[[[72.97198901229947,19.150249997689926],[72.96924173139028,19.150919102451113],[72.96917998904247,19.151094760416267],[72.97200578308534,19.150547840432587],[72.97198901229947,19.150249997689926]]]}},{"type":"Feature","properties":{"layer":"DP_0","label":"DP Zone","confidence":"high","EP_NO":"EP-T65","SUBURBS":"EASTERN","ZONE_CODE2":"NDZ"},"geometry":{"type":"Polygon","coordinates":[[[72.97165077571906,19.146933410768423],[72.9626340367035,19.148997707070087],[72.9592074208839,19.150808650546946],[72.95613212276349,19.151635084964212],[72.95551236730094,19.150892147578762],[72.95533913110802,19.151330855164627],[72.95488939153482,19.151606823236612],[72.95599306892461,19.153242719453797],[72.95819904867268,19.152246595684897],[72.95911696752253,19.153888605694625],[72.96022538808077,19.153795861756812],[72.96019620680231,19.153239938976405],[72.96099160727547,19.15293359467898],[72.96043710722486,19.15204817856849],[72.96332744916661,19.15018157627302],[72.96868269696664,19.1489637939116],[72.96767493047379,19.151682964015883],[72.96249823586245,19.152800642443122],[72.96256703589114,19.153646164866743],[72.9644604660355,19.153272403483644],[72.96443942622244,19.15284134360824],[72.9668061916979,19.152403709696735],[72.96695064833882,19.152789116340966],[72.96847381444486,19.15250610120823],[72.968845290498,19.151812795284258],[72.96880429145702,19.151108052125714],[72.97344127797771,19.14985014063163],[72.97165077571906,19.146933410768423]]]}},{"type":"Feature","properties":{"layer":"DP_0","label":"DP Zone","confidence":"high","EP_NO":"EP-T66","SUBURBS":"EASTERN","ZONE_CODE2":"NDZ"},"geometry":{"type":"Polygon","coordinates":[[[72.96593510833512,19.156217073661818],[72.96099136842354,19.158970127065313],[72.9597443150314,19.157920770135807],[72.96109414279478,19.15987999454348],[72.96794427070463,19.157126082197568],[72.96766192396628,19.15652686931414],[72.96593510833512,19.156217073661818]]]}},{"type":"Feature","properties":{"layer":"DP_0","label":"DP Zone","confidence":"high","EP_NO":"EP-T66","SUBURBS":"EASTERN","ZONE_CODE2":"NA"},"geometry":{"type":"Polygon","coordinates":[[[72.96593510833512,19.156217073661818],[72.96568462732638,19.15617213572551],[72.96674523345575,19.155579611165813],[72.96337268912869,19.155759117803996],[72.95929673531172,19.15726576932589],[72.96099136842354,19.158970127065313],[72.96593510833512,19.156217073661818]]]}},{"type":"Feature","properties":{"layer":"DP_0","label":"DP Zone","confidence":"high","EP_NO":"EP-ME67","SUBURBS":"EASTERN","ZONE_CODE2":"SDZ"},"geometry":{"type":"Polygon","coordinates":[[[72.94605321466149,19.042847115567437],[72.94623552326694,19.043118930382406],[72.94658557858098,19.042851905100342],[72.946481137115,19.042630397294374],[72.94605321466149,19.042847115567437]]]}},{"type":"Feature","properties":{"layer":"DP_0","label":"DP Zone","confidence":"high","EP_NO":"EP-ME68","SUBURBS":"EASTERN","ZONE_CODE2":"NDZ"},"geometry":{"type":"Polygon","coordinates":[[[72.94426828598027,19.044600781489148],[72.946178872382,19.043160777011074],[72.94606172926484,19.042867739459115],[72.94113711717489,19.045268639144474],[72.9440761366618,19.04438494044116],[72.94426828598027,19.044600781489148]]]}},{"type":"Feature","properties":{"layer":"DP_0","label":"DP Zone","confidence":"high","EP_NO":"EP-MW70","SUBURBS":"EASTERN","ZONE_CODE2":"NDZ"},"geometry":{"type":"Polygon","coordinates":[[[72.93748722956977,19.04825346587448],[72.93664068309329,19.04831474865172],[72.93654005120754,19.049056014513642],[72.93748722956977,19.04825346587448]]]}},{"type":"Feature","properties":{"layer":"DP_0","label":"DP Zone","confidence":"high","EP_NO":"EP-ME71","SUBURBS":"EASTERN","ZONE_CODE2":"NDZ"},"geometry":{"type":"Polygon","coordinates":[[[72.93772717515775,19.050003751272495],[72.9374073631982,19.050197539417724],[72.93554508708134,19.04955097633075],[72.93586170942424,19.04936426368516],[72.93430687743452,19.049367183342426],[72.93748161553265,19.050564862570667],[72.93772717515775,19.050003751272495]]]}},{"type":"Feature","properties":{"layer":"DP_0","label":"DP Zone","confidence":"high","EP_NO":"EP-ME74","SUBURBS":"EASTERN","ZONE_CODE2":"NA"},"geometry":{"type":"Polygon","coordinates":[[[72.94267334268628,19.056500663203575],[72.94027959892263,19.05571518896178],[72.93933224013828,19.05585261832214],[72.93812679239969,19.057136164164135],[72.93777853534867,19.058760347982762],[72.93924437071703,19.058827036452186],[72.93939215365211,19.058013165732383],[72.94116328948262,19.057799411171864],[72.94180166377492,19.056331205194457],[72.94267334268628,19.056500663203575]]]}},{"type":"Feature","properties":{"layer":"DP_0","label":"DP Zone","confidence":"high","EP_NO":"EP-ME75","SUBURBS":"EASTERN","ZONE_CODE2":"NA"},"geometry":{"type":"Polygon","coordinates":[[[72.93510165440433,19.058847916969352],[72.93648881353172,19.05872032328341],[72.93630648211109,19.058230967509182],[72.9366560613087,19.057715396549696],[72.93689979450866,19.056575558860548],[72.93661665619959,19.05650107385957],[72.93597071122437,19.05711463929304],[72.9355247054569,19.058243824343716],[72.93461699061685,19.058365901611374],[72.9343932764323,19.05866631365988],[72.93510165440433,19.058847916969352]]]}},{"type":"Feature","properties":{"layer":"DP_0","label":"DP Zone","confidence":"high","EP_NO":"EP-ME78","SUBURBS":"EASTERN","ZONE_CODE2":"NA"},"geometry":{"type":"Polygon","coordinates":[[[72.93315815693532,19.057899721249967],[72.93256348455758,19.057135816839498],[72.93247774699331,19.056548764403534],[72.93189952631718,19.057257021690827],[72.93221316645328,19.05844109328519],[72.93242773553212,19.05859930558785],[72.93315815693532,19.057899721249967]]]}},{"type":"Feature","properties":{"layer":"DP_0","label":"DP Zone","confidence":"high","EP_NO":"EP-ME77","SUBURBS":"EASTERN","ZONE_CODE2":"SDZ"},"geometry":{"type":"Polygon","coordinates":[[[72.93252420594405,19.055548971887948],[72.93277214124855,19.05593944213122],[72.93389924789318,19.056023660203483],[72.93398476306761,19.056714374088184],[72.93344280002951,19.057631693792747],[72.93398719356489,19.05807866806842],[72.93384334009308,19.057855911596082],[72.9345502522456,19.05687788779057],[72.93428466211607,19.05571755073314],[72.93367329528527,19.05544370075129],[72.93252420594405,19.055548971887948]]]}},{"type":"Feature","properties":{"layer":"DP_0","label":"DP Zone","confidence":"high","EP_NO":"EP-ME81","SUBURBS":"EASTERN","ZONE_CODE2":"SDZ"},"geometry":{"type":"Polygon","coordinates":[[[72.92250829622878,19.070933056606133],[72.92171633934454,19.07101037362815],[72.92037931401995,19.068020897282327],[72.91956958225684,19.06820689072545],[72.92082439581958,19.072712453130848],[72.92198655756305,19.07228367184853],[72.92312107510936,19.072306355166326],[72.9234971037681,19.072782990095735],[72.92414482197383,19.072473273388322],[72.92310686191766,19.071711138971533],[72.92250829622878,19.070933056606133]]]}},{"type":"Feature","properties":{"layer":"DP_0","label":"DP Zone","confidence":"high","EP_NO":"EP-ME62","SUBURBS":"EASTERN","ZONE_CODE2":"I"},"geometry":{"type":"Polygon","coordinates":[[[72.93284314748097,19.064244931834864],[72.93214027639853,19.0651204414672],[72.93164862488719,19.06640005373173],[72.93177533084281,19.066638516039895],[72.93099695154001,19.0672198023651],[72.93084504506021,19.06899152653718],[72.93031241736479,19.069313304163163],[72.92836707388838,19.072880083725543],[72.92800821052812,19.07304734363687],[72.92760955692737,19.071413369175442],[72.92485018336664,19.06968083762254],[72.92383444590436,19.071869066292983],[72.92325437724749,19.07087597709894],[72.92250829622878,19.070933056606133],[72.9230662995487,19.071672236148366],[72.92412477244038,19.07246267607791],[72.92276458759524,19.073152608017992],[72.92290641443155,19.073630091003825],[72.9234084356467,19.073833575459947],[72.92484282294254,19.073560449275003],[72.9258399645325,19.074333877942394],[72.92849088136148,19.074734513617077],[72.92948385791944,19.074204766448748],[72.93112744529687,19.072833531555293],[72.93174050637911,19.0702553549313],[72.93323673629111,19.069077670949714],[72.93341931281316,19.066983504361662],[72.93462428597388,19.064955233795004],[72.9343209871526,19.06372309928044],[72.93284314748097,19.064244931834864]]]}},{"type":"Feature","properties":{"layer":"DP_0","label":"DP Zone","confidence":"high","EP_NO":"EP-N76","SUBURBS":"EASTERN","ZONE_CODE2":"NA"},"geometry":{"type":"Polygon","coordinates":[[[72.9212301022993,19.07412058158179],[72.92027609410464,19.0755338465099],[72.92213934261477,19.075005890416858],[72.9212301022993,19.07412058158179]]]}},{"type":"Feature","properties":{"layer":"DP_0","label":"DP Zone","confidence":"high","EP_NO":"EP-N76","SUBURBS":"EASTERN","ZONE_CODE2":"NDZ"},"geometry":{"type":"Polygon","coordinates":[[[72.92016427124513,19.074145104495383],[72.91859604487617,19.075049733770324],[72.91878578422465,19.075267939380435],[72.91856373226457,19.075438399177013],[72.91890190416271,19.075833156846645],[72.92026713045051,19.074777740541084],[72.9200075438592,19.07427337241252],[72.92016427124513,19.074145104495383]]]}},{"type":"Feature","properties":{"layer":"DP_0","label":"DP Zone","confidence":"high","EP_NO":"EP-ME81","SUBURBS":"EASTERN","ZONE_CODE2":"SDZ"},"geometry":{"type":"Polygon","coordinates":[[[72.9316074864931,19.06181662505649],[72.93175881148419,19.062142687620753],[72.93304333946442,19.060938368863344],[72.93382995515351,19.061267041552963],[72.93394517982725,19.06266603759023],[72.93290133100616,19.064166615996633],[72.93436275745847,19.063741100969082],[72.934629127536,19.064378619262325],[72.93539871784184,19.063107253752953],[72.935208278478,19.060754060546554],[72.93287952135476,19.060347385570193],[72.93135715163606,19.060956823959508],[72.9316074864931,19.06181662505649]]]}},{"type":"Feature","properties":{"layer":"DP_0","label":"DP Zone","confidence":"high","EP_NO":"EP-ME80","SUBURBS":"EASTERN","ZONE_CODE2":"NDZ"},"geometry":{"type":"Polygon","coordinates":[[[72.93130453986122,19.060910988673076],[72.93083990535243,19.06013105923827],[72.93074372733602,19.0607672356818],[72.93157091921057,19.06174017994129],[72.93130453986122,19.060910988673076]]]}},{"type":"Feature","properties":{"layer":"DP_0","label":"DP Zone","confidence":"high","EP_NO":"EP-ME78","SUBURBS":"EASTERN","ZONE_CODE2":"SDZ"},"geometry":{"type":"Polygon","coordinates":[[[72.93258419763218,19.056158293067234],[72.93168508029676,19.056607151298913],[72.93155951775337,19.056846828774123],[72.93189952631718,19.057257021690827],[72.93258419763218,19.056158293067234]]]}},{"type":"Feature","properties":{"layer":"DP_0","label":"DP Zone","confidence":"high","EP_NO":"EP-ME77","SUBURBS":"EASTERN","ZONE_CODE2":"NA"},"geometry":{"type":"Polygon","coordinates":[[[72.93253104204615,19.05605475845603],[72.93283650800794,19.056304433284765],[72.93274119005949,19.05679965391937],[72.93355855003978,19.057522697793132],[72.93398476306761,19.056714374088184],[72.93389924789318,19.056023660203483],[72.93284636486833,19.055999755934863],[72.93252420594405,19.055548971887948],[72.93227830735941,19.055740203576807],[72.93253104204615,19.05605475845603]]]}},{"type":"Feature","properties":{"layer":"DP_0","label":"DP Zone","confidence":"high","EP_NO":"EP-ME78","SUBURBS":"EASTERN","ZONE_CODE2":"NDZ"},"geometry":{"type":"Polygon","coordinates":[[[72.93165847318006,19.058043114500574],[72.93213845053675,19.058408508472237],[72.93230136178961,19.058272308429274],[72.93154262538505,19.056891042524317],[72.93165847318006,19.058043114500574]]]}},{"type":"Feature","properties":{"layer":"DP_0","label":"DP Zone","confidence":"high","EP_NO":"EP-ME78","SUBURBS":"EASTERN","ZONE_CODE2":"NDZ"},"geometry":{"type":"Polygon","coordinates":[[[72.93363327820475,19.058669502563085],[72.93296845883334,19.05875562664222],[72.9331669695037,19.05794260015225],[72.93243063665284,19.05860375515698],[72.9331260844783,19.059398178690696],[72.93363327820475,19.058669502563085]]]}},{"type":"Feature","properties":{"layer":"DP_0","label":"DP Zone","confidence":"high","EP_NO":"EP-ME73,74,75","SUBURBS":"EASTERN","ZONE_CODE2":"NDZ"},"geometry":{"type":"Polygon","coordinates":[[[72.93389988572063,19.0584109311944],[72.93428068009342,19.058749920171568],[72.93476852257844,19.058310225458996],[72.93541907713721,19.058334371790966],[72.9359472825746,19.05715839942834],[72.93676780901085,19.05649431948986],[72.9369374971567,19.056786398617977],[72.93631027079321,19.058490752327405],[72.93657817458882,19.05872932722208],[72.93781584509891,19.058820067509856],[72.93812679239969,19.057136164164135],[72.93897469214629,19.056111158197943],[72.93979787459047,19.05569163442292],[72.94255940215002,19.056463694802684],[72.94363039823463,19.05643559275518],[72.94494047933692,19.05699166254657],[72.94535575871612,19.056247436977532],[72.94309023377548,19.05530601266161],[72.94257811722561,19.056362367815094],[72.9413498934484,19.05541394355082],[72.94054911633052,19.05537099292585],[72.94018667434786,19.054867784166756],[72.9409354435181,19.054638043562242],[72.93958267256976,19.054196777246194],[72.93843342533062,19.054526720041352],[72.93699645343797,19.056111968381437],[72.93588499299489,19.056339732198484],[72.93513604951667,19.05781904285529],[72.93466237791685,19.05776787568567],[72.93389988572063,19.0584109311944]]]}},{"type":"Feature","properties":{"layer":"DP_0","label":"DP Zone","confidence":"high","EP_NO":"EP-ME81","SUBURBS":"EASTERN","ZONE_CODE2":"SDZ"},"geometry":{"type":"Polygon","coordinates":[[[72.93144062049558,19.059384113443315],[72.93083393058285,19.059977361649178],[72.93112839975024,19.060633387625604],[72.93144062049558,19.059384113443315]]]}},{"type":"Feature","properties":{"layer":"DP_0","label":"DP Zone","confidence":"high","EP_NO":"EP-ME81","SUBURBS":"EASTERN","ZONE_CODE2":"SDZ"},"geometry":{"type":"Polygon","coordinates":[[[72.93185422788336,19.05876232721595],[72.93185068344613,19.059165727748738],[72.93220551036153,19.05880222237916],[72.93185422788336,19.05876232721595]]]}},{"type":"Feature","properties":{"layer":"DP_0","label":"DP Zone","confidence":"high","SUBURBS":"EASTERN","ZONE_CODE2":"NA"},"geometry":{"type":"Polygon","coordinates":[[[72.90105889724643,19.101159303084174],[72.90231884482334,19.10276266145034],[72.9029539457638,19.102726628419184],[72.90105889724643,19.101159303084174]]]}},{"type":"Feature","properties":{"layer":"DP_0","label":"DP Zone","confidence":"high","EP_NO":"EP-S129","SUBURBS":"EASTERN","ZONE_CODE2":"SDZ"},"geometry":{"type":"Polygon","coordinates":[[[72.92363530418098,19.144172426081063],[72.92343695602484,19.144181013974148],[72.92344649785943,19.145830185118744],[72.92294577587495,19.146053960700684],[72.92367827234999,19.148675548028],[72.9245087598603,19.1493076610531],[72.92542380290334,19.151566737613035],[72.92612809859514,19.151769719883735],[72.92549575987356,19.14916045782655],[72.92563356945917,19.148793487685342],[72.92485264509685,19.146857515161333],[72.92443377478311,19.14501253416786],[72.92363530418098,19.144172426081063]]]}},{"type":"Feature","properties":{"layer":"DP_0","label":"DP Zone","confidence":"high","EP_NO":"EP-S127","SUBURBS":"EASTERN","ZONE_CODE2":"SDZ"},"geometry":{"type":"Polygon","coordinates":[[[72.9214061967674,19.141861472030303],[72.92109768949692,19.141327540875153],[72.91967985221758,19.141449582411582],[72.91973211837329,19.142458824341663],[72.920524860569,19.142941845787863],[72.92101243839313,19.143595589381576],[72.92139105227842,19.14340277038295],[72.92089822279162,19.142152584602428],[72.9214061967674,19.141861472030303]]]}},{"type":"Feature","properties":{"layer":"DP_0","label":"DP Zone","confidence":"high","EP_NO":"EP-S131","SUBURBS":"EASTERN","ZONE_CODE2":"SDZ"},"geometry":{"type":"Polygon","coordinates":[[[72.93190864456257,19.16492392365616],[72.9306697636094,19.164466524573825],[72.9291486923679,19.1647427046245],[72.92869708540192,19.166515018415616],[72.92949646100826,19.166553355158268],[72.93025734756202,19.166968280258775],[72.93153157594917,19.166888000113943],[72.93190864456257,19.16492392365616]]]}},{"type":"Feature","properties":{"layer":"DP_0","label":"DP Zone","confidence":"high","EP_NO":"EP-T19","SUBURBS":"EASTERN","ZONE_CODE2":"I"},"geometry":{"type":"Polygon","coordinates":[[[72.9366048036167,19.16961673301773],[72.93631989802161,19.16972713769015],[72.93643346740471,19.169880577887866],[72.9366048036167,19.16961673301773]]]}},{"type":"Feature","properties":{"layer":"DP_0","label":"DP Zone","confidence":"high","EP_NO":"EP-T02","SUBURBS":"EASTERN","ZONE_CODE2":"I"},"geometry":{"type":"Polygon","coordinates":[[[72.93604161820669,19.169449375269778],[72.93609228693926,19.16968508199576],[72.93621489639561,19.169595097520315],[72.93604161820669,19.169449375269778]]]}},{"type":"Feature","properties":{"layer":"DP_0","label":"DP Zone","confidence":"high","EP_NO":"EP-T64","SUBURBS":"EASTERN","ZONE_CODE2":"NDZ/SDZ (Slum)"},"geometry":{"type":"Polygon","coordinates":[[[72.92868018326892,19.157818896625184],[72.92803409243089,19.15623850942993],[72.92723833816349,19.15550389496573],[72.9265711632122,19.155299425208092],[72.92604225684676,19.15625141662357],[72.92677507121095,19.156156412568023],[72.92691806797968,19.158104851967575],[72.92672439865316,19.158129012585924],[72.92690520526713,19.158408780818537],[72.92766170794224,19.157965329569596],[72.92868018326892,19.157818896625184]]]}},{"type":"Feature","properties":{"layer":"DP_0","label":"DP Zone","confidence":"high","EP_NO":"EP-MW51,50,52","SUBURBS":"EASTERN","ZONE_CODE2":"NDZ"},"geometry":{"type":"Polygon","coordinates":[[[72.88677545994426,19.01446594555968],[72.88650477411949,19.014343465491873],[72.88588703812664,19.0148314485052],[72.88614902862457,19.015815358848656],[72.88636875870233,19.015586214649733],[72.88607667577845,19.014914344676942],[72.88677545994426,19.01446594555968]]]}},{"type":"Feature","properties":{"layer":"DP_0","label":"DP Zone","confidence":"high","EP_NO":"EP-MW58","SUBURBS":"EASTERN","ZONE_CODE2":"NDZ"},"geometry":{"type":"Polygon","coordinates":[[[72.88969907505506,19.02430112812952],[72.88965844156903,19.024548345111818],[72.88984526702899,19.024591390865144],[72.88969907505506,19.02430112812952]]]}},{"type":"Feature","properties":{"layer":"DP_0","label":"DP Zone","confidence":"high","EP_NO":"EP-S121","SUBURBS":"EASTERN","ZONE_CODE2":"R"},"geometry":{"type":"Polygon","coordinates":[[[72.92034137212728,19.118057379258623],[72.91916695192893,19.11855660886031],[72.9189869210902,19.118441027772704],[72.9192525102739,19.11761817931333],[72.91870633204448,19.11728476674696],[72.91773040135394,19.118343500133275],[72.91904009127242,19.120506045001385],[72.9199001400088,19.120620289463492],[72.92012052047156,19.119095238039115],[72.92058998829769,19.118023771151844],[72.92034137212728,19.118057379258623]]]}},{"type":"Feature","properties":{"layer":"DP_0","label":"DP Zone","confidence":"high","SUBURBS":"EASTERN","ZONE_CODE2":"I"},"geometry":{"type":"Polygon","coordinates":[[[72.92438020439867,19.117220426366274],[72.92469203393303,19.11734594775076],[72.92473964691504,19.117027969183795],[72.92608081036887,19.116927310475003],[72.92610309694014,19.11302764750533],[72.92581537186508,19.11211161075976],[72.92527115088643,19.112221965378225],[72.92544618564988,19.114716761849717],[72.92438020439867,19.117220426366274]]]}},{"type":"Feature","properties":{"layer":"DP_0","label":"DP Zone","confidence":"high","SUBURBS":"EASTERN","ZONE_CODE2":"I"},"geometry":{"type":"Polygon","coordinates":[[[72.92782363660373,19.123542782374013],[72.92813093893514,19.113211582856703],[72.92792124298404,19.11282449048278],[72.92602645261852,19.11245608456535],[72.92608081036887,19.116927310475003],[72.92512792339855,19.116882651916214],[72.92473964691504,19.117027969183795],[72.92477929959591,19.117377149965776],[72.92436810643692,19.117260598205238],[72.9240733160946,19.118633260617127],[72.92489182142081,19.11880857675727],[72.92511064840191,19.117914534905957],[72.92589493871279,19.11793492206302],[72.92589441540096,19.11935940979337],[72.92529705975734,19.12325933926583],[72.92637539484274,19.123602249166996],[72.92767888621313,19.123255011112327],[72.92774657639957,19.125156938155467],[72.92782363660373,19.123542782374013]]]}},{"type":"Feature","properties":{"layer":"DP_0","label":"DP Zone","confidence":"high","SUBURBS":"EASTERN","ZONE_CODE2":"I"},"geometry":{"type":"Polygon","coordinates":[[[72.92995133186325,19.13264747773494],[72.93024052583145,19.132667896257008],[72.9293109544847,19.131159042697174],[72.92858989063404,19.12919062764669],[72.92815226138855,19.129070507909613],[72.92774657639957,19.125156938155467],[72.92519566784442,19.125204149820586],[72.92528456739821,19.128336816334286],[72.92710887432003,19.13187104357739],[72.92880816776758,19.1310345397873],[72.92995133186325,19.13264747773494]]]}},{"type":"Feature","properties":{"layer":"DP_0","label":"DP Zone","confidence":"high","SUBURBS":"EASTERN","ZONE_CODE2":"NA"},"geometry":{"type":"Polygon","coordinates":[[[72.9490182795023,19.119372878772086],[72.95635406490334,19.119250989106266],[72.95466340705124,19.117024895657565],[72.9537426133773,19.113975721404877],[72.95182355234232,19.11083155605954],[72.94940010927853,19.1111806933924],[72.94852294519552,19.11170004339639],[72.94536538608861,19.114591489707184],[72.94382503764534,19.114782854378113],[72.94237636263429,19.118763648988175],[72.9420903232814,19.122177291706496],[72.94155867825052,19.123165221459672],[72.94066257489214,19.123502781900807],[72.93841430876324,19.122302470274512],[72.93891015412315,19.123588760412275],[72.94199906314682,19.12399965857786],[72.94356990391087,19.119521178935685],[72.9490182795023,19.119372878772086]]]}},{"type":"Feature","properties":{"layer":"DP_0","label":"DP Zone","confidence":"high","SUBURBS":"EASTERN","ZONE_CODE2":"NA"},"geometry":{"type":"Polygon","coordinates":[[[72.95182355234232,19.11083155605954],[72.95369137583357,19.11386993500771],[72.95457965399731,19.116914041790622],[72.95776360837509,19.121273612314766],[72.9607395926622,19.125970056564803],[72.96120836951886,19.128600787865587],[72.9591054839674,19.132376919033373],[72.96022652885281,19.133469092503233],[72.96103858931649,19.132917041925882],[72.96195899367532,19.132759485054716],[72.96371487563543,19.132887986754188],[72.97199026405204,19.131661070839026],[72.96959297405765,19.125661391559433],[72.96732937275424,19.118935023505692],[72.96608070872429,19.116227919833484],[72.9642206881051,19.11313094054038],[72.96243977549258,19.10789613156943],[72.95182355234232,19.11083155605954]]]}},{"type":"Feature","properties":{"layer":"DP_0","label":"DP Zone","confidence":"high","SUBURBS":"EASTERN","ZONE_CODE2":"R"},"geometry":{"type":"Polygon","coordinates":[[[72.93263036127749,19.129483506923368],[72.930392080696,19.129188610143196],[72.93000297251325,19.12921271709079],[72.93002578259166,19.12941075010586],[72.92864419402015,19.129366391628892],[72.92938610643773,19.13130973942359],[72.93024052583145,19.132667896257008],[72.93050983345091,19.132686909984038],[72.92930585294697,19.13077544572776],[72.92998844366913,19.13050551600134],[72.9311288159484,19.129460632051742],[72.93180223460328,19.129426537209234],[72.93210384068368,19.13004248623154],[72.93117387816811,19.130539648484987],[72.93173109490542,19.131321219817945],[72.93265818596358,19.13090574870707],[72.93263036127749,19.129483506923368]]]}},{"type":"Feature","properties":{"layer":"DP_0","label":"DP Zone","confidence":"high","SUBURBS":"EASTERN","ZONE_CODE2":"R"},"geometry":{"type":"Polygon","coordinates":[[[72.93028877016857,19.13634101265763],[72.93085620364666,19.135997218277147],[72.9303297273617,19.13516079172062],[72.93137025524754,19.134599476860053],[72.92969391503082,19.132459277617777],[72.92890665990159,19.13106489706817],[72.9277738276883,19.13160068170319],[72.92862663705313,19.133277851440237],[72.9281288993989,19.133633490397127],[72.92966672474746,19.13667529265136],[72.93028877016857,19.13634101265763]]]}},{"type":"Feature","properties":{"layer":"DP_0","label":"DP Zone","confidence":"high","SUBURBS":"EASTERN","ZONE_CODE2":"R"},"geometry":{"type":"Polygon","coordinates":[[[72.95911696752253,19.153888605694625],[72.95819904867268,19.152246595684897],[72.95599306892461,19.153242719453797],[72.95489502389245,19.151615172012924],[72.95680168932725,19.1544927578089],[72.95752255883586,19.15412962046651],[72.95911696752253,19.153888605694625]]]}},{"type":"Feature","properties":{"layer":"DP_0","label":"DP Zone","confidence":"high","SUBURBS":"EASTERN","ZONE_CODE2":"R"},"geometry":{"type":"Polygon","coordinates":[[[72.94225896418989,19.173412828572452],[72.94322472146054,19.172993308768536],[72.94304685458738,19.171731919389448],[72.94553971326872,19.169161469422463],[72.9448585471182,19.167876352586905],[72.9442722745852,19.168028885808923],[72.94370564667564,19.16723085014086],[72.94385249870088,19.16712464832029],[72.94341618450353,19.1664162726206],[72.94385706182551,19.166123319784422],[72.94336094041974,19.16530499056995],[72.9430117987981,19.16528642643483],[72.9416029898001,19.162751536760755],[72.93912230999943,19.163664461706123],[72.93698291258784,19.16394119645551],[72.93329911982326,19.166010663440655],[72.93443549583498,19.16747267844639],[72.93581953744253,19.170557465317675],[72.9370824499881,19.172443803620848],[72.93799611616117,19.17194280496615],[72.9398592785893,19.17013895906427],[72.94126189496706,19.173160310187633],[72.94225896418989,19.173412828572452]],[[72.93809933209448,19.170738866794515],[72.93758162172873,19.169756637246042],[72.93929255642192,19.168708538143285],[72.93983940400787,19.16974401154704],[72.93809933209448,19.170738866794515]],[[72.93630384618301,19.169530111292037],[72.93618076960017,19.169620143190624],[72.9360356775546,19.16946489302171],[72.93630384618301,19.169530111292037]],[[72.93631989802161,19.16972713769015],[72.93665857015792,19.169689375703182],[72.93643346740471,19.169880577887866],[72.93631989802161,19.16972713769015]],[[72.94137939141743,19.164907932681636],[72.9412001381078,19.164555865347353],[72.94221511821881,19.164923357851627],[72.9423689644034,19.16524912133836],[72.94283337047872,19.165152000964923],[72.94286636209213,19.165360820484985],[72.94175513374786,19.16585903956357],[72.94157053011085,19.165721380267428],[72.9410210430582,19.166223452447788],[72.94137939141743,19.164907932681636]],[[72.94252707837884,19.164763130064923],[72.94250605702052,19.16490139158546],[72.94238912959577,19.16482158428541],[72.94252707837884,19.164763130064923]]]}},{"type":"Feature","properties":{"layer":"DP_0","label":"DP Zone","confidence":"high","SUBURBS":"EASTERN","ZONE_CODE2":"R"},"geometry":{"type":"Polygon","coordinates":[[[72.94950152466396,19.183373532200388],[72.94939801483861,19.18143309335294],[72.94842893122815,19.181430537274405],[72.94799627188411,19.180672805118856],[72.94829768910643,19.180220467423954],[72.94715561403855,19.180075745010985],[72.94619760715338,19.18034165449419],[72.94700025695516,19.181837678651075],[72.94780689630569,19.182764206018664],[72.94878175084051,19.18330733077181],[72.94950152466396,19.183373532200388]]]}},{"type":"Feature","properties":{"layer":"DP_0","label":"DP Zone","confidence":"high","SUBURBS":"EASTERN","ZONE_CODE2":"R"},"geometry":{"type":"Polygon","coordinates":[[[72.95371655892176,19.18339176366955],[72.95680100818367,19.18239710699918],[72.95665520392993,19.181683879951066],[72.95557863695963,19.182196481501776],[72.95526942211572,19.181762871793598],[72.95486561626034,19.181664423073723],[72.9547963290595,19.180788834256315],[72.95552471477322,19.180451460872135],[72.95624427801121,19.18049015972446],[72.95609942260164,19.179784816288166],[72.95545001085145,19.179793360730354],[72.95539973927394,19.178978554305615],[72.95393111148013,19.178733423300283],[72.95420238211268,19.181319396758106],[72.9536315709192,19.183096049534996],[72.95371655892176,19.18339176366955]]]}},{"type":"Feature","properties":{"layer":"DP_0","label":"DP Zone","confidence":"high","EP_NO":"EP-T04","SUBURBS":"EASTERN","ZONE_CODE2":"NA"},"geometry":{"type":"Polygon","coordinates":[[[72.95488939153482,19.151606823236612],[72.95615841836282,19.150305076553906],[72.95713906604833,19.150258490253112],[72.95728530830037,19.150728746827504],[72.95879414185384,19.1505160865271],[72.96182922419747,19.14874571228505],[72.96266397275512,19.148495520949268],[72.9626511261081,19.1463568787276],[72.96203446915658,19.145729976030324],[72.96069479272288,19.145136473037915],[72.96017382953997,19.14547922673755],[72.95983735427598,19.145431791195257],[72.95859750061767,19.14471259291959],[72.95750817369296,19.143598086629986],[72.95692558304546,19.1422652578971],[72.95689387896013,19.14062182916879],[72.95727469270649,19.139262661346283],[72.95943156843767,19.136369733481608],[72.96145407163422,19.134684213154912],[72.96385295659928,19.13309542963545],[72.96371487563543,19.132887986754188],[72.96103858931649,19.132917041925882],[72.95980950660046,19.133758994028263],[72.95885800859064,19.13471590778058],[72.95763024855634,19.13668762237152],[72.95673877405794,19.139085522515632],[72.95666183383366,19.141757169710104],[72.95701239625369,19.143055930674418],[72.95838919886904,19.144701314126205],[72.96162112578072,19.146571648898885],[72.96185864798025,19.147284696106507],[72.96150411837354,19.148531829227956],[72.95894739218858,19.14995691432382],[72.95595901789788,19.15034843774111],[72.95468276508343,19.15129741032076],[72.95488939153482,19.151606823236612]]]}},{"type":"Feature","properties":{"layer":"DP_0","label":"DP Zone","confidence":"high","SUBURBS":"EASTERN","ZONE_CODE2":"NA"},"geometry":{"type":"Polygon","coordinates":[[[72.90708245518387,19.14004822372591],[72.90736227230528,19.13932523275216],[72.9072370004564,19.138907526735792],[72.90616361967245,19.139675235148665],[72.90654270298154,19.140184779754907],[72.90696028425026,19.14026075502763],[72.90708245518387,19.14004822372591]]]}},{"type":"Feature","properties":{"layer":"DP_0","label":"DP Zone","confidence":"high","SUBURBS":"EASTERN","ZONE_CODE2":"C"},"geometry":{"type":"Polygon","coordinates":[[[72.92033035383007,19.102923483837696],[72.91994670040258,19.102424361873002],[72.9189389517134,19.10313083357087],[72.92025886260012,19.10506765527765],[72.92143648412217,19.104490951982662],[72.92033035383007,19.102923483837696]]]}},{"type":"Feature","properties":{"layer":"DP_0","label":"DP Zone","confidence":"high","SUBURBS":"EASTERN","ZONE_CODE2":"I"},"geometry":{"type":"Polygon","coordinates":[[[72.91726690107068,19.095767725581442],[72.91800948811111,19.09570542985345],[72.91863380580781,19.095228086075],[72.9143982323815,19.090803057420565],[72.91160011695929,19.092010419078374],[72.91574102549986,19.09711635250019],[72.9173343893227,19.09602712144018],[72.91726690107068,19.095767725581442]]]}},{"type":"Feature","properties":{"layer":"DP_0","label":"DP Zone","confidence":"high","SUBURBS":"EASTERN","ZONE_CODE2":"C"},"geometry":{"type":"Polygon","coordinates":[[[72.87573772933678,19.048918790685963],[72.87497601635631,19.04942501119572],[72.874933948477,19.049845014112268],[72.87688709370791,19.050128258109538],[72.8770552802859,19.049772644862614],[72.87573772933678,19.048918790685963]]]}},{"type":"Feature","properties":{"layer":"DP_0","label":"DP Zone","confidence":"high","EP_NO":"EP-ME66","SUBURBS":"EASTERN","ZONE_CODE2":"NDZ"},"geometry":{"type":"Polygon","coordinates":[[[72.94614740410505,19.0402702382597],[72.94511205538132,19.039845044499607],[72.94529419225735,19.03925369402377],[72.94448137982934,19.03926793176852],[72.94496201929692,19.040072259736338],[72.94587350795281,19.040583195505874],[72.94605988411443,19.04104091951252],[72.9464044752863,19.040588546672257],[72.94614740410505,19.0402702382597]]]}},{"type":"Feature","properties":{"layer":"DP_0","label":"DP Zone","confidence":"high","SUBURBS":"EASTERN","ZONE_CODE2":"C"},"geometry":{"type":"Polygon","coordinates":[[[72.91511566459505,19.048235014421415],[72.91582259389767,19.047849807810362],[72.91553033030938,19.04742999429354],[72.91509331846923,19.047194481834172],[72.91421064876967,19.047335244734963],[72.91425740275015,19.04800605303009],[72.91511566459505,19.048235014421415]]]}},{"type":"Feature","properties":{"layer":"DP_0","label":"DP Zone","confidence":"high","SUBURBS":"EASTERN","ZONE_CODE2":"I"},"geometry":{"type":"Polygon","coordinates":[[[72.91540075538975,19.10209151136708],[72.91419047010893,19.100056701411095],[72.9122480330896,19.10108971442127],[72.91324253004086,19.102929872407586],[72.9135469421527,19.10281752009817],[72.91369300072859,19.102989844817287],[72.91540075538975,19.10209151136708]]]}},{"type":"Feature","properties":{"layer":"DP_0","label":"DP Zone","confidence":"high","SUBURBS":"EASTERN","ZONE_CODE2":"C"},"geometry":{"type":"Polygon","coordinates":[[[72.9280404337383,19.11057145842401],[72.92665248065086,19.111039395927566],[72.92551673013125,19.11075692441343],[72.92597714255929,19.111944972579877],[72.92542967451003,19.111994843017193],[72.92545826875094,19.112184044158916],[72.92580893782566,19.112112968178145],[72.92602645261852,19.11245608456535],[72.92782192956771,19.11280174660726],[72.92810698448051,19.112484040745915],[72.9280404337383,19.11057145842401]]]}},{"type":"Feature","properties":{"layer":"DP_0","label":"DP Zone","confidence":"high","SUBURBS":"EASTERN","ZONE_CODE2":"I"},"geometry":{"type":"Polygon","coordinates":[[[72.89306254914158,19.078330603468736],[72.89209597426307,19.077579842033153],[72.8916381448472,19.078041236698557],[72.89269375534319,19.078883427655963],[72.89306254914158,19.078330603468736]]]}},{"type":"Feature","properties":{"layer":"DP_0","label":"DP Zone","confidence":"high","SUBURBS":"EASTERN","ZONE_CODE2":"I"},"geometry":{"type":"Polygon","coordinates":[[[72.89056567615441,19.07756976166977],[72.88983779443295,19.07893845922507],[72.88982767073519,19.080479748083174],[72.89191880769377,19.081142407046837],[72.89263355178758,19.079242636260627],[72.89056567615441,19.07756976166977]]]}},{"type":"Feature","properties":{"layer":"DP_0","label":"DP Zone","confidence":"high","SUBURBS":"EASTERN","ZONE_CODE2":"C"},"geometry":{"type":"Polygon","coordinates":[[[72.91095140164825,19.01885815200791],[72.91114118714071,19.018070446738818],[72.90996867382974,19.016947217285754],[72.90772424171601,19.017871026995877],[72.90813492437805,19.018852678930735],[72.90859457424355,19.019218217728714],[72.90966307004736,19.018581882277243],[72.91095140164825,19.01885815200791]]]}},{"type":"Feature","properties":{"layer":"DP_0","label":"DP Zone","confidence":"high","SUBURBS":"EASTERN","ZONE_CODE2":"R"},"geometry":{"type":"Polygon","coordinates":[[[72.90836905546749,19.023256891915686],[72.90890276775522,19.023069014937207],[72.90788338082763,19.023096671606655],[72.90768154003861,19.024121980378727],[72.90831340016068,19.025028125950026],[72.90836905546749,19.023256891915686]]]}},{"type":"Feature","properties":{"layer":"DP_0","label":"DP Zone","confidence":"high","SUBURBS":"EASTERN","ZONE_CODE2":"I"},"geometry":{"type":"Polygon","coordinates":[[[72.95008135209976,19.18665613331446],[72.9500438036466,19.185992091852924],[72.95081892444942,19.185437985821576],[72.95060086089525,19.183563822654776],[72.95307536938962,19.183836490860507],[72.95508198309005,19.184779061175217],[72.9558700256151,19.18411728213226],[72.95578659122168,19.183330799357247],[72.95706204006159,19.182617457633597],[72.95682542879587,19.182417963474265],[72.95371655892176,19.18339176366955],[72.95380985536201,19.182807784091835],[72.95272535531188,19.18228911118118],[72.95291928954093,19.181414962305922],[72.95382479100341,19.181373169120157],[72.95371090573347,19.180232571543353],[72.95306560970019,19.180139532082833],[72.95285503648327,19.179845463152795],[72.95183999699192,19.179821347087504],[72.95181135174549,19.17952717655809],[72.95121524140151,19.179777439492682],[72.95106778123332,19.17893306918682],[72.95047584664458,19.179032417845733],[72.95067075098446,19.180263454114293],[72.94947085409426,19.180487490388526],[72.9493897015,19.180855213133064],[72.94950152466396,19.183373532200388],[72.94986084660589,19.183395762326445],[72.94979301131833,19.184378640658213],[72.94860655440675,19.184338499919694],[72.9474286442693,19.185899835226795],[72.94884252409436,19.18730512514542],[72.95008135209976,19.18665613331446]]]}},{"type":"Feature","properties":{"layer":"DP_0","label":"DP Zone","confidence":"high","EP_NO":"EP-S121","SUBURBS":"EASTERN","ZONE_CODE2":"NDZ"},"geometry":{"type":"Polygon","coordinates":[[[72.92030642545055,19.11806584275632],[72.91984460140677,19.11753225150505],[72.91927924867258,19.11760931157695],[72.91895848575697,19.118334597061494],[72.91943631449884,19.118511863760087],[72.92030642545055,19.11806584275632]]]}},{"type":"Feature","properties":{"layer":"DP_0","label":"DP Zone","confidence":"high","EP_NO":"EP-T65","SUBURBS":"EASTERN","ZONE_CODE2":"NA"},"geometry":{"type":"Polygon","coordinates":[[[72.97165077571906,19.146933410768423],[72.96715838449425,19.13928309641879],[72.96634027848607,19.137154095115594],[72.96392299731185,19.133200653660232],[72.96145407163422,19.134684213154912],[72.95943156843767,19.136369733481608],[72.95727469270649,19.139262661346283],[72.95686797326655,19.141299780997645],[72.95689132666823,19.142140566399366],[72.9574404696976,19.143501909387332],[72.95824424281207,19.140719371033775],[72.96402999204332,19.143234752028512],[72.9629953272603,19.145936315203226],[72.96406101642674,19.146384594866884],[72.96389730232514,19.147134819647576],[72.96267440654587,19.147133681016545],[72.96252977402665,19.14858885318577],[72.96185332381738,19.148738606098284],[72.95879414185384,19.1505160865271],[72.95737846702069,19.150716558396525],[72.95721801105631,19.150270739020012],[72.95663941004916,19.15021098570385],[72.95598795971286,19.15039133769735],[72.9555228982534,19.150819285426117],[72.95605427881888,19.151541768931846],[72.95741387876292,19.151290641670638],[72.9592074208839,19.150808650546946],[72.9626340367035,19.148997707070087],[72.97165077571906,19.146933410768423]]]}},{"type":"Feature","properties":{"layer":"DP_0","label":"DP Zone","confidence":"high","SUBURBS":"EASTERN","ZONE_CODE2":"C"},"geometry":{"type":"Polygon","coordinates":[[[72.93948430742199,19.142785669106875],[72.94017405619053,19.142372170108757],[72.94022573386773,19.14264045481236],[72.94082944110336,19.142532879859328],[72.94100408742675,19.142802058154487],[72.94214317594145,19.142371901791453],[72.94131601579922,19.141480331443905],[72.9409124231541,19.14172031972419],[72.94013997913358,19.140837878018015],[72.93964207169513,19.140752517792002],[72.93918214428525,19.141165678350795],[72.93900039124797,19.142575890423746],[72.93948430742199,19.142785669106875]]]}},{"type":"Feature","properties":{"layer":"DP_0","label":"DP Zone","confidence":"high","SUBURBS":"EASTERN","ZONE_CODE2":"C"},"geometry":{"type":"Polygon","coordinates":[[[72.9425400463435,19.14573408743713],[72.94425602842323,19.14419799714197],[72.94353876490509,19.142578733087355],[72.94165448061253,19.143291194535895],[72.941457028396,19.14283158831537],[72.9407482481928,19.143039658797488],[72.94086781848274,19.1435856684122],[72.94020997288129,19.143711892504644],[72.94008487058426,19.14319295930714],[72.93970212623171,19.143341729598582],[72.94053660581775,19.14462146644162],[72.94085688262085,19.14434922966242],[72.94190850019146,19.144873279975386],[72.94171250578138,19.145222416395157],[72.9425400463435,19.14573408743713]]]}},{"type":"Feature","properties":{"layer":"DP_0","label":"DP Zone","confidence":"high","SUBURBS":"EASTERN","ZONE_CODE2":"C"},"geometry":{"type":"Polygon","coordinates":[[[72.94312403717105,19.146478510817968],[72.94219615378996,19.145647984264812],[72.94047628355784,19.14485135496447],[72.94063935196488,19.145514207938763],[72.94162628558023,19.14697705740695],[72.94312403717105,19.146478510817968]]]}},{"type":"Feature","properties":{"layer":"DP_0","label":"DP Zone","confidence":"high","SUBURBS":"EASTERN","ZONE_CODE2":"C"},"geometry":{"type":"Polygon","coordinates":[[[72.94322723352614,19.146559945353047],[72.94173390470294,19.14718894347261],[72.94286811147586,19.148641964711977],[72.94408986498051,19.14854688899748],[72.9440214523467,19.14770405964125],[72.94322723352614,19.146559945353047]]]}},{"type":"Feature","properties":{"layer":"DP_0","label":"DP Zone","confidence":"high","SUBURBS":"EASTERN","ZONE_CODE2":"R"},"geometry":{"type":"MultiPolygon","coordinates":[[[[72.93158706647019,19.167123067291403],[72.93400190462732,19.16555789441025],[72.93748334111737,19.16382453700083],[72.93760133083263,19.163176287552275],[72.9376115840676,19.161264367472473],[72.93597341820542,19.161376652514775],[72.93582930810985,19.160667278611268],[72.93532847892092,19.16050286135771],[72.93496107321369,19.160792145305848],[72.93487993262747,19.160597191765742],[72.93450313615564,19.16060812339994],[72.93397805216125,19.160858781602368],[72.93343094304005,19.15906089960703],[72.93386132722415,19.158077317577554],[72.93430500068042,19.157865878147874],[72.93247335842361,19.157487253618857],[72.93226831012448,19.15389164719659],[72.93300118092542,19.152073063569066],[72.9336330830527,19.151587861319673],[72.93505227919937,19.15128146879294],[72.9375593431335,19.1518555237907],[72.9375871126505,19.15404880411951],[72.93840503579298,19.15399900525616],[72.93851057112434,19.154593484302463],[72.93831349126597,19.155125278895106],[72.93876093752044,19.155191800928865],[72.93851410656657,19.155532922705397],[72.94007620890618,19.15450272121615],[72.94014253750449,19.15541571149249],[72.94032229206604,19.15542323218035],[72.9401523239482,19.15579549296056],[72.94038606882492,19.15639759252523],[72.94034615246437,19.157490577100862],[72.94090032047914,19.158125416089547],[72.94144665527425,19.157925187573486],[72.94170514865095,19.158568430948687],[72.94163006902073,19.159076487872753],[72.94061156054855,19.159786600017046],[72.94085003638341,19.160537132212873],[72.94056845994783,19.16134330410901],[72.9409882466709,19.16175652570289],[72.9411517804937,19.162917157284827],[72.94423500440946,19.16171254759187],[72.94669862516939,19.160402707441317],[72.94697712194058,19.159546795406566],[72.94663081566277,19.157816009144128],[72.94723280406905,19.15698719214844],[72.95692737940637,19.154680150714235],[72.95183598898727,19.14680760866369],[72.94162488069256,19.129997959553393],[72.93952626385037,19.126225981871826],[72.93862175181627,19.123995354609523],[72.94198320390998,19.124402242529133],[72.94162070500579,19.125966563927836],[72.94368759141081,19.126085353783704],[72.94377184521646,19.128157633289945],[72.94473704758072,19.12830235950949],[72.94930111379261,19.128118059962812],[72.9490182795023,19.119372878772086],[72.94356990391087,19.119521178935685],[72.94207500667517,19.123974674973493],[72.9409343963934,19.123922483640456],[72.94049849741958,19.123662402061036],[72.94026064298824,19.123847526352478],[72.93912370589317,19.123684057198314],[72.93838077881573,19.122281821061826],[72.94059425983957,19.12347970919872],[72.94130827566399,19.123341980343515],[72.94187194779013,19.122780551226253],[72.94237636263429,19.118763648988175],[72.94379344888581,19.114845271694854],[72.93633873444847,19.113082590074892],[72.93461735027073,19.110866513254045],[72.9329586236902,19.110522519260638],[72.93236821806977,19.109091769367094],[72.9280404337383,19.11057145842401],[72.92821556660559,19.111775056822037],[72.92810557486915,19.1124188761087],[72.9279125157328,19.112485867944173],[72.92793390164545,19.113214432659397],[72.92809685464917,19.113211732946226],[72.92820834866369,19.115314871508104],[72.92770067481175,19.12614552151465],[72.92812523966484,19.129067148438274],[72.92856839345569,19.12912225232561],[72.9284279952144,19.12871828323749],[72.9287923742811,19.12868553466488],[72.9287922286734,19.12755073344997],[72.92930324918667,19.125816812340727],[72.93046020393933,19.125894804248215],[72.93244500530541,19.122630574883335],[72.93329197029894,19.122734640576958],[72.93462447695471,19.12331777228386],[72.93630933414687,19.12253177130511],[72.93761966183988,19.122433709558376],[72.94008465038468,19.12831093844934],[72.94177786976572,19.13108337574825],[72.93766207026381,19.130977225805452],[72.9377542685627,19.13053824783766],[72.93801576180127,19.130571637928266],[72.938562383617,19.129795847618684],[72.93789461371537,19.129863503909334],[72.93813290471803,19.128945351729396],[72.93261472369518,19.129359976829413],[72.93357351510669,19.129497088780326],[72.93360391408685,19.13119774974066],[72.93427876155184,19.131767426185927],[72.93385525033382,19.1320203682762],[72.93432005584008,19.1325668966518],[72.93383176402624,19.132570819146824],[72.93383372122206,19.133244163607717],[72.93344189338305,19.133671779097547],[72.93436263729807,19.134779695356613],[72.93340021731063,19.135735712187525],[72.93147987427527,19.133333202003126],[72.93050983345091,19.132686909984038],[72.92995133186325,19.13264747773494],[72.93817282039464,19.14362564127888],[72.93818208308225,19.144031180885833],[72.93531594457559,19.14522414819749],[72.93255681693844,19.14209261662123],[72.93476782775222,19.14110979974269],[72.93407412253237,19.139695583920396],[72.93166791402932,19.14078252218219],[72.93099196901471,19.139335103734524],[72.92929348335392,19.139459194721372],[72.92851861656357,19.139323438890962],[72.92814820739372,19.138885369199688],[72.92877467349153,19.138271105833873],[72.92877865347113,19.13789469157603],[72.9299977842427,19.13751736735859],[72.92528884726082,19.128374748364596],[72.92519566784442,19.125204149820586],[72.92269020948045,19.12567506311207],[72.92297475531662,19.12357846297479],[72.92056945486613,19.122694049136616],[72.9203621159314,19.122415162947323],[72.91993389704486,19.122530257055658],[72.91893028120147,19.121708250857566],[72.91890138150028,19.12022971448616],[72.91680364034862,19.11685311016859],[72.91685320386524,19.116213542453046],[72.91599039048153,19.11599535792236],[72.91546846915158,19.115232400702762],[72.91492082772903,19.115982121975822],[72.91442931557184,19.11602162202319],[72.91278946017641,19.113913829220255],[72.91113038269692,19.112839479622593],[72.90446859727504,19.112769456795196],[72.90431602814223,19.114100214474913],[72.9044868371912,19.115271696301583],[72.90335707254845,19.116861303348966],[72.90316689784919,19.117552799524777],[72.8983395451447,19.120101472070687],[72.89608736124525,19.120960821055597],[72.89587593946524,19.12146835987182],[72.89573103529175,19.124548802897838],[72.89313888886808,19.125018857586763],[72.8937047944132,19.12633282386467],[72.89568092185965,19.128822902130498],[72.8952168997304,19.130202194380583],[72.89457641041479,19.130250102805633],[72.89316040557196,19.131005292869975],[72.89068505858259,19.130030195191733],[72.89010585442728,19.129398617434838],[72.88956419855617,19.127387312020485],[72.89052859163914,19.126321229555824],[72.88640842074199,19.12917841029911],[72.89395358910511,19.131626660594755],[72.89635877021374,19.1327503741437],[72.89577206404822,19.133679921994442],[72.89586652354706,19.135229800643035],[72.89437458865326,19.13511745593746],[72.89378800096077,19.134853368986604],[72.89364690657844,19.135489382487073],[72.89234276983505,19.136618366594426],[72.89305656899514,19.13700818701381],[72.89462932194523,19.139267257441418],[72.8946317992929,19.13994078681915],[72.89345839663387,19.142090343509878],[72.89440964812044,19.142086250240137],[72.89457555386046,19.142611125095705],[72.89540057772565,19.142633653508327],[72.89636858921402,19.14188745103245],[72.89905609936582,19.14085153612072],[72.89898917653485,19.140345362692106],[72.89854407189003,19.13996470104433],[72.89894846113177,19.139745509263904],[72.89909034607257,19.138994201233018],[72.89926865441382,19.138967560329455],[72.9002962571529,19.13914996793103],[72.90125170714752,19.140090615375225],[72.90239518760485,19.140343137714442],[72.90262132400734,19.14009818822342],[72.90465778443985,19.140189631376785],[72.90789180086794,19.138744250211488],[72.91168658551021,19.14029094682803],[72.91265033612866,19.140432580361278],[72.91352819177021,19.14018104177387],[72.91392100443588,19.14128349462978],[72.91482781926096,19.14102839712182],[72.91512754643195,19.141586245727076],[72.91635360753243,19.14131345019732],[72.91805703162399,19.141405762008095],[72.918436194037,19.14088895184281],[72.91919232065548,19.14195435867429],[72.91980682170701,19.14131788628955],[72.92109768949692,19.141327540875153],[72.92144899587835,19.1419355439137],[72.92264536986086,19.14184313536875],[72.92324512239172,19.143667906397337],[72.92441991376846,19.144934073548647],[72.92481832108298,19.14674799060227],[72.92564230218157,19.14885981522517],[72.92549736351737,19.149159691738483],[72.92615597619732,19.151790667410186],[72.92552361941345,19.151645815713955],[72.9245087598603,19.1493076610531],[72.92374835418246,19.14885710927198],[72.92404629938575,19.149531507165978],[72.92409226215585,19.15093491789996],[72.92478445869038,19.152038214663634],[72.92521983344054,19.152118001746565],[72.92559411531771,19.152793237311776],[72.92614627597656,19.153098289423163],[72.92677321720612,19.153078629649997],[72.92745861780335,19.153750081360865],[72.92750209372404,19.15344433987711],[72.92765188881721,19.153511097292817],[72.92834834296562,19.154402854275887],[72.92944769297341,19.157080089223587],[72.92953646971641,19.15906235880515],[72.92984131413117,19.160121949012606],[72.93184098696916,19.163114000150124],[72.93256589808891,19.165050773830988],[72.93190864456257,19.16492392365616],[72.93153157594917,19.166888000113943],[72.93025734756202,19.166968280258775],[72.92949646100826,19.166553355158268],[72.92878812146523,19.166518662374266],[72.9294948575176,19.16655412040223],[72.93098143869483,19.167221108945583],[72.93158706647019,19.167123067291403]],[[72.89681759463356,19.135331769154725],[72.89681798703756,19.13533169039867],[72.896817665989,19.13533206624506],[72.89681759463356,19.135331769154725]],[[72.9062092572171,19.11847612757575],[72.90673543794743,19.118538777561835],[72.90654807684854,19.118995322966793],[72.90608917566938,19.118780465932538],[72.9062092572171,19.11847612757575]],[[72.93258392273064,19.11918317225045],[72.93276966432964,19.120306646829796],[72.93261297769483,19.120362390147484],[72.93237488593064,19.11922404988497],[72.93258392273064,19.11918317225045]],[[72.933768690015,19.145373732390453],[72.93406888524534,19.145494518591388],[72.93422622209853,19.14595031823626],[72.93365776241069,19.146162668552194],[72.93349480434232,19.145615706582365],[72.933768690015,19.145373732390453]],[[72.9327379072075,19.120471262506012],[72.93296384717739,19.121965977124553],[72.93254982343475,19.12142663134491],[72.93249253322384,19.120592267502033],[72.9327379072075,19.120471262506012]],[[72.93209520444853,19.11525904704174],[72.93228969315633,19.11524534390204],[72.932341324114,19.115691154000693],[72.93263526031316,19.11897146379227],[72.93244855427093,19.119064051215577],[72.93188802490445,19.115273643288422],[72.93209520444853,19.11525904704174]],[[72.89386080115244,19.12621084688321],[72.89323465480055,19.12514207551042],[72.89407232435757,19.12491033760216],[72.89501412046565,19.125064810104355],[72.89472649084199,19.125613823609864],[72.89386080115244,19.12621084688321]],[[72.9349857899253,19.146962300131314],[72.936017875133,19.146919008124712],[72.93625393386051,19.146469546305227],[72.93757851132057,19.148037978195294],[72.93530455226036,19.14800778327006],[72.93490066040097,19.147761525042437],[72.9349857899253,19.146962300131314]],[[72.94161546638858,19.14697719807918],[72.94063935196488,19.145514207938763],[72.94047628355784,19.14485135496447],[72.94219728538589,19.145646941023795],[72.9431402752276,19.14643023787815],[72.94161546638858,19.14697719807918]],[[72.94253053796884,19.14819906262378],[72.94168278399314,19.147120539070283],[72.94319225869853,19.14656609801532],[72.9440214523467,19.14770405964125],[72.94408795842912,19.14849664882907],[72.94286811147586,19.148641964711977],[72.94253053796884,19.14819906262378]],[[72.94139546345065,19.142678605931426],[72.94030241734013,19.142626790234416],[72.94017405619053,19.142372170108757],[72.9393325270712,19.142876659442496],[72.93905627576761,19.142624946386654],[72.93923830132749,19.141017119353616],[72.93964207169513,19.140752517792002],[72.94013997913358,19.140837878018015],[72.9409124231541,19.14172031972419],[72.94131601579922,19.141480331443905],[72.94214317594145,19.142371901791453],[72.94139546345065,19.142678605931426]],[[72.88795402240375,19.128189503310814],[72.88923371884066,19.127202476942315],[72.88972154517808,19.129103302232025],[72.8903800423601,19.130065053996617],[72.88703088388846,19.129032158566066],[72.88795402240375,19.128189503310814]],[[72.93242775790715,19.145105783378774],[72.93229414353523,19.145798504698693],[72.93248680395386,19.146582014278135],[72.93298528978092,19.146892920415763],[72.93141348963238,19.147153359617537],[72.93081794891482,19.14597815728819],[72.93104840407253,19.145893953767942],[72.93106834810033,19.144384423091175],[72.93154568522424,19.14431567328254],[72.93161712329072,19.144001226621608],[72.93280539958145,19.14330786101189],[72.93311241597722,19.143509218852238],[72.93276914621433,19.14357154793164],[72.9327552608275,19.143886037453157],[72.93227482094498,19.144203269512097],[72.93242775790715,19.145105783378774]],[[72.9425400463435,19.14573408743713],[72.94177920411236,19.14526083246789],[72.94190850019146,19.144873279975386],[72.94085848614442,19.14434846458484],[72.94053660581775,19.14462146644162],[72.93977416053617,19.143258360446243],[72.93998303253008,19.1432117994046],[72.94018873781954,19.14362381016004],[72.94086781848274,19.1435856684122],[72.9407482481928,19.143039658797488],[72.941457028396,19.14283158831537],[72.94165448061253,19.143291194535895],[72.9435146432068,19.142586741662555],[72.94426477840835,19.144190164826632],[72.9425400463435,19.14573408743713]],[[72.89831251552613,19.13892938904287],[72.89806712431306,19.139010531524946],[72.8973075842198,19.1381320563949],[72.89644190442608,19.13389780141432],[72.89692611186716,19.13308903342504],[72.89884390071335,19.13434040674099],[72.89793731204122,19.13399508339341],[72.89803917353927,19.134284442501514],[72.89914612514178,19.134717675812787],[72.89908270533044,19.13519639793056],[72.89878073618803,19.13512079081749],[72.89857124311337,19.1358253279183],[72.89936661667977,19.13624910477426],[72.89878294929612,19.137082603924213],[72.8988666286527,19.13774094489967],[72.89831251552613,19.13892938904287]],[[72.94637054171093,19.158130768528512],[72.94605361718318,19.158536105761375],[72.9459118463369,19.158089428002707],[72.94551199000847,19.158079446798066],[72.9455532277528,19.156925658757345],[72.94353199301251,19.15690044573442],[72.94334826164751,19.154925388713565],[72.94362992809654,19.15419609335098],[72.94631601859857,19.15425575045778],[72.94725716045421,19.15595914338212],[72.94706274532454,19.156471207077285],[72.94594181326917,19.15664480912721],[72.9460155727752,19.157782906158182],[72.94621035912053,19.157851199480984],[72.94633002457236,19.157473497394758],[72.94637054171093,19.158130768528512]],[[72.93181222806045,19.114263294930474],[72.93172154294717,19.113453834884012],[72.9289822275338,19.113896506315786],[72.92872795283704,19.113121343451148],[72.92871667166845,19.110527275628808],[72.92998532953135,19.11005640247249],[72.93034114164617,19.110548904454067],[72.93156576438149,19.110233484722944],[72.93150361112276,19.109502464811882],[72.93169486651774,19.110666567744016],[72.9315731006582,19.11197926926406],[72.9320236094572,19.112936740459897],[72.93211639786145,19.11510129125464],[72.93192521639185,19.115132295110914],[72.93181222806045,19.114263294930474]],[[72.90245812165843,19.13541817533261],[72.89949794333258,19.13439793716457],[72.89729475845415,19.132919615476702],[72.898900325292,19.131199895418774],[72.89911198360366,19.130483328459743],[72.8988846153971,19.129726401273846],[72.8994382999428,19.129375406146174],[72.89935994042905,19.128425835423105],[72.89913987636677,19.127499956557088],[72.89779534331741,19.126980904555438],[72.89752803646552,19.127140979154287],[72.89581905178372,19.126648637809133],[72.89554749682506,19.12495283115417],[72.89700935766668,19.125224655580638],[72.89740509061774,19.124344709784385],[72.89940305047904,19.122074158535717],[72.89926047267653,19.121563055941433],[72.89982901587426,19.12151874997864],[72.89977668402015,19.12108485971681],[72.90082060920638,19.121137655192406],[72.90113852342161,19.120859790397002],[72.90152078695155,19.121959273640247],[72.90222700970496,19.121847526136293],[72.90205903936632,19.120344269624315],[72.90474734708981,19.120655112949855],[72.90514447676684,19.12174547976283],[72.9063540798078,19.12183272783429],[72.90777208747473,19.12277338312788],[72.90691621760104,19.12278918905705],[72.90680252117743,19.123065246245606],[72.90860193211037,19.124062733558247],[72.90814661854223,19.126014363721627],[72.90879850935461,19.12668437553188],[72.90939502978397,19.12507441491214],[72.9099539993409,19.124626166800784],[72.9116941691376,19.125204182103154],[72.91296098030038,19.125211334025007],[72.91342914645499,19.126195251730522],[72.91371412111909,19.126333751605298],[72.91399903664957,19.12787140722112],[72.91358263192167,19.12837134844133],[72.91354101549337,19.13010324880429],[72.91327861010551,19.13072804845978],[72.91227925639006,19.130734496302665],[72.91192936858968,19.130387376350555],[72.91145159043538,19.13040755609861],[72.91116649208007,19.130036400977513],[72.910099679131,19.12971572816423],[72.91042692097031,19.130427343231087],[72.91140311132693,19.130970226516535],[72.91174387648609,19.131606525964024],[72.91026789447879,19.13267383999003],[72.9097855907815,19.132076049126578],[72.90955951271367,19.132289695900617],[72.9084417694088,19.13230122165382],[72.90854579578343,19.133254166797027],[72.90766413597471,19.133686505380815],[72.90750913615148,19.133275002748768],[72.90719474664665,19.133386292215608],[72.90699168196637,19.134441519707835],[72.9064794343076,19.13393583660086],[72.90645339806987,19.13329909628764],[72.9056403194092,19.133217931596736],[72.90570241340777,19.132915049572972],[72.9061484495041,19.132809265421734],[72.9059288179603,19.129699468199124],[72.90456264697303,19.12925318718379],[72.90428883619174,19.13028614207401],[72.90479235149984,19.131292246564218],[72.90533758305482,19.131506907839597],[72.90561632258552,19.131913599670547],[72.90475829958616,19.131842354039435],[72.90405925677649,19.131417412247085],[72.90383089609928,19.130859659788847],[72.9031790192048,19.13100077970675],[72.90325224196637,19.131612188691207],[72.90354777712172,19.131700149040267],[72.90363863911855,19.13213494449034],[72.90435960014368,19.132339414629314],[72.90429053797043,19.13263920643953],[72.90386262288926,19.13284750984273],[72.9041741749687,19.133374531946817],[72.90398205580013,19.133783215542607],[72.90432490875573,19.134678554460987],[72.90409557724898,19.13478509482139],[72.90350736110082,19.133888235414005],[72.90367704583855,19.135294577995076],[72.90398144536333,19.135831353954092],[72.90245812165843,19.13541817533261]]],[[[72.94638805062564,19.158282214577998],[72.94637772512347,19.158223562150393],[72.94639241221716,19.15831993897582],[72.94638805062564,19.158282214577998]]]]}},{"type":"Feature","properties":{"layer":"DP_0","label":"DP Zone","confidence":"high","SUBURBS":"EASTERN","ZONE_CODE2":"I"},"geometry":{"type":"Polygon","coordinates":[[[72.89559091027391,19.09054456991845],[72.89693683020884,19.090593557469443],[72.89731845946395,19.09035353897278],[72.89570565681731,19.089150274701574],[72.89504796836022,19.087634570422118],[72.89487806165275,19.086976611017324],[72.89565350050393,19.08745070502398],[72.89663230535095,19.089565294114205],[72.89613353036913,19.08853702143078],[72.89630651987484,19.088453800852445],[72.89615585041594,19.08628316238554],[72.89441853094384,19.08571684439357],[72.89417452912596,19.08667875190654],[72.894623309687,19.088476816170573],[72.89438077776163,19.09068675268011],[72.89559091027391,19.09054456991845]]]}},{"type":"Feature","properties":{"layer":"DP_0","label":"DP Zone","confidence":"high","SUBURBS":"EASTERN","ZONE_CODE2":"I"},"geometry":{"type":"Polygon","coordinates":[[[72.9009085668867,19.111841017555754],[72.90112928648455,19.111835245903134],[72.90182275263514,19.110566324139317],[72.901656422201,19.10985007884647],[72.90244496612168,19.10977733159124],[72.9022864511705,19.10818709888973],[72.90261655421746,19.108123274158306],[72.90211576593947,19.108086741031606],[72.90208285550496,19.107858367314204],[72.90253907960555,19.107796528599927],[72.9024903083358,19.107411450477873],[72.90211575922626,19.107448102823255],[72.9019735698712,19.106876017311208],[72.90145792358202,19.106898954887175],[72.90119995520566,19.105568666408978],[72.90052549604535,19.104643122609627],[72.90042653746399,19.104923436349466],[72.90123643777058,19.10803015697599],[72.90100633495429,19.10773275333735],[72.89975113717277,19.107997480784224],[72.8999463565819,19.108340810476218],[72.90050038680587,19.108218471536592],[72.90084320202155,19.10966747075259],[72.9004700552892,19.11188365899482],[72.9009085668867,19.111841017555754]]]}},{"type":"Feature","properties":{"layer":"DP_0","label":"DP Zone","confidence":"high","SUBURBS":"EASTERN","ZONE_CODE2":"I"},"geometry":{"type":"Polygon","coordinates":[[[72.89938216519741,19.113563653218122],[72.8992284681864,19.113302843218122],[72.89847121574257,19.11369586504081],[72.89869111846099,19.11407523981665],[72.89951361690046,19.113786715220925],[72.89938216519741,19.113563653218122]]]}},{"type":"Feature","properties":{"layer":"DP_0","label":"DP Zone","confidence":"high","SUBURBS":"EASTERN","ZONE_CODE2":"I"},"geometry":{"type":"Polygon","coordinates":[[[72.89269819031546,19.116607861352932],[72.89287960664961,19.11609305615664],[72.89182934297953,19.1159173358203],[72.89170168448747,19.116649030079014],[72.8922096371384,19.11680124407726],[72.89269819031546,19.116607861352932]]]}},{"type":"Feature","properties":{"layer":"DP_0","label":"DP Zone","confidence":"high","SUBURBS":"EASTERN","ZONE_CODE2":"I"},"geometry":{"type":"Polygon","coordinates":[[[72.89182074312049,19.122487217480952],[72.89440227150196,19.121523668418654],[72.89353715815663,19.12075079823556],[72.8926321260829,19.120460129523273],[72.8916945299812,19.120814617507637],[72.89107019244393,19.119399917291876],[72.89054653225314,19.119475354599004],[72.89028842686861,19.11871091964051],[72.88891941963377,19.118386772728964],[72.88848641699816,19.118589187964027],[72.88855568746183,19.119567175955765],[72.89019113824975,19.119717782804486],[72.89074235738029,19.120101284631502],[72.89132496367563,19.121786908393155],[72.89182074312049,19.122487217480952]]]}},{"type":"Feature","properties":{"layer":"DP_0","label":"DP Zone","confidence":"high","SUBURBS":"EASTERN","ZONE_CODE2":"I"},"geometry":{"type":"Polygon","coordinates":[[[72.89472146951822,19.130205042767777],[72.89518565349559,19.130289075881638],[72.89564887195706,19.12892105552128],[72.89377258194456,19.126427464997033],[72.89303378727912,19.12504204821999],[72.8905088051926,19.12622742735721],[72.88967978879342,19.127129087210136],[72.88974890060555,19.128543624013563],[72.89005917936318,19.129320479965653],[72.8910482136742,19.130280863785277],[72.89316040557196,19.131005292869975],[72.89472146951822,19.130205042767777]]]}},{"type":"Feature","properties":{"layer":"DP_0","label":"DP Zone","confidence":"high","EP_NO":"EP-L13","SUBURBS":"EASTERN","ZONE_CODE2":"C"},"geometry":{"type":"Polygon","coordinates":[[[72.88810924833767,19.10413976391902],[72.88776305950046,19.104214980863603],[72.88780231582832,19.104572602378386],[72.88810501173874,19.104473451047166],[72.88810924833767,19.10413976391902]]]}},{"type":"Feature","properties":{"layer":"DP_0","label":"DP Zone","confidence":"high","EP_NO":"EP-L04","SUBURBS":"EASTERN","ZONE_CODE2":"R"},"geometry":{"type":"Polygon","coordinates":[[[72.88903379862957,19.11596901706226],[72.88824887744529,19.115974265256177],[72.88865876379901,19.116659821943777],[72.88884114581833,19.116707349389085],[72.88903379862957,19.11596901706226]]]}},{"type":"Feature","properties":{"layer":"DP_0","label":"DP Zone","confidence":"high","EP_NO":"EP-S121","SUBURBS":"EASTERN","ZONE_CODE2":"R"},"geometry":{"type":"Polygon","coordinates":[[[72.91996946014093,19.1206294980483],[72.91904009127242,19.120506045001385],[72.91888745157135,19.120724218547927],[72.91990351843847,19.121072561142153],[72.91996946014093,19.1206294980483]]]}},{"type":"Feature","properties":{"layer":"DP_0","label":"DP Zone","confidence":"high","EP_NO":"EP-S121","SUBURBS":"EASTERN","ZONE_CODE2":"SDZ"},"geometry":{"type":"Polygon","coordinates":[[[72.92240569469818,19.12187673958697],[72.92269594186675,19.121975898062583],[72.92241924486946,19.123477060843936],[72.9229747611285,19.123568266736306],[72.92435485811663,19.117299719944416],[72.92198259237647,19.116424121511987],[72.92186575795766,19.11789873505933],[72.92208362694404,19.118574626218116],[72.92240457899739,19.118789900561428],[72.92240569469818,19.12187673958697]]]}},{"type":"Feature","properties":{"layer":"DP_0","label":"DP Zone","confidence":"high","EP_NO":"EP-PS69","SUBURBS":"EASTERN","ZONE_CODE2":"G-Z"},"geometry":{"type":"Polygon","coordinates":[[[72.8848939857112,19.128680145627296],[72.88422836409589,19.12845759183943],[72.88437514148708,19.12939407475941],[72.88477156534931,19.129537893464942],[72.8848939857112,19.128680145627296]]]}},{"type":"Feature","properties":{"layer":"DP_0","label":"DP Zone","confidence":"high","EP_NO":"EP-S91","SUBURBS":"EASTERN","ZONE_CODE2":"R"},"geometry":{"type":"Polygon","coordinates":[[[72.89440664538131,19.124914165660943],[72.89329931593676,19.12512220716036],[72.893819251083,19.12620773431533],[72.89513890510648,19.125088949421258],[72.89440664538131,19.124914165660943]]]}},{"type":"Feature","properties":{"layer":"DP_0","label":"DP Zone","confidence":"high","EP_NO":"EP-MW49","SUBURBS":"EASTERN","ZONE_CODE2":"NA"},"geometry":{"type":"Polygon","coordinates":[[[72.88809782559021,19.00897521782462],[72.88706007410323,19.009019921291138],[72.88697250159301,19.009380769744606],[72.88809782559021,19.00897521782462]]]}},{"type":"Feature","properties":{"layer":"DP_0","label":"DP Zone","confidence":"high","EP_NO":"EP-MW51","SUBURBS":"EASTERN","ZONE_CODE2":"NA"},"geometry":{"type":"Polygon","coordinates":[[[72.8858585172455,19.015238841691406],[72.88636123374523,19.01377132146089],[72.88563438605895,19.014490988323228],[72.88564379388089,19.015098629700496],[72.8858585172455,19.015238841691406]]]}},{"type":"Feature","properties":{"layer":"DP_0","label":"DP Zone","confidence":"high","EP_NO":"EP-RS100","SUBURBS":"WESTERN","ZONE_CODE2":"SDZ"},"geometry":{"type":"Polygon","coordinates":[[[72.87817210455773,19.21411477683591],[72.87771817404014,19.214177587330532],[72.87753779414541,19.214776565567753],[72.87817210455773,19.21411477683591]]]}},{"type":"Feature","properties":{"layer":"DP_0","label":"DP Zone","confidence":"high","EP_NO":"EP-RS100","SUBURBS":"WESTERN","ZONE_CODE2":"SDZ"},"geometry":{"type":"Polygon","coordinates":[[[72.87819260919947,19.214111939505],[72.87982415337449,19.212069813412572],[72.88031463681355,19.21044527111443],[72.87838565015177,19.210489553089083],[72.87849162274678,19.212443762339127],[72.87804708436553,19.21247561129255],[72.87750809508248,19.214411384475703],[72.87819260919947,19.214111939505]]]}},{"type":"Feature","properties":{"layer":"DP_0","label":"DP Zone","confidence":"high","EP_NO":"EP-MW18","SUBURBS":"EASTERN","ZONE_CODE2":"NDZ"},"geometry":{"type":"Polygon","coordinates":[[[72.88730553955627,19.0313271976499],[72.88732838153861,19.03186973423657],[72.88772969232943,19.03258460441998],[72.88730553955627,19.0313271976499]]]}},{"type":"Feature","properties":{"layer":"DP_0","label":"DP Zone","confidence":"high","EP_NO":"EP-ME56","SUBURBS":"EASTERN","ZONE_CODE2":"NA"},"geometry":{"type":"Polygon","coordinates":[[[72.90599039707234,19.035016879384298],[72.90579588911281,19.03529225237295],[72.90839097529388,19.036983812514475],[72.90876078921771,19.037712141510408],[72.90874327937048,19.03895676396526],[72.90918980636967,19.03916438222414],[72.90923788070602,19.037632486834234],[72.90875806185946,19.036683268277827],[72.90755818203544,19.03571913534305],[72.90599039707234,19.035016879384298]]]}},{"type":"Feature","properties":{"layer":"DP_0","label":"DP Zone","confidence":"high","EP_NO":"EP-ME81","SUBURBS":"EASTERN","ZONE_CODE2":"SDZ"},"geometry":{"type":"Polygon","coordinates":[[[72.93217727247222,19.069911275051457],[72.93166122345322,19.070586768051133],[72.93216605577645,19.070605747521768],[72.93217727247222,19.069911275051457]]]}},{"type":"Feature","properties":{"layer":"DP_0","label":"DP Zone","confidence":"high","EP_NO":"EP-ME81","SUBURBS":"EASTERN","ZONE_CODE2":"SDZ"},"geometry":{"type":"Polygon","coordinates":[[[72.92435769138316,19.07357049644749],[72.92414189871566,19.073596464105833],[72.92424249599846,19.073723377710866],[72.92435769138316,19.07357049644749]]]}},{"type":"Feature","properties":{"layer":"DP_0","label":"DP Zone","confidence":"high","SUBURBS":"EASTERN","ZONE_CODE2":"C"},"geometry":{"type":"Polygon","coordinates":[[[72.89186872541222,19.086398570288328],[72.8909125095662,19.086296923066513],[72.89081976896951,19.08735007397811],[72.89153101848976,19.087303010659735],[72.89186872541222,19.086398570288328]]]}},{"type":"Feature","properties":{"layer":"DP_0","label":"DP Zone","confidence":"high","SUBURBS":"EASTERN","ZONE_CODE2":"C"},"geometry":{"type":"Polygon","coordinates":[[[72.88793711059627,19.087404151811665],[72.88813603678966,19.086334123955314],[72.88774049411941,19.085975755061884],[72.88741018948147,19.086140517608023],[72.88711189996391,19.085576731562888],[72.8867806648249,19.08547697949168],[72.88685231584422,19.0852006101978],[72.8894252403391,19.08505863387358],[72.88942975537863,19.084904738629806],[72.88960304218485,19.085584642530673],[72.89207488606839,19.085788410761953],[72.89238421985976,19.084983442765072],[72.89072968356483,19.084608623890936],[72.88671789833482,19.085018771142114],[72.88679255786141,19.085869822343668],[72.88742256097645,19.087625477370757],[72.8879030215307,19.087988285090017],[72.88774435634889,19.088586023767512],[72.8882727366558,19.088580735165436],[72.88793711059627,19.087404151811665]]]}},{"type":"Feature","properties":{"layer":"DP_0","label":"DP Zone","confidence":"high","EP_NO":"EP-S80","SUBURBS":"EASTERN","ZONE_CODE2":"R"},"geometry":{"type":"Polygon","coordinates":[[[72.91448347075212,19.11590828224868],[72.9137842874423,19.114719611030267],[72.91344275205155,19.114890557727772],[72.91439615602958,19.11613594871583],[72.91448347075212,19.11590828224868]]]}},{"type":"Feature","properties":{"layer":"DP_0","label":"DP Zone","confidence":"high","EP_NO":"EP-S82","SUBURBS":"EASTERN","ZONE_CODE2":"SDZ"},"geometry":{"type":"Polygon","coordinates":[[[72.91508011818327,19.1156182000105],[72.91506088007873,19.115107501004303],[72.91521243733054,19.115155441107536],[72.91467501296721,19.113609339195474],[72.9143364267505,19.11560752437061],[72.91482248639079,19.116058680021617],[72.91508011818327,19.1156182000105]]]}},{"type":"Feature","properties":{"layer":"DP_0","label":"DP Zone","confidence":"high","EP_NO":"EP-S82","SUBURBS":"EASTERN","ZONE_CODE2":"SDZ"},"geometry":{"type":"Polygon","coordinates":[[[72.90982537059855,19.11150975523181],[72.90987780688604,19.11128769799951],[72.91159881006033,19.111479004152432],[72.91334149954169,19.11252044998332],[72.91316742216146,19.11298354950841],[72.913768331708,19.113553940386826],[72.91348935658272,19.11423622275964],[72.91405670107441,19.115176571556646],[72.91419033215455,19.11493926467811],[72.91372087920725,19.11424636082813],[72.91416156185699,19.113323704543145],[72.91350364678236,19.112994598505203],[72.9141059256991,19.112285874373917],[72.91359091067432,19.11143939976927],[72.91237214806323,19.110668073124668],[72.91072044366389,19.110204148807874],[72.91042615663086,19.110901875783984],[72.90983440808056,19.11098251917638],[72.90982537059855,19.11150975523181]]]}},{"type":"Feature","properties":{"layer":"DP_0","label":"DP Zone","confidence":"high","EP_NO":"EP-S82","SUBURBS":"EASTERN","ZONE_CODE2":"SDZ"},"geometry":{"type":"Polygon","coordinates":[[[72.91512859543671,19.11395509230355],[72.9147737137879,19.11299160577992],[72.91467764313711,19.11361638369188],[72.91538269315917,19.115209294774054],[72.91512859543671,19.11395509230355]]]}},{"type":"Feature","properties":{"layer":"DP_0","label":"DP Zone","confidence":"high","EP_NO":"EP-S82","SUBURBS":"EASTERN","ZONE_CODE2":"NA"},"geometry":{"type":"Polygon","coordinates":[[[72.91521243733054,19.115155441107536],[72.91506088007873,19.115107501004303],[72.91508011818327,19.1156182000105],[72.91546846915158,19.115232400702762],[72.91521243733054,19.115155441107536]]]}},{"type":"Feature","properties":{"layer":"DP_0","label":"DP Zone","confidence":"high","EP_NO":"EP-S68","SUBURBS":"EASTERN","ZONE_CODE2":"R"},"geometry":{"type":"Polygon","coordinates":[[[72.93283958417851,19.127556524310545],[72.93270662988375,19.12637943425183],[72.93005090590118,19.12730298919393],[72.93009526754344,19.127503813105147],[72.9311435148114,19.127431094863493],[72.93136153289917,19.12814416084061],[72.93281962585915,19.1280129903532],[72.93283958417851,19.127556524310545]]]}},{"type":"Feature","properties":{"layer":"DP_0","label":"DP Zone","confidence":"high","EP_NO":"EP-PS70","SUBURBS":"EASTERN","ZONE_CODE2":"NDZ"},"geometry":{"type":"Polygon","coordinates":[[[72.89843760011128,19.144387806969366],[72.89914956995212,19.140704371926432],[72.89636858921402,19.14188745103245],[72.89550267480092,19.142576658080237],[72.89463038173928,19.142611505846673],[72.89424474461487,19.14203623434635],[72.89476442483745,19.14294257965502],[72.89649685183176,19.1433740506935],[72.8969191899219,19.144683422998938],[72.89754157806746,19.14482387976433],[72.89843760011128,19.144387806969366]]]}},{"type":"Feature","properties":{"layer":"DP_0","label":"DP Zone","confidence":"high","EP_NO":"EP-T73","SUBURBS":"EASTERN","ZONE_CODE2":"I"},"geometry":{"type":"Polygon","coordinates":[[[72.94144534611706,19.165764955861484],[72.94167984702757,19.165901596807593],[72.94283346761428,19.16538493038136],[72.94283337047872,19.165152000964923],[72.94240103784819,19.165249964987336],[72.94221511821881,19.164923357851627],[72.94125664913997,19.164562886281256],[72.94137939141743,19.164907932681636],[72.94098539941596,19.1661991569168],[72.94144534611706,19.165764955861484]]]}},{"type":"Feature","properties":{"layer":"DP_0","label":"DP Zone","confidence":"high","EP_NO":"EP-T53","SUBURBS":"EASTERN","ZONE_CODE2":"I"},"geometry":{"type":"Polygon","coordinates":[[[72.94252707837884,19.164763130064923],[72.94238912959577,19.16482158428541],[72.94244960461558,19.16493139221062],[72.94252707837884,19.164763130064923]]]}},{"type":"Feature","properties":{"layer":"DP_0","label":"DP Zone","confidence":"high","EP_NO":"EP-T04","SUBURBS":"EASTERN","ZONE_CODE2":"R"},"geometry":{"type":"Polygon","coordinates":[[[72.93937729304908,19.184964653174752],[72.93830532305711,19.18495957509593],[72.93844169665829,19.18585709545143],[72.9374043575691,19.18602417911494],[72.93849843095688,19.187071881419406],[72.93952669596302,19.189484710853204],[72.94064701118698,19.188716574600104],[72.93967527875499,19.188342481956905],[72.9393017182368,19.186820504826034],[72.93999746499739,19.186755628569163],[72.93937729304908,19.184964653174752]]]}},{"type":"Feature","properties":{"layer":"DP_0","label":"DP Zone","confidence":"high","SUBURBS":"WESTERN","ZONE_CODE2":"NA"},"geometry":{"type":"Polygon","coordinates":[[[72.82500257615622,19.080431541914557],[72.82456312762477,19.080695161699193],[72.82489374021274,19.081865069320436],[72.82488470882167,19.08340559187484],[72.82528638891385,19.083882129430066],[72.82500257615622,19.080431541914557]]]}},{"type":"Feature","properties":{"layer":"DP_0","label":"DP Zone","confidence":"high","SUBURBS":"WESTERN","ZONE_CODE2":"NA"},"geometry":{"type":"Polygon","coordinates":[[[72.82678348363518,19.079999769211927],[72.82733144700732,19.080543899394918],[72.82718098294129,19.08018718635012],[72.82678348363518,19.079999769211927]]]}},{"type":"Feature","properties":{"layer":"DP_0","label":"DP Zone","confidence":"high","SUBURBS":"WESTERN","ZONE_CODE2":"NDZ"},"geometry":{"type":"Polygon","coordinates":[[[72.82736021304707,19.080560809466583],[72.82599062089152,19.079446415986737],[72.82546576009742,19.079739740947268],[72.82500257615622,19.080431541914557],[72.82588438193129,19.07990255525297],[72.82743921333793,19.080770635698713],[72.82736021304707,19.080560809466583]]]}},{"type":"Feature","properties":{"layer":"DP_0","label":"DP Zone","confidence":"high","SUBURBS":"WESTERN","ZONE_CODE2":"NA"},"geometry":{"type":"Polygon","coordinates":[[[72.82829291937321,19.080329583677596],[72.82781034690095,19.07974996445345],[72.82717749313801,19.077976728512077],[72.82615292961991,19.078070851740165],[72.82661609219019,19.079530463467115],[72.82737132272653,19.079831020769813],[72.82784866567556,19.08092588608255],[72.82829291937321,19.080329583677596]]]}},{"type":"Feature","properties":{"layer":"DP_0","label":"DP Zone","confidence":"high","SUBURBS":"WESTERN","ZONE_CODE2":"NDZ"},"geometry":{"type":"Polygon","coordinates":[[[72.8243273258319,19.078246214715932],[72.82407033631094,19.078272102192514],[72.82400388204569,19.078477794116814],[72.8243273258319,19.078246214715932]]]}}]}