{"type":"FeatureCollection","features":[{"type":"Feature","properties":{"layer":"DD_43","label":"AAI airport height NOC","confidence":"confirmed","AIRPORT":" ","NAME":"CC36","PERMISSIBL":150},"geometry":{"type":"Polygon","coordinates":[[[73.26666666629417,18.816666666499504],[73.26666666663455,18.800000000229485],[73.24999999991833,18.799999999667467],[73.2499999995795,18.81666666674596],[73.26666666629417,18.816666666499504]]]}},{"type":"Feature","properties":{"layer":"DD_43","label":"AAI airport height NOC","confidence":"confirmed","AIRPORT":" ","NAME":"CC15","PERMISSIBL":150},"geometry":{"type":"Polygon","coordinates":[[[72.91666666626143,18.816666666835513],[72.91666666656394,18.79999999962018],[72.9000000002568,18.800000000298578],[72.9000000003893,18.816666666360312],[72.91666666626143,18.816666666835513]]]}},{"type":"Feature","properties":{"layer":"DD_43","label":"AAI airport height NOC","confidence":"confirmed","AIRPORT":" ","NAME":"CC12","PERMISSIBL":150},"geometry":{"type":"Polygon","coordinates":[[[72.86666666705324,18.81666666664076],[72.86666666632055,18.799999999945104],[72.8499999999868,18.79999999968945],[72.84999999995748,18.81666666635521],[72.86666666705324,18.81666666664076]]]}},{"type":"Feature","properties":{"layer":"DD_43","label":"AAI airport height NOC","confidence":"confirmed","AIRPORT":" ","NAME":"CC7","PERMISSIBL":150},"geometry":{"type":"Polygon","coordinates":[[[72.78333333376098,18.816666666773376],[72.783333332903,18.799999999704134],[72.76666666658502,18.800000000063473],[72.7666666662806,18.816666666884746],[72.78333333376098,18.816666666773376]]]}},{"type":"Feature","properties":{"layer":"DD_43","label":"AAI airport height NOC","confidence":"confirmed","AIRPORT":" ","NAME":"CC3","PERMISSIBL":150},"geometry":{"type":"Polygon","coordinates":[[[72.71666666672867,18.816666667008736],[72.71666666628218,18.800000000414556],[72.6999999999835,18.799999999747147],[72.69999999986993,18.816666667013127],[72.71666666672867,18.816666667008736]]]}},{"type":"Feature","properties":{"layer":"DD_43","label":"AAI airport height NOC","confidence":"confirmed","AIRPORT":" ","NAME":"BB31","PERMISSIBL":150},"geometry":{"type":"Polygon","coordinates":[[[73.18333333373397,18.833333333658135],[73.1833333331775,18.816666667016843],[73.16666666663052,18.816666666606704],[73.16666666641265,18.83333333299153],[73.18333333373397,18.833333333658135]]]}},{"type":"Feature","properties":{"layer":"DD_43","label":"AAI airport height NOC","confidence":"confirmed","AIRPORT":" ","NAME":"BB30","PERMISSIBL":150},"geometry":{"type":"Polygon","coordinates":[[[73.16666666641265,18.83333333299153],[73.16666666663052,18.816666666606704],[73.15000000045043,18.816666666790844],[73.15000000033181,18.833333333609154],[73.16666666641265,18.83333333299153]]]}},{"type":"Feature","properties":{"layer":"DD_43","label":"AAI airport height NOC","confidence":"confirmed","AIRPORT":" ","NAME":"BB22","PERMISSIBL":150},"geometry":{"type":"Polygon","coordinates":[[[73.03333333368761,18.833333333020015],[73.03333333312465,18.816666666677158],[73.01666666682337,18.816666666607414],[73.01666666692078,18.833333333407037],[73.03333333368761,18.833333333020015]]]}},{"type":"Feature","properties":{"layer":"DD_43","label":"AAI airport height NOC","confidence":"confirmed","AIRPORT":" ","NAME":"BB19","PERMISSIBL":150},"geometry":{"type":"Polygon","coordinates":[[[72.98333333356346,18.833333333495037],[72.98333333366139,18.816666666441172],[72.96666666714609,18.816666667117715],[72.96666666637957,18.833333333055496],[72.98333333356346,18.833333333495037]]]}},{"type":"Feature","properties":{"layer":"DD_43","label":"AAI airport height NOC","confidence":"confirmed","AIRPORT":" ","NAME":"BB16","PERMISSIBL":150},"geometry":{"type":"Polygon","coordinates":[[[72.93333333375375,18.833333333609968],[72.93333333327324,18.816666666930036],[72.91666666626143,18.816666666835513],[72.9166666667809,18.833333333546435],[72.93333333375375,18.833333333609968]]]}},{"type":"Feature","properties":{"layer":"DD_43","label":"AAI airport height NOC","confidence":"confirmed","AIRPORT":" ","NAME":"AA31","PERMISSIBL":150},"geometry":{"type":"Polygon","coordinates":[[[73.18333333296843,18.849999999714523],[73.18333333373397,18.833333333658135],[73.16666666641265,18.83333333299153],[73.16666666630223,18.849999999763963],[73.18333333296843,18.849999999714523]]]}},{"type":"Feature","properties":{"layer":"DD_43","label":"AAI airport height NOC","confidence":"confirmed","AIRPORT":" ","NAME":"AA26","PERMISSIBL":150},"geometry":{"type":"Polygon","coordinates":[[[73.09999999997956,18.849999999911795],[73.10000000001715,18.833333333419315],[73.08333333313905,18.833333333073664],[73.08333333341345,18.85000000007431],[73.09999999997956,18.849999999911795]]]}},{"type":"Feature","properties":{"layer":"DD_43","label":"AAI airport height NOC","confidence":"confirmed","AIRPORT":" ","NAME":"AA22","PERMISSIBL":150},"geometry":{"type":"Polygon","coordinates":[[[73.03333333353649,18.850000000200755],[73.03333333368761,18.833333333020015],[73.01666666692078,18.833333333407037],[73.01666666680458,18.850000000206112],[73.03333333353649,18.850000000200755]]]}},{"type":"Feature","properties":{"layer":"DD_43","label":"AAI airport height NOC","confidence":"confirmed","AIRPORT":" ","NAME":"AA18","PERMISSIBL":150},"geometry":{"type":"Polygon","coordinates":[[[72.96666666685809,18.850000000093836],[72.96666666637957,18.833333333055496],[72.94999999971718,18.833333333115913],[72.94999999993352,18.849999999785233],[72.96666666685809,18.850000000093836]]]}},{"type":"Feature","properties":{"layer":"DD_43","label":"AAI airport height NOC","confidence":"confirmed","AIRPORT":" ","NAME":"AA9","PERMISSIBL":150},"geometry":{"type":"Polygon","coordinates":[[[72.81666666684062,18.849999999716484],[72.81666666679398,18.833333333132185],[72.7999999995534,18.833333333584218],[72.7999999995847,18.84999999960991],[72.81666666684062,18.849999999716484]]]}},{"type":"Feature","properties":{"layer":"DD_43","label":"AAI airport height NOC","confidence":"confirmed","AIRPORT":" ","NAME":"Z22","PERMISSIBL":150},"geometry":{"type":"Polygon","coordinates":[[[73.03333333365678,18.86666666640326],[73.03333333353649,18.850000000200755],[73.01666666680458,18.850000000206112],[73.01666666649072,18.866666666984983],[73.03333333365678,18.86666666640326]]]}},{"type":"Feature","properties":{"layer":"DD_43","label":"AAI airport height NOC","confidence":"confirmed","AIRPORT":" ","NAME":"Z16","PERMISSIBL":150},"geometry":{"type":"Polygon","coordinates":[[[72.93333333291133,18.866666666949435],[72.93333333363498,18.84999999968745],[72.91666666624216,18.849999999712388],[72.91666666653697,18.866666667141565],[72.93333333291133,18.866666666949435]]]}},{"type":"Feature","properties":{"layer":"DD_43","label":"AAI airport height NOC","confidence":"confirmed","AIRPORT":" ","NAME":"Z7","PERMISSIBL":150},"geometry":{"type":"Polygon","coordinates":[[[72.78333333353281,18.86666666700165],[72.78333333358972,18.84999999998389],[72.76666666714794,18.849999999840982],[72.76666666644697,18.86666666681855],[72.78333333353281,18.86666666700165]]]}},{"type":"Feature","properties":{"layer":"DD_43","label":"AAI airport height NOC","confidence":"confirmed","AIRPORT":" ","NAME":"Y30","PERMISSIBL":150},"geometry":{"type":"Polygon","coordinates":[[[73.1666666664729,18.883333333487986],[73.16666666631409,18.866666666903917],[73.15000000002554,18.866666666744457],[73.14999999986782,18.883333333021422],[73.1666666664729,18.883333333487986]]]}},{"type":"Feature","properties":{"layer":"DD_43","label":"AAI airport height NOC","confidence":"confirmed","AIRPORT":" ","NAME":"Y29","PERMISSIBL":150},"geometry":{"type":"Polygon","coordinates":[[[73.14999999986782,18.883333333021422],[73.15000000002554,18.866666666744457],[73.13333333313493,18.866666666443233],[73.13333333353354,18.883333333104627],[73.14999999986782,18.883333333021422]]]}},{"type":"Feature","properties":{"layer":"DD_43","label":"AAI airport height NOC","confidence":"confirmed","AIRPORT":" ","NAME":"Y28","PERMISSIBL":150},"geometry":{"type":"Polygon","coordinates":[[[73.13333333353354,18.883333333104627],[73.13333333313493,18.866666666443233],[73.11666666675698,18.866666666852428],[73.1166666666963,18.883333333667444],[73.13333333353354,18.883333333104627]]]}},{"type":"Feature","properties":{"layer":"DD_43","label":"AAI airport height NOC","confidence":"confirmed","AIRPORT":" ","NAME":"Y14","PERMISSIBL":150},"geometry":{"type":"Polygon","coordinates":[[[72.89999999988645,18.88333333312245],[72.90000000013092,18.866666666273886],[72.8833333328874,18.86666666697688],[72.88333333305326,18.883333333606696],[72.89999999988645,18.88333333312245]]]}},{"type":"Feature","properties":{"layer":"DD_43","label":"AAI airport height NOC","confidence":"confirmed","AIRPORT":" ","NAME":"Y13","PERMISSIBL":150},"geometry":{"type":"Polygon","coordinates":[[[72.88333333305326,18.883333333606696],[72.8833333328874,18.86666666697688],[72.86666666691427,18.86666666649389],[72.86666666645478,18.88333333357536],[72.88333333305326,18.883333333606696]]]}},{"type":"Feature","properties":{"layer":"DD_43","label":"AAI airport height NOC","confidence":"confirmed","AIRPORT":" ","NAME":"Y8","PERMISSIBL":150},"geometry":{"type":"Polygon","coordinates":[[[72.80000000015825,18.88333333315625],[72.80000000009265,18.866666666445],[72.78333333353281,18.86666666700165],[72.78333333353481,18.88333333306506],[72.80000000015825,18.88333333315625]]]}},{"type":"Feature","properties":{"layer":"DD_43","label":"AAI airport height NOC","confidence":"confirmed","AIRPORT":" ","NAME":"Y2","PERMISSIBL":150},"geometry":{"type":"Polygon","coordinates":[[[72.70000000034555,18.883333333042426],[72.70000000005967,18.866666666305157],[72.68333333292777,18.866666666741846],[72.6833333335905,18.883333333314923],[72.70000000034555,18.883333333042426]]]}},{"type":"Feature","properties":{"layer":"DD_43","label":"AAI airport height NOC","confidence":"confirmed","AIRPORT":" ","NAME":"Y1","PERMISSIBL":150},"geometry":{"type":"Polygon","coordinates":[[[72.6833333335905,18.883333333314923],[72.68333333292777,18.866666666741846],[72.66666666632051,18.866666666898293],[72.66666666632874,18.883333333072795],[72.6833333335905,18.883333333314923]]]}},{"type":"Feature","properties":{"layer":"DD_43","label":"AAI airport height NOC","confidence":"confirmed","AIRPORT":" ","NAME":"X19","PERMISSIBL":150},"geometry":{"type":"Polygon","coordinates":[[[72.98333333344014,18.900000000031177],[72.98333333321042,18.8833333335054],[72.96666666691681,18.883333333729734],[72.96666666652976,18.90000000028824],[72.98333333344014,18.900000000031177]]]}},{"type":"Feature","properties":{"layer":"DD_43","label":"AAI airport height NOC","confidence":"confirmed","AIRPORT":" ","NAME":"W26","PERMISSIBL":150},"geometry":{"type":"Polygon","coordinates":[[[73.10000000000461,18.916666667085256],[73.10000000013106,18.900000000153018],[73.08333333366947,18.900000000370948],[73.08333333298125,18.916666667129846],[73.10000000000461,18.916666667085256]]]}},{"type":"Feature","properties":{"layer":"DD_43","label":"AAI airport height NOC","confidence":"confirmed","AIRPORT":" ","NAME":"W9","PERMISSIBL":150},"geometry":{"type":"Polygon","coordinates":[[[72.81666666715952,18.916666666915415],[72.8166666670222,18.90000000020509],[72.79999999979921,18.89999999972465],[72.79999999997042,18.916666667045586],[72.81666666715952,18.916666666915415]]]}},{"type":"Feature","properties":{"layer":"DD_43","label":"AAI airport height NOC","confidence":"confirmed","AIRPORT":" ","NAME":"W8","PERMISSIBL":150},"geometry":{"type":"Polygon","coordinates":[[[72.79999999997042,18.916666667045586],[72.79999999979921,18.89999999972465],[72.78333333359,18.89999999996137],[72.78333333372824,18.9166666667686],[72.79999999997042,18.916666667045586]]]}},{"type":"Feature","properties":{"layer":"DD_43","label":"AAI airport height NOC","confidence":"confirmed","AIRPORT":" ","NAME":"W6","PERMISSIBL":150},"geometry":{"type":"Polygon","coordinates":[[[72.76666666669831,18.916666666892894],[72.7666666666843,18.899999999917515],[72.75000000019475,18.9000000004348],[72.75000000001674,18.916666666454006],[72.76666666669831,18.916666666892894]]]}},{"type":"Feature","properties":{"layer":"DD_43","label":"AAI airport height NOC","confidence":"confirmed","AIRPORT":" ","NAME":"V20","PERMISSIBL":115},"geometry":{"type":"Polygon","coordinates":[[[73.00000000012678,18.933333333711573],[72.99999999961334,18.916666666593375],[72.98333333355276,18.91666666659933],[72.9833333335646,18.933333333190372],[73.00000000012678,18.933333333711573]]]}},{"type":"Feature","properties":{"layer":"DD_43","label":"AAI airport height NOC","confidence":"confirmed","AIRPORT":" ","NAME":"V9","PERMISSIBL":150},"geometry":{"type":"Polygon","coordinates":[[[72.81666666641777,18.933333333372794],[72.81666666715952,18.916666666915415],[72.79999999997042,18.916666667045586],[72.79999999976451,18.93333333328262],[72.81666666641777,18.933333333372794]]]}},{"type":"Feature","properties":{"layer":"DD_43","label":"AAI airport height NOC","confidence":"confirmed","AIRPORT":" ","NAME":"U31","PERMISSIBL":150},"geometry":{"type":"Polygon","coordinates":[[[73.18333333350742,18.950000000122493],[73.1833333334065,18.933333333397528],[73.16666666699163,18.93333333330857],[73.16666666690847,18.950000000169414],[73.18333333350742,18.950000000122493]]]}},{"type":"Feature","properties":{"layer":"DD_43","label":"AAI airport height NOC","confidence":"confirmed","AIRPORT":" ","NAME":"U22","PERMISSIBL":50},"geometry":{"type":"Polygon","coordinates":[[[73.03333333298438,18.950000000057408],[73.03333333322857,18.93333333364206],[73.01666666642659,18.933333333535984],[73.01666666631444,18.949999999929485],[73.03333333298438,18.950000000057408]]]}},{"type":"Feature","properties":{"layer":"DD_43","label":"AAI airport height NOC","confidence":"confirmed","AIRPORT":" ","NAME":"U16","PERMISSIBL":135},"geometry":{"type":"Polygon","coordinates":[[[72.9333333333948,18.949999999711935],[72.93333333301878,18.933333333098364],[72.91666666709261,18.93333333364397],[72.9166666671546,18.949999999820953],[72.9333333333948,18.949999999711935]]]}},{"type":"Feature","properties":{"layer":"DD_43","label":"AAI airport height NOC","confidence":"confirmed","AIRPORT":" ","NAME":"U15","PERMISSIBL":135},"geometry":{"type":"Polygon","coordinates":[[[72.9166666671546,18.949999999820953],[72.91666666709261,18.93333333364397],[72.89999999987637,18.933333333137867],[72.89999999953834,18.94999999956156],[72.9166666671546,18.949999999820953]]]}},{"type":"Feature","properties":{"layer":"DD_43","label":"AAI airport height NOC","confidence":"confirmed","AIRPORT":" ","NAME":"U14","PERMISSIBL":150},"geometry":{"type":"Polygon","coordinates":[[[72.89999999953834,18.94999999956156],[72.89999999987637,18.933333333137867],[72.88333333341996,18.933333333339387],[72.8833333335559,18.949999999800646],[72.89999999953834,18.94999999956156]]]}},{"type":"Feature","properties":{"layer":"DD_43","label":"AAI airport height NOC","confidence":"confirmed","AIRPORT":" ","NAME":"U4","PERMISSIBL":150},"geometry":{"type":"Polygon","coordinates":[[[72.73333333288292,18.949999999842618],[72.7333333330447,18.93333333302044],[72.71666666672422,18.93333333351191],[72.71666666622741,18.949999999976633],[72.73333333288292,18.949999999842618]]]}},{"type":"Feature","properties":{"layer":"DD_43","label":"AAI airport height NOC","confidence":"confirmed","AIRPORT":" ","NAME":"T36","PERMISSIBL":150},"geometry":{"type":"Polygon","coordinates":[[[73.26666666659125,18.96666666699692],[73.26666666647428,18.94999999979931],[73.25000000045414,18.95000000028352],[73.25000000026824,18.96666666695411],[73.26666666659125,18.96666666699692]]]}},{"type":"Feature","properties":{"layer":"DD_43","label":"AAI airport height NOC","confidence":"confirmed","AIRPORT":" ","NAME":"T26","PERMISSIBL":50},"geometry":{"type":"Polygon","coordinates":[[[73.10000000027979,18.96666666636267],[73.09999999959395,18.94999999975341],[73.08333333292074,18.949999999640145],[73.08333333410935,18.966409476723115],[73.0853538023096,18.96666670090624],[73.10000000027979,18.96666666636267]]]}},{"type":"Feature","properties":{"layer":"DD_43","label":"AAI airport height NOC","confidence":"confirmed","AIRPORT":" ","NAME":"T24","PERMISSIBL":50},"geometry":{"type":"Polygon","coordinates":[[[73.06666667045464,18.964291537746607],[73.06666666693538,18.949999999853915],[73.04999999991226,18.95000000031199],[73.05000000483712,18.96219142495646],[73.06666667045464,18.964291537746607]]]}},{"type":"Feature","properties":{"layer":"DD_43","label":"AAI airport height NOC","confidence":"confirmed","AIRPORT":" ","NAME":"T5","PERMISSIBL":150},"geometry":{"type":"Polygon","coordinates":[[[72.75000000032355,18.966666666409882],[72.75000000005065,18.95000000036339],[72.73333333288292,18.949999999842618],[72.73333333337996,18.96666666672972],[72.75000000032355,18.966666666409882]]]}},{"type":"Feature","properties":{"layer":"DD_43","label":"AAI airport height NOC","confidence":"confirmed","AIRPORT":" ","NAME":"S33","PERMISSIBL":150},"geometry":{"type":"Polygon","coordinates":[[[73.2166666670119,18.983333333086527],[73.21666666640283,18.966666667146573],[73.20000000016377,18.966666666372046],[73.19999999980351,18.98333333298605],[73.2166666670119,18.983333333086527]]]}},{"type":"Feature","properties":{"layer":"DD_43","label":"AAI airport height NOC","confidence":"confirmed","AIRPORT":" ","NAME":"S16","PERMISSIBL":135},"geometry":{"type":"Polygon","coordinates":[[[72.93333333363285,18.983333333425524],[72.93333333327746,18.96666666649059],[72.91666666625358,18.966666667123967],[72.91666666633866,18.983333332845543],[72.93333333363285,18.983333333425524]]]}},{"type":"Feature","properties":{"layer":"DD_43","label":"AAI airport height NOC","confidence":"confirmed","AIRPORT":" ","NAME":"S3","PERMISSIBL":150},"geometry":{"type":"Polygon","coordinates":[[[72.71666666680082,18.983333333284435],[72.71666666687946,18.966666666581478],[72.70000000003415,18.966666666782107],[72.69999999956967,18.983333333046822],[72.71666666680082,18.983333333284435]]]}},{"type":"Feature","properties":{"layer":"DD_43","label":"AAI airport height NOC","confidence":"confirmed","AIRPORT":" ","NAME":"R33","PERMISSIBL":135},"geometry":{"type":"Polygon","coordinates":[[[73.21666666637617,18.999999999957968],[73.2166666670119,18.983333333086527],[73.19999999980351,18.98333333298605],[73.19999999964982,18.999999999696552],[73.21666666637617,18.999999999957968]]]}},{"type":"Feature","properties":{"layer":"DD_43","label":"AAI airport height NOC","confidence":"confirmed","AIRPORT":" ","NAME":"R32","PERMISSIBL":135},"geometry":{"type":"Polygon","coordinates":[[[73.19999999964982,18.999999999696552],[73.19999999980351,18.98333333298605],[73.18333333289311,18.983333333210343],[73.1833333331471,19.000000000445763],[73.19999999964982,18.999999999696552]]]}},{"type":"Feature","properties":{"layer":"DD_43","label":"AAI airport height NOC","confidence":"confirmed","AIRPORT":" ","NAME":"R29","PERMISSIBL":85},"geometry":{"type":"Polygon","coordinates":[[[73.14999999964616,19.000000000203457],[73.14999999971285,18.983333333483667],[73.13333333283683,18.983333333403237],[73.13333333298024,18.999999999995115],[73.14999999964616,19.000000000203457]]]}},{"type":"Feature","properties":{"layer":"DD_43","label":"AAI airport height NOC","confidence":"confirmed","AIRPORT":" ","NAME":"R25","PERMISSIBL":0},"geometry":{"type":"Polygon","coordinates":[[[73.08333333345522,19.00000000007696],[73.08333333310611,18.98333333336863],[73.06666666645154,18.983333333209895],[73.06666666672888,18.99999999982249],[73.08333333345522,19.00000000007696]]]}},{"type":"Feature","properties":{"layer":"DD_43","label":"AAI airport height NOC","confidence":"confirmed","AIRPORT":" ","NAME":"R24","PERMISSIBL":0},"geometry":{"type":"Polygon","coordinates":[[[73.06666666672888,18.99999999982249],[73.06666666645154,18.983333333209895],[73.04999999956988,18.98333333286801],[73.04999999969556,19.000000000070216],[73.06666666672888,18.99999999982249]]]}},{"type":"Feature","properties":{"layer":"DD_43","label":"AAI airport height NOC","confidence":"confirmed","AIRPORT":" ","NAME":"R9","PERMISSIBL":150},"geometry":{"type":"Polygon","coordinates":[[[72.81666666635631,19.000000000039275],[72.81666666666426,18.98333333293277],[72.79999999980357,18.983333333462802],[72.80000000010726,18.999999999713026],[72.81666666635631,19.000000000039275]]]}},{"type":"Feature","properties":{"layer":"DD_43","label":"AAI airport height NOC","confidence":"confirmed","AIRPORT":" ","NAME":"Q13","PERMISSIBL":150},"geometry":{"type":"Polygon","coordinates":[[[72.88333333365557,19.016666666347845],[72.88333333327384,19.000000000362252],[72.86666666660476,18.99999999992616],[72.86666666648901,19.016666666880855],[72.88333333365557,19.016666666347845]]]}},{"type":"Feature","properties":{"layer":"DD_43","label":"AAI airport height NOC","confidence":"confirmed","AIRPORT":" ","NAME":"Q3","PERMISSIBL":150},"geometry":{"type":"Polygon","coordinates":[[[72.71666666642408,19.016666666933396],[72.71666666695927,19.000000000078522],[72.69999999982022,19.00000000038154],[72.69999999988019,19.01666666694982],[72.71666666642408,19.016666666933396]]]}},{"type":"Feature","properties":{"layer":"DD_43","label":"AAI airport height NOC","confidence":"confirmed","AIRPORT":" ","NAME":"P36","PERMISSIBL":150},"geometry":{"type":"Polygon","coordinates":[[[73.26666666653271,19.033333333676417],[73.26666666679178,19.01666666700412],[73.24999999965623,19.01666666660197],[73.25000000011491,19.033333332968667],[73.26666666653271,19.033333333676417]]]}},{"type":"Feature","properties":{"layer":"DD_43","label":"AAI airport height NOC","confidence":"confirmed","AIRPORT":" ","NAME":"P32","PERMISSIBL":135},"geometry":{"type":"Polygon","coordinates":[[[73.20000000002118,19.033333333326798],[73.19999999971746,19.016666666483488],[73.18333333317504,19.016666666904822],[73.18333333298183,19.033333333470864],[73.20000000002118,19.033333333326798]]]}},{"type":"Feature","properties":{"layer":"DD_43","label":"AAI airport height NOC","confidence":"confirmed","AIRPORT":" ","NAME":"P30","PERMISSIBL":115},"geometry":{"type":"Polygon","coordinates":[[[73.16666666716617,19.033333333238748],[73.16666666698158,19.016666666253954],[73.15000000033815,19.016666666268268],[73.14999999988464,19.033333333445725],[73.16666666716617,19.033333333238748]]]}},{"type":"Feature","properties":{"layer":"DD_43","label":"AAI airport height NOC","confidence":"confirmed","AIRPORT":" ","NAME":"P27","PERMISSIBL":50},"geometry":{"type":"Polygon","coordinates":[[[73.11666666637254,19.033333333175275],[73.11666666639273,19.01666666714676],[73.10000000039162,19.01666666699501],[73.10000000047168,19.033333333478918],[73.11666666637254,19.033333333175275]]]}},{"type":"Feature","properties":{"layer":"DD_43","label":"AAI airport height NOC","confidence":"confirmed","AIRPORT":" ","NAME":"P18","PERMISSIBL":135},"geometry":{"type":"Polygon","coordinates":[[[72.96666666689833,19.033333333118165],[72.96666666668195,19.01666666626272],[72.95000000037692,19.016666666603953],[72.95000000004624,19.033333332865183],[72.96666666689833,19.033333333118165]]]}},{"type":"Feature","properties":{"layer":"DD_43","label":"AAI airport height NOC","confidence":"confirmed","AIRPORT":" ","NAME":"P17","PERMISSIBL":135},"geometry":{"type":"Polygon","coordinates":[[[72.95000000004624,19.033333332865183],[72.95000000037692,19.016666666603953],[72.93333333299209,19.016666666752055],[72.93333333297915,19.033333333115596],[72.95000000004624,19.033333332865183]]]}},{"type":"Feature","properties":{"layer":"DD_43","label":"AAI airport height NOC","confidence":"confirmed","AIRPORT":" ","NAME":"P4","PERMISSIBL":150},"geometry":{"type":"Polygon","coordinates":[[[72.73333333284681,19.03333333353426],[72.73333333332631,19.0166666666209],[72.71666666642408,19.016666666933396],[72.71666666712512,19.033333332950832],[72.73333333284681,19.03333333353426]]]}},{"type":"Feature","properties":{"layer":"DD_43","label":"AAI airport height NOC","confidence":"confirmed","AIRPORT":" ","NAME":"O34","PERMISSIBL":135},"geometry":{"type":"Polygon","coordinates":[[[73.23333333365163,19.049999999678942],[73.23333333328252,19.03333333301261],[73.21666666716447,19.03333333285638],[73.21666666670855,19.0499999997282],[73.23333333365163,19.049999999678942]]]}},{"type":"Feature","properties":{"layer":"DD_43","label":"AAI airport height NOC","confidence":"confirmed","AIRPORT":" ","NAME":"O1","PERMISSIBL":150},"geometry":{"type":"Polygon","coordinates":[[[72.68333333308894,19.050000000154192],[72.68333333283401,19.033333333732255],[72.66666666653086,19.033333333163636],[72.66666666628497,19.049999999895423],[72.68333333308894,19.050000000154192]]]}},{"type":"Feature","properties":{"layer":"DD_43","label":"AAI airport height NOC","confidence":"confirmed","AIRPORT":" ","NAME":"N30","PERMISSIBL":150},"geometry":{"type":"Polygon","coordinates":[[[73.16666666651969,19.066666666708414],[73.16666666668729,19.0500000003615],[73.15000000022016,19.049999999928385],[73.15000000040008,19.066666666590084],[73.16666666651969,19.066666666708414]]]}},{"type":"Feature","properties":{"layer":"DD_43","label":"AAI airport height NOC","confidence":"confirmed","AIRPORT":" ","NAME":"N19","PERMISSIBL":135},"geometry":{"type":"Polygon","coordinates":[[[72.98333333291673,19.066666667122597],[72.98333333313107,19.050000000146966],[72.96666666667129,19.049999999916796],[72.96666666696719,19.066666666649663],[72.98333333291673,19.066666667122597]]]}},{"type":"Feature","properties":{"layer":"DD_43","label":"AAI airport height NOC","confidence":"confirmed","AIRPORT":" ","NAME":"M36","PERMISSIBL":150},"geometry":{"type":"Polygon","coordinates":[[[73.26666666687562,19.083333333437693],[73.26666666656511,19.066666666461742],[73.25000000019352,19.066666667095667],[73.24999999986088,19.08333333300898],[73.26666666687562,19.083333333437693]]]}},{"type":"Feature","properties":{"layer":"DD_43","label":"AAI airport height NOC","confidence":"confirmed","AIRPORT":" ","NAME":"M26","PERMISSIBL":150},"geometry":{"type":"Polygon","coordinates":[[[73.10000000008712,19.083333333269902],[73.09999999982894,19.066666666631267],[73.08333333374345,19.066666666882607],[73.08333333362185,19.083333333026804],[73.10000000008712,19.083333333269902]]]}},{"type":"Feature","properties":{"layer":"DD_43","label":"AAI airport height NOC","confidence":"confirmed","AIRPORT":" ","NAME":"M6","PERMISSIBL":50},"geometry":{"type":"Polygon","coordinates":[[[72.76666666626429,19.08333333301117],[72.76666666712475,19.06666666641667],[72.74999999981364,19.066666666773234],[72.74999999987112,19.083333333107134],[72.76666666626429,19.08333333301117]]]}},{"type":"Feature","properties":{"layer":"DD_43","label":"AAI airport height NOC","confidence":"confirmed","AIRPORT":" ","NAME":"M4","PERMISSIBL":50},"geometry":{"type":"Polygon","coordinates":[[[72.7333333331565,19.08333333309077],[72.73333333322425,19.066666666342154],[72.71666666655213,19.06666666684379],[72.71666666628971,19.08333333288775],[72.7333333331565,19.08333333309077]]]}},{"type":"Feature","properties":{"layer":"DD_43","label":"AAI airport height NOC","confidence":"confirmed","AIRPORT":" ","NAME":"L32","PERMISSIBL":150},"geometry":{"type":"Polygon","coordinates":[[[73.20000000010134,19.09999999992263],[73.19999999965594,19.08333333306347],[73.18333333312346,19.08333333362924],[73.183333333144,19.1000000004324],[73.20000000010134,19.09999999992263]]]}},{"type":"Feature","properties":{"layer":"DD_43","label":"AAI airport height NOC","confidence":"confirmed","AIRPORT":" ","NAME":"L27","PERMISSIBL":150},"geometry":{"type":"Polygon","coordinates":[[[73.11666666699108,19.100000000240687],[73.11666666651067,19.083333333069323],[73.10000000008712,19.083333333269902],[73.09999999979901,19.100000000215154],[73.11666666699108,19.100000000240687]]]}},{"type":"Feature","properties":{"layer":"DD_43","label":"AAI airport height NOC","confidence":"confirmed","AIRPORT":" ","NAME":"L21","PERMISSIBL":75},"geometry":{"type":"Polygon","coordinates":[[[73.01666666636352,19.09999999979564],[73.01666666682512,19.08333333354129],[72.99999999978353,19.083333333711096],[73.00000000001222,19.10000000027665],[73.01666666636352,19.09999999979564]]]}},{"type":"Feature","properties":{"layer":"DD_43","label":"AAI airport height NOC","confidence":"confirmed","AIRPORT":" ","NAME":"K35","PERMISSIBL":150},"geometry":{"type":"Polygon","coordinates":[[[73.25000000037623,19.11666666696919],[73.25000000023373,19.099999999643227],[73.23333333333355,19.099999999916488],[73.23333333374745,19.11666666698503],[73.25000000037623,19.11666666696919]]]}},{"type":"Feature","properties":{"layer":"DD_43","label":"AAI airport height NOC","confidence":"confirmed","AIRPORT":" ","NAME":"K32","PERMISSIBL":150},"geometry":{"type":"Polygon","coordinates":[[[73.19999999990637,19.116666666728715],[73.20000000010134,19.09999999992263],[73.183333333144,19.1000000004324],[73.18333333302752,19.11666666633924],[73.19999999990637,19.116666666728715]]]}},{"type":"Feature","properties":{"layer":"DD_43","label":"AAI airport height NOC","confidence":"confirmed","AIRPORT":" ","NAME":"K24","PERMISSIBL":150},"geometry":{"type":"Polygon","coordinates":[[[73.06666666649515,19.116666667127824],[73.06666666713133,19.099999999952082],[73.05000000009073,19.099999999568738],[73.04999999991139,19.116666666851522],[73.06666666649515,19.116666667127824]]]}},{"type":"Feature","properties":{"layer":"DD_43","label":"AAI airport height NOC","confidence":"confirmed","AIRPORT":" ","NAME":"K17","PERMISSIBL":75},"geometry":{"type":"Polygon","coordinates":[[[72.95000000037255,19.116666666667],[72.95000000030392,19.099999999641838],[72.93333333374106,19.100000000017474],[72.93333333375031,19.11666666655156],[72.95000000037255,19.116666666667]]]}},{"type":"Feature","properties":{"layer":"DD_43","label":"AAI airport height NOC","confidence":"confirmed","AIRPORT":" ","NAME":"K12","PERMISSIBL":0},"geometry":{"type":"Polygon","coordinates":[[[72.86666666656188,19.116666667127937],[72.86666666664894,19.100000000178895],[72.85000000001997,19.10000000043643],[72.8500000004333,19.116666666734684],[72.86666666656188,19.116666667127937]]]}},{"type":"Feature","properties":{"layer":"DD_43","label":"AAI airport height NOC","confidence":"confirmed","AIRPORT":" ","NAME":"K10","PERMISSIBL":0},"geometry":{"type":"Polygon","coordinates":[[[72.83333333375207,19.116666667147225],[72.83333333293942,19.099999999908384],[72.81666666650216,19.10000000034117],[72.81666666670935,19.11666666648823],[72.83333333375207,19.116666667147225]]]}},{"type":"Feature","properties":{"layer":"DD_43","label":"AAI airport height NOC","confidence":"confirmed","AIRPORT":" ","NAME":"K8","PERMISSIBL":50},"geometry":{"type":"Polygon","coordinates":[[[72.80000000039938,19.116666666503598],[72.79999999995009,19.099999999845878],[72.78333333342785,19.100000000156655],[72.78333333308963,19.11666666709854],[72.80000000039938,19.116666666503598]]]}},{"type":"Feature","properties":{"layer":"DD_43","label":"AAI airport height NOC","confidence":"confirmed","AIRPORT":" ","NAME":"K5","PERMISSIBL":50},"geometry":{"type":"Polygon","coordinates":[[[72.74999999997848,19.116666667072252],[72.75000000023248,19.100000000184593],[72.73333333294657,19.09999999974326],[72.73333333356311,19.116666666292673],[72.74999999997848,19.116666667072252]]]}},{"type":"Feature","properties":{"layer":"DD_43","label":"AAI airport height NOC","confidence":"confirmed","AIRPORT":" ","NAME":"J27","PERMISSIBL":150},"geometry":{"type":"Polygon","coordinates":[[[73.11666666681617,19.133333333448732],[73.11666666645768,19.11666666673285],[73.09999999994054,19.116666666553822],[73.09999999956682,19.13333333315957],[73.11666666681617,19.133333333448732]]]}},{"type":"Feature","properties":{"layer":"DD_43","label":"AAI airport height NOC","confidence":"confirmed","AIRPORT":" ","NAME":"J26","PERMISSIBL":150},"geometry":{"type":"Polygon","coordinates":[[[73.09999999956682,19.13333333315957],[73.09999999994054,19.116666666553822],[73.0833333332342,19.11666666640533],[73.08333333299956,19.133333333600255],[73.09999999956682,19.13333333315957]]]}},{"type":"Feature","properties":{"layer":"DD_43","label":"AAI airport height NOC","confidence":"confirmed","AIRPORT":" ","NAME":"J17","PERMISSIBL":150},"geometry":{"type":"Polygon","coordinates":[[[72.94999999962357,19.13333333359574],[72.95000000037255,19.116666666667],[72.93333333375031,19.11666666655156],[72.93333333343476,19.133333333057692],[72.94999999962357,19.13333333359574]]]}},{"type":"Feature","properties":{"layer":"DD_43","label":"AAI airport height NOC","confidence":"confirmed","AIRPORT":" ","NAME":"I36","PERMISSIBL":150},"geometry":{"type":"Polygon","coordinates":[[[73.26666666666367,19.149999999604304],[73.26666666633236,19.133333333719577],[73.25000000032173,19.133333333160078],[73.25000000006547,19.15000000000247],[73.26666666666367,19.149999999604304]]]}},{"type":"Feature","properties":{"layer":"DD_43","label":"AAI airport height NOC","confidence":"confirmed","AIRPORT":" ","NAME":"I35","PERMISSIBL":150},"geometry":{"type":"Polygon","coordinates":[[[73.25000000006547,19.15000000000247],[73.25000000032173,19.133333333160078],[73.233333333508,19.133333332967858],[73.23333333356082,19.149999999660714],[73.25000000006547,19.15000000000247]]]}},{"type":"Feature","properties":{"layer":"DD_43","label":"AAI airport height NOC","confidence":"confirmed","AIRPORT":" ","NAME":"I30","PERMISSIBL":150},"geometry":{"type":"Polygon","coordinates":[[[73.16666666692905,19.149999999619126],[73.16666666631387,19.133333332943394],[73.14999999987583,19.133333333725965],[73.150000000465,19.150000000090728],[73.16666666692905,19.149999999619126]]]}},{"type":"Feature","properties":{"layer":"DD_43","label":"AAI airport height NOC","confidence":"confirmed","AIRPORT":" ","NAME":"I25","PERMISSIBL":150},"geometry":{"type":"Polygon","coordinates":[[[73.08333333371957,19.15000000021273],[73.08333333299956,19.133333333600255],[73.06666666635127,19.133333332891706],[73.06666666668416,19.149999999933797],[73.08333333371957,19.15000000021273]]]}},{"type":"Feature","properties":{"layer":"DD_43","label":"AAI airport height NOC","confidence":"confirmed","AIRPORT":" ","NAME":"I24","PERMISSIBL":150},"geometry":{"type":"Polygon","coordinates":[[[73.06666666668416,19.149999999933797],[73.06666666635127,19.133333332891706],[73.0499999997569,19.133333333680266],[73.0499999996433,19.150000000035348],[73.06666666668416,19.149999999933797]]]}},{"type":"Feature","properties":{"layer":"DD_43","label":"AAI airport height NOC","confidence":"confirmed","AIRPORT":" ","NAME":"I21","PERMISSIBL":150},"geometry":{"type":"Polygon","coordinates":[[[73.0166666671696,19.15000000023081],[73.01666666651938,19.13333333315989],[73.00000000018798,19.13333333352798],[73.00000000016784,19.15000000017487],[73.0166666671696,19.15000000023081]]]}},{"type":"Feature","properties":{"layer":"DD_43","label":"AAI airport height NOC","confidence":"confirmed","AIRPORT":" ","NAME":"I12","PERMISSIBL":50},"geometry":{"type":"Polygon","coordinates":[[[72.86666666661517,19.149999999900785],[72.86666666623191,19.133333333403545],[72.85000000013451,19.13333333332276],[72.85000000009137,19.150000000192783],[72.86666666661517,19.149999999900785]]]}},{"type":"Feature","properties":{"layer":"DD_43","label":"AAI airport height NOC","confidence":"confirmed","AIRPORT":" ","NAME":"I9","PERMISSIBL":60},"geometry":{"type":"Polygon","coordinates":[[[72.81666666700933,19.150000000054074],[72.81666666623896,19.133333333057973],[72.79999999971326,19.133333333645496],[72.79999999982202,19.150000000372422],[72.81666666700933,19.150000000054074]]]}},{"type":"Feature","properties":{"layer":"DD_43","label":"AAI airport height NOC","confidence":"confirmed","AIRPORT":" ","NAME":"H34","PERMISSIBL":150},"geometry":{"type":"Polygon","coordinates":[[[73.23333333296988,19.166666667034313],[73.23333333356082,19.149999999660714],[73.21666666634545,19.150000000318595],[73.21666666650357,19.166666666485604],[73.23333333296988,19.166666667034313]]]}},{"type":"Feature","properties":{"layer":"DD_43","label":"AAI airport height NOC","confidence":"confirmed","AIRPORT":" ","NAME":"H6","PERMISSIBL":85},"geometry":{"type":"Polygon","coordinates":[[[72.76666666628232,19.166666666694873],[72.76666666691217,19.149999999640094],[72.74999999959823,19.150000000226576],[72.75000000045942,19.166666666467602],[72.76666666628232,19.166666666694873]]]}},{"type":"Feature","properties":{"layer":"DD_43","label":"AAI airport height NOC","confidence":"confirmed","AIRPORT":" ","NAME":"H5","PERMISSIBL":85},"geometry":{"type":"Polygon","coordinates":[[[72.75000000045942,19.166666666467602],[72.74999999959823,19.150000000226576],[72.73333333353794,19.149999999864157],[72.73333333293331,19.16666666684891],[72.75000000045942,19.166666666467602]]]}},{"type":"Feature","properties":{"layer":"DD_43","label":"AAI airport height NOC","confidence":"confirmed","AIRPORT":" ","NAME":"H4","PERMISSIBL":85},"geometry":{"type":"Polygon","coordinates":[[[72.73333333293331,19.16666666684891],[72.73333333353794,19.149999999864157],[72.71666666697303,19.15000000026123],[72.71666666673343,19.166666666896354],[72.73333333293331,19.16666666684891]]]}},{"type":"Feature","properties":{"layer":"DD_43","label":"AAI airport height NOC","confidence":"confirmed","AIRPORT":" ","NAME":"H3","PERMISSIBL":150},"geometry":{"type":"Polygon","coordinates":[[[72.71666666673343,19.166666666896354],[72.71666666697303,19.15000000026123],[72.70000000008262,19.15000000043975],[72.70000000012544,19.166666666511492],[72.71666666673343,19.166666666896354]]]}},{"type":"Feature","properties":{"layer":"DD_43","label":"AAI airport height NOC","confidence":"confirmed","AIRPORT":" ","NAME":"H1","PERMISSIBL":150},"geometry":{"type":"Polygon","coordinates":[[[72.68333333326314,19.166666666521746],[72.68333333303367,19.150000000324116],[72.66666666694341,19.149999999850355],[72.66666666631271,19.16666666685096],[72.68333333326314,19.166666666521746]]]}},{"type":"Feature","properties":{"layer":"DD_43","label":"AAI airport height NOC","confidence":"confirmed","AIRPORT":" ","NAME":"G16","PERMISSIBL":150},"geometry":{"type":"Polygon","coordinates":[[[72.93333333354886,19.18333333315093],[72.93333333283611,19.16666666682283],[72.91666666641756,19.16666666704987],[72.91666666706786,19.183333332927273],[72.93333333354886,19.18333333315093]]]}},{"type":"Feature","properties":{"layer":"DD_43","label":"AAI airport height NOC","confidence":"confirmed","AIRPORT":" ","NAME":"G15","PERMISSIBL":150},"geometry":{"type":"Polygon","coordinates":[[[72.91666666706786,19.183333332927273],[72.91666666641756,19.16666666704987],[72.90000000046213,19.16666666683894],[72.9000000000127,19.183333332945224],[72.91666666706786,19.183333332927273]]]}},{"type":"Feature","properties":{"layer":"DD_43","label":"AAI airport height NOC","confidence":"confirmed","AIRPORT":" ","NAME":"G11","PERMISSIBL":135},"geometry":{"type":"Polygon","coordinates":[[[72.84999999991605,19.18333333288534],[72.85000000033334,19.166666666422653],[72.83333333310144,19.166666666419665],[72.83333333316563,19.18333333318505],[72.84999999991605,19.18333333288534]]]}},{"type":"Feature","properties":{"layer":"DD_43","label":"AAI airport height NOC","confidence":"confirmed","AIRPORT":" ","NAME":"F36","PERMISSIBL":150},"geometry":{"type":"Polygon","coordinates":[[[73.26666666648627,19.199999999741856],[73.26666666624634,19.18333333308279],[73.24999999998438,19.183333332860226],[73.25000000017889,19.19999999973871],[73.26666666648627,19.199999999741856]]]}},{"type":"Feature","properties":{"layer":"DD_43","label":"AAI airport height NOC","confidence":"confirmed","AIRPORT":" ","NAME":"F29","PERMISSIBL":150},"geometry":{"type":"Polygon","coordinates":[[[73.14999999999435,19.200000000348375],[73.14999999956353,19.183333332960565],[73.13333333356165,19.18333333326193],[73.13333333348062,19.20000000029227],[73.14999999999435,19.200000000348375]]]}},{"type":"Feature","properties":{"layer":"DD_43","label":"AAI airport height NOC","confidence":"confirmed","AIRPORT":" ","NAME":"F11","PERMISSIBL":150},"geometry":{"type":"Polygon","coordinates":[[[72.84999999980762,19.199999999573095],[72.84999999991605,19.18333333288534],[72.83333333316563,19.18333333318505],[72.83333333308137,19.200000000236304],[72.84999999980762,19.199999999573095]]]}},{"type":"Feature","properties":{"layer":"DD_43","label":"AAI airport height NOC","confidence":"confirmed","AIRPORT":" ","NAME":"F1","PERMISSIBL":150},"geometry":{"type":"Polygon","coordinates":[[[72.68333333326237,19.199999999862488],[72.68333333300778,19.1833333336387],[72.6666666666651,19.18333333305447],[72.66666666704418,19.200000000236418],[72.68333333326237,19.199999999862488]]]}},{"type":"Feature","properties":{"layer":"DD_43","label":"AAI airport height NOC","confidence":"confirmed","AIRPORT":" ","NAME":"E20","PERMISSIBL":150},"geometry":{"type":"Polygon","coordinates":[[[73.00000000037767,19.21666666705937],[72.99999999987277,19.1999999999671],[72.98333333328972,19.200000000317498],[72.98333333312522,19.216666667019258],[73.00000000037767,19.21666666705937]]]}},{"type":"Feature","properties":{"layer":"DD_43","label":"AAI airport height NOC","confidence":"confirmed","AIRPORT":" ","NAME":"E9","PERMISSIBL":150},"geometry":{"type":"Polygon","coordinates":[[[72.81666666677592,19.216666666314183],[72.81666666653999,19.199999999675228],[72.80000000032449,19.19999999962434],[72.79999999996953,19.216666666263787],[72.81666666677592,19.216666666314183]]]}},{"type":"Feature","properties":{"layer":"DD_43","label":"AAI airport height NOC","confidence":"confirmed","AIRPORT":" ","NAME":"E6","PERMISSIBL":105},"geometry":{"type":"Polygon","coordinates":[[[72.76666666680242,19.216666666756254],[72.76666666669023,19.1999999998259],[72.74999999960104,19.199999999931872],[72.74999999981938,19.216666667141176],[72.76666666680242,19.216666666756254]]]}},{"type":"Feature","properties":{"layer":"DD_43","label":"AAI airport height NOC","confidence":"confirmed","AIRPORT":" ","NAME":"D30","PERMISSIBL":150},"geometry":{"type":"Polygon","coordinates":[[[73.16666666666991,19.233333333527302],[73.16666666679598,19.21666666703926],[73.15000000041637,19.216666666833145],[73.14999999988383,19.233333333288734],[73.16666666666991,19.233333333527302]]]}},{"type":"Feature","properties":{"layer":"DD_43","label":"AAI airport height NOC","confidence":"confirmed","AIRPORT":" ","NAME":"D16","PERMISSIBL":150},"geometry":{"type":"Polygon","coordinates":[[[72.93333333324149,19.233333333224472],[72.93333333325923,19.216666666365604],[72.91666666717207,19.21666666634058],[72.91666666667153,19.233333332934993],[72.93333333324149,19.233333333224472]]]}},{"type":"Feature","properties":{"layer":"DD_43","label":"AAI airport height NOC","confidence":"confirmed","AIRPORT":" ","NAME":"C26","PERMISSIBL":150},"geometry":{"type":"Polygon","coordinates":[[[73.1000000000533,19.24999999997018],[73.0999999997844,19.23333333291055],[73.08333333306861,19.233333333587375],[73.08333333315355,19.249999999835858],[73.1000000000533,19.24999999997018]]]}},{"type":"Feature","properties":{"layer":"DD_43","label":"AAI airport height NOC","confidence":"confirmed","AIRPORT":" ","NAME":"C23","PERMISSIBL":150},"geometry":{"type":"Polygon","coordinates":[[[73.04999999962142,19.249999999758646],[73.05000000014526,19.233333333053487],[73.0333333332913,19.233333333511474],[73.03333333331341,19.249999999688114],[73.04999999962142,19.249999999758646]]]}},{"type":"Feature","properties":{"layer":"DD_43","label":"AAI airport height NOC","confidence":"confirmed","AIRPORT":" ","NAME":"C22","PERMISSIBL":150},"geometry":{"type":"Polygon","coordinates":[[[73.03333333331341,19.249999999688114],[73.0333333332913,19.233333333511474],[73.01666666640725,19.23333333316235],[73.01666666688227,19.25000000040669],[73.03333333331341,19.249999999688114]]]}},{"type":"Feature","properties":{"layer":"DD_43","label":"AAI airport height NOC","confidence":"confirmed","AIRPORT":" ","NAME":"C7","PERMISSIBL":150},"geometry":{"type":"Polygon","coordinates":[[[72.78333333375382,19.24999999975418],[72.78333333296484,19.233333333323618],[72.76666666688617,19.23333333330288],[72.76666666694774,19.250000000350177],[72.78333333375382,19.24999999975418]]]}},{"type":"Feature","properties":{"layer":"DD_43","label":"AAI airport height NOC","confidence":"confirmed","AIRPORT":" ","NAME":"C6","PERMISSIBL":150},"geometry":{"type":"Polygon","coordinates":[[[72.76666666694774,19.250000000350177],[72.76666666688617,19.23333333330288],[72.74999999956415,19.233333333126982],[72.74999999978007,19.249999999688445],[72.76666666694774,19.250000000350177]]]}},{"type":"Feature","properties":{"layer":"DD_43","label":"AAI airport height NOC","confidence":"confirmed","AIRPORT":" ","NAME":"C3","PERMISSIBL":150},"geometry":{"type":"Polygon","coordinates":[[[72.71666666684031,19.24999999973656],[72.7166666665861,19.23333333297395],[72.70000000029422,19.2333333337385],[72.70000000044344,19.250000000284874],[72.71666666684031,19.24999999973656]]]}},{"type":"Feature","properties":{"layer":"DD_43","label":"AAI airport height NOC","confidence":"confirmed","AIRPORT":" ","NAME":"B27","PERMISSIBL":150},"geometry":{"type":"Polygon","coordinates":[[[73.11666666665211,19.266666667059496],[73.11666666714306,19.250000000255866],[73.1000000000533,19.24999999997018],[73.09999999993185,19.266666667139315],[73.11666666665211,19.266666667059496]]]}},{"type":"Feature","properties":{"layer":"DD_43","label":"AAI airport height NOC","confidence":"confirmed","AIRPORT":" ","NAME":"B24","PERMISSIBL":150},"geometry":{"type":"Polygon","coordinates":[[[73.06666666701557,19.266666667061276],[73.06666666660585,19.24999999978988],[73.04999999962142,19.249999999758646],[73.05000000019153,19.26666666676668],[73.06666666701557,19.266666667061276]]]}},{"type":"Feature","properties":{"layer":"DD_43","label":"AAI airport height NOC","confidence":"confirmed","AIRPORT":" ","NAME":"B18","PERMISSIBL":150},"geometry":{"type":"Polygon","coordinates":[[[72.96666666690115,19.266666666455038],[72.966666666647,19.250000000298005],[72.95000000043918,19.249999999891415],[72.95000000039758,19.26666666633228],[72.96666666690115,19.266666666455038]]]}},{"type":"Feature","properties":{"layer":"DD_43","label":"AAI airport height NOC","confidence":"confirmed","AIRPORT":" ","NAME":"B17","PERMISSIBL":150},"geometry":{"type":"Polygon","coordinates":[[[72.95000000039758,19.26666666633228],[72.95000000043918,19.249999999891415],[72.93333333301806,19.24999999992079],[72.93333333355704,19.266666666446106],[72.95000000039758,19.26666666633228]]]}},{"type":"Feature","properties":{"layer":"DD_43","label":"AAI airport height NOC","confidence":"confirmed","AIRPORT":" ","NAME":"B6","PERMISSIBL":150},"geometry":{"type":"Polygon","coordinates":[[[72.76666666701786,19.26666666697642],[72.76666666694774,19.250000000350177],[72.74999999978007,19.249999999688445],[72.74999999953498,19.26666666679527],[72.76666666701786,19.26666666697642]]]}},{"type":"Feature","properties":{"layer":"DD_43","label":"AAI airport height NOC","confidence":"confirmed","AIRPORT":" ","NAME":"B3","PERMISSIBL":150},"geometry":{"type":"Polygon","coordinates":[[[72.71666666668207,19.26666666628138],[72.71666666684031,19.24999999973656],[72.70000000044344,19.250000000284874],[72.69999999972273,19.266666666678223],[72.71666666668207,19.26666666628138]]]}},{"type":"Feature","properties":{"layer":"DD_43","label":"AAI airport height NOC","confidence":"confirmed","AIRPORT":" ","NAME":"A33","PERMISSIBL":150},"geometry":{"type":"Polygon","coordinates":[[[73.21666666672208,19.28333333335196],[73.21666666715133,19.26666666708269],[73.20000000023153,19.26666666709218],[73.20000000013816,19.283333333227702],[73.21666666672208,19.28333333335196]]]}},{"type":"Feature","properties":{"layer":"DD_43","label":"AAI airport height NOC","confidence":"confirmed","AIRPORT":" ","NAME":"A31","PERMISSIBL":150},"geometry":{"type":"Polygon","coordinates":[[[73.18333333359271,19.283333333212905],[73.18333333342561,19.266666666516702],[73.16666666687486,19.266666667103056],[73.1666666662951,19.283333333238247],[73.18333333359271,19.283333333212905]]]}},{"type":"Feature","properties":{"layer":"DD_43","label":"AAI airport height NOC","confidence":"confirmed","AIRPORT":" ","NAME":"A29","PERMISSIBL":150},"geometry":{"type":"Polygon","coordinates":[[[73.15000000030852,19.283333333262473],[73.14999999980942,19.26666666697483],[73.13333333333176,19.26666666698399],[73.13333333294,19.28333333319586],[73.15000000030852,19.283333333262473]]]}},{"type":"Feature","properties":{"layer":"DD_43","label":"AAI airport height NOC","confidence":"confirmed","AIRPORT":" ","NAME":"A6","PERMISSIBL":150},"geometry":{"type":"Polygon","coordinates":[[[72.76666666711506,19.283333333162933],[72.76666666701786,19.26666666697642],[72.74999999953498,19.26666666679527],[72.74999999981074,19.283333333537488],[72.76666666711506,19.283333333162933]]]}},{"type":"Feature","properties":{"layer":"DD_43","label":"AAI airport height NOC","confidence":"confirmed","AIRPORT":" ","NAME":"A1","PERMISSIBL":150},"geometry":{"type":"Polygon","coordinates":[[[72.68333333312344,19.28333333307394],[72.68333333294594,19.266666667112982],[72.66666666652712,19.26666666660632],[72.66666666645499,19.283333332975154],[72.68333333312344,19.28333333307394]]]}},{"type":"Feature","properties":{"layer":"DD_43","label":"AAI airport height NOC","confidence":"confirmed","AIRPORT":" ","NAME":"CC31","PERMISSIBL":150},"geometry":{"type":"Polygon","coordinates":[[[73.1833333331775,18.816666667016843],[73.18333333318175,18.799999999829307],[73.16666666695079,18.799999999726168],[73.16666666663052,18.816666666606704],[73.1833333331775,18.816666667016843]]]}},{"type":"Feature","properties":{"layer":"DD_43","label":"AAI airport height NOC","confidence":"confirmed","AIRPORT":" ","NAME":"CC26","PERMISSIBL":150},"geometry":{"type":"Polygon","coordinates":[[[73.10000000023629,18.816666666637236],[73.09999999967317,18.799999999575792],[73.0833333336212,18.80000000020829],[73.08333333352627,18.81666666674937],[73.10000000023629,18.816666666637236]]]}},{"type":"Feature","properties":{"layer":"DD_43","label":"AAI airport height NOC","confidence":"confirmed","AIRPORT":" ","NAME":"CC24","PERMISSIBL":150},"geometry":{"type":"Polygon","coordinates":[[[73.06666666712317,18.816666667141277],[73.06666666700615,18.800000000430927],[73.05000000000659,18.80000000018104],[73.05000000026673,18.816666666837218],[73.06666666712317,18.816666667141277]]]}},{"type":"Feature","properties":{"layer":"DD_43","label":"AAI airport height NOC","confidence":"confirmed","AIRPORT":" ","NAME":"CC9","PERMISSIBL":150},"geometry":{"type":"Polygon","coordinates":[[[72.8166666667287,18.8166666664012],[72.81666666661548,18.8000000004457],[72.7999999999478,18.80000000041341],[72.80000000000435,18.816666666580712],[72.8166666667287,18.8166666664012]]]}},{"type":"Feature","properties":{"layer":"DD_43","label":"AAI airport height NOC","confidence":"confirmed","AIRPORT":" ","NAME":"CC8","PERMISSIBL":150},"geometry":{"type":"Polygon","coordinates":[[[72.80000000000435,18.816666666580712],[72.7999999999478,18.80000000041341],[72.783333332903,18.799999999704134],[72.78333333376098,18.816666666773376],[72.80000000000435,18.816666666580712]]]}},{"type":"Feature","properties":{"layer":"DD_43","label":"AAI airport height NOC","confidence":"confirmed","AIRPORT":" ","NAME":"BB29","PERMISSIBL":150},"geometry":{"type":"Polygon","coordinates":[[[73.15000000033181,18.833333333609154],[73.15000000045043,18.816666666790844],[73.13333333292758,18.816666666587174],[73.1333333328421,18.83333333361619],[73.15000000033181,18.833333333609154]]]}},{"type":"Feature","properties":{"layer":"DD_43","label":"AAI airport height NOC","confidence":"confirmed","AIRPORT":" ","NAME":"BB26","PERMISSIBL":150},"geometry":{"type":"Polygon","coordinates":[[[73.10000000001715,18.833333333419315],[73.10000000023629,18.816666666637236],[73.08333333352627,18.81666666674937],[73.08333333313905,18.833333333073664],[73.10000000001715,18.833333333419315]]]}},{"type":"Feature","properties":{"layer":"DD_43","label":"AAI airport height NOC","confidence":"confirmed","AIRPORT":" ","NAME":"BB14","PERMISSIBL":150},"geometry":{"type":"Polygon","coordinates":[[[72.89999999992506,18.833333332868186],[72.9000000003893,18.816666666360312],[72.88333333297871,18.81666666630754],[72.88333333334157,18.833333333313476],[72.89999999992506,18.833333332868186]]]}},{"type":"Feature","properties":{"layer":"DD_43","label":"AAI airport height NOC","confidence":"confirmed","AIRPORT":" ","NAME":"AA33","PERMISSIBL":150},"geometry":{"type":"Polygon","coordinates":[[[73.21666666630391,18.850000000300916],[73.21666666670521,18.833333333614483],[73.20000000025061,18.8333333329397],[73.19999999969444,18.84999999987386],[73.21666666630391,18.850000000300916]]]}},{"type":"Feature","properties":{"layer":"DD_43","label":"AAI airport height NOC","confidence":"confirmed","AIRPORT":" ","NAME":"AA32","PERMISSIBL":150},"geometry":{"type":"Polygon","coordinates":[[[73.19999999969444,18.84999999987386],[73.20000000025061,18.8333333329397],[73.18333333373397,18.833333333658135],[73.18333333296843,18.849999999714523],[73.19999999969444,18.84999999987386]]]}},{"type":"Feature","properties":{"layer":"DD_43","label":"AAI airport height NOC","confidence":"confirmed","AIRPORT":" ","NAME":"Z32","PERMISSIBL":150},"geometry":{"type":"Polygon","coordinates":[[[73.20000000017674,18.866666667074586],[73.19999999969444,18.84999999987386],[73.18333333296843,18.849999999714523],[73.18333333372236,18.86666666700035],[73.20000000017674,18.866666667074586]]]}},{"type":"Feature","properties":{"layer":"DD_43","label":"AAI airport height NOC","confidence":"confirmed","AIRPORT":" ","NAME":"Z29","PERMISSIBL":150},"geometry":{"type":"Polygon","coordinates":[[[73.15000000002554,18.866666666744457],[73.14999999987225,18.849999999962787],[73.13333333290618,18.850000000241543],[73.13333333313493,18.866666666443233],[73.15000000002554,18.866666666744457]]]}},{"type":"Feature","properties":{"layer":"DD_43","label":"AAI airport height NOC","confidence":"confirmed","AIRPORT":" ","NAME":"Z25","PERMISSIBL":150},"geometry":{"type":"Polygon","coordinates":[[[73.08333333342657,18.86666666681845],[73.08333333341345,18.85000000007431],[73.06666666701769,18.850000000071294],[73.06666666682638,18.86666666625137],[73.08333333342657,18.86666666681845]]]}},{"type":"Feature","properties":{"layer":"DD_43","label":"AAI airport height NOC","confidence":"confirmed","AIRPORT":" ","NAME":"Z24","PERMISSIBL":150},"geometry":{"type":"Polygon","coordinates":[[[73.06666666682638,18.86666666625137],[73.06666666701769,18.850000000071294],[73.05000000002035,18.849999999830167],[73.04999999953478,18.866666667030707],[73.06666666682638,18.86666666625137]]]}},{"type":"Feature","properties":{"layer":"DD_43","label":"AAI airport height NOC","confidence":"confirmed","AIRPORT":" ","NAME":"Z17","PERMISSIBL":150},"geometry":{"type":"Polygon","coordinates":[[[72.95000000001501,18.866666666678782],[72.94999999993352,18.849999999785233],[72.93333333363498,18.84999999968745],[72.93333333291133,18.866666666949435],[72.95000000001501,18.866666666678782]]]}},{"type":"Feature","properties":{"layer":"DD_43","label":"AAI airport height NOC","confidence":"confirmed","AIRPORT":" ","NAME":"Z11","PERMISSIBL":150},"geometry":{"type":"Polygon","coordinates":[[[72.85000000046809,18.866666666540354],[72.8499999997064,18.84999999979433],[72.83333333328308,18.850000000352672],[72.83333333372542,18.86666666704629],[72.85000000046809,18.866666666540354]]]}},{"type":"Feature","properties":{"layer":"DD_43","label":"AAI airport height NOC","confidence":"confirmed","AIRPORT":" ","NAME":"Z1","PERMISSIBL":150},"geometry":{"type":"Polygon","coordinates":[[[72.68333333292777,18.866666666741846],[72.68333333336243,18.849999999638968],[72.66666666695004,18.850000000258678],[72.66666666632051,18.866666666898293],[72.68333333292777,18.866666666741846]]]}},{"type":"Feature","properties":{"layer":"DD_43","label":"AAI airport height NOC","confidence":"confirmed","AIRPORT":" ","NAME":"Y34","PERMISSIBL":150},"geometry":{"type":"Polygon","coordinates":[[[73.2333333331435,18.883333333020786],[73.23333333332563,18.866666666525724],[73.21666666645983,18.866666666291685],[73.21666666716848,18.883333333373255],[73.2333333331435,18.883333333020786]]]}},{"type":"Feature","properties":{"layer":"DD_43","label":"AAI airport height NOC","confidence":"confirmed","AIRPORT":" ","NAME":"Y26","PERMISSIBL":150},"geometry":{"type":"Polygon","coordinates":[[[73.0999999995416,18.88333333374529],[73.10000000012882,18.86666666699806],[73.08333333342657,18.86666666681845],[73.08333333319383,18.883333333286263],[73.0999999995416,18.88333333374529]]]}},{"type":"Feature","properties":{"layer":"DD_43","label":"AAI airport height NOC","confidence":"confirmed","AIRPORT":" ","NAME":"Y24","PERMISSIBL":150},"geometry":{"type":"Polygon","coordinates":[[[73.06666666686942,18.883333333121662],[73.06666666682638,18.86666666625137],[73.04999999953478,18.866666667030707],[73.04999999979486,18.883333333178797],[73.06666666686942,18.883333333121662]]]}},{"type":"Feature","properties":{"layer":"DD_43","label":"AAI airport height NOC","confidence":"confirmed","AIRPORT":" ","NAME":"X28","PERMISSIBL":150},"geometry":{"type":"Polygon","coordinates":[[[73.13333333316812,18.900000000196197],[73.13333333353354,18.883333333104627],[73.1166666666963,18.883333333667444],[73.11666666637254,18.900000000070996],[73.13333333316812,18.900000000196197]]]}},{"type":"Feature","properties":{"layer":"DD_43","label":"AAI airport height NOC","confidence":"confirmed","AIRPORT":" ","NAME":"X23","PERMISSIBL":150},"geometry":{"type":"Polygon","coordinates":[[[73.04999999984675,18.900000000051342],[73.04999999979486,18.883333333178797],[73.03333333309457,18.88333333340421],[73.03333333282511,18.900000000290788],[73.04999999984675,18.900000000051342]]]}},{"type":"Feature","properties":{"layer":"DD_43","label":"AAI airport height NOC","confidence":"confirmed","AIRPORT":" ","NAME":"X10","PERMISSIBL":150},"geometry":{"type":"Polygon","coordinates":[[[72.83333333320898,18.89999999964563],[72.8333333336949,18.883333333483634],[72.81666666693702,18.88333333327195],[72.8166666670222,18.90000000020509],[72.83333333320898,18.89999999964563]]]}},{"type":"Feature","properties":{"layer":"DD_43","label":"AAI airport height NOC","confidence":"confirmed","AIRPORT":" ","NAME":"X8","PERMISSIBL":150},"geometry":{"type":"Polygon","coordinates":[[[72.79999999979921,18.89999999972465],[72.80000000015825,18.88333333315625],[72.78333333353481,18.88333333306506],[72.78333333359,18.89999999996137],[72.79999999979921,18.89999999972465]]]}},{"type":"Feature","properties":{"layer":"DD_43","label":"AAI airport height NOC","confidence":"confirmed","AIRPORT":" ","NAME":"X4","PERMISSIBL":150},"geometry":{"type":"Polygon","coordinates":[[[72.7333333333725,18.8999999996225],[72.73333333350166,18.88333333308422],[72.71666666640489,18.88333333323382],[72.71666666635706,18.900000000115984],[72.7333333333725,18.8999999996225]]]}},{"type":"Feature","properties":{"layer":"DD_43","label":"AAI airport height NOC","confidence":"confirmed","AIRPORT":" ","NAME":"W36","PERMISSIBL":150},"geometry":{"type":"Polygon","coordinates":[[[73.26666666653193,18.916666666995614],[73.26666666669696,18.89999999962338],[73.24999999980923,18.90000000018209],[73.24999999976417,18.916666666872807],[73.26666666653193,18.916666666995614]]]}},{"type":"Feature","properties":{"layer":"DD_43","label":"AAI airport height NOC","confidence":"confirmed","AIRPORT":" ","NAME":"W35","PERMISSIBL":150},"geometry":{"type":"Polygon","coordinates":[[[73.24999999976417,18.916666666872807],[73.24999999980923,18.90000000018209],[73.23333333304679,18.899999999624715],[73.23333333304984,18.916666666317305],[73.24999999976417,18.916666666872807]]]}},{"type":"Feature","properties":{"layer":"DD_43","label":"AAI airport height NOC","confidence":"confirmed","AIRPORT":" ","NAME":"W31","PERMISSIBL":150},"geometry":{"type":"Polygon","coordinates":[[[73.18333333301067,18.916666666879703],[73.1833333332641,18.899999999695055],[73.16666666678374,18.900000000399473],[73.16666666632223,18.916666666705662],[73.18333333301067,18.916666666879703]]]}},{"type":"Feature","properties":{"layer":"DD_43","label":"AAI airport height NOC","confidence":"confirmed","AIRPORT":" ","NAME":"W18","PERMISSIBL":150},"geometry":{"type":"Polygon","coordinates":[[[72.96666666651608,18.916666666955834],[72.96666666652976,18.90000000028824],[72.94999999985058,18.90000000015747],[72.94999999963782,18.916666666703804],[72.96666666651608,18.916666666955834]]]}},{"type":"Feature","properties":{"layer":"DD_43","label":"AAI airport height NOC","confidence":"confirmed","AIRPORT":" ","NAME":"W1","PERMISSIBL":150},"geometry":{"type":"Polygon","coordinates":[[[72.68333333351553,18.91666666654432],[72.68333333345977,18.90000000021902],[72.66666666698131,18.89999999966671],[72.66666666639968,18.9166666666377],[72.68333333351553,18.91666666654432]]]}},{"type":"Feature","properties":{"layer":"DD_43","label":"AAI airport height NOC","confidence":"confirmed","AIRPORT":" ","NAME":"V26","PERMISSIBL":135},"geometry":{"type":"Polygon","coordinates":[[[73.10000000013683,18.93333333362855],[73.10000000000461,18.916666667085256],[73.08333333298125,18.916666667129846],[73.08333333304286,18.933333333562775],[73.10000000013683,18.93333333362855]]]}},{"type":"Feature","properties":{"layer":"DD_43","label":"AAI airport height NOC","confidence":"confirmed","AIRPORT":" ","NAME":"V18","PERMISSIBL":150},"geometry":{"type":"Polygon","coordinates":[[[72.96666666689234,18.93333333371305],[72.96666666651608,18.916666666955834],[72.94999999963782,18.916666666703804],[72.95000000030572,18.93333333340708],[72.96666666689234,18.93333333371305]]]}},{"type":"Feature","properties":{"layer":"DD_43","label":"AAI airport height NOC","confidence":"confirmed","AIRPORT":" ","NAME":"V3","PERMISSIBL":150},"geometry":{"type":"Polygon","coordinates":[[[72.71666666672422,18.93333333351191],[72.71666666646547,18.916666666279532],[72.69999999994629,18.91666666639585],[72.70000000024733,18.933333332986486],[72.71666666672422,18.93333333351191]]]}},{"type":"Feature","properties":{"layer":"DD_43","label":"AAI airport height NOC","confidence":"confirmed","AIRPORT":" ","NAME":"U35","PERMISSIBL":150},"geometry":{"type":"Polygon","coordinates":[[[73.25000000045414,18.95000000028352],[73.25000000029083,18.93333333358302],[73.23333333316697,18.93333333307835],[73.23333333341259,18.949999999887694],[73.25000000045414,18.95000000028352]]]}},{"type":"Feature","properties":{"layer":"DD_43","label":"AAI airport height NOC","confidence":"confirmed","AIRPORT":" ","NAME":"U28","PERMISSIBL":115},"geometry":{"type":"Polygon","coordinates":[[[73.13333333337287,18.950000000296622],[73.1333333330826,18.93333333290884],[73.11666666687465,18.933333333389943],[73.11666666678207,18.950000000255937],[73.13333333337287,18.950000000296622]]]}},{"type":"Feature","properties":{"layer":"DD_43","label":"AAI airport height NOC","confidence":"confirmed","AIRPORT":" ","NAME":"U26","PERMISSIBL":50},"geometry":{"type":"Polygon","coordinates":[[[73.09999999959395,18.94999999975341],[73.10000000013683,18.93333333362855],[73.08333333304286,18.933333333562775],[73.08333333292074,18.949999999640145],[73.09999999959395,18.94999999975341]]]}},{"type":"Feature","properties":{"layer":"DD_43","label":"AAI airport height NOC","confidence":"confirmed","AIRPORT":" ","NAME":"U18","PERMISSIBL":135},"geometry":{"type":"Polygon","coordinates":[[[72.96666666673693,18.949999999626836],[72.96666666689234,18.93333333371305],[72.95000000030572,18.93333333340708],[72.9499999999727,18.950000000226932],[72.96666666673693,18.949999999626836]]]}},{"type":"Feature","properties":{"layer":"DD_43","label":"AAI airport height NOC","confidence":"confirmed","AIRPORT":" ","NAME":"U9","PERMISSIBL":150},"geometry":{"type":"Polygon","coordinates":[[[72.81666666671272,18.94999999958055],[72.81666666641777,18.933333333372794],[72.79999999976451,18.93333333328262],[72.80000000012475,18.950000000234297],[72.81666666671272,18.94999999958055]]]}},{"type":"Feature","properties":{"layer":"DD_43","label":"AAI airport height NOC","confidence":"confirmed","AIRPORT":" ","NAME":"T34","PERMISSIBL":150},"geometry":{"type":"Polygon","coordinates":[[[73.2333333328516,18.966666666716055],[73.23333333341259,18.949999999887694],[73.21666666645278,18.95000000036989],[73.21666666640283,18.966666667146573],[73.2333333328516,18.966666666716055]]]}},{"type":"Feature","properties":{"layer":"DD_43","label":"AAI airport height NOC","confidence":"confirmed","AIRPORT":" ","NAME":"T31","PERMISSIBL":150},"geometry":{"type":"Polygon","coordinates":[[[73.18333333332814,18.966666667034556],[73.18333333350742,18.950000000122493],[73.16666666690847,18.950000000169414],[73.16666666704678,18.96666666637427],[73.18333333332814,18.966666667034556]]]}},{"type":"Feature","properties":{"layer":"DD_43","label":"AAI airport height NOC","confidence":"confirmed","AIRPORT":" ","NAME":"T7","PERMISSIBL":150},"geometry":{"type":"Polygon","coordinates":[[[72.78333333292356,18.966666666444155],[72.78333333337704,18.950000000028883],[72.76666666663172,18.94999999979515],[72.76666666657545,18.966666666587408],[72.78333333292356,18.966666666444155]]]}},{"type":"Feature","properties":{"layer":"DD_43","label":"AAI airport height NOC","confidence":"confirmed","AIRPORT":" ","NAME":"T4","PERMISSIBL":150},"geometry":{"type":"Polygon","coordinates":[[[72.73333333337996,18.96666666672972],[72.73333333288292,18.949999999842618],[72.71666666622741,18.949999999976633],[72.71666666687946,18.966666666581478],[72.73333333337996,18.96666666672972]]]}},{"type":"Feature","properties":{"layer":"DD_43","label":"AAI airport height NOC","confidence":"confirmed","AIRPORT":" ","NAME":"S30","PERMISSIBL":115},"geometry":{"type":"Polygon","coordinates":[[[73.16666666645222,18.983333333700337],[73.16666666704678,18.96666666637427],[73.14999999956358,18.966666667022608],[73.14999999971285,18.983333333483667],[73.16666666645222,18.983333333700337]]]}},{"type":"Feature","properties":{"layer":"DD_43","label":"AAI airport height NOC","confidence":"confirmed","AIRPORT":" ","NAME":"S27","PERMISSIBL":0},"geometry":{"type":"Polygon","coordinates":[[[73.11666666694536,18.983333333407906],[73.1166666664874,18.96666666663089],[73.10000000027979,18.96666666636267],[73.10000000031118,18.983333333417065],[73.11666666694536,18.983333333407906]]]}},{"type":"Feature","properties":{"layer":"DD_43","label":"AAI airport height NOC","confidence":"confirmed","AIRPORT":" ","NAME":"S18","PERMISSIBL":115},"geometry":{"type":"Polygon","coordinates":[[[72.96666666674078,18.983333333383072],[72.96666666699367,18.966666666494508],[72.94999999961554,18.96666666625131],[72.95000000017825,18.983333333277628],[72.96666666674078,18.983333333383072]]]}},{"type":"Feature","properties":{"layer":"DD_43","label":"AAI airport height NOC","confidence":"confirmed","AIRPORT":" ","NAME":"S17","PERMISSIBL":135},"geometry":{"type":"Polygon","coordinates":[[[72.95000000032651,18.98333370905669],[72.94999999961554,18.96666666625131],[72.93333333327746,18.96666666649059],[72.93333333363285,18.983333333425524],[72.95000000032651,18.98333370905669]]]}},{"type":"Feature","properties":{"layer":"DD_43","label":"AAI airport height NOC","confidence":"confirmed","AIRPORT":" ","NAME":"S10","PERMISSIBL":150},"geometry":{"type":"Polygon","coordinates":[[[72.83333333301097,18.983333332982806],[72.83333333363558,18.96666666665505],[72.81666666710147,18.966666666411637],[72.81666666666426,18.98333333293277],[72.83333333301097,18.983333332982806]]]}},{"type":"Feature","properties":{"layer":"DD_43","label":"AAI airport height NOC","confidence":"confirmed","AIRPORT":" ","NAME":"S9","PERMISSIBL":150},"geometry":{"type":"Polygon","coordinates":[[[72.81666666666426,18.98333333293277],[72.81666666710147,18.966666666411637],[72.80000000013183,18.966666666967342],[72.79999999980357,18.983333333462802],[72.81666666666426,18.98333333293277]]]}},{"type":"Feature","properties":{"layer":"DD_43","label":"AAI airport height NOC","confidence":"confirmed","AIRPORT":" ","NAME":"S2","PERMISSIBL":150},"geometry":{"type":"Polygon","coordinates":[[[72.69999999956967,18.983333333046822],[72.70000000003415,18.966666666782107],[72.68333333302998,18.966666666353444],[72.68333333303396,18.98333333287533],[72.69999999956967,18.983333333046822]]]}},{"type":"Feature","properties":{"layer":"DD_43","label":"AAI airport height NOC","confidence":"confirmed","AIRPORT":" ","NAME":"R8","PERMISSIBL":150},"geometry":{"type":"Polygon","coordinates":[[[72.80000000010726,18.999999999713026],[72.79999999980357,18.983333333462802],[72.78333333356265,18.98333333360926],[72.78333333343782,18.99999999967645],[72.80000000010726,18.999999999713026]]]}},{"type":"Feature","properties":{"layer":"DD_43","label":"AAI airport height NOC","confidence":"confirmed","AIRPORT":" ","NAME":"Q33","PERMISSIBL":135},"geometry":{"type":"Polygon","coordinates":[[[73.2166666664189,19.016666666855716],[73.21666666637617,18.999999999957968],[73.19999999964982,18.999999999696552],[73.19999999971746,19.016666666483488],[73.2166666664189,19.016666666855716]]]}},{"type":"Feature","properties":{"layer":"DD_43","label":"AAI airport height NOC","confidence":"confirmed","AIRPORT":" ","NAME":"Q18","PERMISSIBL":135},"geometry":{"type":"Polygon","coordinates":[[[72.96666666668195,19.01666666626272],[72.96666666694416,19.000000000283503],[72.94999999978978,19.000000000362355],[72.95000000037692,19.016666666603953],[72.96666666668195,19.01666666626272]]]}},{"type":"Feature","properties":{"layer":"DD_43","label":"AAI airport height NOC","confidence":"confirmed","AIRPORT":" ","NAME":"Q11","PERMISSIBL":135},"geometry":{"type":"Polygon","coordinates":[[[72.85000000004808,19.01666666688859],[72.84999999977707,19.0000000000749],[72.83333333297415,18.999999999835108],[72.8333333335547,19.016666666289932],[72.85000000004808,19.01666666688859]]]}},{"type":"Feature","properties":{"layer":"DD_43","label":"AAI airport height NOC","confidence":"confirmed","AIRPORT":" ","NAME":"Q9","PERMISSIBL":135},"geometry":{"type":"Polygon","coordinates":[[[72.8166666671568,19.016666666820296],[72.81666666635631,19.000000000039275],[72.80000000010726,18.999999999713026],[72.80000000009969,19.016666666590964],[72.8166666671568,19.016666666820296]]]}},{"type":"Feature","properties":{"layer":"DD_43","label":"AAI airport height NOC","confidence":"confirmed","AIRPORT":" ","NAME":"Q6","PERMISSIBL":150},"geometry":{"type":"Polygon","coordinates":[[[72.76666666655734,19.016666666296814],[72.76666666652001,18.999999999857053],[72.74999999952593,19.000000000181878],[72.75000000040298,19.016666666989885],[72.76666666655734,19.016666666296814]]]}},{"type":"Feature","properties":{"layer":"DD_43","label":"AAI airport height NOC","confidence":"confirmed","AIRPORT":" ","NAME":"P35","PERMISSIBL":150},"geometry":{"type":"Polygon","coordinates":[[[73.25000000011491,19.033333332968667],[73.24999999965623,19.01666666660197],[73.23333333312831,19.016666666273583],[73.23333333328252,19.03333333301261],[73.25000000011491,19.033333332968667]]]}},{"type":"Feature","properties":{"layer":"DD_43","label":"AAI airport height NOC","confidence":"confirmed","AIRPORT":" ","NAME":"P34","PERMISSIBL":135},"geometry":{"type":"Polygon","coordinates":[[[73.23333333328252,19.03333333301261],[73.23333333312831,19.016666666273583],[73.2166666664189,19.016666666855716],[73.21666666716447,19.03333333285638],[73.23333333328252,19.03333333301261]]]}},{"type":"Feature","properties":{"layer":"DD_43","label":"AAI airport height NOC","confidence":"confirmed","AIRPORT":" ","NAME":"P29","PERMISSIBL":85},"geometry":{"type":"Polygon","coordinates":[[[73.14999999988464,19.033333333445725],[73.15000000033815,19.016666666268268],[73.13333333341504,19.01666666688728],[73.13333333321674,19.033333333146956],[73.14999999988464,19.033333333445725]]]}},{"type":"Feature","properties":{"layer":"DD_43","label":"AAI airport height NOC","confidence":"confirmed","AIRPORT":" ","NAME":"P8","PERMISSIBL":135},"geometry":{"type":"Polygon","coordinates":[[[72.79999999981057,19.03333333317459],[72.80000000009969,19.016666666590964],[72.78333333349254,19.01666666644438],[72.78333333375693,19.033333332991134],[72.79999999981057,19.03333333317459]]]}},{"type":"Feature","properties":{"layer":"DD_43","label":"AAI airport height NOC","confidence":"confirmed","AIRPORT":" ","NAME":"O20","PERMISSIBL":105},"geometry":{"type":"Polygon","coordinates":[[[72.99999999992329,19.049999999904646],[73.00000000024801,19.03333333360591],[72.98333333337611,19.0333333330384],[72.98333333313107,19.050000000146966],[72.99999999992329,19.049999999904646]]]}},{"type":"Feature","properties":{"layer":"DD_43","label":"AAI airport height NOC","confidence":"confirmed","AIRPORT":" ","NAME":"O16","PERMISSIBL":50},"geometry":{"type":"Polygon","coordinates":[[[72.93333333350664,19.049999999558192],[72.93333333297915,19.033333333115596],[72.9166666668283,19.033333332909383],[72.91666666713013,19.050000000198388],[72.93333333350664,19.049999999558192]]]}},{"type":"Feature","properties":{"layer":"DD_43","label":"AAI airport height NOC","confidence":"confirmed","AIRPORT":" ","NAME":"O9","PERMISSIBL":115},"geometry":{"type":"Polygon","coordinates":[[[72.81666666644576,19.050000000166012],[72.81666666623505,19.033333333223275],[72.79999999981057,19.03333333317459],[72.80000000019567,19.0500000003594],[72.81666666644576,19.050000000166012]]]}},{"type":"Feature","properties":{"layer":"DD_43","label":"AAI airport height NOC","confidence":"confirmed","AIRPORT":" ","NAME":"O4","PERMISSIBL":150},"geometry":{"type":"Polygon","coordinates":[[[72.733333333119,19.050000000419132],[72.73333333284681,19.03333333353426],[72.71666666712512,19.033333332950832],[72.71666666715753,19.049999999894847],[72.733333333119,19.050000000419132]]]}},{"type":"Feature","properties":{"layer":"DD_43","label":"AAI airport height NOC","confidence":"confirmed","AIRPORT":" ","NAME":"O2","PERMISSIBL":150},"geometry":{"type":"Polygon","coordinates":[[[72.70000000041573,19.050000000433712],[72.69999999975587,19.03333333363614],[72.68333333283401,19.033333333732255],[72.68333333308894,19.050000000154192],[72.70000000041573,19.050000000433712]]]}},{"type":"Feature","properties":{"layer":"DD_43","label":"AAI airport height NOC","confidence":"confirmed","AIRPORT":" ","NAME":"N33","PERMISSIBL":150},"geometry":{"type":"Polygon","coordinates":[[[73.216666666975,19.066666666566064],[73.21666666670855,19.0499999997282],[73.1999999996258,19.05000000019718],[73.2000000004459,19.066666667093134],[73.216666666975,19.066666666566064]]]}},{"type":"Feature","properties":{"layer":"DD_43","label":"AAI airport height NOC","confidence":"confirmed","AIRPORT":" ","NAME":"N20","PERMISSIBL":135},"geometry":{"type":"Polygon","coordinates":[[[73.000000000076,19.066666666917378],[72.99999999992329,19.049999999904646],[72.98333333313107,19.050000000146966],[72.98333333291673,19.066666667122597],[73.000000000076,19.066666666917378]]]}},{"type":"Feature","properties":{"layer":"DD_43","label":"AAI airport height NOC","confidence":"confirmed","AIRPORT":" ","NAME":"N16","PERMISSIBL":50},"geometry":{"type":"Polygon","coordinates":[[[72.93333333363057,19.066666666953115],[72.93333333350664,19.049999999558192],[72.91666666713013,19.050000000198388],[72.91666666659299,19.066666666691443],[72.93333333363057,19.066666666953115]]]}},{"type":"Feature","properties":{"layer":"DD_43","label":"AAI airport height NOC","confidence":"confirmed","AIRPORT":" ","NAME":"N14","PERMISSIBL":50},"geometry":{"type":"Polygon","coordinates":[[[72.89999999953126,19.066666666364572],[72.89999999986591,19.050000000075734],[72.88333333377223,19.050000000046357],[72.88333333355308,19.066666666817813],[72.89999999953126,19.066666666364572]]]}},{"type":"Feature","properties":{"layer":"DD_43","label":"AAI airport height NOC","confidence":"confirmed","AIRPORT":" ","NAME":"N1","PERMISSIBL":150},"geometry":{"type":"Polygon","coordinates":[[[72.6833333336884,19.066666666733656],[72.68333333308894,19.050000000154192],[72.66666666628497,19.049999999895423],[72.66666666687452,19.06666666686192],[72.6833333336884,19.066666666733656]]]}},{"type":"Feature","properties":{"layer":"DD_43","label":"AAI airport height NOC","confidence":"confirmed","AIRPORT":" ","NAME":"M30","PERMISSIBL":150},"geometry":{"type":"Polygon","coordinates":[[[73.16666666666855,19.083333333162805],[73.16666666651969,19.066666666708414],[73.15000000040008,19.066666666590084],[73.15000000043948,19.083333333410888],[73.16666666666855,19.083333333162805]]]}},{"type":"Feature","properties":{"layer":"DD_43","label":"AAI airport height NOC","confidence":"confirmed","AIRPORT":" ","NAME":"M22","PERMISSIBL":75},"geometry":{"type":"Polygon","coordinates":[[[73.03333333370598,19.08333333350193],[73.03333333352579,19.066666666500353],[73.01666666636517,19.066666666982385],[73.01666666682512,19.08333333354129],[73.03333333370598,19.08333333350193]]]}},{"type":"Feature","properties":{"layer":"DD_43","label":"AAI airport height NOC","confidence":"confirmed","AIRPORT":" ","NAME":"M11","PERMISSIBL":0},"geometry":{"type":"Polygon","coordinates":[[[72.84999999983863,19.083333333555018],[72.84999999985992,19.06666666701255],[72.83333333343381,19.066666666624855],[72.83333333283933,19.083333333061283],[72.84999999983863,19.083333333555018]]]}},{"type":"Feature","properties":{"layer":"DD_43","label":"AAI airport height NOC","confidence":"confirmed","AIRPORT":" ","NAME":"M5","PERMISSIBL":50},"geometry":{"type":"Polygon","coordinates":[[[72.74999999987112,19.083333333107134],[72.74999999981364,19.066666666773234],[72.73333333322425,19.066666666342154],[72.7333333331565,19.08333333309077],[72.74999999987112,19.083333333107134]]]}},{"type":"Feature","properties":{"layer":"DD_43","label":"AAI airport height NOC","confidence":"confirmed","AIRPORT":" ","NAME":"M3","PERMISSIBL":50},"geometry":{"type":"Polygon","coordinates":[[[72.71666666628971,19.08333333288775],[72.71666666655213,19.06666666684379],[72.69999999999182,19.066666666397357],[72.70000000037743,19.08333333333822],[72.71666666628971,19.08333333288775]]]}},{"type":"Feature","properties":{"layer":"DD_43","label":"AAI airport height NOC","confidence":"confirmed","AIRPORT":" ","NAME":"M2","PERMISSIBL":50},"geometry":{"type":"Polygon","coordinates":[[[72.70000000037743,19.08333333333822],[72.69999999999182,19.066666666397357],[72.6833333336884,19.066666666733656],[72.68333333370165,19.083333333440176],[72.70000000037743,19.08333333333822]]]}},{"type":"Feature","properties":{"layer":"DD_43","label":"AAI airport height NOC","confidence":"confirmed","AIRPORT":" ","NAME":"L26","PERMISSIBL":150},"geometry":{"type":"Polygon","coordinates":[[[73.09999999979901,19.100000000215154],[73.10000000008712,19.083333333269902],[73.08333333362185,19.083333333026804],[73.08333333343647,19.10000000044419],[73.09999999979901,19.100000000215154]]]}},{"type":"Feature","properties":{"layer":"DD_43","label":"AAI airport height NOC","confidence":"confirmed","AIRPORT":" ","NAME":"L15","PERMISSIBL":0},"geometry":{"type":"Polygon","coordinates":[[[72.91666666683554,19.09999999996519],[72.91666666712237,19.083333333293957],[72.89999999979396,19.083333333724706],[72.89999999974414,19.10000000031982],[72.91666666683554,19.09999999996519]]]}},{"type":"Feature","properties":{"layer":"DD_43","label":"AAI airport height NOC","confidence":"confirmed","AIRPORT":" ","NAME":"L10","PERMISSIBL":0},"geometry":{"type":"Polygon","coordinates":[[[72.83333333293942,19.099999999908384],[72.83333333283933,19.083333333061283],[72.81666666656142,19.083333333743855],[72.81666666650216,19.10000000034117],[72.83333333293942,19.099999999908384]]]}},{"type":"Feature","properties":{"layer":"DD_43","label":"AAI airport height NOC","confidence":"confirmed","AIRPORT":" ","NAME":"L4","PERMISSIBL":50},"geometry":{"type":"Polygon","coordinates":[[[72.73333333294657,19.09999999974326],[72.7333333331565,19.08333333309077],[72.71666666628971,19.08333333288775],[72.7166666663643,19.099999999814237],[72.73333333294657,19.09999999974326]]]}},{"type":"Feature","properties":{"layer":"DD_43","label":"AAI airport height NOC","confidence":"confirmed","AIRPORT":" ","NAME":"K31","PERMISSIBL":150},"geometry":{"type":"Polygon","coordinates":[[[73.18333333302752,19.11666666633924],[73.183333333144,19.1000000004324],[73.16666666714896,19.099999999704803],[73.16666666702581,19.11666666630499],[73.18333333302752,19.11666666633924]]]}},{"type":"Feature","properties":{"layer":"DD_43","label":"AAI airport height NOC","confidence":"confirmed","AIRPORT":" ","NAME":"K30","PERMISSIBL":150},"geometry":{"type":"Polygon","coordinates":[[[73.16666666702581,19.11666666630499],[73.16666666714896,19.099999999704803],[73.15000000035346,19.10000000037095],[73.15000000016724,19.11666666654707],[73.16666666702581,19.11666666630499]]]}},{"type":"Feature","properties":{"layer":"DD_43","label":"AAI airport height NOC","confidence":"confirmed","AIRPORT":" ","NAME":"K11","PERMISSIBL":0},"geometry":{"type":"Polygon","coordinates":[[[72.8500000004333,19.116666666734684],[72.85000000001997,19.10000000043643],[72.83333333293942,19.099999999908384],[72.83333333375207,19.116666667147225],[72.8500000004333,19.116666666734684]]]}},{"type":"Feature","properties":{"layer":"DD_43","label":"AAI airport height NOC","confidence":"confirmed","AIRPORT":" ","NAME":"K3","PERMISSIBL":60},"geometry":{"type":"Polygon","coordinates":[[[72.71666666680721,19.11666666670162],[72.7166666663643,19.099999999814237],[72.69999999970426,19.100000000311052],[72.69999999990347,19.116666666417974],[72.71666666680721,19.11666666670162]]]}},{"type":"Feature","properties":{"layer":"DD_43","label":"AAI airport height NOC","confidence":"confirmed","AIRPORT":" ","NAME":"K1","PERMISSIBL":150},"geometry":{"type":"Polygon","coordinates":[[[72.68333333300762,19.116666666269406],[72.68333333314757,19.100000000255278],[72.66666666686318,19.09999999957109],[72.66666666627509,19.116666667082992],[72.68333333300762,19.116666666269406]]]}},{"type":"Feature","properties":{"layer":"DD_43","label":"AAI airport height NOC","confidence":"confirmed","AIRPORT":" ","NAME":"J36","PERMISSIBL":150},"geometry":{"type":"Polygon","coordinates":[[[73.26666666633236,19.133333333719577],[73.26666666627465,19.116666666630664],[73.25000000037623,19.11666666696919],[73.25000000032173,19.133333333160078],[73.26666666633236,19.133333333719577]]]}},{"type":"Feature","properties":{"layer":"DD_43","label":"AAI airport height NOC","confidence":"confirmed","AIRPORT":" ","NAME":"J34","PERMISSIBL":150},"geometry":{"type":"Polygon","coordinates":[[[73.233333333508,19.133333332967858],[73.23333333374745,19.11666666698503],[73.21666666655506,19.11666666662017],[73.21666666700759,19.13333333309404],[73.233333333508,19.133333332967858]]]}},{"type":"Feature","properties":{"layer":"DD_43","label":"AAI airport height NOC","confidence":"confirmed","AIRPORT":" ","NAME":"J23","PERMISSIBL":150},"geometry":{"type":"Polygon","coordinates":[[[73.0499999997569,19.133333333680266],[73.04999999991139,19.116666666851522],[73.03333333363962,19.116666666415888],[73.03333333341459,19.133333333192382],[73.0499999997569,19.133333333680266]]]}},{"type":"Feature","properties":{"layer":"DD_43","label":"AAI airport height NOC","confidence":"confirmed","AIRPORT":" ","NAME":"J22","PERMISSIBL":150},"geometry":{"type":"Polygon","coordinates":[[[73.03333333341459,19.133333333192382],[73.03333333363962,19.116666666415888],[73.01666666688604,19.116666666649557],[73.01666666651938,19.13333333315989],[73.03333333341459,19.133333333192382]]]}},{"type":"Feature","properties":{"layer":"DD_43","label":"AAI airport height NOC","confidence":"confirmed","AIRPORT":" ","NAME":"J15","PERMISSIBL":50},"geometry":{"type":"Polygon","coordinates":[[[72.91666666673144,19.133333333469217],[72.91666666669951,19.11666666669668],[72.9000000003377,19.1166666670448],[72.89999999970303,19.133333332955594],[72.91666666673144,19.133333333469217]]]}},{"type":"Feature","properties":{"layer":"DD_43","label":"AAI airport height NOC","confidence":"confirmed","AIRPORT":" ","NAME":"J10","PERMISSIBL":50},"geometry":{"type":"Polygon","coordinates":[[[72.83333333341844,19.133333332930277],[72.83333333375207,19.116666667147225],[72.81666666670935,19.11666666648823],[72.81666666623896,19.133333333057973],[72.83333333341844,19.133333332930277]]]}},{"type":"Feature","properties":{"layer":"DD_43","label":"AAI airport height NOC","confidence":"confirmed","AIRPORT":" ","NAME":"J6","PERMISSIBL":85},"geometry":{"type":"Polygon","coordinates":[[[72.7666666664774,19.13333333316793],[72.76666666687218,19.11666666641707],[72.74999999997848,19.116666667072252],[72.75000000008986,19.133333332859962],[72.7666666664774,19.13333333316793]]]}},{"type":"Feature","properties":{"layer":"DD_43","label":"AAI airport height NOC","confidence":"confirmed","AIRPORT":" ","NAME":"I29","PERMISSIBL":150},"geometry":{"type":"Polygon","coordinates":[[[73.150000000465,19.150000000090728],[73.14999999987583,19.133333333725965],[73.13333333364129,19.13333333361691],[73.13333333317703,19.150000000351266],[73.150000000465,19.150000000090728]]]}},{"type":"Feature","properties":{"layer":"DD_43","label":"AAI airport height NOC","confidence":"confirmed","AIRPORT":" ","NAME":"I26","PERMISSIBL":150},"geometry":{"type":"Polygon","coordinates":[[[73.09999999964371,19.150000000022548],[73.09999999956682,19.13333333315957],[73.08333333299956,19.133333333600255],[73.08333333371957,19.15000000021273],[73.09999999964371,19.150000000022548]]]}},{"type":"Feature","properties":{"layer":"DD_43","label":"AAI airport height NOC","confidence":"confirmed","AIRPORT":" ","NAME":"I20","PERMISSIBL":150},"geometry":{"type":"Polygon","coordinates":[[[73.00000000016784,19.15000000017487],[73.00000000018798,19.13333333352798],[72.98333333364761,19.13333333331767],[72.98333333287388,19.150000000230087],[73.00000000016784,19.15000000017487]]]}},{"type":"Feature","properties":{"layer":"DD_43","label":"AAI airport height NOC","confidence":"confirmed","AIRPORT":" ","NAME":"I14","PERMISSIBL":75},"geometry":{"type":"Polygon","coordinates":[[[72.89999999973487,19.149999999861052],[72.89999999970303,19.133333332955594],[72.8833333334439,19.133333333265163],[72.88333333321461,19.15000000006794],[72.89999999973487,19.149999999861052]]]}},{"type":"Feature","properties":{"layer":"DD_43","label":"AAI airport height NOC","confidence":"confirmed","AIRPORT":" ","NAME":"H33","PERMISSIBL":150},"geometry":{"type":"Polygon","coordinates":[[[73.21666666650357,19.166666666485604],[73.21666666634545,19.150000000318595],[73.19999999955458,19.150000000120205],[73.20000000037793,19.16666666667495],[73.21666666650357,19.166666666485604]]]}},{"type":"Feature","properties":{"layer":"DD_43","label":"AAI airport height NOC","confidence":"confirmed","AIRPORT":" ","NAME":"H31","PERMISSIBL":150},"geometry":{"type":"Polygon","coordinates":[[[73.18333333286637,19.166666666621335],[73.1833333333441,19.149999999909983],[73.16666666692905,19.149999999619126],[73.16666666698568,19.16666666629327],[73.18333333286637,19.166666666621335]]]}},{"type":"Feature","properties":{"layer":"DD_43","label":"AAI airport height NOC","confidence":"confirmed","AIRPORT":" ","NAME":"H28","PERMISSIBL":150},"geometry":{"type":"Polygon","coordinates":[[[73.13333333315211,19.166666666304046],[73.13333333317703,19.150000000351266],[73.11666666713181,19.150000000358823],[73.11666666647977,19.16666666653036],[73.13333333315211,19.166666666304046]]]}},{"type":"Feature","properties":{"layer":"DD_43","label":"AAI airport height NOC","confidence":"confirmed","AIRPORT":" ","NAME":"H23","PERMISSIBL":150},"geometry":{"type":"Polygon","coordinates":[[[73.04999999957606,19.16666666680044],[73.0499999996433,19.150000000035348],[73.0333333337239,19.149999999560453],[73.03333333362268,19.16666666639361],[73.04999999957606,19.16666666680044]]]}},{"type":"Feature","properties":{"layer":"DD_43","label":"AAI airport height NOC","confidence":"confirmed","AIRPORT":" ","NAME":"H14","PERMISSIBL":150},"geometry":{"type":"Polygon","coordinates":[[[72.90000000046213,19.16666666683894],[72.89999999973487,19.149999999861052],[72.88333333321461,19.15000000006794],[72.88333333322328,19.166666667002506],[72.90000000046213,19.16666666683894]]]}},{"type":"Feature","properties":{"layer":"DD_43","label":"AAI airport height NOC","confidence":"confirmed","AIRPORT":" ","NAME":"H11","PERMISSIBL":115},"geometry":{"type":"Polygon","coordinates":[[[72.85000000033334,19.166666666422653],[72.85000000009137,19.150000000192783],[72.83333333287098,19.149999999959054],[72.83333333310144,19.166666666419665],[72.85000000033334,19.166666666422653]]]}},{"type":"Feature","properties":{"layer":"DD_43","label":"AAI airport height NOC","confidence":"confirmed","AIRPORT":" ","NAME":"G19","PERMISSIBL":150},"geometry":{"type":"Polygon","coordinates":[[[72.98333333363426,19.183333333308212],[72.98333333318067,19.16666666690354],[72.96666666637763,19.166666667133725],[72.96666666699147,19.183333333725415],[72.98333333363426,19.183333333308212]]]}},{"type":"Feature","properties":{"layer":"DD_43","label":"AAI airport height NOC","confidence":"confirmed","AIRPORT":" ","NAME":"G5","PERMISSIBL":85},"geometry":{"type":"Polygon","coordinates":[[[72.74999999981654,19.183333333335504],[72.75000000045942,19.166666666467602],[72.73333333293331,19.16666666684891],[72.73333333323008,19.18333333365618],[72.74999999981654,19.183333333335504]]]}},{"type":"Feature","properties":{"layer":"DD_43","label":"AAI airport height NOC","confidence":"confirmed","AIRPORT":" ","NAME":"F35","PERMISSIBL":150},"geometry":{"type":"Polygon","coordinates":[[[73.25000000017889,19.19999999973871],[73.24999999998438,19.183333332860226],[73.2333333336702,19.183333333280288],[73.23333333375582,19.20000000016689],[73.25000000017889,19.19999999973871]]]}},{"type":"Feature","properties":{"layer":"DD_43","label":"AAI airport height NOC","confidence":"confirmed","AIRPORT":" ","NAME":"F18","PERMISSIBL":150},"geometry":{"type":"Polygon","coordinates":[[[72.96666666636129,19.20000000007551],[72.96666666699147,19.183333333725415],[72.95000000024132,19.1833333336954],[72.9500000001914,19.20000000008804],[72.96666666636129,19.20000000007551]]]}},{"type":"Feature","properties":{"layer":"DD_43","label":"AAI airport height NOC","confidence":"confirmed","AIRPORT":" ","NAME":"F9","PERMISSIBL":150},"geometry":{"type":"Polygon","coordinates":[[[72.81666666653999,19.199999999675228],[72.81666666666673,19.183333333375934],[72.79999999963425,19.183333333374954],[72.80000000032449,19.19999999962434],[72.81666666653999,19.199999999675228]]]}},{"type":"Feature","properties":{"layer":"DD_43","label":"AAI airport height NOC","confidence":"confirmed","AIRPORT":" ","NAME":"F8","PERMISSIBL":85},"geometry":{"type":"Polygon","coordinates":[[[72.80000000032449,19.19999999962434],[72.79999999963425,19.183333333374954],[72.78333333318403,19.183333333121222],[72.78333333364897,19.1999999999999],[72.80000000032449,19.19999999962434]]]}},{"type":"Feature","properties":{"layer":"DD_43","label":"AAI airport height NOC","confidence":"confirmed","AIRPORT":" ","NAME":"F3","PERMISSIBL":150},"geometry":{"type":"Polygon","coordinates":[[[72.7166666666536,19.19999999979623],[72.71666666693746,19.183333333418133],[72.7000000001415,19.183333333437535],[72.7000000001623,19.200000000296367],[72.7166666666536,19.19999999979623]]]}},{"type":"Feature","properties":{"layer":"DD_43","label":"AAI airport height NOC","confidence":"confirmed","AIRPORT":" ","NAME":"E36","PERMISSIBL":150},"geometry":{"type":"Polygon","coordinates":[[[73.26666666703812,19.216666666922862],[73.26666666648627,19.199999999741856],[73.25000000017889,19.19999999973871],[73.25000000023878,19.216666666284972],[73.26666666703812,19.216666666922862]]]}},{"type":"Feature","properties":{"layer":"DD_43","label":"AAI airport height NOC","confidence":"confirmed","AIRPORT":" ","NAME":"E18","PERMISSIBL":150},"geometry":{"type":"Polygon","coordinates":[[[72.96666666639392,19.216666667088912],[72.96666666636129,19.20000000007551],[72.9500000001914,19.20000000008804],[72.95000000035863,19.216666666298483],[72.96666666639392,19.216666667088912]]]}},{"type":"Feature","properties":{"layer":"DD_43","label":"AAI airport height NOC","confidence":"confirmed","AIRPORT":" ","NAME":"E15","PERMISSIBL":150},"geometry":{"type":"Polygon","coordinates":[[[72.91666666717207,19.21666666634058],[72.916666666993,19.199999999661348],[72.90000000028192,19.19999999998878],[72.90000000034804,19.21666666703651],[72.91666666717207,19.21666666634058]]]}},{"type":"Feature","properties":{"layer":"DD_43","label":"AAI airport height NOC","confidence":"confirmed","AIRPORT":" ","NAME":"E4","PERMISSIBL":150},"geometry":{"type":"Polygon","coordinates":[[[72.733333333752,19.21666666662874],[72.73333333349674,19.200000000255642],[72.7166666666536,19.19999999979623],[72.71666666683872,19.216666666926972],[72.733333333752,19.21666666662874]]]}},{"type":"Feature","properties":{"layer":"DD_43","label":"AAI airport height NOC","confidence":"confirmed","AIRPORT":" ","NAME":"E3","PERMISSIBL":150},"geometry":{"type":"Polygon","coordinates":[[[72.71666666683872,19.216666666926972],[72.7166666666536,19.19999999979623],[72.7000000001623,19.200000000296367],[72.70000000020686,19.216666667069486],[72.71666666683872,19.216666666926972]]]}},{"type":"Feature","properties":{"layer":"DD_43","label":"AAI airport height NOC","confidence":"confirmed","AIRPORT":" ","NAME":"D31","PERMISSIBL":150},"geometry":{"type":"Polygon","coordinates":[[[73.18333333307467,19.233333333470775],[73.18333333287077,19.216666666257527],[73.16666666679598,19.21666666703926],[73.16666666666991,19.233333333527302],[73.18333333307467,19.233333333470775]]]}},{"type":"Feature","properties":{"layer":"DD_43","label":"AAI airport height NOC","confidence":"confirmed","AIRPORT":" ","NAME":"D14","PERMISSIBL":150},"geometry":{"type":"Polygon","coordinates":[[[72.90000000023986,19.23333333316618],[72.90000000034804,19.21666666703651],[72.88333333297393,19.216666666577925],[72.88333333317037,19.233333332934826],[72.90000000023986,19.23333333316618]]]}},{"type":"Feature","properties":{"layer":"DD_43","label":"AAI airport height NOC","confidence":"confirmed","AIRPORT":" ","NAME":"D13","PERMISSIBL":150},"geometry":{"type":"Polygon","coordinates":[[[72.88333333317037,19.233333332934826],[72.88333333297393,19.216666666577925],[72.86666666709208,19.216666666723494],[72.86666666656559,19.233333333085408],[72.88333333317037,19.233333332934826]]]}},{"type":"Feature","properties":{"layer":"DD_43","label":"AAI airport height NOC","confidence":"confirmed","AIRPORT":" ","NAME":"D11","PERMISSIBL":150},"geometry":{"type":"Polygon","coordinates":[[[72.84999999963794,19.233333333536653],[72.85000000002589,19.216666666466875],[72.83333333287834,19.21666666665146],[72.83333333351335,19.233333333325895],[72.84999999963794,19.233333333536653]]]}},{"type":"Feature","properties":{"layer":"DD_43","label":"AAI airport height NOC","confidence":"confirmed","AIRPORT":" ","NAME":"C21","PERMISSIBL":150},"geometry":{"type":"Polygon","coordinates":[[[73.01666666688227,19.25000000040669],[73.01666666640725,19.23333333316235],[72.99999999963437,19.23333333374728],[72.99999999956098,19.250000000032248],[73.01666666688227,19.25000000040669]]]}},{"type":"Feature","properties":{"layer":"DD_43","label":"AAI airport height NOC","confidence":"confirmed","AIRPORT":" ","NAME":"C5","PERMISSIBL":150},"geometry":{"type":"Polygon","coordinates":[[[72.74999999978007,19.249999999688445],[72.74999999956415,19.233333333126982],[72.73333333305153,19.233333333648098],[72.73333333332779,19.25000000041571],[72.74999999978007,19.249999999688445]]]}},{"type":"Feature","properties":{"layer":"DD_43","label":"AAI airport height NOC","confidence":"confirmed","AIRPORT":" ","NAME":"C4","PERMISSIBL":150},"geometry":{"type":"Polygon","coordinates":[[[72.73333333332779,19.25000000041571],[72.73333333305153,19.233333333648098],[72.7166666665861,19.23333333297395],[72.71666666684031,19.24999999973656],[72.73333333332779,19.25000000041571]]]}},{"type":"Feature","properties":{"layer":"DD_43","label":"AAI airport height NOC","confidence":"confirmed","AIRPORT":" ","NAME":"C2","PERMISSIBL":150},"geometry":{"type":"Polygon","coordinates":[[[72.70000000044344,19.250000000284874],[72.70000000029422,19.2333333337385],[72.68333333342663,19.233333333144973],[72.6833333333746,19.250000000166875],[72.70000000044344,19.250000000284874]]]}},{"type":"Feature","properties":{"layer":"DD_43","label":"AAI airport height NOC","confidence":"confirmed","AIRPORT":" ","NAME":"B32","PERMISSIBL":150},"geometry":{"type":"Polygon","coordinates":[[[73.20000000023153,19.26666666709218],[73.19999999984213,19.249999999800643],[73.18333333326123,19.24999999962827],[73.18333333342561,19.266666666516702],[73.20000000023153,19.26666666709218]]]}},{"type":"Feature","properties":{"layer":"DD_43","label":"AAI airport height NOC","confidence":"confirmed","AIRPORT":" ","NAME":"B30","PERMISSIBL":150},"geometry":{"type":"Polygon","coordinates":[[[73.16666666687486,19.266666667103056],[73.1666666670115,19.249999999923944],[73.15000000031378,19.24999999971455],[73.14999999980942,19.26666666697483],[73.16666666687486,19.266666667103056]]]}},{"type":"Feature","properties":{"layer":"DD_43","label":"AAI airport height NOC","confidence":"confirmed","AIRPORT":" ","NAME":"B21","PERMISSIBL":150},"geometry":{"type":"Polygon","coordinates":[[[73.01666666660923,19.26666666624847],[73.01666666688227,19.25000000040669],[72.99999999956098,19.250000000032248],[73.0000000001633,19.26666666679804],[73.01666666660923,19.26666666624847]]]}},{"type":"Feature","properties":{"layer":"DD_43","label":"AAI airport height NOC","confidence":"confirmed","AIRPORT":" ","NAME":"B7","PERMISSIBL":150},"geometry":{"type":"Polygon","coordinates":[[[72.7833333330947,19.266666666580733],[72.78333333375382,19.24999999975418],[72.76666666694774,19.250000000350177],[72.76666666701786,19.26666666697642],[72.7833333330947,19.266666666580733]]]}},{"type":"Feature","properties":{"layer":"DD_43","label":"AAI airport height NOC","confidence":"confirmed","AIRPORT":" ","NAME":"A26","PERMISSIBL":150},"geometry":{"type":"Polygon","coordinates":[[[73.10000000039734,19.28333333350493],[73.09999999993185,19.266666667139315],[73.083333333343,19.26666666625769],[73.08333333364239,19.28333333373649],[73.10000000039734,19.28333333350493]]]}},{"type":"Feature","properties":{"layer":"DD_43","label":"AAI airport height NOC","confidence":"confirmed","AIRPORT":" ","NAME":"A18","PERMISSIBL":150},"geometry":{"type":"Polygon","coordinates":[[[72.96666666693467,19.283333333187727],[72.96666666690115,19.266666666455038],[72.95000000039758,19.26666666633228],[72.94999999967871,19.283333333406475],[72.96666666693467,19.283333333187727]]]}},{"type":"Feature","properties":{"layer":"DD_43","label":"AAI airport height NOC","confidence":"confirmed","AIRPORT":" ","NAME":"A12","PERMISSIBL":150},"geometry":{"type":"Polygon","coordinates":[[[72.86666666710872,19.283333333610766],[72.86666666702577,19.266666667005122],[72.8499999999903,19.26666666635555],[72.84999999980364,19.283333332958765],[72.86666666710872,19.283333333610766]]]}},{"type":"Feature","properties":{"layer":"DD_43","label":"AAI airport height NOC","confidence":"confirmed","AIRPORT":" ","NAME":"P25","PERMISSIBL":50},"geometry":{"type":"Polygon","coordinates":[[[73.0666666703324,19.03333333012856],[73.08333333002689,19.03333333032396],[73.08332453949896,19.021167272780662],[73.07913635696315,19.021254150382386],[73.06669581987614,19.019702173788197],[73.0666666703324,19.03333333012856]]]}},{"type":"Feature","properties":{"layer":"DD_43","label":"AAI airport height NOC","confidence":"confirmed","AIRPORT":" ","NAME":"P26-1","PERMISSIBL":0},"geometry":{"type":"Polygon","coordinates":[[[73.08332453949896,19.021167272780662],[73.08607189111562,19.020677058407394],[73.08872844089103,19.019849932619024],[73.09124872191602,19.01870005313137],[73.09437160245719,19.0166500737287],[73.0833333298429,19.016666669924287],[73.08332453949896,19.021167272780662]]]}},{"type":"Feature","properties":{"layer":"DD_43","label":"AAI airport height NOC","confidence":"confirmed","AIRPORT":" ","NAME":"P23-1","PERMISSIBL":0},"geometry":{"type":"Polygon","coordinates":[[[73.05001111513208,19.017575114522362],[73.04999999970276,19.01666666966547],[73.04310146898335,19.01669378236797],[73.05001111513208,19.017575114522362]]]}},{"type":"Feature","properties":{"layer":"DD_43","label":"AAI airport height NOC","confidence":"confirmed","AIRPORT":" ","NAME":"CC35","PERMISSIBL":150},"geometry":{"type":"Polygon","coordinates":[[[73.2499999995795,18.81666666674596],[73.24999999991833,18.799999999667467],[73.2333333336924,18.8000000002232],[73.23333333330214,18.816666666983764],[73.2499999995795,18.81666666674596]]]}},{"type":"Feature","properties":{"layer":"DD_43","label":"AAI airport height NOC","confidence":"confirmed","AIRPORT":" ","NAME":"CC23","PERMISSIBL":150},"geometry":{"type":"Polygon","coordinates":[[[73.05000000026673,18.816666666837218],[73.05000000000659,18.80000000018104],[73.03333333373926,18.800000000308653],[73.03333333312465,18.816666666677158],[73.05000000026673,18.816666666837218]]]}},{"type":"Feature","properties":{"layer":"DD_43","label":"AAI airport height NOC","confidence":"confirmed","AIRPORT":" ","NAME":"CC17","PERMISSIBL":150},"geometry":{"type":"Polygon","coordinates":[[[72.95000000029788,18.81666666670068],[72.94999999977301,18.799999999634963],[72.93333333312529,18.799999999677556],[72.93333333327324,18.816666666930036],[72.95000000029788,18.81666666670068]]]}},{"type":"Feature","properties":{"layer":"DD_43","label":"AAI airport height NOC","confidence":"confirmed","AIRPORT":" ","NAME":"CC16","PERMISSIBL":150},"geometry":{"type":"Polygon","coordinates":[[[72.93333333327324,18.816666666930036],[72.93333333312529,18.799999999677556],[72.91666666656394,18.79999999962018],[72.91666666626143,18.816666666835513],[72.93333333327324,18.816666666930036]]]}},{"type":"Feature","properties":{"layer":"DD_43","label":"AAI airport height NOC","confidence":"confirmed","AIRPORT":" ","NAME":"CC11","PERMISSIBL":150},"geometry":{"type":"Polygon","coordinates":[[[72.84999999995748,18.81666666635521],[72.8499999999868,18.79999999968945],[72.83333333367486,18.799999999883415],[72.8333333337554,18.81666666630609],[72.84999999995748,18.81666666635521]]]}},{"type":"Feature","properties":{"layer":"DD_43","label":"AAI airport height NOC","confidence":"confirmed","AIRPORT":" ","NAME":"CC6","PERMISSIBL":150},"geometry":{"type":"Polygon","coordinates":[[[72.7666666662806,18.816666666884746],[72.76666666658502,18.800000000063473],[72.75000000024868,18.799999999601667],[72.7499999996387,18.81666666686495],[72.7666666662806,18.816666666884746]]]}},{"type":"Feature","properties":{"layer":"DD_43","label":"AAI airport height NOC","confidence":"confirmed","AIRPORT":" ","NAME":"BB7","PERMISSIBL":150},"geometry":{"type":"Polygon","coordinates":[[[72.78333333367571,18.833333332933783],[72.78333333376098,18.816666666773376],[72.7666666662806,18.816666666884746],[72.76666666647012,18.83333333288147],[72.78333333367571,18.833333332933783]]]}},{"type":"Feature","properties":{"layer":"DD_43","label":"AAI airport height NOC","confidence":"confirmed","AIRPORT":" ","NAME":"BB3","PERMISSIBL":150},"geometry":{"type":"Polygon","coordinates":[[[72.71666666629037,18.833333332966173],[72.71666666672867,18.816666667008736],[72.69999999986993,18.816666667013127],[72.70000000030859,18.833333333729254],[72.71666666629037,18.833333332966173]]]}},{"type":"Feature","properties":{"layer":"DD_43","label":"AAI airport height NOC","confidence":"confirmed","AIRPORT":" ","NAME":"BB1","PERMISSIBL":150},"geometry":{"type":"Polygon","coordinates":[[[72.68333333296617,18.833333332904292],[72.68333333361707,18.816666666580012],[72.66666666624015,18.81666666651373],[72.6666666663014,18.833333333148698],[72.68333333296617,18.833333332904292]]]}},{"type":"Feature","properties":{"layer":"DD_43","label":"AAI airport height NOC","confidence":"confirmed","AIRPORT":" ","NAME":"AA25","PERMISSIBL":150},"geometry":{"type":"Polygon","coordinates":[[[73.08333333341345,18.85000000007431],[73.08333333313905,18.833333333073664],[73.06666666648941,18.83333333368811],[73.06666666701769,18.850000000071294],[73.08333333341345,18.85000000007431]]]}},{"type":"Feature","properties":{"layer":"DD_43","label":"AAI airport height NOC","confidence":"confirmed","AIRPORT":" ","NAME":"AA23","PERMISSIBL":150},"geometry":{"type":"Polygon","coordinates":[[[73.05000000002035,18.849999999830167],[73.0500000002661,18.8333333333935],[73.03333333368761,18.833333333020015],[73.03333333353649,18.850000000200755],[73.05000000002035,18.849999999830167]]]}},{"type":"Feature","properties":{"layer":"DD_43","label":"AAI airport height NOC","confidence":"confirmed","AIRPORT":" ","NAME":"AA21","PERMISSIBL":150},"geometry":{"type":"Polygon","coordinates":[[[73.01666666680458,18.850000000206112],[73.01666666692078,18.833333333407037],[73.00000000015355,18.833333333586992],[73.00000000000163,18.84999999978181],[73.01666666680458,18.850000000206112]]]}},{"type":"Feature","properties":{"layer":"DD_43","label":"AAI airport height NOC","confidence":"confirmed","AIRPORT":" ","NAME":"AA19","PERMISSIBL":150},"geometry":{"type":"Polygon","coordinates":[[[72.98333333329386,18.84999999976619],[72.98333333356346,18.833333333495037],[72.96666666637957,18.833333333055496],[72.96666666685809,18.850000000093836],[72.98333333329386,18.84999999976619]]]}},{"type":"Feature","properties":{"layer":"DD_43","label":"AAI airport height NOC","confidence":"confirmed","AIRPORT":" ","NAME":"AA14","PERMISSIBL":150},"geometry":{"type":"Polygon","coordinates":[[[72.89999999982949,18.849999999813516],[72.89999999992506,18.833333332868186],[72.88333333334157,18.833333333313476],[72.88333333362544,18.849999999912203],[72.89999999982949,18.849999999813516]]]}},{"type":"Feature","properties":{"layer":"DD_43","label":"AAI airport height NOC","confidence":"confirmed","AIRPORT":" ","NAME":"AA1","PERMISSIBL":150},"geometry":{"type":"Polygon","coordinates":[[[72.68333333336243,18.849999999638968],[72.68333333296617,18.833333332904292],[72.6666666663014,18.833333333148698],[72.66666666695004,18.850000000258678],[72.68333333336243,18.849999999638968]]]}},{"type":"Feature","properties":{"layer":"DD_43","label":"AAI airport height NOC","confidence":"confirmed","AIRPORT":" ","NAME":"Z33","PERMISSIBL":150},"geometry":{"type":"Polygon","coordinates":[[[73.21666666645983,18.866666666291685],[73.21666666630391,18.850000000300916],[73.19999999969444,18.84999999987386],[73.20000000017674,18.866666667074586],[73.21666666645983,18.866666666291685]]]}},{"type":"Feature","properties":{"layer":"DD_43","label":"AAI airport height NOC","confidence":"confirmed","AIRPORT":" ","NAME":"Z13","PERMISSIBL":150},"geometry":{"type":"Polygon","coordinates":[[[72.8833333328874,18.86666666697688],[72.88333333362544,18.849999999912203],[72.86666666685863,18.849999999928933],[72.86666666691427,18.86666666649389],[72.8833333328874,18.86666666697688]]]}},{"type":"Feature","properties":{"layer":"DD_43","label":"AAI airport height NOC","confidence":"confirmed","AIRPORT":" ","NAME":"Z4","PERMISSIBL":150},"geometry":{"type":"Polygon","coordinates":[[[72.73333333326691,18.866666666674202],[72.7333333335985,18.850000000422718],[72.7166666668582,18.850000000097577],[72.71666666657813,18.866666666554792],[72.73333333326691,18.866666666674202]]]}},{"type":"Feature","properties":{"layer":"DD_43","label":"AAI airport height NOC","confidence":"confirmed","AIRPORT":" ","NAME":"Y33","PERMISSIBL":150},"geometry":{"type":"Polygon","coordinates":[[[73.21666666716848,18.883333333373255],[73.21666666645983,18.866666666291685],[73.20000000017674,18.866666667074586],[73.19999999982404,18.88333333360008],[73.21666666716848,18.883333333373255]]]}},{"type":"Feature","properties":{"layer":"DD_43","label":"AAI airport height NOC","confidence":"confirmed","AIRPORT":" ","NAME":"Y32","PERMISSIBL":150},"geometry":{"type":"Polygon","coordinates":[[[73.19999999982404,18.88333333360008],[73.20000000017674,18.866666667074586],[73.18333333372236,18.86666666700035],[73.18333333318344,18.883333333661046],[73.19999999982404,18.88333333360008]]]}},{"type":"Feature","properties":{"layer":"DD_43","label":"AAI airport height NOC","confidence":"confirmed","AIRPORT":" ","NAME":"Y4","PERMISSIBL":150},"geometry":{"type":"Polygon","coordinates":[[[72.73333333350166,18.88333333308422],[72.73333333326691,18.866666666674202],[72.71666666657813,18.866666666554792],[72.71666666640489,18.88333333323382],[72.73333333350166,18.88333333308422]]]}},{"type":"Feature","properties":{"layer":"DD_43","label":"AAI airport height NOC","confidence":"confirmed","AIRPORT":" ","NAME":"X36","PERMISSIBL":150},"geometry":{"type":"Polygon","coordinates":[[[73.26666666669696,18.89999999962338],[73.26666666691854,18.88333333313689],[73.25000000041162,18.883333333531112],[73.24999999980923,18.90000000018209],[73.26666666669696,18.89999999962338]]]}},{"type":"Feature","properties":{"layer":"DD_43","label":"AAI airport height NOC","confidence":"confirmed","AIRPORT":" ","NAME":"X32","PERMISSIBL":150},"geometry":{"type":"Polygon","coordinates":[[[73.1999999995901,18.90000000034268],[73.19999999982404,18.88333333360008],[73.18333333318344,18.883333333661046],[73.1833333332641,18.899999999695055],[73.1999999995901,18.90000000034268]]]}},{"type":"Feature","properties":{"layer":"DD_43","label":"AAI airport height NOC","confidence":"confirmed","AIRPORT":" ","NAME":"X12","PERMISSIBL":150},"geometry":{"type":"Polygon","coordinates":[[[72.86666666645763,18.90000000026187],[72.86666666645478,18.88333333357536],[72.85000000026724,18.883333332959186],[72.85000000005839,18.8999999999458],[72.86666666645763,18.90000000026187]]]}},{"type":"Feature","properties":{"layer":"DD_43","label":"AAI airport height NOC","confidence":"confirmed","AIRPORT":" ","NAME":"X7","PERMISSIBL":150},"geometry":{"type":"Polygon","coordinates":[[[72.78333333359,18.89999999996137],[72.78333333353481,18.88333333306506],[72.76666666629428,18.883333332914937],[72.7666666666843,18.899999999917515],[72.78333333359,18.89999999996137]]]}},{"type":"Feature","properties":{"layer":"DD_43","label":"AAI airport height NOC","confidence":"confirmed","AIRPORT":" ","NAME":"X6","PERMISSIBL":150},"geometry":{"type":"Polygon","coordinates":[[[72.7666666666843,18.899999999917515],[72.76666666629428,18.883333332914937],[72.74999999954977,18.883333333547704],[72.75000000019475,18.9000000004348],[72.7666666666843,18.899999999917515]]]}},{"type":"Feature","properties":{"layer":"DD_43","label":"AAI airport height NOC","confidence":"confirmed","AIRPORT":" ","NAME":"W33","PERMISSIBL":150},"geometry":{"type":"Polygon","coordinates":[[[73.21666666654372,18.916666667078385],[73.21666666656533,18.899999999700576],[73.1999999995901,18.90000000034268],[73.2000000004484,18.91666666638818],[73.21666666654372,18.916666667078385]]]}},{"type":"Feature","properties":{"layer":"DD_43","label":"AAI airport height NOC","confidence":"confirmed","AIRPORT":" ","NAME":"W30","PERMISSIBL":150},"geometry":{"type":"Polygon","coordinates":[[[73.16666666632223,18.916666666705662],[73.16666666678374,18.900000000399473],[73.15000000035309,18.89999999968643],[73.14999999959824,18.91666666670056],[73.16666666632223,18.916666666705662]]]}},{"type":"Feature","properties":{"layer":"DD_43","label":"AAI airport height NOC","confidence":"confirmed","AIRPORT":" ","NAME":"W29","PERMISSIBL":150},"geometry":{"type":"Polygon","coordinates":[[[73.14999999959824,18.91666666670056],[73.15000000035309,18.89999999968643],[73.13333333316812,18.900000000196197],[73.13333333301273,18.916666666804247],[73.14999999959824,18.91666666670056]]]}},{"type":"Feature","properties":{"layer":"DD_43","label":"AAI airport height NOC","confidence":"confirmed","AIRPORT":" ","NAME":"W24","PERMISSIBL":150},"geometry":{"type":"Polygon","coordinates":[[[73.06666666679321,18.916666667037383],[73.06666666717294,18.899999999759125],[73.04999999984675,18.900000000051342],[73.0499999997166,18.916666666725305],[73.06666666679321,18.916666667037383]]]}},{"type":"Feature","properties":{"layer":"DD_43","label":"AAI airport height NOC","confidence":"confirmed","AIRPORT":" ","NAME":"W4","PERMISSIBL":150},"geometry":{"type":"Polygon","coordinates":[[[72.73333333289774,18.916666666270284],[72.7333333333725,18.8999999996225],[72.71666666635706,18.900000000115984],[72.71666666646547,18.916666666279532],[72.73333333289774,18.916666666270284]]]}},{"type":"Feature","properties":{"layer":"DD_43","label":"AAI airport height NOC","confidence":"confirmed","AIRPORT":" ","NAME":"W3","PERMISSIBL":150},"geometry":{"type":"Polygon","coordinates":[[[72.71666666646547,18.916666666279532],[72.71666666635706,18.900000000115984],[72.70000000029745,18.900000000046546],[72.69999999994629,18.91666666639585],[72.71666666646547,18.916666666279532]]]}},{"type":"Feature","properties":{"layer":"DD_43","label":"AAI airport height NOC","confidence":"confirmed","AIRPORT":" ","NAME":"W2","PERMISSIBL":150},"geometry":{"type":"Polygon","coordinates":[[[72.69999999994629,18.91666666639585],[72.70000000029745,18.900000000046546],[72.68333333345977,18.90000000021902],[72.68333333351553,18.91666666654432],[72.69999999994629,18.91666666639585]]]}},{"type":"Feature","properties":{"layer":"DD_43","label":"AAI airport height NOC","confidence":"confirmed","AIRPORT":" ","NAME":"V36","PERMISSIBL":150},"geometry":{"type":"Polygon","coordinates":[[[73.26666666645609,18.93333333342656],[73.26666666653193,18.916666666995614],[73.24999999976417,18.916666666872807],[73.25000000029083,18.93333333358302],[73.26666666645609,18.93333333342656]]]}},{"type":"Feature","properties":{"layer":"DD_43","label":"AAI airport height NOC","confidence":"confirmed","AIRPORT":" ","NAME":"V31","PERMISSIBL":150},"geometry":{"type":"Polygon","coordinates":[[[73.1833333334065,18.933333333397528],[73.18333333301067,18.916666666879703],[73.16666666632223,18.916666666705662],[73.16666666699163,18.93333333330857],[73.1833333334065,18.933333333397528]]]}},{"type":"Feature","properties":{"layer":"DD_43","label":"AAI airport height NOC","confidence":"confirmed","AIRPORT":" ","NAME":"V27","PERMISSIBL":150},"geometry":{"type":"Polygon","coordinates":[[[73.11666666687465,18.933333333389943],[73.11666666673985,18.916666666956075],[73.10000000000461,18.916666667085256],[73.10000000013683,18.93333333362855],[73.11666666687465,18.933333333389943]]]}},{"type":"Feature","properties":{"layer":"DD_43","label":"AAI airport height NOC","confidence":"confirmed","AIRPORT":" ","NAME":"V16","PERMISSIBL":150},"geometry":{"type":"Polygon","coordinates":[[[72.93333333301878,18.933333333098364],[72.93333333308173,18.916666666679774],[72.91666666702238,18.916666666816624],[72.91666666709261,18.93333333364397],[72.93333333301878,18.933333333098364]]]}},{"type":"Feature","properties":{"layer":"DD_43","label":"AAI airport height NOC","confidence":"confirmed","AIRPORT":" ","NAME":"U36","PERMISSIBL":150},"geometry":{"type":"Polygon","coordinates":[[[73.26666666647428,18.94999999979931],[73.26666666645609,18.93333333342656],[73.25000000029083,18.93333333358302],[73.25000000045414,18.95000000028352],[73.26666666647428,18.94999999979931]]]}},{"type":"Feature","properties":{"layer":"DD_43","label":"AAI airport height NOC","confidence":"confirmed","AIRPORT":" ","NAME":"U27","PERMISSIBL":60},"geometry":{"type":"Polygon","coordinates":[[[73.11666666678207,18.950000000255937],[73.11666666687465,18.933333333389943],[73.10000000013683,18.93333333362855],[73.09999999959395,18.94999999975341],[73.11666666678207,18.950000000255937]]]}},{"type":"Feature","properties":{"layer":"DD_43","label":"AAI airport height NOC","confidence":"confirmed","AIRPORT":" ","NAME":"U10","PERMISSIBL":150},"geometry":{"type":"Polygon","coordinates":[[[72.83333333294351,18.94999999994558],[72.83333333376468,18.93333333290674],[72.81666666641777,18.933333333372794],[72.81666666671272,18.94999999958055],[72.83333333294351,18.94999999994558]]]}},{"type":"Feature","properties":{"layer":"DD_43","label":"AAI airport height NOC","confidence":"confirmed","AIRPORT":" ","NAME":"T20","PERMISSIBL":50},"geometry":{"type":"Polygon","coordinates":[[[73.00000000040389,18.966666666846862],[73.00000000007566,18.9499999998637],[72.98333333349204,18.94999999978472],[72.98333333335145,18.96666666636296],[73.00000000040389,18.966666666846862]]]}},{"type":"Feature","properties":{"layer":"DD_43","label":"AAI airport height NOC","confidence":"confirmed","AIRPORT":" ","NAME":"S31","PERMISSIBL":150},"geometry":{"type":"Polygon","coordinates":[[[73.18333333289311,18.983333333210343],[73.18333333332814,18.966666667034556],[73.16666666704678,18.96666666637427],[73.16666666645222,18.983333333700337],[73.18333333289311,18.983333333210343]]]}},{"type":"Feature","properties":{"layer":"DD_43","label":"AAI airport height NOC","confidence":"confirmed","AIRPORT":" ","NAME":"S25","PERMISSIBL":0},"geometry":{"type":"Polygon","coordinates":[[[73.08333333310611,18.98333333336863],[73.08333333356956,18.966666666255243],[73.0666666665187,18.966666667149298],[73.06666666645154,18.983333333209895],[73.08333333310611,18.98333333336863]]]}},{"type":"Feature","properties":{"layer":"DD_43","label":"AAI airport height NOC","confidence":"confirmed","AIRPORT":" ","NAME":"S24","PERMISSIBL":0},"geometry":{"type":"Polygon","coordinates":[[[73.06666666645154,18.983333333209895],[73.0666666665187,18.966666667149298],[73.05000000028035,18.966666666282034],[73.04999999956988,18.98333333286801],[73.06666666645154,18.983333333209895]]]}},{"type":"Feature","properties":{"layer":"DD_43","label":"AAI airport height NOC","confidence":"confirmed","AIRPORT":" ","NAME":"S19","PERMISSIBL":75},"geometry":{"type":"Polygon","coordinates":[[[72.98333333315927,18.98333333290554],[72.98333333335145,18.96666666636296],[72.96666666699367,18.966666666494508],[72.96666666674078,18.983333333383072],[72.98333333315927,18.98333333290554]]]}},{"type":"Feature","properties":{"layer":"DD_43","label":"AAI airport height NOC","confidence":"confirmed","AIRPORT":" ","NAME":"S14","PERMISSIBL":150},"geometry":{"type":"Polygon","coordinates":[[[72.90000000034436,18.983333333297477],[72.89999999968859,18.966666666287825],[72.8833333337217,18.966666666623347],[72.88333333299664,18.98333333287427],[72.90000000034436,18.983333333297477]]]}},{"type":"Feature","properties":{"layer":"DD_43","label":"AAI airport height NOC","confidence":"confirmed","AIRPORT":" ","NAME":"S6","PERMISSIBL":150},"geometry":{"type":"Polygon","coordinates":[[[72.76666666716501,18.98333333328861],[72.76666666657545,18.966666666587408],[72.75000000032355,18.966666666409882],[72.7499999998221,18.983333333319486],[72.76666666716501,18.98333333328861]]]}},{"type":"Feature","properties":{"layer":"DD_43","label":"AAI airport height NOC","confidence":"confirmed","AIRPORT":" ","NAME":"S1","PERMISSIBL":150},"geometry":{"type":"Polygon","coordinates":[[[72.68333333303396,18.98333333287533],[72.68333333302998,18.966666666353444],[72.66666666696473,18.966666667037988],[72.66666666640478,18.983333333585673],[72.68333333303396,18.98333333287533]]]}},{"type":"Feature","properties":{"layer":"DD_43","label":"AAI airport height NOC","confidence":"confirmed","AIRPORT":" ","NAME":"R35","PERMISSIBL":150},"geometry":{"type":"Polygon","coordinates":[[[73.24999999985502,19.000000000133547],[73.24999999974727,18.983333333574514],[73.23333333339728,18.983333333561372],[73.23333333316505,19.000000000385345],[73.24999999985502,19.000000000133547]]]}},{"type":"Feature","properties":{"layer":"DD_43","label":"AAI airport height NOC","confidence":"confirmed","AIRPORT":" ","NAME":"R28","PERMISSIBL":50},"geometry":{"type":"Polygon","coordinates":[[[73.13333333298024,18.999999999995115],[73.13333333283683,18.983333333403237],[73.11666666694536,18.983333333407906],[73.11666666628244,18.999999999644515],[73.13333333298024,18.999999999995115]]]}},{"type":"Feature","properties":{"layer":"DD_43","label":"AAI airport height NOC","confidence":"confirmed","AIRPORT":" ","NAME":"R23","PERMISSIBL":0},"geometry":{"type":"Polygon","coordinates":[[[73.04999999969556,19.000000000070216],[73.04999999956988,18.98333333286801],[73.03333333357205,18.983333333192697],[73.0333333334866,18.999999999863302],[73.04999999969556,19.000000000070216]]]}},{"type":"Feature","properties":{"layer":"DD_43","label":"AAI airport height NOC","confidence":"confirmed","AIRPORT":" ","NAME":"R22","PERMISSIBL":0},"geometry":{"type":"Polygon","coordinates":[[[73.0333333334866,18.999999999863302],[73.03333333357205,18.983333333192697],[73.01666666674153,18.983333333196526],[73.01666666636366,19.00000000002075],[73.0333333334866,18.999999999863302]]]}},{"type":"Feature","properties":{"layer":"DD_43","label":"AAI airport height NOC","confidence":"confirmed","AIRPORT":" ","NAME":"R20","PERMISSIBL":50},"geometry":{"type":"Polygon","coordinates":[[[73.00000000040805,18.999999999594902],[73.00000000018919,18.983333333728112],[72.98333333315927,18.98333333290554],[72.98333333292098,19.000000000296264],[73.00000000040805,18.999999999594902]]]}},{"type":"Feature","properties":{"layer":"DD_43","label":"AAI airport height NOC","confidence":"confirmed","AIRPORT":" ","NAME":"R15","PERMISSIBL":135},"geometry":{"type":"Polygon","coordinates":[[[72.91666666644399,18.99999999966528],[72.91666666633866,18.983333332845543],[72.90000000034436,18.983333333297477],[72.89999999963528,18.99999999964658],[72.91666666644399,18.99999999966528]]]}},{"type":"Feature","properties":{"layer":"DD_43","label":"AAI airport height NOC","confidence":"confirmed","AIRPORT":" ","NAME":"R14","PERMISSIBL":150},"geometry":{"type":"Polygon","coordinates":[[[72.89999999963528,18.99999999964658],[72.90000000034436,18.983333333297477],[72.88333333299664,18.98333333287427],[72.88333333327384,19.000000000362252],[72.89999999963528,18.99999999964658]]]}},{"type":"Feature","properties":{"layer":"DD_43","label":"AAI airport height NOC","confidence":"confirmed","AIRPORT":" ","NAME":"R13","PERMISSIBL":150},"geometry":{"type":"Polygon","coordinates":[[[72.88333333327384,19.000000000362252],[72.88333333299664,18.98333333287427],[72.86666666634392,18.98333333333474],[72.86666666660476,18.99999999992616],[72.88333333327384,19.000000000362252]]]}},{"type":"Feature","properties":{"layer":"DD_43","label":"AAI airport height NOC","confidence":"confirmed","AIRPORT":" ","NAME":"R7","PERMISSIBL":150},"geometry":{"type":"Polygon","coordinates":[[[72.78333333343782,18.99999999967645],[72.78333333356265,18.98333333360926],[72.76666666716501,18.98333333328861],[72.76666666652001,18.999999999857053],[72.78333333343782,18.99999999967645]]]}},{"type":"Feature","properties":{"layer":"DD_43","label":"AAI airport height NOC","confidence":"confirmed","AIRPORT":" ","NAME":"R3","PERMISSIBL":150},"geometry":{"type":"Polygon","coordinates":[[[72.71666666695927,19.000000000078522],[72.71666666680082,18.983333333284435],[72.69999999956967,18.983333333046822],[72.69999999982022,19.00000000038154],[72.71666666695927,19.000000000078522]]]}},{"type":"Feature","properties":{"layer":"DD_43","label":"AAI airport height NOC","confidence":"confirmed","AIRPORT":" ","NAME":"Q35","PERMISSIBL":150},"geometry":{"type":"Polygon","coordinates":[[[73.24999999965623,19.01666666660197],[73.24999999985502,19.000000000133547],[73.23333333316505,19.000000000385345],[73.23333333312831,19.016666666273583],[73.24999999965623,19.01666666660197]]]}},{"type":"Feature","properties":{"layer":"DD_43","label":"AAI airport height NOC","confidence":"confirmed","AIRPORT":" ","NAME":"Q27","PERMISSIBL":0},"geometry":{"type":"Polygon","coordinates":[[[73.11666666639273,19.01666666714676],[73.11666666628244,18.999999999644515],[73.09999999971365,18.999999999993538],[73.10000000039162,19.01666666699501],[73.11666666639273,19.01666666714676]]]}},{"type":"Feature","properties":{"layer":"DD_43","label":"AAI airport height NOC","confidence":"confirmed","AIRPORT":" ","NAME":"Q24","PERMISSIBL":0},"geometry":{"type":"Polygon","coordinates":[[[73.06666666641694,19.016666666957455],[73.06666666672888,18.99999999982249],[73.04999999969556,19.000000000070216],[73.04999999973435,19.01666666695575],[73.06666666641694,19.016666666957455]]]}},{"type":"Feature","properties":{"layer":"DD_43","label":"AAI airport height NOC","confidence":"confirmed","AIRPORT":" ","NAME":"Q16","PERMISSIBL":135},"geometry":{"type":"Polygon","coordinates":[[[72.93333333299209,19.016666666752055],[72.93333333353958,18.99999999958368],[72.91666666644399,18.99999999966528],[72.91666666659776,19.016666666660672],[72.93333333299209,19.016666666752055]]]}},{"type":"Feature","properties":{"layer":"DD_43","label":"AAI airport height NOC","confidence":"confirmed","AIRPORT":" ","NAME":"Q7","PERMISSIBL":150},"geometry":{"type":"Polygon","coordinates":[[[72.78333333349254,19.01666666644438],[72.78333333343782,18.99999999967645],[72.76666666652001,18.999999999857053],[72.76666666655734,19.016666666296814],[72.78333333349254,19.01666666644438]]]}},{"type":"Feature","properties":{"layer":"DD_43","label":"AAI airport height NOC","confidence":"confirmed","AIRPORT":" ","NAME":"Q5","PERMISSIBL":150},"geometry":{"type":"Polygon","coordinates":[[[72.75000000040298,19.016666666989885],[72.74999999952593,19.000000000181878],[72.73333333358931,18.99999999968603],[72.73333333332631,19.0166666666209],[72.75000000040298,19.016666666989885]]]}},{"type":"Feature","properties":{"layer":"DD_43","label":"AAI airport height NOC","confidence":"confirmed","AIRPORT":" ","NAME":"Q2","PERMISSIBL":150},"geometry":{"type":"Polygon","coordinates":[[[72.69999999988019,19.01666666694982],[72.69999999982022,19.00000000038154],[72.68333333330646,18.999999999628766],[72.68333333291704,19.01666666658327],[72.69999999988019,19.01666666694982]]]}},{"type":"Feature","properties":{"layer":"DD_43","label":"AAI airport height NOC","confidence":"confirmed","AIRPORT":" ","NAME":"P23","PERMISSIBL":50},"geometry":{"type":"Polygon","coordinates":[[[73.04999999970222,19.033333333504945],[73.05001111513208,19.017575114522362],[73.04290048989346,19.0166666882058],[73.03333333285656,19.016666666271956],[73.03333333358671,19.033333333322446],[73.04999999970222,19.033333333504945]]]}},{"type":"Feature","properties":{"layer":"DD_43","label":"AAI airport height NOC","confidence":"confirmed","AIRPORT":" ","NAME":"P21","PERMISSIBL":50},"geometry":{"type":"Polygon","coordinates":[[[73.01666666641566,19.033333333069848],[73.01666666688273,19.01666666665851],[73.0000000000949,19.01666666712713],[73.00000000024801,19.03333333360591],[73.01666666641566,19.033333333069848]]]}},{"type":"Feature","properties":{"layer":"DD_43","label":"AAI airport height NOC","confidence":"confirmed","AIRPORT":" ","NAME":"P13","PERMISSIBL":115},"geometry":{"type":"Polygon","coordinates":[[[72.88333333317522,19.03333333351043],[72.88333333365557,19.016666666347845],[72.86666666648901,19.016666666880855],[72.86666666697512,19.033333333287576],[72.88333333317522,19.03333333351043]]]}},{"type":"Feature","properties":{"layer":"DD_43","label":"AAI airport height NOC","confidence":"confirmed","AIRPORT":" ","NAME":"P11","PERMISSIBL":115},"geometry":{"type":"Polygon","coordinates":[[[72.85000000046288,19.033333333214255],[72.85000000004808,19.01666666688859],[72.8333333335547,19.016666666289932],[72.83333333285954,19.03333333320904],[72.85000000046288,19.033333333214255]]]}},{"type":"Feature","properties":{"layer":"DD_43","label":"AAI airport height NOC","confidence":"confirmed","AIRPORT":" ","NAME":"P10","PERMISSIBL":115},"geometry":{"type":"Polygon","coordinates":[[[72.83333333285954,19.03333333320904],[72.8333333335547,19.016666666289932],[72.8166666671568,19.016666666820296],[72.81666666623505,19.033333333223275],[72.83333333285954,19.03333333320904]]]}},{"type":"Feature","properties":{"layer":"DD_43","label":"AAI airport height NOC","confidence":"confirmed","AIRPORT":" ","NAME":"P5","PERMISSIBL":150},"geometry":{"type":"Polygon","coordinates":[[[72.74999999962327,19.03333333369012],[72.75000000040298,19.016666666989885],[72.73333333332631,19.0166666666209],[72.73333333284681,19.03333333353426],[72.74999999962327,19.03333333369012]]]}},{"type":"Feature","properties":{"layer":"DD_43","label":"AAI airport height NOC","confidence":"confirmed","AIRPORT":" ","NAME":"P2","PERMISSIBL":150},"geometry":{"type":"Polygon","coordinates":[[[72.69999999975587,19.03333333363614],[72.69999999988019,19.01666666694982],[72.68333333291704,19.01666666658327],[72.68333333283401,19.033333333732255],[72.69999999975587,19.03333333363614]]]}},{"type":"Feature","properties":{"layer":"DD_43","label":"AAI airport height NOC","confidence":"confirmed","AIRPORT":" ","NAME":"O36","PERMISSIBL":150},"geometry":{"type":"Polygon","coordinates":[[[73.26666666645244,19.050000000169025],[73.26666666653271,19.033333333676417],[73.25000000011491,19.033333332968667],[73.25000000028611,19.05000000010773],[73.26666666645244,19.050000000169025]]]}},{"type":"Feature","properties":{"layer":"DD_43","label":"AAI airport height NOC","confidence":"confirmed","AIRPORT":" ","NAME":"O15","PERMISSIBL":50},"geometry":{"type":"Polygon","coordinates":[[[72.91666666713013,19.050000000198388],[72.9166666668283,19.033333332909383],[72.89999999985362,19.03333333306029],[72.89999999986591,19.050000000075734],[72.91666666713013,19.050000000198388]]]}},{"type":"Feature","properties":{"layer":"DD_43","label":"AAI airport height NOC","confidence":"confirmed","AIRPORT":" ","NAME":"O3","PERMISSIBL":150},"geometry":{"type":"Polygon","coordinates":[[[72.71666666715753,19.049999999894847],[72.71666666712512,19.033333332950832],[72.69999999975587,19.03333333363614],[72.70000000041573,19.050000000433712],[72.71666666715753,19.049999999894847]]]}},{"type":"Feature","properties":{"layer":"DD_43","label":"AAI airport height NOC","confidence":"confirmed","AIRPORT":" ","NAME":"N36","PERMISSIBL":150},"geometry":{"type":"Polygon","coordinates":[[[73.26666666656511,19.066666666461742],[73.26666666645244,19.050000000169025],[73.25000000028611,19.05000000010773],[73.25000000019352,19.066666667095667],[73.26666666656511,19.066666666461742]]]}},{"type":"Feature","properties":{"layer":"DD_43","label":"AAI airport height NOC","confidence":"confirmed","AIRPORT":" ","NAME":"N31","PERMISSIBL":150},"geometry":{"type":"Polygon","coordinates":[[[73.18333333294115,19.066666666853052],[73.1833333335322,19.050000000133174],[73.16666666668729,19.0500000003615],[73.16666666651969,19.066666666708414],[73.18333333294115,19.066666666853052]]]}},{"type":"Feature","properties":{"layer":"DD_43","label":"AAI airport height NOC","confidence":"confirmed","AIRPORT":" ","NAME":"N7","PERMISSIBL":115},"geometry":{"type":"Polygon","coordinates":[[[72.78333333306404,19.066666667129187],[72.78333333328753,19.05000000018956],[72.7666666668414,19.049999999595393],[72.76666666712475,19.06666666641667],[72.78333333306404,19.066666667129187]]]}},{"type":"Feature","properties":{"layer":"DD_43","label":"AAI airport height NOC","confidence":"confirmed","AIRPORT":" ","NAME":"N4","PERMISSIBL":135},"geometry":{"type":"Polygon","coordinates":[[[72.73333333322425,19.066666666342154],[72.733333333119,19.050000000419132],[72.71666666715753,19.049999999894847],[72.71666666655213,19.06666666684379],[72.73333333322425,19.066666666342154]]]}},{"type":"Feature","properties":{"layer":"DD_43","label":"AAI airport height NOC","confidence":"confirmed","AIRPORT":" ","NAME":"N2","PERMISSIBL":85},"geometry":{"type":"Polygon","coordinates":[[[72.69999999999182,19.066666666397357],[72.70000000041573,19.050000000433712],[72.68333333308894,19.050000000154192],[72.6833333336884,19.066666666733656],[72.69999999999182,19.066666666397357]]]}},{"type":"Feature","properties":{"layer":"DD_43","label":"AAI airport height NOC","confidence":"confirmed","AIRPORT":" ","NAME":"M24","PERMISSIBL":150},"geometry":{"type":"Polygon","coordinates":[[[73.06666666632262,19.083333333170604],[73.06666666690353,19.06666666683299],[73.05000000042817,19.066666666429086],[73.05000000025775,19.083333333657965],[73.06666666632262,19.083333333170604]]]}},{"type":"Feature","properties":{"layer":"DD_43","label":"AAI airport height NOC","confidence":"confirmed","AIRPORT":" ","NAME":"M23","PERMISSIBL":75},"geometry":{"type":"Polygon","coordinates":[[[73.05000000025775,19.083333333657965],[73.05000000042817,19.066666666429086],[73.03333333352579,19.066666666500353],[73.03333333370598,19.08333333350193],[73.05000000025775,19.083333333657965]]]}},{"type":"Feature","properties":{"layer":"DD_43","label":"AAI airport height NOC","confidence":"confirmed","AIRPORT":" ","NAME":"M17","PERMISSIBL":75},"geometry":{"type":"Polygon","coordinates":[[[72.95000000033987,19.083333333453353],[72.94999999953592,19.066666666303938],[72.93333333363057,19.066666666953115],[72.93333333339015,19.08333333347469],[72.95000000033987,19.083333333453353]]]}},{"type":"Feature","properties":{"layer":"DD_43","label":"AAI airport height NOC","confidence":"confirmed","AIRPORT":" ","NAME":"M16","PERMISSIBL":50},"geometry":{"type":"Polygon","coordinates":[[[72.93333333339015,19.08333333347469],[72.93333333363057,19.066666666953115],[72.91666666659299,19.066666666691443],[72.91666666712237,19.083333333293957],[72.93333333339015,19.08333333347469]]]}},{"type":"Feature","properties":{"layer":"DD_43","label":"AAI airport height NOC","confidence":"confirmed","AIRPORT":" ","NAME":"M14","PERMISSIBL":0},"geometry":{"type":"Polygon","coordinates":[[[72.89999999979396,19.083333333724706],[72.89999999953126,19.066666666364572],[72.88333333355308,19.066666666817813],[72.88333333349632,19.083333332913437],[72.89999999979396,19.083333333724706]]]}},{"type":"Feature","properties":{"layer":"DD_43","label":"AAI airport height NOC","confidence":"confirmed","AIRPORT":" ","NAME":"M10","PERMISSIBL":0},"geometry":{"type":"Polygon","coordinates":[[[72.83333333283933,19.083333333061283],[72.83333333343381,19.066666666624855],[72.81666666686914,19.066666666715196],[72.81666666656142,19.083333333743855],[72.83333333283933,19.083333333061283]]]}},{"type":"Feature","properties":{"layer":"DD_43","label":"AAI airport height NOC","confidence":"confirmed","AIRPORT":" ","NAME":"L36","PERMISSIBL":150},"geometry":{"type":"Polygon","coordinates":[[[73.26666666645735,19.100000000164417],[73.26666666687562,19.083333333437693],[73.24999999986088,19.08333333300898],[73.25000000023373,19.099999999643227],[73.26666666645735,19.100000000164417]]]}},{"type":"Feature","properties":{"layer":"DD_43","label":"AAI airport height NOC","confidence":"confirmed","AIRPORT":" ","NAME":"L20","PERMISSIBL":75},"geometry":{"type":"Polygon","coordinates":[[[73.00000000001222,19.10000000027665],[72.99999999978353,19.083333333711096],[72.98333333371055,19.08333333305305],[72.98333333360733,19.099999999704533],[73.00000000001222,19.10000000027665]]]}},{"type":"Feature","properties":{"layer":"DD_43","label":"AAI airport height NOC","confidence":"confirmed","AIRPORT":" ","NAME":"L18","PERMISSIBL":75},"geometry":{"type":"Polygon","coordinates":[[[72.96666666634488,19.099999999809214],[72.96666666685289,19.083333333286937],[72.95000000033987,19.083333333453353],[72.95000000030392,19.099999999641838],[72.96666666634488,19.099999999809214]]]}},{"type":"Feature","properties":{"layer":"DD_43","label":"AAI airport height NOC","confidence":"confirmed","AIRPORT":" ","NAME":"L11","PERMISSIBL":0},"geometry":{"type":"Polygon","coordinates":[[[72.85000000001997,19.10000000043643],[72.84999999983863,19.083333333555018],[72.83333333283933,19.083333333061283],[72.83333333293942,19.099999999908384],[72.85000000001997,19.10000000043643]]]}},{"type":"Feature","properties":{"layer":"DD_43","label":"AAI airport height NOC","confidence":"confirmed","AIRPORT":" ","NAME":"L7","PERMISSIBL":50},"geometry":{"type":"Polygon","coordinates":[[[72.78333333342785,19.100000000156655],[72.78333333311674,19.08333333288807],[72.76666666626429,19.08333333301117],[72.76666666711579,19.100000000297783],[72.78333333342785,19.100000000156655]]]}},{"type":"Feature","properties":{"layer":"DD_43","label":"AAI airport height NOC","confidence":"confirmed","AIRPORT":" ","NAME":"K34","PERMISSIBL":150},"geometry":{"type":"Polygon","coordinates":[[[73.23333333374745,19.11666666698503],[73.23333333333355,19.099999999916488],[73.2166666668837,19.100000000032107],[73.21666666655506,19.11666666662017],[73.23333333374745,19.11666666698503]]]}},{"type":"Feature","properties":{"layer":"DD_43","label":"AAI airport height NOC","confidence":"confirmed","AIRPORT":" ","NAME":"K33","PERMISSIBL":150},"geometry":{"type":"Polygon","coordinates":[[[73.21666666655506,19.11666666662017],[73.2166666668837,19.100000000032107],[73.20000000010134,19.09999999992263],[73.19999999990637,19.116666666728715],[73.21666666655506,19.11666666662017]]]}},{"type":"Feature","properties":{"layer":"DD_43","label":"AAI airport height NOC","confidence":"confirmed","AIRPORT":" ","NAME":"K25","PERMISSIBL":150},"geometry":{"type":"Polygon","coordinates":[[[73.0833333332342,19.11666666640533],[73.08333333343647,19.10000000044419],[73.06666666713133,19.099999999952082],[73.06666666649515,19.116666667127824],[73.0833333332342,19.11666666640533]]]}},{"type":"Feature","properties":{"layer":"DD_43","label":"AAI airport height NOC","confidence":"confirmed","AIRPORT":" ","NAME":"K21","PERMISSIBL":85},"geometry":{"type":"Polygon","coordinates":[[[73.01666666688604,19.116666666649557],[73.01666666636352,19.09999999979564],[73.00000000001222,19.10000000027665],[72.99999999982846,19.11666666658427],[73.01666666688604,19.116666666649557]]]}},{"type":"Feature","properties":{"layer":"DD_43","label":"AAI airport height NOC","confidence":"confirmed","AIRPORT":" ","NAME":"K4","PERMISSIBL":50},"geometry":{"type":"Polygon","coordinates":[[[72.73333333356311,19.116666666292673],[72.73333333294657,19.09999999974326],[72.7166666663643,19.099999999814237],[72.71666666680721,19.11666666670162],[72.73333333356311,19.116666666292673]]]}},{"type":"Feature","properties":{"layer":"DD_43","label":"AAI airport height NOC","confidence":"confirmed","AIRPORT":" ","NAME":"J14","PERMISSIBL":50},"geometry":{"type":"Polygon","coordinates":[[[72.89999999970303,19.133333332955594],[72.9000000003377,19.1166666670448],[72.88333333294352,19.11666666660232],[72.8833333334439,19.133333333265163],[72.89999999970303,19.133333332955594]]]}},{"type":"Feature","properties":{"layer":"DD_43","label":"AAI airport height NOC","confidence":"confirmed","AIRPORT":" ","NAME":"J5","PERMISSIBL":85},"geometry":{"type":"Polygon","coordinates":[[[72.75000000008986,19.133333332859962],[72.74999999997848,19.116666667072252],[72.73333333356311,19.116666666292673],[72.73333333311244,19.133333333600103],[72.75000000008986,19.133333332859962]]]}},{"type":"Feature","properties":{"layer":"DD_43","label":"AAI airport height NOC","confidence":"confirmed","AIRPORT":" ","NAME":"J3","PERMISSIBL":150},"geometry":{"type":"Polygon","coordinates":[[[72.71666666668716,19.133333333519545],[72.71666666680721,19.11666666670162],[72.69999999990347,19.116666666417974],[72.70000000001913,19.133333333434727],[72.71666666668716,19.133333333519545]]]}},{"type":"Feature","properties":{"layer":"DD_43","label":"AAI airport height NOC","confidence":"confirmed","AIRPORT":" ","NAME":"J1","PERMISSIBL":150},"geometry":{"type":"Polygon","coordinates":[[[72.6833333332758,19.133333333270176],[72.68333333300762,19.116666666269406],[72.66666666627509,19.116666667082992],[72.66666666662475,19.13333333294987],[72.6833333332758,19.133333333270176]]]}},{"type":"Feature","properties":{"layer":"DD_43","label":"AAI airport height NOC","confidence":"confirmed","AIRPORT":" ","NAME":"I27","PERMISSIBL":150},"geometry":{"type":"Polygon","coordinates":[[[73.11666666713181,19.150000000358823],[73.11666666681617,19.133333333448732],[73.09999999956682,19.13333333315957],[73.09999999964371,19.150000000022548],[73.11666666713181,19.150000000358823]]]}},{"type":"Feature","properties":{"layer":"DD_43","label":"AAI airport height NOC","confidence":"confirmed","AIRPORT":" ","NAME":"H35","PERMISSIBL":150},"geometry":{"type":"Polygon","coordinates":[[[73.24999999963133,19.16666666657285],[73.25000000006547,19.15000000000247],[73.23333333356082,19.149999999660714],[73.23333333296988,19.166666667034313],[73.24999999963133,19.16666666657285]]]}},{"type":"Feature","properties":{"layer":"DD_43","label":"AAI airport height NOC","confidence":"confirmed","AIRPORT":" ","NAME":"H32","PERMISSIBL":150},"geometry":{"type":"Polygon","coordinates":[[[73.20000000037793,19.16666666667495],[73.19999999955458,19.150000000120205],[73.1833333333441,19.149999999909983],[73.18333333286637,19.166666666621335],[73.20000000037793,19.16666666667495]]]}},{"type":"Feature","properties":{"layer":"DD_43","label":"AAI airport height NOC","confidence":"confirmed","AIRPORT":" ","NAME":"H27","PERMISSIBL":150},"geometry":{"type":"Polygon","coordinates":[[[73.11666666647977,19.16666666653036],[73.11666666713181,19.150000000358823],[73.09999999964371,19.150000000022548],[73.10000000018701,19.166666667122975],[73.11666666647977,19.16666666653036]]]}},{"type":"Feature","properties":{"layer":"DD_43","label":"AAI airport height NOC","confidence":"confirmed","AIRPORT":" ","NAME":"H21","PERMISSIBL":150},"geometry":{"type":"Polygon","coordinates":[[[73.01666666696318,19.166666666919163],[73.0166666671696,19.15000000023081],[73.00000000016784,19.15000000017487],[72.99999999978444,19.16666666650545],[73.01666666696318,19.166666666919163]]]}},{"type":"Feature","properties":{"layer":"DD_43","label":"AAI airport height NOC","confidence":"confirmed","AIRPORT":" ","NAME":"H16","PERMISSIBL":150},"geometry":{"type":"Polygon","coordinates":[[[72.93333333283611,19.16666666682283],[72.93333333375044,19.15000000043041],[72.91666666694854,19.150000000263596],[72.91666666641756,19.16666666704987],[72.93333333283611,19.16666666682283]]]}},{"type":"Feature","properties":{"layer":"DD_43","label":"AAI airport height NOC","confidence":"confirmed","AIRPORT":" ","NAME":"H9","PERMISSIBL":85},"geometry":{"type":"Polygon","coordinates":[[[72.81666666714995,19.166666666531988],[72.81666666700933,19.150000000054074],[72.79999999982202,19.150000000372422],[72.79999999979363,19.166666666654148],[72.81666666714995,19.166666666531988]]]}},{"type":"Feature","properties":{"layer":"DD_43","label":"AAI airport height NOC","confidence":"confirmed","AIRPORT":" ","NAME":"H8","PERMISSIBL":85},"geometry":{"type":"Polygon","coordinates":[[[72.79999999979363,19.166666666654148],[72.79999999982202,19.150000000372422],[72.78333333338816,19.14999999996143],[72.7833333330992,19.166666666736486],[72.79999999979363,19.166666666654148]]]}},{"type":"Feature","properties":{"layer":"DD_43","label":"AAI airport height NOC","confidence":"confirmed","AIRPORT":" ","NAME":"G35","PERMISSIBL":150},"geometry":{"type":"Polygon","coordinates":[[[73.24999999998438,19.183333332860226],[73.24999999963133,19.16666666657285],[73.23333333296988,19.166666667034313],[73.2333333336702,19.183333333280288],[73.24999999998438,19.183333332860226]]]}},{"type":"Feature","properties":{"layer":"DD_43","label":"AAI airport height NOC","confidence":"confirmed","AIRPORT":" ","NAME":"G33","PERMISSIBL":150},"geometry":{"type":"Polygon","coordinates":[[[73.21666666652676,19.183333333372435],[73.21666666650357,19.166666666485604],[73.20000000037793,19.16666666667495],[73.19999999966922,19.183333333087305],[73.21666666652676,19.183333333372435]]]}},{"type":"Feature","properties":{"layer":"DD_43","label":"AAI airport height NOC","confidence":"confirmed","AIRPORT":" ","NAME":"G20","PERMISSIBL":150},"geometry":{"type":"Polygon","coordinates":[[[72.99999999999378,19.183333333413845],[72.99999999978444,19.16666666650545],[72.98333333318067,19.16666666690354],[72.98333333363426,19.183333333308212],[72.99999999999378,19.183333333413845]]]}},{"type":"Feature","properties":{"layer":"DD_43","label":"AAI airport height NOC","confidence":"confirmed","AIRPORT":" ","NAME":"G12","PERMISSIBL":150},"geometry":{"type":"Polygon","coordinates":[[[72.86666666674111,19.18333333345107],[72.86666666677907,19.166666666589645],[72.85000000033334,19.166666666422653],[72.84999999991605,19.18333333288534],[72.86666666674111,19.18333333345107]]]}},{"type":"Feature","properties":{"layer":"DD_43","label":"AAI airport height NOC","confidence":"confirmed","AIRPORT":" ","NAME":"G9","PERMISSIBL":85},"geometry":{"type":"Polygon","coordinates":[[[72.81666666666673,19.183333333375934],[72.81666666714995,19.166666666531988],[72.79999999979363,19.166666666654148],[72.79999999963425,19.183333333374954],[72.81666666666673,19.183333333375934]]]}},{"type":"Feature","properties":{"layer":"DD_43","label":"AAI airport height NOC","confidence":"confirmed","AIRPORT":" ","NAME":"F28","PERMISSIBL":150},"geometry":{"type":"Polygon","coordinates":[[[73.13333333348062,19.20000000029227],[73.13333333356165,19.18333333326193],[73.11666666676633,19.183333332866347],[73.11666666704625,19.20000000024053],[73.13333333348062,19.20000000029227]]]}},{"type":"Feature","properties":{"layer":"DD_43","label":"AAI airport height NOC","confidence":"confirmed","AIRPORT":" ","NAME":"F21","PERMISSIBL":150},"geometry":{"type":"Polygon","coordinates":[[[73.01666666688588,19.200000000004163],[73.01666666686674,19.18333333321571],[72.99999999999378,19.183333333413845],[72.99999999987277,19.1999999999671],[73.01666666688588,19.200000000004163]]]}},{"type":"Feature","properties":{"layer":"DD_43","label":"AAI airport height NOC","confidence":"confirmed","AIRPORT":" ","NAME":"F16","PERMISSIBL":150},"geometry":{"type":"Polygon","coordinates":[[[72.93333333304298,19.20000000026657],[72.93333333354886,19.18333333315093],[72.91666666706786,19.183333332927273],[72.916666666993,19.199999999661348],[72.93333333304298,19.20000000026657]]]}},{"type":"Feature","properties":{"layer":"DD_43","label":"AAI airport height NOC","confidence":"confirmed","AIRPORT":" ","NAME":"F15","PERMISSIBL":150},"geometry":{"type":"Polygon","coordinates":[[[72.916666666993,19.199999999661348],[72.91666666706786,19.183333332927273],[72.9000000000127,19.183333332945224],[72.90000000028192,19.19999999998878],[72.916666666993,19.199999999661348]]]}},{"type":"Feature","properties":{"layer":"DD_43","label":"AAI airport height NOC","confidence":"confirmed","AIRPORT":" ","NAME":"F10","PERMISSIBL":150},"geometry":{"type":"Polygon","coordinates":[[[72.83333333308137,19.200000000236304],[72.83333333316563,19.18333333318505],[72.81666666666673,19.183333333375934],[72.81666666653999,19.199999999675228],[72.83333333308137,19.200000000236304]]]}},{"type":"Feature","properties":{"layer":"DD_43","label":"AAI airport height NOC","confidence":"confirmed","AIRPORT":" ","NAME":"F4","PERMISSIBL":85},"geometry":{"type":"Polygon","coordinates":[[[72.73333333349674,19.200000000255642],[72.73333333323008,19.18333333365618],[72.71666666693746,19.183333333418133],[72.7166666666536,19.19999999979623],[72.73333333349674,19.200000000255642]]]}},{"type":"Feature","properties":{"layer":"DD_43","label":"AAI airport height NOC","confidence":"confirmed","AIRPORT":" ","NAME":"E26","PERMISSIBL":150},"geometry":{"type":"Polygon","coordinates":[[[73.10000000005006,19.216666666893207],[73.09999999990441,19.20000000012146],[73.08333333316979,19.199999999882476],[73.0833333330828,19.216666666628623],[73.10000000005006,19.216666666893207]]]}},{"type":"Feature","properties":{"layer":"DD_43","label":"AAI airport height NOC","confidence":"confirmed","AIRPORT":" ","NAME":"E24","PERMISSIBL":150},"geometry":{"type":"Polygon","coordinates":[[[73.06666666660676,19.216666666873273],[73.0666666669958,19.20000000036397],[73.0499999996661,19.199999999675928],[73.04999999984499,19.21666666665042],[73.06666666660676,19.216666666873273]]]}},{"type":"Feature","properties":{"layer":"DD_43","label":"AAI airport height NOC","confidence":"confirmed","AIRPORT":" ","NAME":"E17","PERMISSIBL":150},"geometry":{"type":"Polygon","coordinates":[[[72.95000000035863,19.216666666298483],[72.9500000001914,19.20000000008804],[72.93333333304298,19.20000000026657],[72.93333333325923,19.216666666365604],[72.95000000035863,19.216666666298483]]]}},{"type":"Feature","properties":{"layer":"DD_43","label":"AAI airport height NOC","confidence":"confirmed","AIRPORT":" ","NAME":"E1","PERMISSIBL":150},"geometry":{"type":"Polygon","coordinates":[[[72.68333333307031,19.216666666968713],[72.68333333326237,19.199999999862488],[72.66666666704418,19.200000000236418],[72.6666666665442,19.216666666560382],[72.68333333307031,19.216666666968713]]]}},{"type":"Feature","properties":{"layer":"DD_43","label":"AAI airport height NOC","confidence":"confirmed","AIRPORT":" ","NAME":"D35","PERMISSIBL":150},"geometry":{"type":"Polygon","coordinates":[[[73.25000000016891,19.233333333382166],[73.25000000023878,19.216666666284972],[73.23333333325076,19.216666666770795],[73.23333333312047,19.23333333308108],[73.25000000016891,19.233333333382166]]]}},{"type":"Feature","properties":{"layer":"DD_43","label":"AAI airport height NOC","confidence":"confirmed","AIRPORT":" ","NAME":"D33","PERMISSIBL":150},"geometry":{"type":"Polygon","coordinates":[[[73.21666666693302,19.233333333644524],[73.2166666662562,19.2166666665156],[73.20000000035942,19.216666666373555],[73.1999999998865,19.233333333188863],[73.21666666693302,19.233333333644524]]]}},{"type":"Feature","properties":{"layer":"DD_43","label":"AAI airport height NOC","confidence":"confirmed","AIRPORT":" ","NAME":"D29","PERMISSIBL":150},"geometry":{"type":"Polygon","coordinates":[[[73.14999999988383,19.233333333288734],[73.15000000041637,19.216666666833145],[73.13333333293441,19.216666666471948],[73.13333333286887,19.233333333597425],[73.14999999988383,19.233333333288734]]]}},{"type":"Feature","properties":{"layer":"DD_43","label":"AAI airport height NOC","confidence":"confirmed","AIRPORT":" ","NAME":"D17","PERMISSIBL":150},"geometry":{"type":"Polygon","coordinates":[[[72.94999999979795,19.23333333319996],[72.95000000035863,19.216666666298483],[72.93333333325923,19.216666666365604],[72.93333333324149,19.233333333224472],[72.94999999979795,19.23333333319996]]]}},{"type":"Feature","properties":{"layer":"DD_43","label":"AAI airport height NOC","confidence":"confirmed","AIRPORT":" ","NAME":"D12","PERMISSIBL":150},"geometry":{"type":"Polygon","coordinates":[[[72.86666666656559,19.233333333085408],[72.86666666709208,19.216666666723494],[72.85000000002589,19.216666666466875],[72.84999999963794,19.233333333536653],[72.86666666656559,19.233333333085408]]]}},{"type":"Feature","properties":{"layer":"DD_43","label":"AAI airport height NOC","confidence":"confirmed","AIRPORT":" ","NAME":"D3","PERMISSIBL":150},"geometry":{"type":"Polygon","coordinates":[[[72.7166666665861,19.23333333297395],[72.71666666683872,19.216666666926972],[72.70000000020686,19.216666667069486],[72.70000000029422,19.2333333337385],[72.7166666665861,19.23333333297395]]]}},{"type":"Feature","properties":{"layer":"DD_43","label":"AAI airport height NOC","confidence":"confirmed","AIRPORT":" ","NAME":"C36","PERMISSIBL":150},"geometry":{"type":"Polygon","coordinates":[[[73.26666666631027,19.25000000003323],[73.26666666697474,19.233333333693363],[73.25000000016891,19.233333333382166],[73.24999999999325,19.25000000010694],[73.26666666631027,19.25000000003323]]]}},{"type":"Feature","properties":{"layer":"DD_43","label":"AAI airport height NOC","confidence":"confirmed","AIRPORT":" ","NAME":"C35","PERMISSIBL":150},"geometry":{"type":"Polygon","coordinates":[[[73.24999999999325,19.25000000010694],[73.25000000016891,19.233333333382166],[73.23333333312047,19.23333333308108],[73.23333333336996,19.249999999981053],[73.24999999999325,19.25000000010694]]]}},{"type":"Feature","properties":{"layer":"DD_43","label":"AAI airport height NOC","confidence":"confirmed","AIRPORT":" ","NAME":"C33","PERMISSIBL":150},"geometry":{"type":"Polygon","coordinates":[[[73.21666666660224,19.249999999597378],[73.21666666693302,19.233333333644524],[73.1999999998865,19.233333333188863],[73.19999999984213,19.249999999800643],[73.21666666660224,19.249999999597378]]]}},{"type":"Feature","properties":{"layer":"DD_43","label":"AAI airport height NOC","confidence":"confirmed","AIRPORT":" ","NAME":"C29","PERMISSIBL":150},"geometry":{"type":"Polygon","coordinates":[[[73.15000000031378,19.24999999971455],[73.14999999988383,19.233333333288734],[73.13333333286887,19.233333333597425],[73.13333333331998,19.24999999984242],[73.15000000031378,19.24999999971455]]]}},{"type":"Feature","properties":{"layer":"DD_43","label":"AAI airport height NOC","confidence":"confirmed","AIRPORT":" ","NAME":"C8","PERMISSIBL":150},"geometry":{"type":"Polygon","coordinates":[[[72.80000000001081,19.249999999780208],[72.79999999953795,19.233333333285884],[72.78333333296484,19.233333333323618],[72.78333333375382,19.24999999975418],[72.80000000001081,19.249999999780208]]]}},{"type":"Feature","properties":{"layer":"DD_43","label":"AAI airport height NOC","confidence":"confirmed","AIRPORT":" ","NAME":"B23","PERMISSIBL":150},"geometry":{"type":"Polygon","coordinates":[[[73.05000000019153,19.26666666676668],[73.04999999962142,19.249999999758646],[73.03333333331341,19.249999999688114],[73.03333333301134,19.266666667116073],[73.05000000019153,19.26666666676668]]]}},{"type":"Feature","properties":{"layer":"DD_43","label":"AAI airport height NOC","confidence":"confirmed","AIRPORT":" ","NAME":"B14","PERMISSIBL":150},"geometry":{"type":"Polygon","coordinates":[[[72.90000000046349,19.26666666712148],[72.89999999995175,19.250000000164928],[72.8833333336808,19.250000000231353],[72.88333333359498,19.266666666631203],[72.90000000046349,19.26666666712148]]]}},{"type":"Feature","properties":{"layer":"DD_43","label":"AAI airport height NOC","confidence":"confirmed","AIRPORT":" ","NAME":"B13","PERMISSIBL":150},"geometry":{"type":"Polygon","coordinates":[[[72.88333333359498,19.266666666631203],[72.8833333336808,19.250000000231353],[72.8666666668584,19.249999999554912],[72.86666666702577,19.266666667005122],[72.88333333359498,19.266666666631203]]]}},{"type":"Feature","properties":{"layer":"DD_43","label":"AAI airport height NOC","confidence":"confirmed","AIRPORT":" ","NAME":"A36","PERMISSIBL":150},"geometry":{"type":"Polygon","coordinates":[[[73.26666666695176,19.26666666684373],[73.24999999972621,19.266666666439225],[73.25000000032401,19.2833333332714],[73.26666666702087,19.283333333183364],[73.26666666695176,19.26666666684373]]]}},{"type":"Feature","properties":{"layer":"DD_43","label":"AAI airport height NOC","confidence":"confirmed","AIRPORT":" ","NAME":"A25","PERMISSIBL":150},"geometry":{"type":"Polygon","coordinates":[[[73.08333333364239,19.28333333373649],[73.083333333343,19.26666666625769],[73.06666666701557,19.266666667061276],[73.06666666710012,19.28333333363761],[73.08333333364239,19.28333333373649]]]}},{"type":"Feature","properties":{"layer":"DD_43","label":"AAI airport height NOC","confidence":"confirmed","AIRPORT":" ","NAME":"A10","PERMISSIBL":150},"geometry":{"type":"Polygon","coordinates":[[[72.83333333303193,19.283333333723167],[72.83333333357825,19.266666666429085],[72.81666666700065,19.26666666714317],[72.81666666699068,19.283333333123366],[72.83333333303193,19.283333333723167]]]}},{"type":"Feature","properties":{"layer":"DD_43","label":"AAI airport height NOC","confidence":"confirmed","AIRPORT":" ","NAME":"T23","PERMISSIBL":50},"geometry":{"type":"Polygon","coordinates":[[[73.03333333020653,18.966666669862448],[73.03443362175558,18.966666687599055],[73.03869808169823,18.96407863026795],[73.0426334759235,18.96271672210692],[73.04677248290659,18.962111353229737],[73.05000000483712,18.96219142495646],[73.04999999991226,18.95000000031199],[73.03333333013654,18.950000000027178],[73.03333333020653,18.966666669862448]]]}},{"type":"Feature","properties":{"layer":"DD_43","label":"AAI airport height NOC","confidence":"confirmed","AIRPORT":" ","NAME":"CC33","PERMISSIBL":150},"geometry":{"type":"Polygon","coordinates":[[[73.21666666669097,18.816666667146823],[73.21666666625647,18.80000000001481],[73.1999999996764,18.799999999905907],[73.19999999993317,18.81666666627394],[73.21666666669097,18.816666667146823]]]}},{"type":"Feature","properties":{"layer":"DD_43","label":"AAI airport height NOC","confidence":"confirmed","AIRPORT":" ","NAME":"CC32","PERMISSIBL":150},"geometry":{"type":"Polygon","coordinates":[[[73.19999999993317,18.81666666627394],[73.1999999996764,18.799999999905907],[73.18333333318175,18.799999999829307],[73.1833333331775,18.816666667016843],[73.19999999993317,18.81666666627394]]]}},{"type":"Feature","properties":{"layer":"DD_43","label":"AAI airport height NOC","confidence":"confirmed","AIRPORT":" ","NAME":"CC13","PERMISSIBL":150},"geometry":{"type":"Polygon","coordinates":[[[72.88333333297871,18.81666666630754],[72.88333333345679,18.799999999827666],[72.86666666632055,18.799999999945104],[72.86666666705324,18.81666666664076],[72.88333333297871,18.81666666630754]]]}},{"type":"Feature","properties":{"layer":"DD_43","label":"AAI airport height NOC","confidence":"confirmed","AIRPORT":" ","NAME":"CC5","PERMISSIBL":150},"geometry":{"type":"Polygon","coordinates":[[[72.7499999996387,18.81666666686495],[72.75000000024868,18.799999999601667],[72.73333333310117,18.800000000040406],[72.73333333306579,18.816666666629768],[72.7499999996387,18.81666666686495]]]}},{"type":"Feature","properties":{"layer":"DD_43","label":"AAI airport height NOC","confidence":"confirmed","AIRPORT":" ","NAME":"BB27","PERMISSIBL":150},"geometry":{"type":"Polygon","coordinates":[[[73.11666666696685,18.8333333329806],[73.1166666670755,18.816666666866897],[73.10000000023629,18.816666666637236],[73.10000000001715,18.833333333419315],[73.11666666696685,18.8333333329806]]]}},{"type":"Feature","properties":{"layer":"DD_43","label":"AAI airport height NOC","confidence":"confirmed","AIRPORT":" ","NAME":"BB20","PERMISSIBL":150},"geometry":{"type":"Polygon","coordinates":[[[73.00000000015355,18.833333333586992],[72.99999999964392,18.816666666543586],[72.98333333366139,18.816666666441172],[72.98333333356346,18.833333333495037],[73.00000000015355,18.833333333586992]]]}},{"type":"Feature","properties":{"layer":"DD_43","label":"AAI airport height NOC","confidence":"confirmed","AIRPORT":" ","NAME":"BB5","PERMISSIBL":150},"geometry":{"type":"Polygon","coordinates":[[[72.7500000000115,18.833333333377343],[72.7499999996387,18.81666666686495],[72.73333333306579,18.816666666629768],[72.7333333335416,18.83333333343397],[72.7500000000115,18.833333333377343]]]}},{"type":"Feature","properties":{"layer":"DD_43","label":"AAI airport height NOC","confidence":"confirmed","AIRPORT":" ","NAME":"AA28","PERMISSIBL":150},"geometry":{"type":"Polygon","coordinates":[[[73.13333333290618,18.850000000241543],[73.1333333328421,18.83333333361619],[73.11666666696685,18.8333333329806],[73.11666666653934,18.84999999964589],[73.13333333290618,18.850000000241543]]]}},{"type":"Feature","properties":{"layer":"DD_43","label":"AAI airport height NOC","confidence":"confirmed","AIRPORT":" ","NAME":"AA24","PERMISSIBL":150},"geometry":{"type":"Polygon","coordinates":[[[73.06666666701769,18.850000000071294],[73.06666666648941,18.83333333368811],[73.0500000002661,18.8333333333935],[73.05000000002035,18.849999999830167],[73.06666666701769,18.850000000071294]]]}},{"type":"Feature","properties":{"layer":"DD_43","label":"AAI airport height NOC","confidence":"confirmed","AIRPORT":" ","NAME":"AA15","PERMISSIBL":150},"geometry":{"type":"Polygon","coordinates":[[[72.91666666624216,18.849999999712388],[72.9166666667809,18.833333333546435],[72.89999999992506,18.833333332868186],[72.89999999982949,18.849999999813516],[72.91666666624216,18.849999999712388]]]}},{"type":"Feature","properties":{"layer":"DD_43","label":"AAI airport height NOC","confidence":"confirmed","AIRPORT":" ","NAME":"AA13","PERMISSIBL":150},"geometry":{"type":"Polygon","coordinates":[[[72.88333333362544,18.849999999912203],[72.88333333334157,18.833333333313476],[72.86666666628219,18.833333332996542],[72.86666666685863,18.849999999928933],[72.88333333362544,18.849999999912203]]]}},{"type":"Feature","properties":{"layer":"DD_43","label":"AAI airport height NOC","confidence":"confirmed","AIRPORT":" ","NAME":"AA7","PERMISSIBL":150},"geometry":{"type":"Polygon","coordinates":[[[72.78333333358972,18.84999999998389],[72.78333333367571,18.833333332933783],[72.76666666647012,18.83333333288147],[72.76666666714794,18.849999999840982],[72.78333333358972,18.84999999998389]]]}},{"type":"Feature","properties":{"layer":"DD_43","label":"AAI airport height NOC","confidence":"confirmed","AIRPORT":" ","NAME":"Z28","PERMISSIBL":150},"geometry":{"type":"Polygon","coordinates":[[[73.13333333313493,18.866666666443233],[73.13333333290618,18.850000000241543],[73.11666666653934,18.84999999964589],[73.11666666675698,18.866666666852428],[73.13333333313493,18.866666666443233]]]}},{"type":"Feature","properties":{"layer":"DD_43","label":"AAI airport height NOC","confidence":"confirmed","AIRPORT":" ","NAME":"Z26","PERMISSIBL":150},"geometry":{"type":"Polygon","coordinates":[[[73.10000000012882,18.86666666699806],[73.09999999997956,18.849999999911795],[73.08333333341345,18.85000000007431],[73.08333333342657,18.86666666681845],[73.10000000012882,18.86666666699806]]]}},{"type":"Feature","properties":{"layer":"DD_43","label":"AAI airport height NOC","confidence":"confirmed","AIRPORT":" ","NAME":"Z12","PERMISSIBL":150},"geometry":{"type":"Polygon","coordinates":[[[72.86666666691427,18.86666666649389],[72.86666666685863,18.849999999928933],[72.8499999997064,18.84999999979433],[72.85000000046809,18.866666666540354],[72.86666666691427,18.86666666649389]]]}},{"type":"Feature","properties":{"layer":"DD_43","label":"AAI airport height NOC","confidence":"confirmed","AIRPORT":" ","NAME":"Z8","PERMISSIBL":150},"geometry":{"type":"Polygon","coordinates":[[[72.80000000009265,18.866666666445],[72.7999999995847,18.84999999960991],[72.78333333358972,18.84999999998389],[72.78333333353281,18.86666666700165],[72.80000000009265,18.866666666445]]]}},{"type":"Feature","properties":{"layer":"DD_43","label":"AAI airport height NOC","confidence":"confirmed","AIRPORT":" ","NAME":"Z2","PERMISSIBL":150},"geometry":{"type":"Polygon","coordinates":[[[72.70000000005967,18.866666666305157],[72.70000000036977,18.849999999865116],[72.68333333336243,18.849999999638968],[72.68333333292777,18.866666666741846],[72.70000000005967,18.866666666305157]]]}},{"type":"Feature","properties":{"layer":"DD_43","label":"AAI airport height NOC","confidence":"confirmed","AIRPORT":" ","NAME":"Y20","PERMISSIBL":150},"geometry":{"type":"Polygon","coordinates":[[[72.99999999963202,18.883333333180577],[73.00000000013151,18.8666666669251],[72.98333333284728,18.866666667041546],[72.98333333321042,18.8833333335054],[72.99999999963202,18.883333333180577]]]}},{"type":"Feature","properties":{"layer":"DD_43","label":"AAI airport height NOC","confidence":"confirmed","AIRPORT":" ","NAME":"Y19","PERMISSIBL":150},"geometry":{"type":"Polygon","coordinates":[[[72.98333333321042,18.8833333335054],[72.98333333284728,18.866666667041546],[72.96666666672273,18.866666666386173],[72.96666666691681,18.883333333729734],[72.98333333321042,18.8833333335054]]]}},{"type":"Feature","properties":{"layer":"DD_43","label":"AAI airport height NOC","confidence":"confirmed","AIRPORT":" ","NAME":"Y18","PERMISSIBL":150},"geometry":{"type":"Polygon","coordinates":[[[72.96666666691681,18.883333333729734],[72.96666666672273,18.866666666386173],[72.95000000001501,18.866666666678782],[72.94999999998913,18.88333333287387],[72.96666666691681,18.883333333729734]]]}},{"type":"Feature","properties":{"layer":"DD_43","label":"AAI airport height NOC","confidence":"confirmed","AIRPORT":" ","NAME":"Y17","PERMISSIBL":150},"geometry":{"type":"Polygon","coordinates":[[[72.94999999998913,18.88333333287387],[72.95000000001501,18.866666666678782],[72.93333333291133,18.866666666949435],[72.93333333351919,18.883333333591214],[72.94999999998913,18.88333333287387]]]}},{"type":"Feature","properties":{"layer":"DD_43","label":"AAI airport height NOC","confidence":"confirmed","AIRPORT":" ","NAME":"X34","PERMISSIBL":150},"geometry":{"type":"Polygon","coordinates":[[[73.23333333304679,18.899999999624715],[73.2333333331435,18.883333333020786],[73.21666666716848,18.883333333373255],[73.21666666656533,18.899999999700576],[73.23333333304679,18.899999999624715]]]}},{"type":"Feature","properties":{"layer":"DD_43","label":"AAI airport height NOC","confidence":"confirmed","AIRPORT":" ","NAME":"X33","PERMISSIBL":150},"geometry":{"type":"Polygon","coordinates":[[[73.21666666656533,18.899999999700576],[73.21666666716848,18.883333333373255],[73.19999999982404,18.88333333360008],[73.1999999995901,18.90000000034268],[73.21666666656533,18.899999999700576]]]}},{"type":"Feature","properties":{"layer":"DD_43","label":"AAI airport height NOC","confidence":"confirmed","AIRPORT":" ","NAME":"X26","PERMISSIBL":150},"geometry":{"type":"Polygon","coordinates":[[[73.10000000013106,18.900000000153018],[73.0999999995416,18.88333333374529],[73.08333333319383,18.883333333286263],[73.08333333366947,18.900000000370948],[73.10000000013106,18.900000000153018]]]}},{"type":"Feature","properties":{"layer":"DD_43","label":"AAI airport height NOC","confidence":"confirmed","AIRPORT":" ","NAME":"X24","PERMISSIBL":150},"geometry":{"type":"Polygon","coordinates":[[[73.06666666717294,18.899999999759125],[73.06666666686942,18.883333333121662],[73.04999999979486,18.883333333178797],[73.04999999984675,18.900000000051342],[73.06666666717294,18.899999999759125]]]}},{"type":"Feature","properties":{"layer":"DD_43","label":"AAI airport height NOC","confidence":"confirmed","AIRPORT":" ","NAME":"X16","PERMISSIBL":150},"geometry":{"type":"Polygon","coordinates":[[[72.93333333357783,18.899999999572326],[72.93333333351919,18.883333333591214],[72.91666666676703,18.883333333094537],[72.91666666691576,18.90000000026145],[72.93333333357783,18.899999999572326]]]}},{"type":"Feature","properties":{"layer":"DD_43","label":"AAI airport height NOC","confidence":"confirmed","AIRPORT":" ","NAME":"X2","PERMISSIBL":150},"geometry":{"type":"Polygon","coordinates":[[[72.70000000029745,18.900000000046546],[72.70000000034555,18.883333333042426],[72.6833333335905,18.883333333314923],[72.68333333345977,18.90000000021902],[72.70000000029745,18.900000000046546]]]}},{"type":"Feature","properties":{"layer":"DD_43","label":"AAI airport height NOC","confidence":"confirmed","AIRPORT":" ","NAME":"W23","PERMISSIBL":150},"geometry":{"type":"Polygon","coordinates":[[[73.0499999997166,18.916666666725305],[73.04999999984675,18.900000000051342],[73.03333333282511,18.900000000290788],[73.0333333328644,18.916666667043273],[73.0499999997166,18.916666666725305]]]}},{"type":"Feature","properties":{"layer":"DD_43","label":"AAI airport height NOC","confidence":"confirmed","AIRPORT":" ","NAME":"W13","PERMISSIBL":150},"geometry":{"type":"Polygon","coordinates":[[[72.88333333330803,18.916666666355585],[72.88333333319152,18.89999999977162],[72.86666666645763,18.90000000026187],[72.8666666669403,18.916666666534308],[72.88333333330803,18.916666666355585]]]}},{"type":"Feature","properties":{"layer":"DD_43","label":"AAI airport height NOC","confidence":"confirmed","AIRPORT":" ","NAME":"V34","PERMISSIBL":150},"geometry":{"type":"Polygon","coordinates":[[[73.23333333316697,18.93333333307835],[73.23333333304984,18.916666666317305],[73.21666666654372,18.916666667078385],[73.21666666713742,18.933333333679833],[73.23333333316697,18.93333333307835]]]}},{"type":"Feature","properties":{"layer":"DD_43","label":"AAI airport height NOC","confidence":"confirmed","AIRPORT":" ","NAME":"V29","PERMISSIBL":150},"geometry":{"type":"Polygon","coordinates":[[[73.15000000047557,18.933333333168907],[73.14999999959824,18.91666666670056],[73.13333333301273,18.916666666804247],[73.1333333330826,18.93333333290884],[73.15000000047557,18.933333333168907]]]}},{"type":"Feature","properties":{"layer":"DD_43","label":"AAI airport height NOC","confidence":"confirmed","AIRPORT":" ","NAME":"V19","PERMISSIBL":135},"geometry":{"type":"Polygon","coordinates":[[[72.9833333335646,18.933333333190372],[72.98333333355276,18.91666666659933],[72.96666666651608,18.916666666955834],[72.96666666689234,18.93333333371305],[72.9833333335646,18.933333333190372]]]}},{"type":"Feature","properties":{"layer":"DD_43","label":"AAI airport height NOC","confidence":"confirmed","AIRPORT":" ","NAME":"V6","PERMISSIBL":150},"geometry":{"type":"Polygon","coordinates":[[[72.76666666636639,18.933333332919183],[72.76666666669831,18.916666666892894],[72.75000000001674,18.916666666454006],[72.74999999995855,18.933333333404168],[72.76666666636639,18.933333332919183]]]}},{"type":"Feature","properties":{"layer":"DD_43","label":"AAI airport height NOC","confidence":"confirmed","AIRPORT":" ","NAME":"V5","PERMISSIBL":150},"geometry":{"type":"Polygon","coordinates":[[[72.74999999995855,18.933333333404168],[72.75000000001674,18.916666666454006],[72.73333333289774,18.916666666270284],[72.7333333330447,18.93333333302044],[72.74999999995855,18.933333333404168]]]}},{"type":"Feature","properties":{"layer":"DD_43","label":"AAI airport height NOC","confidence":"confirmed","AIRPORT":" ","NAME":"V4","PERMISSIBL":150},"geometry":{"type":"Polygon","coordinates":[[[72.7333333330447,18.93333333302044],[72.73333333289774,18.916666666270284],[72.71666666646547,18.916666666279532],[72.71666666672422,18.93333333351191],[72.7333333330447,18.93333333302044]]]}},{"type":"Feature","properties":{"layer":"DD_43","label":"AAI airport height NOC","confidence":"confirmed","AIRPORT":" ","NAME":"U29","PERMISSIBL":150},"geometry":{"type":"Polygon","coordinates":[[[73.15000000014264,18.949999999946442],[73.15000000047557,18.933333333168907],[73.1333333330826,18.93333333290884],[73.13333333337287,18.950000000296622],[73.15000000014264,18.949999999946442]]]}},{"type":"Feature","properties":{"layer":"DD_43","label":"AAI airport height NOC","confidence":"confirmed","AIRPORT":" ","NAME":"U25","PERMISSIBL":50},"geometry":{"type":"Polygon","coordinates":[[[73.08333333292074,18.949999999640145],[73.08333333304286,18.933333333562775],[73.06666666671569,18.933333333140066],[73.06666666693538,18.949999999853915],[73.08333333292074,18.949999999640145]]]}},{"type":"Feature","properties":{"layer":"DD_43","label":"AAI airport height NOC","confidence":"confirmed","AIRPORT":" ","NAME":"U19","PERMISSIBL":115},"geometry":{"type":"Polygon","coordinates":[[[72.98333333349204,18.94999999978472],[72.9833333335646,18.933333333190372],[72.96666666689234,18.93333333371305],[72.96666666673693,18.949999999626836],[72.98333333349204,18.94999999978472]]]}},{"type":"Feature","properties":{"layer":"DD_43","label":"AAI airport height NOC","confidence":"confirmed","AIRPORT":" ","NAME":"U17","PERMISSIBL":135},"geometry":{"type":"Polygon","coordinates":[[[72.9499999999727,18.950000000226932],[72.95000000030572,18.93333333340708],[72.93333333301878,18.933333333098364],[72.9333333333948,18.949999999711935],[72.9499999999727,18.950000000226932]]]}},{"type":"Feature","properties":{"layer":"DD_43","label":"AAI airport height NOC","confidence":"confirmed","AIRPORT":" ","NAME":"U11","PERMISSIBL":150},"geometry":{"type":"Polygon","coordinates":[[[72.84999999961595,18.949999999605463],[72.84999999970945,18.933333333739615],[72.83333333376468,18.93333333290674],[72.83333333294351,18.94999999994558],[72.84999999961595,18.949999999605463]]]}},{"type":"Feature","properties":{"layer":"DD_43","label":"AAI airport height NOC","confidence":"confirmed","AIRPORT":" ","NAME":"T35","PERMISSIBL":150},"geometry":{"type":"Polygon","coordinates":[[[73.25000000026824,18.96666666695411],[73.25000000045414,18.95000000028352],[73.23333333341259,18.949999999887694],[73.2333333328516,18.966666666716055],[73.25000000026824,18.96666666695411]]]}},{"type":"Feature","properties":{"layer":"DD_43","label":"AAI airport height NOC","confidence":"confirmed","AIRPORT":" ","NAME":"T32","PERMISSIBL":150},"geometry":{"type":"Polygon","coordinates":[[[73.20000000016377,18.966666666372046],[73.19999999976655,18.949999999865415],[73.18333333350742,18.950000000122493],[73.18333333332814,18.966666667034556],[73.20000000016377,18.966666666372046]]]}},{"type":"Feature","properties":{"layer":"DD_43","label":"AAI airport height NOC","confidence":"confirmed","AIRPORT":" ","NAME":"T30","PERMISSIBL":150},"geometry":{"type":"Polygon","coordinates":[[[73.16666666704678,18.96666666637427],[73.16666666690847,18.950000000169414],[73.15000000014264,18.949999999946442],[73.14999999956358,18.966666667022608],[73.16666666704678,18.96666666637427]]]}},{"type":"Feature","properties":{"layer":"DD_43","label":"AAI airport height NOC","confidence":"confirmed","AIRPORT":" ","NAME":"T13","PERMISSIBL":150},"geometry":{"type":"Polygon","coordinates":[[[72.8833333337217,18.966666666623347],[72.8833333335559,18.949999999800646],[72.86666666653312,18.95000000043696],[72.86666666663847,18.96666666713665],[72.8833333337217,18.966666666623347]]]}},{"type":"Feature","properties":{"layer":"DD_43","label":"AAI airport height NOC","confidence":"confirmed","AIRPORT":" ","NAME":"T11","PERMISSIBL":150},"geometry":{"type":"Polygon","coordinates":[[[72.84999999957279,18.96666666686582],[72.84999999961595,18.949999999605463],[72.83333333294351,18.94999999994558],[72.83333333363558,18.96666666665505],[72.84999999957279,18.96666666686582]]]}},{"type":"Feature","properties":{"layer":"DD_43","label":"AAI airport height NOC","confidence":"confirmed","AIRPORT":" ","NAME":"T6","PERMISSIBL":150},"geometry":{"type":"Polygon","coordinates":[[[72.76666666657545,18.966666666587408],[72.76666666663172,18.94999999979515],[72.75000000005065,18.95000000036339],[72.75000000032355,18.966666666409882],[72.76666666657545,18.966666666587408]]]}},{"type":"Feature","properties":{"layer":"DD_43","label":"AAI airport height NOC","confidence":"confirmed","AIRPORT":" ","NAME":"T1","PERMISSIBL":150},"geometry":{"type":"Polygon","coordinates":[[[72.68333333302998,18.966666666353444],[72.68333333327554,18.950000000081616],[72.66666666637855,18.949999999890313],[72.66666666696473,18.966666667037988],[72.68333333302998,18.966666666353444]]]}},{"type":"Feature","properties":{"layer":"DD_43","label":"AAI airport height NOC","confidence":"confirmed","AIRPORT":" ","NAME":"S36","PERMISSIBL":150},"geometry":{"type":"Polygon","coordinates":[[[73.2666666668398,18.983333333192455],[73.26666666659125,18.96666666699692],[73.25000000026824,18.96666666695411],[73.24999999974727,18.983333333574514],[73.2666666668398,18.983333333192455]]]}},{"type":"Feature","properties":{"layer":"DD_43","label":"AAI airport height NOC","confidence":"confirmed","AIRPORT":" ","NAME":"S32","PERMISSIBL":150},"geometry":{"type":"Polygon","coordinates":[[[73.19999999980351,18.98333333298605],[73.20000000016377,18.966666666372046],[73.18333333332814,18.966666667034556],[73.18333333289311,18.983333333210343],[73.19999999980351,18.98333333298605]]]}},{"type":"Feature","properties":{"layer":"DD_43","label":"AAI airport height NOC","confidence":"confirmed","AIRPORT":" ","NAME":"S29","PERMISSIBL":85},"geometry":{"type":"Polygon","coordinates":[[[73.14999999971285,18.983333333483667],[73.14999999956358,18.966666667022608],[73.13333333296944,18.96666666713155],[73.13333333283683,18.983333333403237],[73.14999999971285,18.983333333483667]]]}},{"type":"Feature","properties":{"layer":"DD_43","label":"AAI airport height NOC","confidence":"confirmed","AIRPORT":" ","NAME":"S22","PERMISSIBL":0},"geometry":{"type":"Polygon","coordinates":[[[73.03333333357205,18.983333333192697],[73.03333333309702,18.966666666279757],[73.01666666703979,18.96666666709846],[73.01666666674153,18.983333333196526],[73.03333333357205,18.983333333192697]]]}},{"type":"Feature","properties":{"layer":"DD_43","label":"AAI airport height NOC","confidence":"confirmed","AIRPORT":" ","NAME":"R34","PERMISSIBL":135},"geometry":{"type":"Polygon","coordinates":[[[73.23333333316505,19.000000000385345],[73.23333333339728,18.983333333561372],[73.2166666670119,18.983333333086527],[73.21666666637617,18.999999999957968],[73.23333333316505,19.000000000385345]]]}},{"type":"Feature","properties":{"layer":"DD_43","label":"AAI airport height NOC","confidence":"confirmed","AIRPORT":" ","NAME":"R16","PERMISSIBL":135},"geometry":{"type":"Polygon","coordinates":[[[72.93333333353958,18.99999999958368],[72.93333333363285,18.983333333425524],[72.91666666633866,18.983333332845543],[72.91666666644399,18.99999999966528],[72.93333333353958,18.99999999958368]]]}},{"type":"Feature","properties":{"layer":"DD_43","label":"AAI airport height NOC","confidence":"confirmed","AIRPORT":" ","NAME":"Q36","PERMISSIBL":150},"geometry":{"type":"Polygon","coordinates":[[[73.26666666679178,19.01666666700412],[73.26666666626572,19.000000000163457],[73.24999999985502,19.000000000133547],[73.24999999965623,19.01666666660197],[73.26666666679178,19.01666666700412]]]}},{"type":"Feature","properties":{"layer":"DD_43","label":"AAI airport height NOC","confidence":"confirmed","AIRPORT":" ","NAME":"Q29","PERMISSIBL":85},"geometry":{"type":"Polygon","coordinates":[[[73.15000000033815,19.016666666268268],[73.14999999964616,19.000000000203457],[73.13333333298024,18.999999999995115],[73.13333333341504,19.01666666688728],[73.15000000033815,19.016666666268268]]]}},{"type":"Feature","properties":{"layer":"DD_43","label":"AAI airport height NOC","confidence":"confirmed","AIRPORT":" ","NAME":"Q4","PERMISSIBL":150},"geometry":{"type":"Polygon","coordinates":[[[72.73333333332631,19.0166666666209],[72.73333333358931,18.99999999968603],[72.71666666695927,19.000000000078522],[72.71666666642408,19.016666666933396],[72.73333333332631,19.0166666666209]]]}},{"type":"Feature","properties":{"layer":"DD_43","label":"AAI airport height NOC","confidence":"confirmed","AIRPORT":" ","NAME":"Q1","PERMISSIBL":150},"geometry":{"type":"Polygon","coordinates":[[[72.68333333291704,19.01666666658327],[72.68333333330646,18.999999999628766],[72.66666666660352,19.00000000044182],[72.66666666664341,19.016666666672922],[72.68333333291704,19.01666666658327]]]}},{"type":"Feature","properties":{"layer":"DD_43","label":"AAI airport height NOC","confidence":"confirmed","AIRPORT":" ","NAME":"P7","PERMISSIBL":150},"geometry":{"type":"Polygon","coordinates":[[[72.78333333375693,19.033333332991134],[72.78333333349254,19.01666666644438],[72.76666666655734,19.016666666296814],[72.7666666663338,19.033333333480748],[72.78333333375693,19.033333332991134]]]}},{"type":"Feature","properties":{"layer":"DD_43","label":"AAI airport height NOC","confidence":"confirmed","AIRPORT":" ","NAME":"P6","PERMISSIBL":150},"geometry":{"type":"Polygon","coordinates":[[[72.7666666663338,19.033333333480748],[72.76666666655734,19.016666666296814],[72.75000000040298,19.016666666989885],[72.74999999962327,19.03333333369012],[72.7666666663338,19.033333333480748]]]}},{"type":"Feature","properties":{"layer":"DD_43","label":"AAI airport height NOC","confidence":"confirmed","AIRPORT":" ","NAME":"P3","PERMISSIBL":150},"geometry":{"type":"Polygon","coordinates":[[[72.71666666712512,19.033333332950832],[72.71666666642408,19.016666666933396],[72.69999999988019,19.01666666694982],[72.69999999975587,19.03333333363614],[72.71666666712512,19.033333332950832]]]}},{"type":"Feature","properties":{"layer":"DD_43","label":"AAI airport height NOC","confidence":"confirmed","AIRPORT":" ","NAME":"O33","PERMISSIBL":135},"geometry":{"type":"Polygon","coordinates":[[[73.21666666670855,19.0499999997282],[73.21666666716447,19.03333333285638],[73.20000000002118,19.033333333326798],[73.1999999996258,19.05000000019718],[73.21666666670855,19.0499999997282]]]}},{"type":"Feature","properties":{"layer":"DD_43","label":"AAI airport height NOC","confidence":"confirmed","AIRPORT":" ","NAME":"O29","PERMISSIBL":85},"geometry":{"type":"Polygon","coordinates":[[[73.15000000022016,19.049999999928385],[73.14999999988464,19.033333333445725],[73.13333333321674,19.033333333146956],[73.13333333334027,19.04999999966716],[73.15000000022016,19.049999999928385]]]}},{"type":"Feature","properties":{"layer":"DD_43","label":"AAI airport height NOC","confidence":"confirmed","AIRPORT":" ","NAME":"O28","PERMISSIBL":50},"geometry":{"type":"Polygon","coordinates":[[[73.13333333334027,19.04999999966716],[73.13333333321674,19.033333333146956],[73.11666666637254,19.033333333175275],[73.11666666715658,19.05000000042977],[73.13333333334027,19.04999999966716]]]}},{"type":"Feature","properties":{"layer":"DD_43","label":"AAI airport height NOC","confidence":"confirmed","AIRPORT":" ","NAME":"O17","PERMISSIBL":135},"geometry":{"type":"Polygon","coordinates":[[[72.94999999975293,19.050000000040416],[72.95000000004624,19.033333332865183],[72.93333333297915,19.033333333115596],[72.93333333350664,19.049999999558192],[72.94999999975293,19.050000000040416]]]}},{"type":"Feature","properties":{"layer":"DD_43","label":"AAI airport height NOC","confidence":"confirmed","AIRPORT":" ","NAME":"O12","PERMISSIBL":50},"geometry":{"type":"Polygon","coordinates":[[[72.86666666711949,19.050000000019363],[72.86666666697512,19.033333333287576],[72.85000000046288,19.033333333214255],[72.85000000007777,19.0499999999249],[72.86666666711949,19.050000000019363]]]}},{"type":"Feature","properties":{"layer":"DD_43","label":"AAI airport height NOC","confidence":"confirmed","AIRPORT":" ","NAME":"O10","PERMISSIBL":75},"geometry":{"type":"Polygon","coordinates":[[[72.8333333337669,19.049999999703786],[72.83333333285954,19.03333333320904],[72.81666666623505,19.033333333223275],[72.81666666644576,19.050000000166012],[72.8333333337669,19.049999999703786]]]}},{"type":"Feature","properties":{"layer":"DD_43","label":"AAI airport height NOC","confidence":"confirmed","AIRPORT":" ","NAME":"O6","PERMISSIBL":150},"geometry":{"type":"Polygon","coordinates":[[[72.7666666668414,19.049999999595393],[72.7666666663338,19.033333333480748],[72.74999999962327,19.03333333369012],[72.75000000005373,19.05000000029854],[72.7666666668414,19.049999999595393]]]}},{"type":"Feature","properties":{"layer":"DD_43","label":"AAI airport height NOC","confidence":"confirmed","AIRPORT":" ","NAME":"N32","PERMISSIBL":150},"geometry":{"type":"Polygon","coordinates":[[[73.2000000004459,19.066666667093134],[73.1999999996258,19.05000000019718],[73.1833333335322,19.050000000133174],[73.18333333294115,19.066666666853052],[73.2000000004459,19.066666667093134]]]}},{"type":"Feature","properties":{"layer":"DD_43","label":"AAI airport height NOC","confidence":"confirmed","AIRPORT":" ","NAME":"N25","PERMISSIBL":115},"geometry":{"type":"Polygon","coordinates":[[[73.08333333374345,19.066666666882607],[73.08333333285648,19.050000000214965],[73.06666666696854,19.050000000035748],[73.06666666690353,19.06666666683299],[73.08333333374345,19.066666666882607]]]}},{"type":"Feature","properties":{"layer":"DD_43","label":"AAI airport height NOC","confidence":"confirmed","AIRPORT":" ","NAME":"N18","PERMISSIBL":150},"geometry":{"type":"Polygon","coordinates":[[[72.96666666696719,19.066666666649663],[72.96666666667129,19.049999999916796],[72.94999999975293,19.050000000040416],[72.94999999953592,19.066666666303938],[72.96666666696719,19.066666666649663]]]}},{"type":"Feature","properties":{"layer":"DD_43","label":"AAI airport height NOC","confidence":"confirmed","AIRPORT":" ","NAME":"N13","PERMISSIBL":50},"geometry":{"type":"Polygon","coordinates":[[[72.88333333355308,19.066666666817813],[72.88333333377223,19.050000000046357],[72.86666666711949,19.050000000019363],[72.86666666693948,19.066666667057117],[72.88333333355308,19.066666666817813]]]}},{"type":"Feature","properties":{"layer":"DD_43","label":"AAI airport height NOC","confidence":"confirmed","AIRPORT":" ","NAME":"N12","PERMISSIBL":50},"geometry":{"type":"Polygon","coordinates":[[[72.86666666693948,19.066666667057117],[72.86666666711949,19.050000000019363],[72.85000000007777,19.0499999999249],[72.84999999985992,19.06666666701255],[72.86666666693948,19.066666667057117]]]}},{"type":"Feature","properties":{"layer":"DD_43","label":"AAI airport height NOC","confidence":"confirmed","AIRPORT":" ","NAME":"N9","PERMISSIBL":50},"geometry":{"type":"Polygon","coordinates":[[[72.81666666686914,19.066666666715196],[72.81666666644576,19.050000000166012],[72.80000000019567,19.0500000003594],[72.80000000034723,19.06666666630904],[72.81666666686914,19.066666666715196]]]}},{"type":"Feature","properties":{"layer":"DD_43","label":"AAI airport height NOC","confidence":"confirmed","AIRPORT":" ","NAME":"M29","PERMISSIBL":150},"geometry":{"type":"Polygon","coordinates":[[[73.15000000043948,19.083333333410888],[73.15000000040008,19.066666666590084],[73.13333333285098,19.066666666418424],[73.13333333366414,19.0833333334001],[73.15000000043948,19.083333333410888]]]}},{"type":"Feature","properties":{"layer":"DD_43","label":"AAI airport height NOC","confidence":"confirmed","AIRPORT":" ","NAME":"M27","PERMISSIBL":150},"geometry":{"type":"Polygon","coordinates":[[[73.11666666651067,19.083333333069323],[73.11666666688089,19.066666667064496],[73.09999999982894,19.066666666631267],[73.10000000008712,19.083333333269902],[73.11666666651067,19.083333333069323]]]}},{"type":"Feature","properties":{"layer":"DD_43","label":"AAI airport height NOC","confidence":"confirmed","AIRPORT":" ","NAME":"M1","PERMISSIBL":150},"geometry":{"type":"Polygon","coordinates":[[[72.68333333370165,19.083333333440176],[72.6833333336884,19.066666666733656],[72.66666666687452,19.06666666686192],[72.66666666643191,19.083333333117576],[72.68333333370165,19.083333333440176]]]}},{"type":"Feature","properties":{"layer":"DD_43","label":"AAI airport height NOC","confidence":"confirmed","AIRPORT":" ","NAME":"L33","PERMISSIBL":150},"geometry":{"type":"Polygon","coordinates":[[[73.2166666668837,19.100000000032107],[73.21666666702855,19.08333333334071],[73.19999999965594,19.08333333306347],[73.20000000010134,19.09999999992263],[73.2166666668837,19.100000000032107]]]}},{"type":"Feature","properties":{"layer":"DD_43","label":"AAI airport height NOC","confidence":"confirmed","AIRPORT":" ","NAME":"L30","PERMISSIBL":150},"geometry":{"type":"Polygon","coordinates":[[[73.16666666714896,19.099999999704803],[73.16666666666855,19.083333333162805],[73.15000000043948,19.083333333410888],[73.15000000035346,19.10000000037095],[73.16666666714896,19.099999999704803]]]}},{"type":"Feature","properties":{"layer":"DD_43","label":"AAI airport height NOC","confidence":"confirmed","AIRPORT":" ","NAME":"L24","PERMISSIBL":150},"geometry":{"type":"Polygon","coordinates":[[[73.06666666713133,19.099999999952082],[73.06666666632262,19.083333333170604],[73.05000000025775,19.083333333657965],[73.05000000009073,19.099999999568738],[73.06666666713133,19.099999999952082]]]}},{"type":"Feature","properties":{"layer":"DD_43","label":"AAI airport height NOC","confidence":"confirmed","AIRPORT":" ","NAME":"L19","PERMISSIBL":75},"geometry":{"type":"Polygon","coordinates":[[[72.98333333360733,19.099999999704533],[72.98333333371055,19.08333333305305],[72.96666666685289,19.083333333286937],[72.96666666634488,19.099999999809214],[72.98333333360733,19.099999999704533]]]}},{"type":"Feature","properties":{"layer":"DD_43","label":"AAI airport height NOC","confidence":"confirmed","AIRPORT":" ","NAME":"L14","PERMISSIBL":0},"geometry":{"type":"Polygon","coordinates":[[[72.89999999974414,19.10000000031982],[72.89999999979396,19.083333333724706],[72.88333333349632,19.083333332913437],[72.8833333335964,19.10000000012036],[72.89999999974414,19.10000000031982]]]}},{"type":"Feature","properties":{"layer":"DD_43","label":"AAI airport height NOC","confidence":"confirmed","AIRPORT":" ","NAME":"L1","PERMISSIBL":150},"geometry":{"type":"Polygon","coordinates":[[[72.68333333314757,19.100000000255278],[72.68333333370165,19.083333333440176],[72.66666666643191,19.083333333117576],[72.66666666686318,19.09999999957109],[72.68333333314757,19.100000000255278]]]}},{"type":"Feature","properties":{"layer":"DD_43","label":"AAI airport height NOC","confidence":"confirmed","AIRPORT":" ","NAME":"K13","PERMISSIBL":0},"geometry":{"type":"Polygon","coordinates":[[[72.88333333294352,19.11666666660232],[72.8833333335964,19.10000000012036],[72.86666666664894,19.100000000178895],[72.86666666656188,19.116666667127937],[72.88333333294352,19.11666666660232]]]}},{"type":"Feature","properties":{"layer":"DD_43","label":"AAI airport height NOC","confidence":"confirmed","AIRPORT":" ","NAME":"K7","PERMISSIBL":50},"geometry":{"type":"Polygon","coordinates":[[[72.78333333308963,19.11666666709854],[72.78333333342785,19.100000000156655],[72.76666666711579,19.100000000297783],[72.76666666687218,19.11666666641707],[72.78333333308963,19.11666666709854]]]}},{"type":"Feature","properties":{"layer":"DD_43","label":"AAI airport height NOC","confidence":"confirmed","AIRPORT":" ","NAME":"J33","PERMISSIBL":150},"geometry":{"type":"Polygon","coordinates":[[[73.21666666700759,19.13333333309404],[73.21666666655506,19.11666666662017],[73.19999999990637,19.116666666728715],[73.20000000003597,19.133333333470997],[73.21666666700759,19.13333333309404]]]}},{"type":"Feature","properties":{"layer":"DD_43","label":"AAI airport height NOC","confidence":"confirmed","AIRPORT":" ","NAME":"J31","PERMISSIBL":150},"geometry":{"type":"Polygon","coordinates":[[[73.18333333371953,19.133333333145778],[73.18333333302752,19.11666666633924],[73.16666666702581,19.11666666630499],[73.16666666631387,19.133333332943394],[73.18333333371953,19.133333333145778]]]}},{"type":"Feature","properties":{"layer":"DD_43","label":"AAI airport height NOC","confidence":"confirmed","AIRPORT":" ","NAME":"J25","PERMISSIBL":150},"geometry":{"type":"Polygon","coordinates":[[[73.08333333299956,19.133333333600255],[73.0833333332342,19.11666666640533],[73.06666666649515,19.116666667127824],[73.06666666635127,19.133333332891706],[73.08333333299956,19.133333333600255]]]}},{"type":"Feature","properties":{"layer":"DD_43","label":"AAI airport height NOC","confidence":"confirmed","AIRPORT":" ","NAME":"J24","PERMISSIBL":150},"geometry":{"type":"Polygon","coordinates":[[[73.06666666635127,19.133333332891706],[73.06666666649515,19.116666667127824],[73.04999999991139,19.116666666851522],[73.0499999997569,19.133333333680266],[73.06666666635127,19.133333332891706]]]}},{"type":"Feature","properties":{"layer":"DD_43","label":"AAI airport height NOC","confidence":"confirmed","AIRPORT":" ","NAME":"J21","PERMISSIBL":150},"geometry":{"type":"Polygon","coordinates":[[[73.01666666651938,19.13333333315989],[73.01666666688604,19.116666666649557],[72.99999999982846,19.11666666658427],[73.00000000018798,19.13333333352798],[73.01666666651938,19.13333333315989]]]}},{"type":"Feature","properties":{"layer":"DD_43","label":"AAI airport height NOC","confidence":"confirmed","AIRPORT":" ","NAME":"J16","PERMISSIBL":85},"geometry":{"type":"Polygon","coordinates":[[[72.93333333343476,19.133333333057692],[72.93333333375031,19.11666666655156],[72.91666666669951,19.11666666669668],[72.91666666673144,19.133333333469217],[72.93333333343476,19.133333333057692]]]}},{"type":"Feature","properties":{"layer":"DD_43","label":"AAI airport height NOC","confidence":"confirmed","AIRPORT":" ","NAME":"I34","PERMISSIBL":150},"geometry":{"type":"Polygon","coordinates":[[[73.23333333356082,19.149999999660714],[73.233333333508,19.133333332967858],[73.21666666700759,19.13333333309404],[73.21666666634545,19.150000000318595],[73.23333333356082,19.149999999660714]]]}},{"type":"Feature","properties":{"layer":"DD_43","label":"AAI airport height NOC","confidence":"confirmed","AIRPORT":" ","NAME":"I22","PERMISSIBL":150},"geometry":{"type":"Polygon","coordinates":[[[73.0333333337239,19.149999999560453],[73.03333333341459,19.133333333192382],[73.01666666651938,19.13333333315989],[73.0166666671696,19.15000000023081],[73.0333333337239,19.149999999560453]]]}},{"type":"Feature","properties":{"layer":"DD_43","label":"AAI airport height NOC","confidence":"confirmed","AIRPORT":" ","NAME":"I16","PERMISSIBL":150},"geometry":{"type":"Polygon","coordinates":[[[72.93333333375044,19.15000000043041],[72.93333333343476,19.133333333057692],[72.91666666673144,19.133333333469217],[72.91666666694854,19.150000000263596],[72.93333333375044,19.15000000043041]]]}},{"type":"Feature","properties":{"layer":"DD_43","label":"AAI airport height NOC","confidence":"confirmed","AIRPORT":" ","NAME":"I13","PERMISSIBL":50},"geometry":{"type":"Polygon","coordinates":[[[72.88333333321461,19.15000000006794],[72.8833333334439,19.133333333265163],[72.86666666623191,19.133333333403545],[72.86666666661517,19.149999999900785],[72.88333333321461,19.15000000006794]]]}},{"type":"Feature","properties":{"layer":"DD_43","label":"AAI airport height NOC","confidence":"confirmed","AIRPORT":" ","NAME":"I11","PERMISSIBL":50},"geometry":{"type":"Polygon","coordinates":[[[72.85000000009137,19.150000000192783],[72.85000000013451,19.13333333332276],[72.83333333341844,19.133333332930277],[72.83333333287098,19.149999999959054],[72.85000000009137,19.150000000192783]]]}},{"type":"Feature","properties":{"layer":"DD_43","label":"AAI airport height NOC","confidence":"confirmed","AIRPORT":" ","NAME":"I10","PERMISSIBL":50},"geometry":{"type":"Polygon","coordinates":[[[72.83333333287098,19.149999999959054],[72.83333333341844,19.133333332930277],[72.81666666623896,19.133333333057973],[72.81666666700933,19.150000000054074],[72.83333333287098,19.149999999959054]]]}},{"type":"Feature","properties":{"layer":"DD_43","label":"AAI airport height NOC","confidence":"confirmed","AIRPORT":" ","NAME":"H26","PERMISSIBL":150},"geometry":{"type":"Polygon","coordinates":[[[73.10000000018701,19.166666667122975],[73.09999999964371,19.150000000022548],[73.08333333371957,19.15000000021273],[73.08333333349874,19.166666667106497],[73.10000000018701,19.166666667122975]]]}},{"type":"Feature","properties":{"layer":"DD_43","label":"AAI airport height NOC","confidence":"confirmed","AIRPORT":" ","NAME":"H13","PERMISSIBL":135},"geometry":{"type":"Polygon","coordinates":[[[72.88333333322328,19.166666667002506],[72.88333333321461,19.15000000006794],[72.86666666661517,19.149999999900785],[72.86666666677907,19.166666666589645],[72.88333333322328,19.166666667002506]]]}},{"type":"Feature","properties":{"layer":"DD_43","label":"AAI airport height NOC","confidence":"confirmed","AIRPORT":" ","NAME":"H12","PERMISSIBL":135},"geometry":{"type":"Polygon","coordinates":[[[72.86666666677907,19.166666666589645],[72.86666666661517,19.149999999900785],[72.85000000009137,19.150000000192783],[72.85000000033334,19.166666666422653],[72.86666666677907,19.166666666589645]]]}},{"type":"Feature","properties":{"layer":"DD_43","label":"AAI airport height NOC","confidence":"confirmed","AIRPORT":" ","NAME":"G25","PERMISSIBL":150},"geometry":{"type":"Polygon","coordinates":[[[73.0833333333137,19.183333333368555],[73.08333333349874,19.166666667106497],[73.06666666658036,19.166666666417985],[73.0666666669958,19.183333333237922],[73.0833333333137,19.183333333368555]]]}},{"type":"Feature","properties":{"layer":"DD_43","label":"AAI airport height NOC","confidence":"confirmed","AIRPORT":" ","NAME":"G1","PERMISSIBL":150},"geometry":{"type":"Polygon","coordinates":[[[72.68333333300778,19.1833333336387],[72.68333333326314,19.166666666521746],[72.66666666631271,19.16666666685096],[72.6666666666651,19.18333333305447],[72.68333333300778,19.1833333336387]]]}},{"type":"Feature","properties":{"layer":"DD_43","label":"AAI airport height NOC","confidence":"confirmed","AIRPORT":" ","NAME":"F33","PERMISSIBL":150},"geometry":{"type":"Polygon","coordinates":[[[73.21666666643944,19.200000000055777],[73.21666666652676,19.183333333372435],[73.19999999966922,19.183333333087305],[73.20000000028534,19.20000000026859],[73.21666666643944,19.200000000055777]]]}},{"type":"Feature","properties":{"layer":"DD_43","label":"AAI airport height NOC","confidence":"confirmed","AIRPORT":" ","NAME":"F26","PERMISSIBL":150},"geometry":{"type":"Polygon","coordinates":[[[73.09999999990441,19.20000000012146],[73.10000000027219,19.183333333528104],[73.0833333333137,19.183333333368555],[73.08333333316979,19.199999999882476],[73.09999999990441,19.20000000012146]]]}},{"type":"Feature","properties":{"layer":"DD_43","label":"AAI airport height NOC","confidence":"confirmed","AIRPORT":" ","NAME":"F17","PERMISSIBL":150},"geometry":{"type":"Polygon","coordinates":[[[72.9500000001914,19.20000000008804],[72.95000000024132,19.1833333336954],[72.93333333354886,19.18333333315093],[72.93333333304298,19.20000000026657],[72.9500000001914,19.20000000008804]]]}},{"type":"Feature","properties":{"layer":"DD_43","label":"AAI airport height NOC","confidence":"confirmed","AIRPORT":" ","NAME":"E31","PERMISSIBL":150},"geometry":{"type":"Polygon","coordinates":[[[73.18333333287077,19.216666666257527],[73.18333333356546,19.19999999982441],[73.16666666643366,19.199999999566835],[73.16666666679598,19.21666666703926],[73.18333333287077,19.216666666257527]]]}},{"type":"Feature","properties":{"layer":"DD_43","label":"AAI airport height NOC","confidence":"confirmed","AIRPORT":" ","NAME":"E11","PERMISSIBL":150},"geometry":{"type":"Polygon","coordinates":[[[72.85000000002589,19.216666666466875],[72.84999999980762,19.199999999573095],[72.83333333308137,19.200000000236304],[72.83333333287834,19.21666666665146],[72.85000000002589,19.216666666466875]]]}},{"type":"Feature","properties":{"layer":"DD_43","label":"AAI airport height NOC","confidence":"confirmed","AIRPORT":" ","NAME":"E7","PERMISSIBL":105},"geometry":{"type":"Polygon","coordinates":[[[72.78333333357388,19.216666666439252],[72.78333333364897,19.1999999999999],[72.76666666669023,19.1999999998259],[72.76666666680242,19.216666666756254],[72.78333333357388,19.216666666439252]]]}},{"type":"Feature","properties":{"layer":"DD_43","label":"AAI airport height NOC","confidence":"confirmed","AIRPORT":" ","NAME":"E2","PERMISSIBL":150},"geometry":{"type":"Polygon","coordinates":[[[72.70000000020686,19.216666667069486],[72.7000000001623,19.200000000296367],[72.68333333326237,19.199999999862488],[72.68333333307031,19.216666666968713],[72.70000000020686,19.216666667069486]]]}},{"type":"Feature","properties":{"layer":"DD_43","label":"AAI airport height NOC","confidence":"confirmed","AIRPORT":" ","NAME":"D20","PERMISSIBL":150},"geometry":{"type":"Polygon","coordinates":[[[72.99999999963437,19.23333333374728],[73.00000000037767,19.21666666705937],[72.98333333312522,19.216666667019258],[72.98333333315742,19.233333333394214],[72.99999999963437,19.23333333374728]]]}},{"type":"Feature","properties":{"layer":"DD_43","label":"AAI airport height NOC","confidence":"confirmed","AIRPORT":" ","NAME":"D15","PERMISSIBL":150},"geometry":{"type":"Polygon","coordinates":[[[72.91666666667153,19.233333332934993],[72.91666666717207,19.21666666634058],[72.90000000034804,19.21666666703651],[72.90000000023986,19.23333333316618],[72.91666666667153,19.233333332934993]]]}},{"type":"Feature","properties":{"layer":"DD_43","label":"AAI airport height NOC","confidence":"confirmed","AIRPORT":" ","NAME":"C25","PERMISSIBL":150},"geometry":{"type":"Polygon","coordinates":[[[73.08333333315355,19.249999999835858],[73.08333333306861,19.233333333587375],[73.06666666678487,19.233333333659548],[73.06666666660585,19.24999999978988],[73.08333333315355,19.249999999835858]]]}},{"type":"Feature","properties":{"layer":"DD_43","label":"AAI airport height NOC","confidence":"confirmed","AIRPORT":" ","NAME":"B36","PERMISSIBL":150},"geometry":{"type":"Polygon","coordinates":[[[73.26666666695176,19.26666666684373],[73.26666666631027,19.25000000003323],[73.24999999999325,19.25000000010694],[73.24999999972621,19.266666666439225],[73.26666666695176,19.26666666684373]]]}},{"type":"Feature","properties":{"layer":"DD_43","label":"AAI airport height NOC","confidence":"confirmed","AIRPORT":" ","NAME":"B16","PERMISSIBL":150},"geometry":{"type":"Polygon","coordinates":[[[72.93333333355704,19.266666666446106],[72.93333333301806,19.24999999992079],[72.91666666644791,19.250000000339416],[72.91666666654137,19.266666666728412],[72.93333333355704,19.266666666446106]]]}},{"type":"Feature","properties":{"layer":"DD_43","label":"AAI airport height NOC","confidence":"confirmed","AIRPORT":" ","NAME":"B15","PERMISSIBL":150},"geometry":{"type":"Polygon","coordinates":[[[72.91666666654137,19.266666666728412],[72.91666666644791,19.250000000339416],[72.89999999995175,19.250000000164928],[72.90000000046349,19.26666666712148],[72.91666666654137,19.266666666728412]]]}},{"type":"Feature","properties":{"layer":"DD_43","label":"AAI airport height NOC","confidence":"confirmed","AIRPORT":" ","NAME":"B5","PERMISSIBL":150},"geometry":{"type":"Polygon","coordinates":[[[72.74999999953498,19.26666666679527],[72.74999999978007,19.249999999688445],[72.73333333332779,19.25000000041571],[72.73333333364899,19.26666666690122],[72.74999999953498,19.26666666679527]]]}},{"type":"Feature","properties":{"layer":"DD_43","label":"AAI airport height NOC","confidence":"confirmed","AIRPORT":" ","NAME":"B4","PERMISSIBL":150},"geometry":{"type":"Polygon","coordinates":[[[72.73333333364899,19.26666666690122],[72.73333333332779,19.25000000041571],[72.71666666684031,19.24999999973656],[72.71666666668207,19.26666666628138],[72.73333333364899,19.26666666690122]]]}},{"type":"Feature","properties":{"layer":"DD_43","label":"AAI airport height NOC","confidence":"confirmed","AIRPORT":" ","NAME":"A13","PERMISSIBL":150},"geometry":{"type":"Polygon","coordinates":[[[72.88333333291874,19.283333333018497],[72.88333333359498,19.266666666631203],[72.86666666702577,19.266666667005122],[72.86666666710872,19.283333333610766],[72.88333333291874,19.283333333018497]]]}},{"type":"Feature","properties":{"layer":"DD_43","label":"AAI airport height NOC","confidence":"confirmed","AIRPORT":" ","NAME":"A9","PERMISSIBL":150},"geometry":{"type":"Polygon","coordinates":[[[72.81666666699068,19.283333333123366],[72.81666666700065,19.26666666714317],[72.80000000044363,19.266666666619653],[72.79999999991568,19.28333333287093],[72.81666666699068,19.283333333123366]]]}},{"type":"Feature","properties":{"layer":"DD_43","label":"AAI airport height NOC","confidence":"confirmed","AIRPORT":" ","NAME":"A8","PERMISSIBL":150},"geometry":{"type":"Polygon","coordinates":[[[72.79999999991568,19.28333333287093],[72.80000000044363,19.266666666619653],[72.7833333330947,19.266666666580733],[72.7833333329196,19.283333332904594],[72.79999999991568,19.28333333287093]]]}},{"type":"Feature","properties":{"layer":"DD_43","label":"AAI airport height NOC","confidence":"confirmed","AIRPORT":" ","NAME":"A7","PERMISSIBL":150},"geometry":{"type":"Polygon","coordinates":[[[72.7833333329196,19.283333332904594],[72.7833333330947,19.266666666580733],[72.76666666701786,19.26666666697642],[72.76666666711506,19.283333333162933],[72.7833333329196,19.283333332904594]]]}},{"type":"Feature","properties":{"layer":"DD_43","label":"AAI airport height NOC","confidence":"confirmed","AIRPORT":" ","NAME":"A5","PERMISSIBL":150},"geometry":{"type":"Polygon","coordinates":[[[72.74999999981074,19.283333333537488],[72.74999999953498,19.26666666679527],[72.73333333364899,19.26666666690122],[72.73333333308291,19.283333333074296],[72.74999999981074,19.283333333537488]]]}},{"type":"Feature","properties":{"layer":"DD_43","label":"AAI airport height NOC","confidence":"confirmed","AIRPORT":" ","NAME":"A4","PERMISSIBL":150},"geometry":{"type":"Polygon","coordinates":[[[72.73333333308291,19.283333333074296],[72.73333333364899,19.26666666690122],[72.71666666668207,19.26666666628138],[72.71666666706865,19.283333333504856],[72.73333333308291,19.283333333074296]]]}},{"type":"Feature","properties":{"layer":"DD_43","label":"AAI airport height NOC","confidence":"confirmed","AIRPORT":" ","NAME":"P25-1","PERMISSIBL":0},"geometry":{"type":"Polygon","coordinates":[[[73.06669581987614,19.019702173788197],[73.07913635696315,19.021254150382386],[73.08332453949896,19.021167272780662],[73.0833333298429,19.016666669924287],[73.06666667018429,19.016666669706943],[73.06669581987614,19.019702173788197]]]}},{"type":"Feature","properties":{"layer":"DD_43","label":"AAI airport height NOC","confidence":"confirmed","AIRPORT":" ","NAME":"P24-1","PERMISSIBL":0},"geometry":{"type":"Polygon","coordinates":[[[73.05001111513208,19.017575114522362],[73.06669581987614,19.019702173788197],[73.06666667018429,19.016666669706943],[73.04999999970276,19.01666666966547],[73.05001111513208,19.017575114522362]]]}},{"type":"Feature","properties":{"layer":"DD_43","label":"AAI airport height NOC","confidence":"confirmed","AIRPORT":" ","NAME":"T26-1","PERMISSIBL":0},"geometry":{"type":"Polygon","coordinates":[[[73.08333332973066,18.96666666982899],[73.0853538023096,18.96666670090624],[73.08333333410935,18.966409476723115],[73.08333332973066,18.96666666982899]]]}},{"type":"Feature","properties":{"layer":"DD_43","label":"AAI airport height NOC","confidence":"confirmed","AIRPORT":" ","NAME":"CC29","PERMISSIBL":150},"geometry":{"type":"Polygon","coordinates":[[[73.15000000045043,18.816666666790844],[73.15000000020338,18.800000000431194],[73.13333333313753,18.80000000007775],[73.13333333292758,18.816666666587174],[73.15000000045043,18.816666666790844]]]}},{"type":"Feature","properties":{"layer":"DD_43","label":"AAI airport height NOC","confidence":"confirmed","AIRPORT":" ","NAME":"CC20","PERMISSIBL":150},"geometry":{"type":"Polygon","coordinates":[[[72.99999999964392,18.816666666543586],[73.00000000034288,18.799999999594785],[72.98333333354985,18.80000000043066],[72.98333333366139,18.816666666441172],[72.99999999964392,18.816666666543586]]]}},{"type":"Feature","properties":{"layer":"DD_43","label":"AAI airport height NOC","confidence":"confirmed","AIRPORT":" ","NAME":"CC14","PERMISSIBL":150},"geometry":{"type":"Polygon","coordinates":[[[72.9000000003893,18.816666666360312],[72.9000000002568,18.800000000298578],[72.88333333345679,18.799999999827666],[72.88333333297871,18.81666666630754],[72.9000000003893,18.816666666360312]]]}},{"type":"Feature","properties":{"layer":"DD_43","label":"AAI airport height NOC","confidence":"confirmed","AIRPORT":" ","NAME":"CC2","PERMISSIBL":150},"geometry":{"type":"Polygon","coordinates":[[[72.69999999986993,18.816666667013127],[72.6999999999835,18.799999999747147],[72.68333333341205,18.79999999975814],[72.68333333361707,18.816666666580012],[72.69999999986993,18.816666667013127]]]}},{"type":"Feature","properties":{"layer":"DD_43","label":"AAI airport height NOC","confidence":"confirmed","AIRPORT":" ","NAME":"BB36","PERMISSIBL":150},"geometry":{"type":"Polygon","coordinates":[[[73.26666666689825,18.833333332862335],[73.26666666629417,18.816666666499504],[73.2499999995795,18.81666666674596],[73.24999999973637,18.833333333062175],[73.26666666689825,18.833333332862335]]]}},{"type":"Feature","properties":{"layer":"DD_43","label":"AAI airport height NOC","confidence":"confirmed","AIRPORT":" ","NAME":"BB35","PERMISSIBL":150},"geometry":{"type":"Polygon","coordinates":[[[73.24999999973637,18.833333333062175],[73.2499999995795,18.81666666674596],[73.23333333330214,18.816666666983764],[73.23333333294956,18.83333333303079],[73.24999999973637,18.833333333062175]]]}},{"type":"Feature","properties":{"layer":"DD_43","label":"AAI airport height NOC","confidence":"confirmed","AIRPORT":" ","NAME":"BB25","PERMISSIBL":150},"geometry":{"type":"Polygon","coordinates":[[[73.08333333313905,18.833333333073664],[73.08333333352627,18.81666666674937],[73.06666666712317,18.816666667141277],[73.06666666648941,18.83333333368811],[73.08333333313905,18.833333333073664]]]}},{"type":"Feature","properties":{"layer":"DD_43","label":"AAI airport height NOC","confidence":"confirmed","AIRPORT":" ","NAME":"BB18","PERMISSIBL":150},"geometry":{"type":"Polygon","coordinates":[[[72.96666666637957,18.833333333055496],[72.96666666714609,18.816666667117715],[72.95000000029788,18.81666666670068],[72.94999999971718,18.833333333115913],[72.96666666637957,18.833333333055496]]]}},{"type":"Feature","properties":{"layer":"DD_43","label":"AAI airport height NOC","confidence":"confirmed","AIRPORT":" ","NAME":"BB12","PERMISSIBL":150},"geometry":{"type":"Polygon","coordinates":[[[72.86666666628219,18.833333332996542],[72.86666666705324,18.81666666664076],[72.84999999995748,18.81666666635521],[72.84999999985057,18.833333333665323],[72.86666666628219,18.833333332996542]]]}},{"type":"Feature","properties":{"layer":"DD_43","label":"AAI airport height NOC","confidence":"confirmed","AIRPORT":" ","NAME":"BB10","PERMISSIBL":150},"geometry":{"type":"Polygon","coordinates":[[[72.83333333329897,18.833333333432925],[72.8333333337554,18.81666666630609],[72.8166666667287,18.8166666664012],[72.81666666679398,18.833333333132185],[72.83333333329897,18.833333333432925]]]}},{"type":"Feature","properties":{"layer":"DD_43","label":"AAI airport height NOC","confidence":"confirmed","AIRPORT":" ","NAME":"BB4","PERMISSIBL":150},"geometry":{"type":"Polygon","coordinates":[[[72.7333333335416,18.83333333343397],[72.73333333306579,18.816666666629768],[72.71666666672867,18.816666667008736],[72.71666666629037,18.833333332966173],[72.7333333335416,18.83333333343397]]]}},{"type":"Feature","properties":{"layer":"DD_43","label":"AAI airport height NOC","confidence":"confirmed","AIRPORT":" ","NAME":"AA35","PERMISSIBL":150},"geometry":{"type":"Polygon","coordinates":[[[73.25000000038455,18.850000000402556],[73.24999999973637,18.833333333062175],[73.23333333294956,18.83333333303079],[73.23333333357886,18.85000000015979],[73.25000000038455,18.850000000402556]]]}},{"type":"Feature","properties":{"layer":"DD_43","label":"AAI airport height NOC","confidence":"confirmed","AIRPORT":" ","NAME":"AA34","PERMISSIBL":150},"geometry":{"type":"Polygon","coordinates":[[[73.23333333357886,18.85000000015979],[73.23333333294956,18.83333333303079],[73.21666666670521,18.833333333614483],[73.21666666630391,18.850000000300916],[73.23333333357886,18.85000000015979]]]}},{"type":"Feature","properties":{"layer":"DD_43","label":"AAI airport height NOC","confidence":"confirmed","AIRPORT":" ","NAME":"Z35","PERMISSIBL":150},"geometry":{"type":"Polygon","coordinates":[[[73.24999999965914,18.86666666692226],[73.25000000038455,18.850000000402556],[73.23333333357886,18.85000000015979],[73.23333333332563,18.866666666525724],[73.24999999965914,18.86666666692226]]]}},{"type":"Feature","properties":{"layer":"DD_43","label":"AAI airport height NOC","confidence":"confirmed","AIRPORT":" ","NAME":"Z20","PERMISSIBL":150},"geometry":{"type":"Polygon","coordinates":[[[73.00000000013151,18.8666666669251],[73.00000000000163,18.84999999978181],[72.98333333329386,18.84999999976619],[72.98333333284728,18.866666667041546],[73.00000000013151,18.8666666669251]]]}},{"type":"Feature","properties":{"layer":"DD_43","label":"AAI airport height NOC","confidence":"confirmed","AIRPORT":" ","NAME":"Z10","PERMISSIBL":150},"geometry":{"type":"Polygon","coordinates":[[[72.83333333372542,18.86666666704629],[72.83333333328308,18.850000000352672],[72.81666666684062,18.849999999716484],[72.81666666687461,18.86666666703816],[72.83333333372542,18.86666666704629]]]}},{"type":"Feature","properties":{"layer":"DD_43","label":"AAI airport height NOC","confidence":"confirmed","AIRPORT":" ","NAME":"Y6","PERMISSIBL":150},"geometry":{"type":"Polygon","coordinates":[[[72.76666666629428,18.883333332914937],[72.76666666644697,18.86666666681855],[72.74999999994887,18.866666666737547],[72.74999999954977,18.883333333547704],[72.76666666629428,18.883333332914937]]]}},{"type":"Feature","properties":{"layer":"DD_43","label":"AAI airport height NOC","confidence":"confirmed","AIRPORT":" ","NAME":"X11","PERMISSIBL":150},"geometry":{"type":"Polygon","coordinates":[[[72.85000000005839,18.8999999999458],[72.85000000026724,18.883333332959186],[72.8333333336949,18.883333333483634],[72.83333333320898,18.89999999964563],[72.85000000005839,18.8999999999458]]]}},{"type":"Feature","properties":{"layer":"DD_43","label":"AAI airport height NOC","confidence":"confirmed","AIRPORT":" ","NAME":"X5","PERMISSIBL":150},"geometry":{"type":"Polygon","coordinates":[[[72.75000000019475,18.9000000004348],[72.74999999954977,18.883333333547704],[72.73333333350166,18.88333333308422],[72.7333333333725,18.8999999996225],[72.75000000019475,18.9000000004348]]]}},{"type":"Feature","properties":{"layer":"DD_43","label":"AAI airport height NOC","confidence":"confirmed","AIRPORT":" ","NAME":"W27","PERMISSIBL":150},"geometry":{"type":"Polygon","coordinates":[[[73.11666666673985,18.916666666956075],[73.11666666637254,18.900000000070996],[73.10000000013106,18.900000000153018],[73.10000000000461,18.916666667085256],[73.11666666673985,18.916666666956075]]]}},{"type":"Feature","properties":{"layer":"DD_43","label":"AAI airport height NOC","confidence":"confirmed","AIRPORT":" ","NAME":"W22","PERMISSIBL":150},"geometry":{"type":"Polygon","coordinates":[[[73.0333333328644,18.916666667043273],[73.03333333282511,18.900000000290788],[73.01666666628306,18.900000000413634],[73.01666666642149,18.91666666702415],[73.0333333328644,18.916666667043273]]]}},{"type":"Feature","properties":{"layer":"DD_43","label":"AAI airport height NOC","confidence":"confirmed","AIRPORT":" ","NAME":"W21","PERMISSIBL":135},"geometry":{"type":"Polygon","coordinates":[[[73.01666666642149,18.91666666702415],[73.01666666628306,18.900000000413634],[73.00000000039566,18.90000000035557],[72.99999999961334,18.916666666593375],[73.01666666642149,18.91666666702415]]]}},{"type":"Feature","properties":{"layer":"DD_43","label":"AAI airport height NOC","confidence":"confirmed","AIRPORT":" ","NAME":"W14","PERMISSIBL":150},"geometry":{"type":"Polygon","coordinates":[[[72.89999999973642,18.916666667025297],[72.9000000000618,18.900000000350644],[72.88333333319152,18.89999999977162],[72.88333333330803,18.916666666355585],[72.89999999973642,18.916666667025297]]]}},{"type":"Feature","properties":{"layer":"DD_43","label":"AAI airport height NOC","confidence":"confirmed","AIRPORT":" ","NAME":"W11","PERMISSIBL":150},"geometry":{"type":"Polygon","coordinates":[[[72.84999999987046,18.916666666577918],[72.85000000005839,18.8999999999458],[72.83333333320898,18.89999999964563],[72.83333333322244,18.91666666642739],[72.84999999987046,18.916666666577918]]]}},{"type":"Feature","properties":{"layer":"DD_43","label":"AAI airport height NOC","confidence":"confirmed","AIRPORT":" ","NAME":"W7","PERMISSIBL":150},"geometry":{"type":"Polygon","coordinates":[[[72.78333333372824,18.9166666667686],[72.78333333359,18.89999999996137],[72.7666666666843,18.899999999917515],[72.76666666669831,18.916666666892894],[72.78333333372824,18.9166666667686]]]}},{"type":"Feature","properties":{"layer":"DD_43","label":"AAI airport height NOC","confidence":"confirmed","AIRPORT":" ","NAME":"W5","PERMISSIBL":150},"geometry":{"type":"Polygon","coordinates":[[[72.75000000001674,18.916666666454006],[72.75000000019475,18.9000000004348],[72.7333333333725,18.8999999996225],[72.73333333289774,18.916666666270284],[72.75000000001674,18.916666666454006]]]}},{"type":"Feature","properties":{"layer":"DD_43","label":"AAI airport height NOC","confidence":"confirmed","AIRPORT":" ","NAME":"V32","PERMISSIBL":150},"geometry":{"type":"Polygon","coordinates":[[[73.1999999995467,18.93333333349546],[73.2000000004484,18.91666666638818],[73.18333333301067,18.916666666879703],[73.1833333334065,18.933333333397528],[73.1999999995467,18.93333333349546]]]}},{"type":"Feature","properties":{"layer":"DD_43","label":"AAI airport height NOC","confidence":"confirmed","AIRPORT":" ","NAME":"V25","PERMISSIBL":115},"geometry":{"type":"Polygon","coordinates":[[[73.08333333304286,18.933333333562775],[73.08333333298125,18.916666667129846],[73.06666666679321,18.916666667037383],[73.06666666671569,18.933333333140066],[73.08333333304286,18.933333333562775]]]}},{"type":"Feature","properties":{"layer":"DD_43","label":"AAI airport height NOC","confidence":"confirmed","AIRPORT":" ","NAME":"V21","PERMISSIBL":115},"geometry":{"type":"Polygon","coordinates":[[[73.01666666642659,18.933333333535984],[73.01666666642149,18.91666666702415],[72.99999999961334,18.916666666593375],[73.00000000012678,18.933333333711573],[73.01666666642659,18.933333333535984]]]}},{"type":"Feature","properties":{"layer":"DD_43","label":"AAI airport height NOC","confidence":"confirmed","AIRPORT":" ","NAME":"V13","PERMISSIBL":150},"geometry":{"type":"Polygon","coordinates":[[[72.88333333341996,18.933333333339387],[72.88333333330803,18.916666666355585],[72.8666666669403,18.916666666534308],[72.86666666695974,18.933333333265725],[72.88333333341996,18.933333333339387]]]}},{"type":"Feature","properties":{"layer":"DD_43","label":"AAI airport height NOC","confidence":"confirmed","AIRPORT":" ","NAME":"V10","PERMISSIBL":150},"geometry":{"type":"Polygon","coordinates":[[[72.83333333376468,18.93333333290674],[72.83333333322244,18.91666666642739],[72.81666666715952,18.916666666915415],[72.81666666641777,18.933333333372794],[72.83333333376468,18.93333333290674]]]}},{"type":"Feature","properties":{"layer":"DD_43","label":"AAI airport height NOC","confidence":"confirmed","AIRPORT":" ","NAME":"V1","PERMISSIBL":150},"geometry":{"type":"Polygon","coordinates":[[[72.68333333376414,18.93333333317532],[72.68333333351553,18.91666666654432],[72.66666666639968,18.9166666666377],[72.66666666651288,18.933333333088022],[72.68333333376414,18.93333333317532]]]}},{"type":"Feature","properties":{"layer":"DD_43","label":"AAI airport height NOC","confidence":"confirmed","AIRPORT":" ","NAME":"U32","PERMISSIBL":150},"geometry":{"type":"Polygon","coordinates":[[[73.19999999976655,18.949999999865415],[73.1999999995467,18.93333333349546],[73.1833333334065,18.933333333397528],[73.18333333350742,18.950000000122493],[73.19999999976655,18.949999999865415]]]}},{"type":"Feature","properties":{"layer":"DD_43","label":"AAI airport height NOC","confidence":"confirmed","AIRPORT":" ","NAME":"U24","PERMISSIBL":50},"geometry":{"type":"Polygon","coordinates":[[[73.06666666693538,18.949999999853915],[73.06666666671569,18.933333333140066],[73.05000000036944,18.93333333319097],[73.04999999991226,18.95000000031199],[73.06666666693538,18.949999999853915]]]}},{"type":"Feature","properties":{"layer":"DD_43","label":"AAI airport height NOC","confidence":"confirmed","AIRPORT":" ","NAME":"U7","PERMISSIBL":150},"geometry":{"type":"Polygon","coordinates":[[[72.78333333337704,18.950000000028883],[72.78333333301858,18.933333333456506],[72.76666666636639,18.933333332919183],[72.76666666663172,18.94999999979515],[72.78333333337704,18.950000000028883]]]}},{"type":"Feature","properties":{"layer":"DD_43","label":"AAI airport height NOC","confidence":"confirmed","AIRPORT":" ","NAME":"T33","PERMISSIBL":150},"geometry":{"type":"Polygon","coordinates":[[[73.21666666640283,18.966666667146573],[73.21666666645278,18.95000000036989],[73.19999999976655,18.949999999865415],[73.20000000016377,18.966666666372046],[73.21666666640283,18.966666667146573]]]}},{"type":"Feature","properties":{"layer":"DD_43","label":"AAI airport height NOC","confidence":"confirmed","AIRPORT":" ","NAME":"T25","PERMISSIBL":50},"geometry":{"type":"Polygon","coordinates":[[[73.08333333410935,18.966409476723115],[73.08333333292074,18.949999999640145],[73.06666666693538,18.949999999853915],[73.06666667045464,18.964291537746607],[73.08333333410935,18.966409476723115]]]}},{"type":"Feature","properties":{"layer":"DD_43","label":"AAI airport height NOC","confidence":"confirmed","AIRPORT":" ","NAME":"T21","PERMISSIBL":50},"geometry":{"type":"Polygon","coordinates":[[[73.01666666703979,18.96666666709846],[73.01666666631444,18.949999999929485],[73.00000000007566,18.9499999998637],[73.00000000040389,18.966666666846862],[73.01666666703979,18.96666666709846]]]}},{"type":"Feature","properties":{"layer":"DD_43","label":"AAI airport height NOC","confidence":"confirmed","AIRPORT":" ","NAME":"T18","PERMISSIBL":135},"geometry":{"type":"Polygon","coordinates":[[[72.96666666699367,18.966666666494508],[72.96666666673693,18.949999999626836],[72.9499999999727,18.950000000226932],[72.94999999961554,18.96666666625131],[72.96666666699367,18.966666666494508]]]}},{"type":"Feature","properties":{"layer":"DD_43","label":"AAI airport height NOC","confidence":"confirmed","AIRPORT":" ","NAME":"T16","PERMISSIBL":135},"geometry":{"type":"Polygon","coordinates":[[[72.93333333327746,18.96666666649059],[72.9333333333948,18.949999999711935],[72.9166666671546,18.949999999820953],[72.91666666625358,18.966666667123967],[72.93333333327746,18.96666666649059]]]}},{"type":"Feature","properties":{"layer":"DD_43","label":"AAI airport height NOC","confidence":"confirmed","AIRPORT":" ","NAME":"T10","PERMISSIBL":150},"geometry":{"type":"Polygon","coordinates":[[[72.83333333363558,18.96666666665505],[72.83333333294351,18.94999999994558],[72.81666666671272,18.94999999958055],[72.81666666710147,18.966666666411637],[72.83333333363558,18.96666666665505]]]}},{"type":"Feature","properties":{"layer":"DD_43","label":"AAI airport height NOC","confidence":"confirmed","AIRPORT":" ","NAME":"T8","PERMISSIBL":150},"geometry":{"type":"Polygon","coordinates":[[[72.80000000013183,18.966666666967342],[72.80000000012475,18.950000000234297],[72.78333333337704,18.950000000028883],[72.78333333292356,18.966666666444155],[72.80000000013183,18.966666666967342]]]}},{"type":"Feature","properties":{"layer":"DD_43","label":"AAI airport height NOC","confidence":"confirmed","AIRPORT":" ","NAME":"S26","PERMISSIBL":0},"geometry":{"type":"Polygon","coordinates":[[[73.10000000031118,18.983333333417065],[73.10000000027979,18.96666666636267],[73.08333333356956,18.966666666255243],[73.08333333310611,18.98333333336863],[73.10000000031118,18.983333333417065]]]}},{"type":"Feature","properties":{"layer":"DD_43","label":"AAI airport height NOC","confidence":"confirmed","AIRPORT":" ","NAME":"S12","PERMISSIBL":150},"geometry":{"type":"Polygon","coordinates":[[[72.86666666634392,18.98333333333474],[72.86666666663847,18.96666666713665],[72.84999999957279,18.96666666686582],[72.84999999962064,18.983333333695324],[72.86666666634392,18.98333333333474]]]}},{"type":"Feature","properties":{"layer":"DD_43","label":"AAI airport height NOC","confidence":"confirmed","AIRPORT":" ","NAME":"S7","PERMISSIBL":150},"geometry":{"type":"Polygon","coordinates":[[[72.78333333356265,18.98333333360926],[72.78333333292356,18.966666666444155],[72.76666666657545,18.966666666587408],[72.76666666716501,18.98333333328861],[72.78333333356265,18.98333333360926]]]}},{"type":"Feature","properties":{"layer":"DD_43","label":"AAI airport height NOC","confidence":"confirmed","AIRPORT":" ","NAME":"S4","PERMISSIBL":150},"geometry":{"type":"Polygon","coordinates":[[[72.7333333336052,18.983333333651473],[72.73333333337996,18.96666666672972],[72.71666666687946,18.966666666581478],[72.71666666680082,18.983333333284435],[72.7333333336052,18.983333333651473]]]}},{"type":"Feature","properties":{"layer":"DD_43","label":"AAI airport height NOC","confidence":"confirmed","AIRPORT":" ","NAME":"R30","PERMISSIBL":115},"geometry":{"type":"Polygon","coordinates":[[[73.16666666705852,19.00000000033985],[73.16666666645222,18.983333333700337],[73.14999999971285,18.983333333483667],[73.14999999964616,19.000000000203457],[73.16666666705852,19.00000000033985]]]}},{"type":"Feature","properties":{"layer":"DD_43","label":"AAI airport height NOC","confidence":"confirmed","AIRPORT":" ","NAME":"R19","PERMISSIBL":75},"geometry":{"type":"Polygon","coordinates":[[[72.98333333292098,19.000000000296264],[72.98333333315927,18.98333333290554],[72.96666666674078,18.983333333383072],[72.96666666694416,19.000000000283503],[72.98333333292098,19.000000000296264]]]}},{"type":"Feature","properties":{"layer":"DD_43","label":"AAI airport height NOC","confidence":"confirmed","AIRPORT":" ","NAME":"R10","PERMISSIBL":150},"geometry":{"type":"Polygon","coordinates":[[[72.83333333297415,18.999999999835108],[72.83333333301097,18.983333332982806],[72.81666666666426,18.98333333293277],[72.81666666635631,19.000000000039275],[72.83333333297415,18.999999999835108]]]}},{"type":"Feature","properties":{"layer":"DD_43","label":"AAI airport height NOC","confidence":"confirmed","AIRPORT":" ","NAME":"R6","PERMISSIBL":150},"geometry":{"type":"Polygon","coordinates":[[[72.76666666652001,18.999999999857053],[72.76666666716501,18.98333333328861],[72.7499999998221,18.983333333319486],[72.74999999952593,19.000000000181878],[72.76666666652001,18.999999999857053]]]}},{"type":"Feature","properties":{"layer":"DD_43","label":"AAI airport height NOC","confidence":"confirmed","AIRPORT":" ","NAME":"Q21","PERMISSIBL":50},"geometry":{"type":"Polygon","coordinates":[[[73.01666666688273,19.01666666665851],[73.01666666636366,19.00000000002075],[73.00000000040805,18.999999999594902],[73.0000000000949,19.01666666712713],[73.01666666688273,19.01666666665851]]]}},{"type":"Feature","properties":{"layer":"DD_43","label":"AAI airport height NOC","confidence":"confirmed","AIRPORT":" ","NAME":"Q19","PERMISSIBL":75},"geometry":{"type":"Polygon","coordinates":[[[72.98333333362444,19.016666666719523],[72.98333333292098,19.000000000296264],[72.96666666694416,19.000000000283503],[72.96666666668195,19.01666666626272],[72.98333333362444,19.016666666719523]]]}},{"type":"Feature","properties":{"layer":"DD_43","label":"AAI airport height NOC","confidence":"confirmed","AIRPORT":" ","NAME":"Q15","PERMISSIBL":150},"geometry":{"type":"Polygon","coordinates":[[[72.91666666659776,19.016666666660672],[72.91666666644399,18.99999999966528],[72.89999999963528,18.99999999964658],[72.90000000040416,19.01666666715452],[72.91666666659776,19.016666666660672]]]}},{"type":"Feature","properties":{"layer":"DD_43","label":"AAI airport height NOC","confidence":"confirmed","AIRPORT":" ","NAME":"Q12","PERMISSIBL":150},"geometry":{"type":"Polygon","coordinates":[[[72.86666666648901,19.016666666880855],[72.86666666660476,18.99999999992616],[72.84999999977707,19.0000000000749],[72.85000000004808,19.01666666688859],[72.86666666648901,19.016666666880855]]]}},{"type":"Feature","properties":{"layer":"DD_43","label":"AAI airport height NOC","confidence":"confirmed","AIRPORT":" ","NAME":"P24","PERMISSIBL":50},"geometry":{"type":"Polygon","coordinates":[[[73.06666666649153,19.033333333701783],[73.06669581987614,19.019702173788197],[73.05001111513208,19.017575114522362],[73.04999999970222,19.033333333504945],[73.06666666649153,19.033333333701783]]]}},{"type":"Feature","properties":{"layer":"DD_43","label":"AAI airport height NOC","confidence":"confirmed","AIRPORT":" ","NAME":"P20","PERMISSIBL":85},"geometry":{"type":"Polygon","coordinates":[[[73.00000000024801,19.03333333360591],[73.0000000000949,19.01666666712713],[72.98333333362444,19.016666666719523],[72.98333333337611,19.0333333330384],[73.00000000024801,19.03333333360591]]]}},{"type":"Feature","properties":{"layer":"DD_43","label":"AAI airport height NOC","confidence":"confirmed","AIRPORT":" ","NAME":"P19","PERMISSIBL":105},"geometry":{"type":"Polygon","coordinates":[[[72.98333333337611,19.0333333330384],[72.98333333362444,19.016666666719523],[72.96666666668195,19.01666666626272],[72.96666666689833,19.033333333118165],[72.98333333337611,19.0333333330384]]]}},{"type":"Feature","properties":{"layer":"DD_43","label":"AAI airport height NOC","confidence":"confirmed","AIRPORT":" ","NAME":"P16","PERMISSIBL":115},"geometry":{"type":"Polygon","coordinates":[[[72.93333333297915,19.033333333115596],[72.93333333299209,19.016666666752055],[72.91666666659776,19.016666666660672],[72.9166666668283,19.033333332909383],[72.93333333297915,19.033333333115596]]]}},{"type":"Feature","properties":{"layer":"DD_43","label":"AAI airport height NOC","confidence":"confirmed","AIRPORT":" ","NAME":"O22","PERMISSIBL":60},"geometry":{"type":"Polygon","coordinates":[[[73.03333333285462,19.050000000061676],[73.03333333358671,19.033333333322446],[73.01666666641566,19.033333333069848],[73.01666666686735,19.050000000158875],[73.03333333285462,19.050000000061676]]]}},{"type":"Feature","properties":{"layer":"DD_43","label":"AAI airport height NOC","confidence":"confirmed","AIRPORT":" ","NAME":"O19","PERMISSIBL":105},"geometry":{"type":"Polygon","coordinates":[[[72.98333333313107,19.050000000146966],[72.98333333337611,19.0333333330384],[72.96666666689833,19.033333333118165],[72.96666666667129,19.049999999916796],[72.98333333313107,19.050000000146966]]]}},{"type":"Feature","properties":{"layer":"DD_43","label":"AAI airport height NOC","confidence":"confirmed","AIRPORT":" ","NAME":"O11","PERMISSIBL":50},"geometry":{"type":"Polygon","coordinates":[[[72.85000000007777,19.0499999999249],[72.85000000046288,19.033333333214255],[72.83333333285954,19.03333333320904],[72.8333333337669,19.049999999703786],[72.85000000007777,19.0499999999249]]]}},{"type":"Feature","properties":{"layer":"DD_43","label":"AAI airport height NOC","confidence":"confirmed","AIRPORT":" ","NAME":"O5","PERMISSIBL":150},"geometry":{"type":"Polygon","coordinates":[[[72.75000000005373,19.05000000029854],[72.74999999962327,19.03333333369012],[72.73333333284681,19.03333333353426],[72.733333333119,19.050000000419132],[72.75000000005373,19.05000000029854]]]}},{"type":"Feature","properties":{"layer":"DD_43","label":"AAI airport height NOC","confidence":"confirmed","AIRPORT":" ","NAME":"N24","PERMISSIBL":115},"geometry":{"type":"Polygon","coordinates":[[[73.06666666690353,19.06666666683299],[73.06666666696854,19.050000000035748],[73.04999999961505,19.049999999698176],[73.05000000042817,19.066666666429086],[73.06666666690353,19.06666666683299]]]}},{"type":"Feature","properties":{"layer":"DD_43","label":"AAI airport height NOC","confidence":"confirmed","AIRPORT":" ","NAME":"N21","PERMISSIBL":115},"geometry":{"type":"Polygon","coordinates":[[[73.01666666636517,19.066666666982385],[73.01666666686735,19.050000000158875],[72.99999999992329,19.049999999904646],[73.000000000076,19.066666666917378],[73.01666666636517,19.066666666982385]]]}},{"type":"Feature","properties":{"layer":"DD_43","label":"AAI airport height NOC","confidence":"confirmed","AIRPORT":" ","NAME":"N17","PERMISSIBL":150},"geometry":{"type":"Polygon","coordinates":[[[72.94999999953592,19.066666666303938],[72.94999999975293,19.050000000040416],[72.93333333350664,19.049999999558192],[72.93333333363057,19.066666666953115],[72.94999999953592,19.066666666303938]]]}},{"type":"Feature","properties":{"layer":"DD_43","label":"AAI airport height NOC","confidence":"confirmed","AIRPORT":" ","NAME":"M34","PERMISSIBL":150},"geometry":{"type":"Polygon","coordinates":[[[73.23333333318291,19.083333333598095],[73.23333333329059,19.066666667146656],[73.216666666975,19.066666666566064],[73.21666666702855,19.08333333334071],[73.23333333318291,19.083333333598095]]]}},{"type":"Feature","properties":{"layer":"DD_43","label":"AAI airport height NOC","confidence":"confirmed","AIRPORT":" ","NAME":"M32","PERMISSIBL":150},"geometry":{"type":"Polygon","coordinates":[[[73.19999999965594,19.08333333306347],[73.2000000004459,19.066666667093134],[73.18333333294115,19.066666666853052],[73.18333333312346,19.08333333362924],[73.19999999965594,19.08333333306347]]]}},{"type":"Feature","properties":{"layer":"DD_43","label":"AAI airport height NOC","confidence":"confirmed","AIRPORT":" ","NAME":"M18","PERMISSIBL":75},"geometry":{"type":"Polygon","coordinates":[[[72.96666666685289,19.083333333286937],[72.96666666696719,19.066666666649663],[72.94999999953592,19.066666666303938],[72.95000000033987,19.083333333453353],[72.96666666685289,19.083333333286937]]]}},{"type":"Feature","properties":{"layer":"DD_43","label":"AAI airport height NOC","confidence":"confirmed","AIRPORT":" ","NAME":"M15","PERMISSIBL":50},"geometry":{"type":"Polygon","coordinates":[[[72.91666666712237,19.083333333293957],[72.91666666659299,19.066666666691443],[72.89999999953126,19.066666666364572],[72.89999999979396,19.083333333724706],[72.91666666712237,19.083333333293957]]]}},{"type":"Feature","properties":{"layer":"DD_43","label":"AAI airport height NOC","confidence":"confirmed","AIRPORT":" ","NAME":"M7","PERMISSIBL":50},"geometry":{"type":"Polygon","coordinates":[[[72.78333333311674,19.08333333288807],[72.78333333306404,19.066666667129187],[72.76666666712475,19.06666666641667],[72.76666666626429,19.08333333301117],[72.78333333311674,19.08333333288807]]]}},{"type":"Feature","properties":{"layer":"DD_43","label":"AAI airport height NOC","confidence":"confirmed","AIRPORT":" ","NAME":"L35","PERMISSIBL":150},"geometry":{"type":"Polygon","coordinates":[[[73.25000000023373,19.099999999643227],[73.24999999986088,19.08333333300898],[73.23333333318291,19.083333333598095],[73.23333333333355,19.099999999916488],[73.25000000023373,19.099999999643227]]]}},{"type":"Feature","properties":{"layer":"DD_43","label":"AAI airport height NOC","confidence":"confirmed","AIRPORT":" ","NAME":"L31","PERMISSIBL":150},"geometry":{"type":"Polygon","coordinates":[[[73.183333333144,19.1000000004324],[73.18333333312346,19.08333333362924],[73.16666666666855,19.083333333162805],[73.16666666714896,19.099999999704803],[73.183333333144,19.1000000004324]]]}},{"type":"Feature","properties":{"layer":"DD_43","label":"AAI airport height NOC","confidence":"confirmed","AIRPORT":" ","NAME":"L17","PERMISSIBL":75},"geometry":{"type":"Polygon","coordinates":[[[72.95000000030392,19.099999999641838],[72.95000000033987,19.083333333453353],[72.93333333339015,19.08333333347469],[72.93333333374106,19.100000000017474],[72.95000000030392,19.099999999641838]]]}},{"type":"Feature","properties":{"layer":"DD_43","label":"AAI airport height NOC","confidence":"confirmed","AIRPORT":" ","NAME":"L13","PERMISSIBL":0},"geometry":{"type":"Polygon","coordinates":[[[72.8833333335964,19.10000000012036],[72.88333333349632,19.083333332913437],[72.866666666464,19.083333333478596],[72.86666666664894,19.100000000178895],[72.8833333335964,19.10000000012036]]]}},{"type":"Feature","properties":{"layer":"DD_43","label":"AAI airport height NOC","confidence":"confirmed","AIRPORT":" ","NAME":"L12","PERMISSIBL":0},"geometry":{"type":"Polygon","coordinates":[[[72.86666666664894,19.100000000178895],[72.866666666464,19.083333333478596],[72.84999999983863,19.083333333555018],[72.85000000001997,19.10000000043643],[72.86666666664894,19.100000000178895]]]}},{"type":"Feature","properties":{"layer":"DD_43","label":"AAI airport height NOC","confidence":"confirmed","AIRPORT":" ","NAME":"L9","PERMISSIBL":50},"geometry":{"type":"Polygon","coordinates":[[[72.81666666650216,19.10000000034117],[72.81666666656142,19.083333333743855],[72.80000000024745,19.083333333713906],[72.79999999995009,19.099999999845878],[72.81666666650216,19.10000000034117]]]}},{"type":"Feature","properties":{"layer":"DD_43","label":"AAI airport height NOC","confidence":"confirmed","AIRPORT":" ","NAME":"L8","PERMISSIBL":50},"geometry":{"type":"Polygon","coordinates":[[[72.79999999995009,19.099999999845878],[72.80000000024745,19.083333333713906],[72.78333333311674,19.08333333288807],[72.78333333342785,19.100000000156655],[72.79999999995009,19.099999999845878]]]}},{"type":"Feature","properties":{"layer":"DD_43","label":"AAI airport height NOC","confidence":"confirmed","AIRPORT":" ","NAME":"L6","PERMISSIBL":50},"geometry":{"type":"Polygon","coordinates":[[[72.76666666711579,19.100000000297783],[72.76666666626429,19.08333333301117],[72.74999999987112,19.083333333107134],[72.75000000023248,19.100000000184593],[72.76666666711579,19.100000000297783]]]}},{"type":"Feature","properties":{"layer":"DD_43","label":"AAI airport height NOC","confidence":"confirmed","AIRPORT":" ","NAME":"K28","PERMISSIBL":150},"geometry":{"type":"Polygon","coordinates":[[[73.13333333356894,19.116666667014368],[73.13333333295498,19.099999999660223],[73.11666666699108,19.100000000240687],[73.11666666645768,19.11666666673285],[73.13333333356894,19.116666667014368]]]}},{"type":"Feature","properties":{"layer":"DD_43","label":"AAI airport height NOC","confidence":"confirmed","AIRPORT":" ","NAME":"K19","PERMISSIBL":75},"geometry":{"type":"Polygon","coordinates":[[[72.98333333357353,19.116666667068017],[72.98333333360733,19.099999999704533],[72.96666666634488,19.099999999809214],[72.96666666639895,19.116666667110813],[72.98333333357353,19.116666667068017]]]}},{"type":"Feature","properties":{"layer":"DD_43","label":"AAI airport height NOC","confidence":"confirmed","AIRPORT":" ","NAME":"K18","PERMISSIBL":75},"geometry":{"type":"Polygon","coordinates":[[[72.96666666639895,19.116666667110813],[72.96666666634488,19.099999999809214],[72.95000000030392,19.099999999641838],[72.95000000037255,19.116666666667],[72.96666666639895,19.116666667110813]]]}},{"type":"Feature","properties":{"layer":"DD_43","label":"AAI airport height NOC","confidence":"confirmed","AIRPORT":" ","NAME":"K9","PERMISSIBL":50},"geometry":{"type":"Polygon","coordinates":[[[72.81666666670935,19.11666666648823],[72.81666666650216,19.10000000034117],[72.79999999995009,19.099999999845878],[72.80000000039938,19.116666666503598],[72.81666666670935,19.11666666648823]]]}},{"type":"Feature","properties":{"layer":"DD_43","label":"AAI airport height NOC","confidence":"confirmed","AIRPORT":" ","NAME":"J32","PERMISSIBL":150},"geometry":{"type":"Polygon","coordinates":[[[73.20000000003597,19.133333333470997],[73.19999999990637,19.116666666728715],[73.18333333302752,19.11666666633924],[73.18333333371953,19.133333333145778],[73.20000000003597,19.133333333470997]]]}},{"type":"Feature","properties":{"layer":"DD_43","label":"AAI airport height NOC","confidence":"confirmed","AIRPORT":" ","NAME":"J30","PERMISSIBL":150},"geometry":{"type":"Polygon","coordinates":[[[73.16666666631387,19.133333332943394],[73.16666666702581,19.11666666630499],[73.15000000016724,19.11666666654707],[73.14999999987583,19.133333333725965],[73.16666666631387,19.133333332943394]]]}},{"type":"Feature","properties":{"layer":"DD_43","label":"AAI airport height NOC","confidence":"confirmed","AIRPORT":" ","NAME":"J29","PERMISSIBL":150},"geometry":{"type":"Polygon","coordinates":[[[73.14999999987583,19.133333333725965],[73.15000000016724,19.11666666654707],[73.13333333356894,19.116666667014368],[73.13333333364129,19.13333333361691],[73.14999999987583,19.133333333725965]]]}},{"type":"Feature","properties":{"layer":"DD_43","label":"AAI airport height NOC","confidence":"confirmed","AIRPORT":" ","NAME":"J20","PERMISSIBL":150},"geometry":{"type":"Polygon","coordinates":[[[73.00000000018798,19.13333333352798],[72.99999999982846,19.11666666658427],[72.98333333357353,19.116666667068017],[72.98333333364761,19.13333333331767],[73.00000000018798,19.13333333352798]]]}},{"type":"Feature","properties":{"layer":"DD_43","label":"AAI airport height NOC","confidence":"confirmed","AIRPORT":" ","NAME":"J18","PERMISSIBL":150},"geometry":{"type":"Polygon","coordinates":[[[72.966666667054,19.133333333366014],[72.96666666639895,19.116666667110813],[72.95000000037255,19.116666666667],[72.94999999962357,19.13333333359574],[72.966666667054,19.133333333366014]]]}},{"type":"Feature","properties":{"layer":"DD_43","label":"AAI airport height NOC","confidence":"confirmed","AIRPORT":" ","NAME":"J11","PERMISSIBL":50},"geometry":{"type":"Polygon","coordinates":[[[72.85000000013451,19.13333333332276],[72.8500000004333,19.116666666734684],[72.83333333375207,19.116666667147225],[72.83333333341844,19.133333332930277],[72.85000000013451,19.13333333332276]]]}},{"type":"Feature","properties":{"layer":"DD_43","label":"AAI airport height NOC","confidence":"confirmed","AIRPORT":" ","NAME":"J9","PERMISSIBL":50},"geometry":{"type":"Polygon","coordinates":[[[72.81666666623896,19.133333333057973],[72.81666666670935,19.11666666648823],[72.80000000039938,19.116666666503598],[72.79999999971326,19.133333333645496],[72.81666666623896,19.133333333057973]]]}},{"type":"Feature","properties":{"layer":"DD_43","label":"AAI airport height NOC","confidence":"confirmed","AIRPORT":" ","NAME":"J8","PERMISSIBL":50},"geometry":{"type":"Polygon","coordinates":[[[72.79999999971326,19.133333333645496],[72.80000000039938,19.116666666503598],[72.78333333308963,19.11666666709854],[72.78333333307029,19.133333333706386],[72.79999999971326,19.133333333645496]]]}},{"type":"Feature","properties":{"layer":"DD_43","label":"AAI airport height NOC","confidence":"confirmed","AIRPORT":" ","NAME":"I33","PERMISSIBL":150},"geometry":{"type":"Polygon","coordinates":[[[73.21666666634545,19.150000000318595],[73.21666666700759,19.13333333309404],[73.20000000003597,19.133333333470997],[73.19999999955458,19.150000000120205],[73.21666666634545,19.150000000318595]]]}},{"type":"Feature","properties":{"layer":"DD_43","label":"AAI airport height NOC","confidence":"confirmed","AIRPORT":" ","NAME":"I31","PERMISSIBL":150},"geometry":{"type":"Polygon","coordinates":[[[73.1833333333441,19.149999999909983],[73.18333333371953,19.133333333145778],[73.16666666631387,19.133333332943394],[73.16666666692905,19.149999999619126],[73.1833333333441,19.149999999909983]]]}},{"type":"Feature","properties":{"layer":"DD_43","label":"AAI airport height NOC","confidence":"confirmed","AIRPORT":" ","NAME":"I6","PERMISSIBL":85},"geometry":{"type":"Polygon","coordinates":[[[72.76666666691217,19.149999999640094],[72.7666666664774,19.13333333316793],[72.75000000008986,19.133333332859962],[72.74999999959823,19.150000000226576],[72.76666666691217,19.149999999640094]]]}},{"type":"Feature","properties":{"layer":"DD_43","label":"AAI airport height NOC","confidence":"confirmed","AIRPORT":" ","NAME":"I5","PERMISSIBL":85},"geometry":{"type":"Polygon","coordinates":[[[72.74999999959823,19.150000000226576],[72.75000000008986,19.133333332859962],[72.73333333311244,19.133333333600103],[72.73333333353794,19.149999999864157],[72.74999999959823,19.150000000226576]]]}},{"type":"Feature","properties":{"layer":"DD_43","label":"AAI airport height NOC","confidence":"confirmed","AIRPORT":" ","NAME":"I4","PERMISSIBL":85},"geometry":{"type":"Polygon","coordinates":[[[72.73333333353794,19.149999999864157],[72.73333333311244,19.133333333600103],[72.71666666668716,19.133333333519545],[72.71666666697303,19.15000000026123],[72.73333333353794,19.149999999864157]]]}},{"type":"Feature","properties":{"layer":"DD_43","label":"AAI airport height NOC","confidence":"confirmed","AIRPORT":" ","NAME":"H36","PERMISSIBL":150},"geometry":{"type":"Polygon","coordinates":[[[73.26666666630396,19.166666666965778],[73.26666666666367,19.149999999604304],[73.25000000006547,19.15000000000247],[73.24999999963133,19.16666666657285],[73.26666666630396,19.166666666965778]]]}},{"type":"Feature","properties":{"layer":"DD_43","label":"AAI airport height NOC","confidence":"confirmed","AIRPORT":" ","NAME":"H29","PERMISSIBL":150},"geometry":{"type":"Polygon","coordinates":[[[73.15000000003904,19.16666666650569],[73.150000000465,19.150000000090728],[73.13333333317703,19.150000000351266],[73.13333333315211,19.166666666304046],[73.15000000003904,19.16666666650569]]]}},{"type":"Feature","properties":{"layer":"DD_43","label":"AAI airport height NOC","confidence":"confirmed","AIRPORT":" ","NAME":"H19","PERMISSIBL":150},"geometry":{"type":"Polygon","coordinates":[[[72.98333333318067,19.16666666690354],[72.98333333287388,19.150000000230087],[72.96666666640412,19.150000000340807],[72.96666666637763,19.166666667133725],[72.98333333318067,19.16666666690354]]]}},{"type":"Feature","properties":{"layer":"DD_43","label":"AAI airport height NOC","confidence":"confirmed","AIRPORT":" ","NAME":"H7","PERMISSIBL":85},"geometry":{"type":"Polygon","coordinates":[[[72.7833333330992,19.166666666736486],[72.78333333338816,19.14999999996143],[72.76666666691217,19.149999999640094],[72.76666666628232,19.166666666694873],[72.7833333330992,19.166666666736486]]]}},{"type":"Feature","properties":{"layer":"DD_43","label":"AAI airport height NOC","confidence":"confirmed","AIRPORT":" ","NAME":"G36","PERMISSIBL":150},"geometry":{"type":"Polygon","coordinates":[[[73.26666666624634,19.18333333308279],[73.26666666630396,19.166666666965778],[73.24999999963133,19.16666666657285],[73.24999999998438,19.183333332860226],[73.26666666624634,19.18333333308279]]]}},{"type":"Feature","properties":{"layer":"DD_43","label":"AAI airport height NOC","confidence":"confirmed","AIRPORT":" ","NAME":"G29","PERMISSIBL":150},"geometry":{"type":"Polygon","coordinates":[[[73.14999999956353,19.183333332960565],[73.15000000003904,19.16666666650569],[73.13333333315211,19.166666666304046],[73.13333333356165,19.18333333326193],[73.14999999956353,19.183333332960565]]]}},{"type":"Feature","properties":{"layer":"DD_43","label":"AAI airport height NOC","confidence":"confirmed","AIRPORT":" ","NAME":"G27","PERMISSIBL":150},"geometry":{"type":"Polygon","coordinates":[[[73.11666666676633,19.183333332866347],[73.11666666647977,19.16666666653036],[73.10000000018701,19.166666667122975],[73.10000000027219,19.183333333528104],[73.11666666676633,19.183333332866347]]]}},{"type":"Feature","properties":{"layer":"DD_43","label":"AAI airport height NOC","confidence":"confirmed","AIRPORT":" ","NAME":"G21","PERMISSIBL":150},"geometry":{"type":"Polygon","coordinates":[[[73.01666666686674,19.18333333321571],[73.01666666696318,19.166666666919163],[72.99999999978444,19.16666666650545],[72.99999999999378,19.183333333413845],[73.01666666686674,19.18333333321571]]]}},{"type":"Feature","properties":{"layer":"DD_43","label":"AAI airport height NOC","confidence":"confirmed","AIRPORT":" ","NAME":"G6","PERMISSIBL":85},"geometry":{"type":"Polygon","coordinates":[[[72.76666666651893,19.183333333433552],[72.76666666628232,19.166666666694873],[72.75000000045942,19.166666666467602],[72.74999999981654,19.183333333335504],[72.76666666651893,19.183333333433552]]]}},{"type":"Feature","properties":{"layer":"DD_43","label":"AAI airport height NOC","confidence":"confirmed","AIRPORT":" ","NAME":"F32","PERMISSIBL":150},"geometry":{"type":"Polygon","coordinates":[[[73.20000000028534,19.20000000026859],[73.19999999966922,19.183333333087305],[73.18333333325202,19.183333333269246],[73.18333333356546,19.19999999982441],[73.20000000028534,19.20000000026859]]]}},{"type":"Feature","properties":{"layer":"DD_43","label":"AAI airport height NOC","confidence":"confirmed","AIRPORT":" ","NAME":"F31","PERMISSIBL":150},"geometry":{"type":"Polygon","coordinates":[[[73.18333333356546,19.19999999982441],[73.18333333325202,19.183333333269246],[73.16666666649863,19.183333332945974],[73.16666666643366,19.199999999566835],[73.18333333356546,19.19999999982441]]]}},{"type":"Feature","properties":{"layer":"DD_43","label":"AAI airport height NOC","confidence":"confirmed","AIRPORT":" ","NAME":"F30","PERMISSIBL":150},"geometry":{"type":"Polygon","coordinates":[[[73.16666666643366,19.199999999566835],[73.16666666649863,19.183333332945974],[73.14999999956353,19.183333332960565],[73.14999999999435,19.200000000348375],[73.16666666643366,19.199999999566835]]]}},{"type":"Feature","properties":{"layer":"DD_43","label":"AAI airport height NOC","confidence":"confirmed","AIRPORT":" ","NAME":"F22","PERMISSIBL":150},"geometry":{"type":"Polygon","coordinates":[[[73.03333333322506,19.199999999580854],[73.03333333312698,19.183333333672348],[73.01666666686674,19.18333333321571],[73.01666666688588,19.200000000004163],[73.03333333322506,19.199999999580854]]]}},{"type":"Feature","properties":{"layer":"DD_43","label":"AAI airport height NOC","confidence":"confirmed","AIRPORT":" ","NAME":"F14","PERMISSIBL":150},"geometry":{"type":"Polygon","coordinates":[[[72.90000000028192,19.19999999998878],[72.9000000000127,19.183333332945224],[72.88333335536076,19.183333333398885],[72.88333333308547,19.200000000276546],[72.90000000028192,19.19999999998878]]]}},{"type":"Feature","properties":{"layer":"DD_43","label":"AAI airport height NOC","confidence":"confirmed","AIRPORT":" ","NAME":"F13","PERMISSIBL":150},"geometry":{"type":"Polygon","coordinates":[[[72.88333333308547,19.200000000276546],[72.88333335536076,19.183333333398885],[72.86666666674111,19.18333333345107],[72.86666666653045,19.199999999562916],[72.88333333308547,19.200000000276546]]]}},{"type":"Feature","properties":{"layer":"DD_43","label":"AAI airport height NOC","confidence":"confirmed","AIRPORT":" ","NAME":"F6","PERMISSIBL":85},"geometry":{"type":"Polygon","coordinates":[[[72.76666666669023,19.1999999998259],[72.76666666651893,19.183333333433552],[72.74999999981654,19.183333333335504],[72.74999999960104,19.199999999931872],[72.76666666669023,19.1999999998259]]]}},{"type":"Feature","properties":{"layer":"DD_43","label":"AAI airport height NOC","confidence":"confirmed","AIRPORT":" ","NAME":"F5","PERMISSIBL":85},"geometry":{"type":"Polygon","coordinates":[[[72.74999999960104,19.199999999931872],[72.74999999981654,19.183333333335504],[72.73333333323008,19.18333333365618],[72.73333333349674,19.200000000255642],[72.74999999960104,19.199999999931872]]]}},{"type":"Feature","properties":{"layer":"DD_43","label":"AAI airport height NOC","confidence":"confirmed","AIRPORT":" ","NAME":"E29","PERMISSIBL":150},"geometry":{"type":"Polygon","coordinates":[[[73.15000000041637,19.216666666833145],[73.14999999999435,19.200000000348375],[73.13333333348062,19.20000000029227],[73.13333333293441,19.216666666471948],[73.15000000041637,19.216666666833145]]]}},{"type":"Feature","properties":{"layer":"DD_43","label":"AAI airport height NOC","confidence":"confirmed","AIRPORT":" ","NAME":"E23","PERMISSIBL":150},"geometry":{"type":"Polygon","coordinates":[[[73.04999999984499,19.21666666665042],[73.0499999996661,19.199999999675928],[73.03333333322506,19.199999999580854],[73.03333333295033,19.216666666799163],[73.04999999984499,19.21666666665042]]]}},{"type":"Feature","properties":{"layer":"DD_43","label":"AAI airport height NOC","confidence":"confirmed","AIRPORT":" ","NAME":"E19","PERMISSIBL":150},"geometry":{"type":"Polygon","coordinates":[[[72.98333333312522,19.216666667019258],[72.98333333328972,19.200000000317498],[72.96666666636129,19.20000000007551],[72.96666666639392,19.216666667088912],[72.98333333312522,19.216666667019258]]]}},{"type":"Feature","properties":{"layer":"DD_43","label":"AAI airport height NOC","confidence":"confirmed","AIRPORT":" ","NAME":"E10","PERMISSIBL":150},"geometry":{"type":"Polygon","coordinates":[[[72.83333333287834,19.21666666665146],[72.83333333308137,19.200000000236304],[72.81666666653999,19.199999999675228],[72.81666666677592,19.216666666314183],[72.83333333287834,19.21666666665146]]]}},{"type":"Feature","properties":{"layer":"DD_43","label":"AAI airport height NOC","confidence":"confirmed","AIRPORT":" ","NAME":"D32","PERMISSIBL":150},"geometry":{"type":"Polygon","coordinates":[[[73.1999999998865,19.233333333188863],[73.20000000035942,19.216666666373555],[73.18333333287077,19.216666666257527],[73.18333333307467,19.233333333470775],[73.1999999998865,19.233333333188863]]]}},{"type":"Feature","properties":{"layer":"DD_43","label":"AAI airport height NOC","confidence":"confirmed","AIRPORT":" ","NAME":"D26","PERMISSIBL":150},"geometry":{"type":"Polygon","coordinates":[[[73.0999999997844,19.23333333291055],[73.10000000005006,19.216666666893207],[73.0833333330828,19.216666666628623],[73.08333333306861,19.233333333587375],[73.0999999997844,19.23333333291055]]]}},{"type":"Feature","properties":{"layer":"DD_43","label":"AAI airport height NOC","confidence":"confirmed","AIRPORT":" ","NAME":"D18","PERMISSIBL":150},"geometry":{"type":"Polygon","coordinates":[[[72.96666666712858,19.233333332940067],[72.96666666639392,19.216666667088912],[72.95000000035863,19.216666666298483],[72.94999999979795,19.23333333319996],[72.96666666712858,19.233333332940067]]]}},{"type":"Feature","properties":{"layer":"DD_43","label":"AAI airport height NOC","confidence":"confirmed","AIRPORT":" ","NAME":"D1","PERMISSIBL":150},"geometry":{"type":"Polygon","coordinates":[[[72.68333333342663,19.233333333144973],[72.68333333307031,19.216666666968713],[72.6666666665442,19.216666666560382],[72.66666666707279,19.233333332935157],[72.68333333342663,19.233333333144973]]]}},{"type":"Feature","properties":{"layer":"DD_43","label":"AAI airport height NOC","confidence":"confirmed","AIRPORT":" ","NAME":"C32","PERMISSIBL":150},"geometry":{"type":"Polygon","coordinates":[[[73.19999999984213,19.249999999800643],[73.1999999998865,19.233333333188863],[73.18333333307467,19.233333333470775],[73.18333333326123,19.24999999962827],[73.19999999984213,19.249999999800643]]]}},{"type":"Feature","properties":{"layer":"DD_43","label":"AAI airport height NOC","confidence":"confirmed","AIRPORT":" ","NAME":"C16","PERMISSIBL":150},"geometry":{"type":"Polygon","coordinates":[[[72.93333333301806,19.24999999992079],[72.93333333324149,19.233333333224472],[72.91666666667153,19.233333332934993],[72.91666666644791,19.250000000339416],[72.93333333301806,19.24999999992079]]]}},{"type":"Feature","properties":{"layer":"DD_43","label":"AAI airport height NOC","confidence":"confirmed","AIRPORT":" ","NAME":"C11","PERMISSIBL":150},"geometry":{"type":"Polygon","coordinates":[[[72.84999999962402,19.249999999871452],[72.84999999963794,19.233333333536653],[72.83333333351335,19.233333333325895],[72.83333333310284,19.25000000021826],[72.84999999962402,19.249999999871452]]]}},{"type":"Feature","properties":{"layer":"DD_43","label":"AAI airport height NOC","confidence":"confirmed","AIRPORT":" ","NAME":"B34","PERMISSIBL":150},"geometry":{"type":"Polygon","coordinates":[[[73.23333333307241,19.266666666538192],[73.23333333336996,19.249999999981053],[73.21666666660224,19.249999999597378],[73.21666666715133,19.26666666708269],[73.23333333307241,19.266666666538192]]]}},{"type":"Feature","properties":{"layer":"DD_43","label":"AAI airport height NOC","confidence":"confirmed","AIRPORT":" ","NAME":"B29","PERMISSIBL":150},"geometry":{"type":"Polygon","coordinates":[[[73.14999999980942,19.26666666697483],[73.15000000031378,19.24999999971455],[73.13333333331998,19.24999999984242],[73.13333333333176,19.26666666698399],[73.14999999980942,19.26666666697483]]]}},{"type":"Feature","properties":{"layer":"DD_43","label":"AAI airport height NOC","confidence":"confirmed","AIRPORT":" ","NAME":"B20","PERMISSIBL":150},"geometry":{"type":"Polygon","coordinates":[[[73.0000000001633,19.26666666679804],[72.99999999956098,19.250000000032248],[72.98333333339211,19.250000000326132],[72.98333333290593,19.266666666882045],[73.0000000001633,19.26666666679804]]]}},{"type":"Feature","properties":{"layer":"DD_43","label":"AAI airport height NOC","confidence":"confirmed","AIRPORT":" ","NAME":"B19","PERMISSIBL":150},"geometry":{"type":"Polygon","coordinates":[[[72.98333333290593,19.266666666882045],[72.98333333339211,19.250000000326132],[72.966666666647,19.250000000298005],[72.96666666690115,19.266666666455038],[72.98333333290593,19.266666666882045]]]}},{"type":"Feature","properties":{"layer":"DD_43","label":"AAI airport height NOC","confidence":"confirmed","AIRPORT":" ","NAME":"B11","PERMISSIBL":150},"geometry":{"type":"Polygon","coordinates":[[[72.8499999999903,19.26666666635555],[72.84999999962402,19.249999999871452],[72.83333333310284,19.25000000021826],[72.83333333357825,19.266666666429085],[72.8499999999903,19.26666666635555]]]}},{"type":"Feature","properties":{"layer":"DD_43","label":"AAI airport height NOC","confidence":"confirmed","AIRPORT":" ","NAME":"A35","PERMISSIBL":150},"geometry":{"type":"Polygon","coordinates":[[[73.25000000032401,19.2833333332714],[73.24999999972621,19.266666666439225],[73.23333333307241,19.266666666538192],[73.23333333318392,19.28333333364503],[73.25000000032401,19.2833333332714]]]}},{"type":"Feature","properties":{"layer":"DD_43","label":"AAI airport height NOC","confidence":"confirmed","AIRPORT":" ","NAME":"A20","PERMISSIBL":150},"geometry":{"type":"Polygon","coordinates":[[[72.99999999956675,19.283333333101318],[73.0000000001633,19.26666666679804],[72.98333333290593,19.266666666882045],[72.98333333361776,19.2833333330636],[72.99999999956675,19.283333333101318]]]}},{"type":"Feature","properties":{"layer":"DD_43","label":"AAI airport height NOC","confidence":"confirmed","AIRPORT":" ","NAME":"A14","PERMISSIBL":150},"geometry":{"type":"Polygon","coordinates":[[[72.89999999990208,19.28333333309174],[72.90000000046349,19.26666666712148],[72.88333333359498,19.266666666631203],[72.88333333291874,19.283333333018497],[72.89999999990208,19.28333333309174]]]}},{"type":"Feature","properties":{"layer":"DD_43","label":"AAI airport height NOC","confidence":"confirmed","AIRPORT":" ","NAME":"A3","PERMISSIBL":150},"geometry":{"type":"Polygon","coordinates":[[[72.71666666706865,19.283333333504856],[72.71666666668207,19.26666666628138],[72.69999999972273,19.266666666678223],[72.70000000005287,19.283333332924098],[72.71666666706865,19.283333333504856]]]}},{"type":"Feature","properties":{"layer":"DD_43","label":"AAI airport height NOC","confidence":"confirmed","AIRPORT":" ","NAME":"T25-1","PERMISSIBL":0},"geometry":{"type":"Polygon","coordinates":[[[73.06666667028503,18.966666669898693],[73.08333332973066,18.96666666982899],[73.08333333410935,18.966409476723115],[73.06666667045464,18.964291537746607],[73.06666667028503,18.966666669898693]]]}},{"type":"Feature","properties":{"layer":"DD_43","label":"AAI airport height NOC","confidence":"confirmed","AIRPORT":" ","NAME":"CC4","PERMISSIBL":150},"geometry":{"type":"Polygon","coordinates":[[[72.73333333306579,18.816666666629768],[72.73333333310117,18.800000000040406],[72.71666666628218,18.800000000414556],[72.71666666672867,18.816666667008736],[72.73333333306579,18.816666666629768]]]}},{"type":"Feature","properties":{"layer":"DD_43","label":"AAI airport height NOC","confidence":"confirmed","AIRPORT":" ","NAME":"BB33","PERMISSIBL":150},"geometry":{"type":"Polygon","coordinates":[[[73.21666666670521,18.833333333614483],[73.21666666669097,18.816666667146823],[73.19999999993317,18.81666666627394],[73.20000000025061,18.8333333329397],[73.21666666670521,18.833333333614483]]]}},{"type":"Feature","properties":{"layer":"DD_43","label":"AAI airport height NOC","confidence":"confirmed","AIRPORT":" ","NAME":"BB32","PERMISSIBL":150},"geometry":{"type":"Polygon","coordinates":[[[73.20000000025061,18.8333333329397],[73.19999999993317,18.81666666627394],[73.1833333331775,18.816666667016843],[73.18333333373397,18.833333333658135],[73.20000000025061,18.8333333329397]]]}},{"type":"Feature","properties":{"layer":"DD_43","label":"AAI airport height NOC","confidence":"confirmed","AIRPORT":" ","NAME":"BB28","PERMISSIBL":150},"geometry":{"type":"Polygon","coordinates":[[[73.1333333328421,18.83333333361619],[73.13333333292758,18.816666666587174],[73.1166666670755,18.816666666866897],[73.11666666696685,18.8333333329806],[73.1333333328421,18.83333333361619]]]}},{"type":"Feature","properties":{"layer":"DD_43","label":"AAI airport height NOC","confidence":"confirmed","AIRPORT":" ","NAME":"BB23","PERMISSIBL":150},"geometry":{"type":"Polygon","coordinates":[[[73.0500000002661,18.8333333333935],[73.05000000026673,18.816666666837218],[73.03333333312465,18.816666666677158],[73.03333333368761,18.833333333020015],[73.0500000002661,18.8333333333935]]]}},{"type":"Feature","properties":{"layer":"DD_43","label":"AAI airport height NOC","confidence":"confirmed","AIRPORT":" ","NAME":"BB21","PERMISSIBL":150},"geometry":{"type":"Polygon","coordinates":[[[73.01666666692078,18.833333333407037],[73.01666666682337,18.816666666607414],[72.99999999964392,18.816666666543586],[73.00000000015355,18.833333333586992],[73.01666666692078,18.833333333407037]]]}},{"type":"Feature","properties":{"layer":"DD_43","label":"AAI airport height NOC","confidence":"confirmed","AIRPORT":" ","NAME":"BB17","PERMISSIBL":150},"geometry":{"type":"Polygon","coordinates":[[[72.94999999971718,18.833333333115913],[72.95000000029788,18.81666666670068],[72.93333333327324,18.816666666930036],[72.93333333375375,18.833333333609968],[72.94999999971718,18.833333333115913]]]}},{"type":"Feature","properties":{"layer":"DD_43","label":"AAI airport height NOC","confidence":"confirmed","AIRPORT":" ","NAME":"BB2","PERMISSIBL":150},"geometry":{"type":"Polygon","coordinates":[[[72.70000000030859,18.833333333729254],[72.69999999986993,18.816666667013127],[72.68333333361707,18.816666666580012],[72.68333333296617,18.833333332904292],[72.70000000030859,18.833333333729254]]]}},{"type":"Feature","properties":{"layer":"DD_43","label":"AAI airport height NOC","confidence":"confirmed","AIRPORT":" ","NAME":"AA29","PERMISSIBL":150},"geometry":{"type":"Polygon","coordinates":[[[73.14999999987225,18.849999999962787],[73.15000000033181,18.833333333609154],[73.1333333328421,18.83333333361619],[73.13333333290618,18.850000000241543],[73.14999999987225,18.849999999962787]]]}},{"type":"Feature","properties":{"layer":"DD_43","label":"AAI airport height NOC","confidence":"confirmed","AIRPORT":" ","NAME":"AA16","PERMISSIBL":150},"geometry":{"type":"Polygon","coordinates":[[[72.93333333363498,18.84999999968745],[72.93333333375375,18.833333333609968],[72.9166666667809,18.833333333546435],[72.91666666624216,18.849999999712388],[72.93333333363498,18.84999999968745]]]}},{"type":"Feature","properties":{"layer":"DD_43","label":"AAI airport height NOC","confidence":"confirmed","AIRPORT":" ","NAME":"AA10","PERMISSIBL":150},"geometry":{"type":"Polygon","coordinates":[[[72.83333333328308,18.850000000352672],[72.83333333329897,18.833333333432925],[72.81666666679398,18.833333333132185],[72.81666666684062,18.849999999716484],[72.83333333328308,18.850000000352672]]]}},{"type":"Feature","properties":{"layer":"DD_43","label":"AAI airport height NOC","confidence":"confirmed","AIRPORT":" ","NAME":"AA8","PERMISSIBL":150},"geometry":{"type":"Polygon","coordinates":[[[72.7999999995847,18.84999999960991],[72.7999999995534,18.833333333584218],[72.78333333367571,18.833333332933783],[72.78333333358972,18.84999999998389],[72.7999999995847,18.84999999960991]]]}},{"type":"Feature","properties":{"layer":"DD_43","label":"AAI airport height NOC","confidence":"confirmed","AIRPORT":" ","NAME":"AA2","PERMISSIBL":150},"geometry":{"type":"Polygon","coordinates":[[[72.70000000036977,18.849999999865116],[72.70000000030859,18.833333333729254],[72.68333333296617,18.833333332904292],[72.68333333336243,18.849999999638968],[72.70000000036977,18.849999999865116]]]}},{"type":"Feature","properties":{"layer":"DD_43","label":"AAI airport height NOC","confidence":"confirmed","AIRPORT":" ","NAME":"Z31","PERMISSIBL":150},"geometry":{"type":"Polygon","coordinates":[[[73.18333333372236,18.86666666700035],[73.18333333296843,18.849999999714523],[73.16666666630223,18.849999999763963],[73.16666666631409,18.866666666903917],[73.18333333372236,18.86666666700035]]]}},{"type":"Feature","properties":{"layer":"DD_43","label":"AAI airport height NOC","confidence":"confirmed","AIRPORT":" ","NAME":"Z15","PERMISSIBL":150},"geometry":{"type":"Polygon","coordinates":[[[72.91666666653697,18.866666667141565],[72.91666666624216,18.849999999712388],[72.89999999982949,18.849999999813516],[72.90000000013092,18.866666666273886],[72.91666666653697,18.866666667141565]]]}},{"type":"Feature","properties":{"layer":"DD_43","label":"AAI airport height NOC","confidence":"confirmed","AIRPORT":" ","NAME":"Z14","PERMISSIBL":150},"geometry":{"type":"Polygon","coordinates":[[[72.90000000013092,18.866666666273886],[72.89999999982949,18.849999999813516],[72.88333333362544,18.849999999912203],[72.8833333328874,18.86666666697688],[72.90000000013092,18.866666666273886]]]}},{"type":"Feature","properties":{"layer":"DD_43","label":"AAI airport height NOC","confidence":"confirmed","AIRPORT":" ","NAME":"Z9","PERMISSIBL":150},"geometry":{"type":"Polygon","coordinates":[[[72.81666666687461,18.86666666703816],[72.81666666684062,18.849999999716484],[72.7999999995847,18.84999999960991],[72.80000000009265,18.866666666445],[72.81666666687461,18.86666666703816]]]}},{"type":"Feature","properties":{"layer":"DD_43","label":"AAI airport height NOC","confidence":"confirmed","AIRPORT":" ","NAME":"Z5","PERMISSIBL":150},"geometry":{"type":"Polygon","coordinates":[[[72.74999999994887,18.866666666737547],[72.75000000042502,18.85000000001164],[72.7333333335985,18.850000000422718],[72.73333333326691,18.866666666674202],[72.74999999994887,18.866666666737547]]]}},{"type":"Feature","properties":{"layer":"DD_43","label":"AAI airport height NOC","confidence":"confirmed","AIRPORT":" ","NAME":"Y16","PERMISSIBL":150},"geometry":{"type":"Polygon","coordinates":[[[72.93333333351919,18.883333333591214],[72.93333333291133,18.866666666949435],[72.91666666653697,18.866666667141565],[72.91666666676703,18.883333333094537],[72.93333333351919,18.883333333591214]]]}},{"type":"Feature","properties":{"layer":"DD_43","label":"AAI airport height NOC","confidence":"confirmed","AIRPORT":" ","NAME":"Y3","PERMISSIBL":150},"geometry":{"type":"Polygon","coordinates":[[[72.71666666640489,18.88333333323382],[72.71666666657813,18.866666666554792],[72.70000000005967,18.866666666305157],[72.70000000034555,18.883333333042426],[72.71666666640489,18.88333333323382]]]}},{"type":"Feature","properties":{"layer":"DD_43","label":"AAI airport height NOC","confidence":"confirmed","AIRPORT":" ","NAME":"X29","PERMISSIBL":150},"geometry":{"type":"Polygon","coordinates":[[[73.15000000035309,18.89999999968643],[73.14999999986782,18.883333333021422],[73.13333333353354,18.883333333104627],[73.13333333316812,18.900000000196197],[73.15000000035309,18.89999999968643]]]}},{"type":"Feature","properties":{"layer":"DD_43","label":"AAI airport height NOC","confidence":"confirmed","AIRPORT":" ","NAME":"X18","PERMISSIBL":150},"geometry":{"type":"Polygon","coordinates":[[[72.96666666652976,18.90000000028824],[72.96666666691681,18.883333333729734],[72.94999999998913,18.88333333287387],[72.94999999985058,18.90000000015747],[72.96666666652976,18.90000000028824]]]}},{"type":"Feature","properties":{"layer":"DD_43","label":"AAI airport height NOC","confidence":"confirmed","AIRPORT":" ","NAME":"X17","PERMISSIBL":150},"geometry":{"type":"Polygon","coordinates":[[[72.94999999985058,18.90000000015747],[72.94999999998913,18.88333333287387],[72.93333333351919,18.883333333591214],[72.93333333357783,18.899999999572326],[72.94999999985058,18.90000000015747]]]}},{"type":"Feature","properties":{"layer":"DD_43","label":"AAI airport height NOC","confidence":"confirmed","AIRPORT":" ","NAME":"X3","PERMISSIBL":150},"geometry":{"type":"Polygon","coordinates":[[[72.71666666635706,18.900000000115984],[72.71666666640489,18.88333333323382],[72.70000000034555,18.883333333042426],[72.70000000029745,18.900000000046546],[72.71666666635706,18.900000000115984]]]}},{"type":"Feature","properties":{"layer":"DD_43","label":"AAI airport height NOC","confidence":"confirmed","AIRPORT":" ","NAME":"W25","PERMISSIBL":150},"geometry":{"type":"Polygon","coordinates":[[[73.08333333298125,18.916666667129846],[73.08333333366947,18.900000000370948],[73.06666666717294,18.899999999759125],[73.06666666679321,18.916666667037383],[73.08333333298125,18.916666667129846]]]}},{"type":"Feature","properties":{"layer":"DD_43","label":"AAI airport height NOC","confidence":"confirmed","AIRPORT":" ","NAME":"W20","PERMISSIBL":135},"geometry":{"type":"Polygon","coordinates":[[[72.99999999961334,18.916666666593375],[73.00000000039566,18.90000000035557],[72.98333333344014,18.900000000031177],[72.98333333355276,18.91666666659933],[72.99999999961334,18.916666666593375]]]}},{"type":"Feature","properties":{"layer":"DD_43","label":"AAI airport height NOC","confidence":"confirmed","AIRPORT":" ","NAME":"W15","PERMISSIBL":150},"geometry":{"type":"Polygon","coordinates":[[[72.91666666702238,18.916666666816624],[72.91666666691576,18.90000000026145],[72.9000000000618,18.900000000350644],[72.89999999973642,18.916666667025297],[72.91666666702238,18.916666666816624]]]}},{"type":"Feature","properties":{"layer":"DD_43","label":"AAI airport height NOC","confidence":"confirmed","AIRPORT":" ","NAME":"W12","PERMISSIBL":150},"geometry":{"type":"Polygon","coordinates":[[[72.8666666669403,18.916666666534308],[72.86666666645763,18.90000000026187],[72.85000000005839,18.8999999999458],[72.84999999987046,18.916666666577918],[72.8666666669403,18.916666666534308]]]}},{"type":"Feature","properties":{"layer":"DD_43","label":"AAI airport height NOC","confidence":"confirmed","AIRPORT":" ","NAME":"W10","PERMISSIBL":150},"geometry":{"type":"Polygon","coordinates":[[[72.83333333322244,18.91666666642739],[72.83333333320898,18.89999999964563],[72.8166666670222,18.90000000020509],[72.81666666715952,18.916666666915415],[72.83333333322244,18.91666666642739]]]}},{"type":"Feature","properties":{"layer":"DD_43","label":"AAI airport height NOC","confidence":"confirmed","AIRPORT":" ","NAME":"V35","PERMISSIBL":150},"geometry":{"type":"Polygon","coordinates":[[[73.25000000029083,18.93333333358302],[73.24999999976417,18.916666666872807],[73.23333333304984,18.916666666317305],[73.23333333316697,18.93333333307835],[73.25000000029083,18.93333333358302]]]}},{"type":"Feature","properties":{"layer":"DD_43","label":"AAI airport height NOC","confidence":"confirmed","AIRPORT":" ","NAME":"V28","PERMISSIBL":150},"geometry":{"type":"Polygon","coordinates":[[[73.1333333330826,18.93333333290884],[73.13333333301273,18.916666666804247],[73.11666666673985,18.916666666956075],[73.11666666687465,18.933333333389943],[73.1333333330826,18.93333333290884]]]}},{"type":"Feature","properties":{"layer":"DD_43","label":"AAI airport height NOC","confidence":"confirmed","AIRPORT":" ","NAME":"V24","PERMISSIBL":115},"geometry":{"type":"Polygon","coordinates":[[[73.06666666671569,18.933333333140066],[73.06666666679321,18.916666667037383],[73.0499999997166,18.916666666725305],[73.05000000036944,18.93333333319097],[73.06666666671569,18.933333333140066]]]}},{"type":"Feature","properties":{"layer":"DD_43","label":"AAI airport height NOC","confidence":"confirmed","AIRPORT":" ","NAME":"V23","PERMISSIBL":115},"geometry":{"type":"Polygon","coordinates":[[[73.05000000036944,18.93333333319097],[73.0499999997166,18.916666666725305],[73.0333333328644,18.916666667043273],[73.03333333322857,18.93333333364206],[73.05000000036944,18.93333333319097]]]}},{"type":"Feature","properties":{"layer":"DD_43","label":"AAI airport height NOC","confidence":"confirmed","AIRPORT":" ","NAME":"V14","PERMISSIBL":150},"geometry":{"type":"Polygon","coordinates":[[[72.89999999987637,18.933333333137867],[72.89999999973642,18.916666667025297],[72.88333333330803,18.916666666355585],[72.88333333341996,18.933333333339387],[72.89999999987637,18.933333333137867]]]}},{"type":"Feature","properties":{"layer":"DD_43","label":"AAI airport height NOC","confidence":"confirmed","AIRPORT":" ","NAME":"V12","PERMISSIBL":150},"geometry":{"type":"Polygon","coordinates":[[[72.86666666695974,18.933333333265725],[72.8666666669403,18.916666666534308],[72.84999999987046,18.916666666577918],[72.84999999970945,18.933333333739615],[72.86666666695974,18.933333333265725]]]}},{"type":"Feature","properties":{"layer":"DD_43","label":"AAI airport height NOC","confidence":"confirmed","AIRPORT":" ","NAME":"U34","PERMISSIBL":150},"geometry":{"type":"Polygon","coordinates":[[[73.23333333341259,18.949999999887694],[73.23333333316697,18.93333333307835],[73.21666666713742,18.933333333679833],[73.21666666645278,18.95000000036989],[73.23333333341259,18.949999999887694]]]}},{"type":"Feature","properties":{"layer":"DD_43","label":"AAI airport height NOC","confidence":"confirmed","AIRPORT":" ","NAME":"U33","PERMISSIBL":150},"geometry":{"type":"Polygon","coordinates":[[[73.21666666645278,18.95000000036989],[73.21666666713742,18.933333333679833],[73.1999999995467,18.93333333349546],[73.19999999976655,18.949999999865415],[73.21666666645278,18.95000000036989]]]}},{"type":"Feature","properties":{"layer":"DD_43","label":"AAI airport height NOC","confidence":"confirmed","AIRPORT":" ","NAME":"U3","PERMISSIBL":150},"geometry":{"type":"Polygon","coordinates":[[[72.71666666622741,18.949999999976633],[72.71666666672422,18.93333333351191],[72.70000000024733,18.933333332986486],[72.70000000027039,18.949999999788115],[72.71666666622741,18.949999999976633]]]}},{"type":"Feature","properties":{"layer":"DD_43","label":"AAI airport height NOC","confidence":"confirmed","AIRPORT":" ","NAME":"U2","PERMISSIBL":150},"geometry":{"type":"Polygon","coordinates":[[[72.70000000027039,18.949999999788115],[72.70000000024733,18.933333332986486],[72.68333333376414,18.93333333317532],[72.68333333327554,18.950000000081616],[72.70000000027039,18.949999999788115]]]}},{"type":"Feature","properties":{"layer":"DD_43","label":"AAI airport height NOC","confidence":"confirmed","AIRPORT":" ","NAME":"T28","PERMISSIBL":60},"geometry":{"type":"Polygon","coordinates":[[[73.13333333296944,18.96666666713155],[73.13333333337287,18.950000000296622],[73.11666666678207,18.950000000255937],[73.1166666664874,18.96666666663089],[73.13333333296944,18.96666666713155]]]}},{"type":"Feature","properties":{"layer":"DD_43","label":"AAI airport height NOC","confidence":"confirmed","AIRPORT":" ","NAME":"T19","PERMISSIBL":85},"geometry":{"type":"Polygon","coordinates":[[[72.98333333335145,18.96666666636296],[72.98333333349204,18.94999999978472],[72.96666666673693,18.949999999626836],[72.96666666699367,18.966666666494508],[72.98333333335145,18.96666666636296]]]}},{"type":"Feature","properties":{"layer":"DD_43","label":"AAI airport height NOC","confidence":"confirmed","AIRPORT":" ","NAME":"T3","PERMISSIBL":150},"geometry":{"type":"Polygon","coordinates":[[[72.71666666687946,18.966666666581478],[72.71666666622741,18.949999999976633],[72.70000000027039,18.949999999788115],[72.70000000003415,18.966666666782107],[72.71666666687946,18.966666666581478]]]}},{"type":"Feature","properties":{"layer":"DD_43","label":"AAI airport height NOC","confidence":"confirmed","AIRPORT":" ","NAME":"T2","PERMISSIBL":150},"geometry":{"type":"Polygon","coordinates":[[[72.70000000003415,18.966666666782107],[72.70000000027039,18.949999999788115],[72.68333333327554,18.950000000081616],[72.68333333302998,18.966666666353444],[72.70000000003415,18.966666666782107]]]}},{"type":"Feature","properties":{"layer":"DD_43","label":"AAI airport height NOC","confidence":"confirmed","AIRPORT":" ","NAME":"S34","PERMISSIBL":150},"geometry":{"type":"Polygon","coordinates":[[[73.23333333339728,18.983333333561372],[73.2333333328516,18.966666666716055],[73.21666666640283,18.966666667146573],[73.2166666670119,18.983333333086527],[73.23333333339728,18.983333333561372]]]}},{"type":"Feature","properties":{"layer":"DD_43","label":"AAI airport height NOC","confidence":"confirmed","AIRPORT":" ","NAME":"S28","PERMISSIBL":50},"geometry":{"type":"Polygon","coordinates":[[[73.13333333283683,18.983333333403237],[73.13333333296944,18.96666666713155],[73.1166666664874,18.96666666663089],[73.11666666694536,18.983333333407906],[73.13333333283683,18.983333333403237]]]}},{"type":"Feature","properties":{"layer":"DD_43","label":"AAI airport height NOC","confidence":"confirmed","AIRPORT":" ","NAME":"S21","PERMISSIBL":50},"geometry":{"type":"Polygon","coordinates":[[[73.01666666674153,18.983333333196526],[73.01666666703979,18.96666666709846],[73.00000000040389,18.966666666846862],[73.00000000018919,18.983333333728112],[73.01666666674153,18.983333333196526]]]}},{"type":"Feature","properties":{"layer":"DD_43","label":"AAI airport height NOC","confidence":"confirmed","AIRPORT":" ","NAME":"S20","PERMISSIBL":50},"geometry":{"type":"Polygon","coordinates":[[[73.00000000018919,18.983333333728112],[73.00000000040389,18.966666666846862],[72.98333333335145,18.96666666636296],[72.98333333315927,18.98333333290554],[73.00000000018919,18.983333333728112]]]}},{"type":"Feature","properties":{"layer":"DD_43","label":"AAI airport height NOC","confidence":"confirmed","AIRPORT":" ","NAME":"S15","PERMISSIBL":135},"geometry":{"type":"Polygon","coordinates":[[[72.91666666633866,18.983333332845543],[72.91666666625358,18.966666667123967],[72.89999999968859,18.966666666287825],[72.90000000034436,18.983333333297477],[72.91666666633866,18.983333332845543]]]}},{"type":"Feature","properties":{"layer":"DD_43","label":"AAI airport height NOC","confidence":"confirmed","AIRPORT":" ","NAME":"S13","PERMISSIBL":150},"geometry":{"type":"Polygon","coordinates":[[[72.88333333299664,18.98333333287427],[72.8833333337217,18.966666666623347],[72.86666666663847,18.96666666713665],[72.86666666634392,18.98333333333474],[72.88333333299664,18.98333333287427]]]}},{"type":"Feature","properties":{"layer":"DD_43","label":"AAI airport height NOC","confidence":"confirmed","AIRPORT":" ","NAME":"R36","PERMISSIBL":150},"geometry":{"type":"Polygon","coordinates":[[[73.26666666626572,19.000000000163457],[73.2666666668398,18.983333333192455],[73.24999999974727,18.983333333574514],[73.24999999985502,19.000000000133547],[73.26666666626572,19.000000000163457]]]}},{"type":"Feature","properties":{"layer":"DD_43","label":"AAI airport height NOC","confidence":"confirmed","AIRPORT":" ","NAME":"R5","PERMISSIBL":150},"geometry":{"type":"Polygon","coordinates":[[[72.74999999952593,19.000000000181878],[72.7499999998221,18.983333333319486],[72.7333333336052,18.983333333651473],[72.73333333358931,18.99999999968603],[72.74999999952593,19.000000000181878]]]}},{"type":"Feature","properties":{"layer":"DD_43","label":"AAI airport height NOC","confidence":"confirmed","AIRPORT":" ","NAME":"R2","PERMISSIBL":150},"geometry":{"type":"Polygon","coordinates":[[[72.69999999982022,19.00000000038154],[72.69999999956967,18.983333333046822],[72.68333333303396,18.98333333287533],[72.68333333330646,18.999999999628766],[72.69999999982022,19.00000000038154]]]}},{"type":"Feature","properties":{"layer":"DD_43","label":"AAI airport height NOC","confidence":"confirmed","AIRPORT":" ","NAME":"Q34","PERMISSIBL":135},"geometry":{"type":"Polygon","coordinates":[[[73.23333333312831,19.016666666273583],[73.23333333316505,19.000000000385345],[73.21666666637617,18.999999999957968],[73.2166666664189,19.016666666855716],[73.23333333312831,19.016666666273583]]]}},{"type":"Feature","properties":{"layer":"DD_43","label":"AAI airport height NOC","confidence":"confirmed","AIRPORT":" ","NAME":"Q32","PERMISSIBL":135},"geometry":{"type":"Polygon","coordinates":[[[73.19999999971746,19.016666666483488],[73.19999999964982,18.999999999696552],[73.1833333331471,19.000000000445763],[73.18333333317504,19.016666666904822],[73.19999999971746,19.016666666483488]]]}},{"type":"Feature","properties":{"layer":"DD_43","label":"AAI airport height NOC","confidence":"confirmed","AIRPORT":" ","NAME":"Q28","PERMISSIBL":50},"geometry":{"type":"Polygon","coordinates":[[[73.13333333341504,19.01666666688728],[73.13333333298024,18.999999999995115],[73.11666666628244,18.999999999644515],[73.11666666639273,19.01666666714676],[73.13333333341504,19.01666666688728]]]}},{"type":"Feature","properties":{"layer":"DD_43","label":"AAI airport height NOC","confidence":"confirmed","AIRPORT":" ","NAME":"Q25","PERMISSIBL":0},"geometry":{"type":"Polygon","coordinates":[[[73.08333333368306,19.01666666635063],[73.08333333345522,19.00000000007696],[73.06666666672888,18.99999999982249],[73.06666666641694,19.016666666957455],[73.08333333368306,19.01666666635063]]]}},{"type":"Feature","properties":{"layer":"DD_43","label":"AAI airport height NOC","confidence":"confirmed","AIRPORT":" ","NAME":"Q23","PERMISSIBL":0},"geometry":{"type":"Polygon","coordinates":[[[73.04999999973435,19.01666666695575],[73.04999999969556,19.000000000070216],[73.0333333334866,18.999999999863302],[73.03333333285656,19.016666666271956],[73.04999999973435,19.01666666695575]]]}},{"type":"Feature","properties":{"layer":"DD_43","label":"AAI airport height NOC","confidence":"confirmed","AIRPORT":" ","NAME":"Q17","PERMISSIBL":135},"geometry":{"type":"Polygon","coordinates":[[[72.95000000037692,19.016666666603953],[72.94999999978978,19.000000000362355],[72.93333333353958,18.99999999958368],[72.93333333299209,19.016666666752055],[72.95000000037692,19.016666666603953]]]}},{"type":"Feature","properties":{"layer":"DD_43","label":"AAI airport height NOC","confidence":"confirmed","AIRPORT":" ","NAME":"P33","PERMISSIBL":135},"geometry":{"type":"Polygon","coordinates":[[[73.21666666716447,19.03333333285638],[73.2166666664189,19.016666666855716],[73.19999999971746,19.016666666483488],[73.20000000002118,19.033333333326798],[73.21666666716447,19.03333333285638]]]}},{"type":"Feature","properties":{"layer":"DD_43","label":"AAI airport height NOC","confidence":"confirmed","AIRPORT":" ","NAME":"P31","PERMISSIBL":135},"geometry":{"type":"Polygon","coordinates":[[[73.18333333298183,19.033333333470864],[73.18333333317504,19.016666666904822],[73.16666666698158,19.016666666253954],[73.16666666716617,19.033333333238748],[73.18333333298183,19.033333333470864]]]}},{"type":"Feature","properties":{"layer":"DD_43","label":"AAI airport height NOC","confidence":"confirmed","AIRPORT":" ","NAME":"O32","PERMISSIBL":135},"geometry":{"type":"Polygon","coordinates":[[[73.1999999996258,19.05000000019718],[73.20000000002118,19.033333333326798],[73.18333333298183,19.033333333470864],[73.1833333335322,19.050000000133174],[73.1999999996258,19.05000000019718]]]}},{"type":"Feature","properties":{"layer":"DD_43","label":"AAI airport height NOC","confidence":"confirmed","AIRPORT":" ","NAME":"O31","PERMISSIBL":150},"geometry":{"type":"Polygon","coordinates":[[[73.1833333335322,19.050000000133174],[73.18333333298183,19.033333333470864],[73.16666666716617,19.033333333238748],[73.16666666668729,19.0500000003615],[73.1833333335322,19.050000000133174]]]}},{"type":"Feature","properties":{"layer":"DD_43","label":"AAI airport height NOC","confidence":"confirmed","AIRPORT":" ","NAME":"O30","PERMISSIBL":115},"geometry":{"type":"Polygon","coordinates":[[[73.16666666668729,19.0500000003615],[73.16666666716617,19.033333333238748],[73.14999999988464,19.033333333445725],[73.15000000022016,19.049999999928385],[73.16666666668729,19.0500000003615]]]}},{"type":"Feature","properties":{"layer":"DD_43","label":"AAI airport height NOC","confidence":"confirmed","AIRPORT":" ","NAME":"O26","PERMISSIBL":50},"geometry":{"type":"Polygon","coordinates":[[[73.09999999995892,19.050000000328765],[73.10000000047168,19.033333333478918],[73.08333333284511,19.033333333063332],[73.08333333285648,19.050000000214965],[73.09999999995892,19.050000000328765]]]}},{"type":"Feature","properties":{"layer":"DD_43","label":"AAI airport height NOC","confidence":"confirmed","AIRPORT":" ","NAME":"O25","PERMISSIBL":50},"geometry":{"type":"Polygon","coordinates":[[[73.08333333285648,19.050000000214965],[73.08333333284511,19.033333333063332],[73.06666666649153,19.033333333701783],[73.06666666696854,19.050000000035748],[73.08333333285648,19.050000000214965]]]}},{"type":"Feature","properties":{"layer":"DD_43","label":"AAI airport height NOC","confidence":"confirmed","AIRPORT":" ","NAME":"O24","PERMISSIBL":50},"geometry":{"type":"Polygon","coordinates":[[[73.06666666696854,19.050000000035748],[73.06666666649153,19.033333333701783],[73.04999999970222,19.033333333504945],[73.04999999961505,19.049999999698176],[73.06666666696854,19.050000000035748]]]}},{"type":"Feature","properties":{"layer":"DD_43","label":"AAI airport height NOC","confidence":"confirmed","AIRPORT":" ","NAME":"O13","PERMISSIBL":50},"geometry":{"type":"Polygon","coordinates":[[[72.88333333377223,19.050000000046357],[72.88333333317522,19.03333333351043],[72.86666666697512,19.033333333287576],[72.86666666711949,19.050000000019363],[72.88333333377223,19.050000000046357]]]}},{"type":"Feature","properties":{"layer":"DD_43","label":"AAI airport height NOC","confidence":"confirmed","AIRPORT":" ","NAME":"N34","PERMISSIBL":150},"geometry":{"type":"Polygon","coordinates":[[[73.23333333329059,19.066666667146656],[73.23333333365163,19.049999999678942],[73.21666666670855,19.0499999997282],[73.216666666975,19.066666666566064],[73.23333333329059,19.066666667146656]]]}},{"type":"Feature","properties":{"layer":"DD_43","label":"AAI airport height NOC","confidence":"confirmed","AIRPORT":" ","NAME":"N29","PERMISSIBL":150},"geometry":{"type":"Polygon","coordinates":[[[73.15000000040008,19.066666666590084],[73.15000000022016,19.049999999928385],[73.13333333334027,19.04999999966716],[73.13333333285098,19.066666666418424],[73.15000000040008,19.066666666590084]]]}},{"type":"Feature","properties":{"layer":"DD_43","label":"AAI airport height NOC","confidence":"confirmed","AIRPORT":" ","NAME":"N15","PERMISSIBL":50},"geometry":{"type":"Polygon","coordinates":[[[72.91666666659299,19.066666666691443],[72.91666666713013,19.050000000198388],[72.89999999986591,19.050000000075734],[72.89999999953126,19.066666666364572],[72.91666666659299,19.066666666691443]]]}},{"type":"Feature","properties":{"layer":"DD_43","label":"AAI airport height NOC","confidence":"confirmed","AIRPORT":" ","NAME":"N11","PERMISSIBL":50},"geometry":{"type":"Polygon","coordinates":[[[72.84999999985992,19.06666666701255],[72.85000000007777,19.0499999999249],[72.8333333337669,19.049999999703786],[72.83333333343381,19.066666666624855],[72.84999999985992,19.06666666701255]]]}},{"type":"Feature","properties":{"layer":"DD_43","label":"AAI airport height NOC","confidence":"confirmed","AIRPORT":" ","NAME":"N6","PERMISSIBL":115},"geometry":{"type":"Polygon","coordinates":[[[72.76666666712475,19.06666666641667],[72.7666666668414,19.049999999595393],[72.75000000005373,19.05000000029854],[72.74999999981364,19.066666666773234],[72.76666666712475,19.06666666641667]]]}},{"type":"Feature","properties":{"layer":"DD_43","label":"AAI airport height NOC","confidence":"confirmed","AIRPORT":" ","NAME":"M35","PERMISSIBL":150},"geometry":{"type":"Polygon","coordinates":[[[73.24999999986088,19.08333333300898],[73.25000000019352,19.066666667095667],[73.23333333329059,19.066666667146656],[73.23333333318291,19.083333333598095],[73.24999999986088,19.08333333300898]]]}},{"type":"Feature","properties":{"layer":"DD_43","label":"AAI airport height NOC","confidence":"confirmed","AIRPORT":" ","NAME":"M25","PERMISSIBL":150},"geometry":{"type":"Polygon","coordinates":[[[73.08333333362185,19.083333333026804],[73.08333333374345,19.066666666882607],[73.06666666690353,19.06666666683299],[73.06666666632262,19.083333333170604],[73.08333333362185,19.083333333026804]]]}},{"type":"Feature","properties":{"layer":"DD_43","label":"AAI airport height NOC","confidence":"confirmed","AIRPORT":" ","NAME":"M20","PERMISSIBL":75},"geometry":{"type":"Polygon","coordinates":[[[72.99999999978353,19.083333333711096],[73.000000000076,19.066666666917378],[72.98333333291673,19.066666667122597],[72.98333333371055,19.08333333305305],[72.99999999978353,19.083333333711096]]]}},{"type":"Feature","properties":{"layer":"DD_43","label":"AAI airport height NOC","confidence":"confirmed","AIRPORT":" ","NAME":"M19","PERMISSIBL":75},"geometry":{"type":"Polygon","coordinates":[[[72.98333333371055,19.08333333305305],[72.98333333291673,19.066666667122597],[72.96666666696719,19.066666666649663],[72.96666666685289,19.083333333286937],[72.98333333371055,19.08333333305305]]]}},{"type":"Feature","properties":{"layer":"DD_43","label":"AAI airport height NOC","confidence":"confirmed","AIRPORT":" ","NAME":"M12","PERMISSIBL":0},"geometry":{"type":"Polygon","coordinates":[[[72.866666666464,19.083333333478596],[72.86666666693948,19.066666667057117],[72.84999999985992,19.06666666701255],[72.84999999983863,19.083333333555018],[72.866666666464,19.083333333478596]]]}},{"type":"Feature","properties":{"layer":"DD_43","label":"AAI airport height NOC","confidence":"confirmed","AIRPORT":" ","NAME":"L23","PERMISSIBL":75},"geometry":{"type":"Polygon","coordinates":[[[73.05000000009073,19.099999999568738],[73.05000000025775,19.083333333657965],[73.03333333370598,19.08333333350193],[73.03333333342185,19.10000000014359],[73.05000000009073,19.099999999568738]]]}},{"type":"Feature","properties":{"layer":"DD_43","label":"AAI airport height NOC","confidence":"confirmed","AIRPORT":" ","NAME":"L3","PERMISSIBL":50},"geometry":{"type":"Polygon","coordinates":[[[72.7166666663643,19.099999999814237],[72.71666666628971,19.08333333288775],[72.70000000037743,19.08333333333822],[72.69999999970426,19.100000000311052],[72.7166666663643,19.099999999814237]]]}},{"type":"Feature","properties":{"layer":"DD_43","label":"AAI airport height NOC","confidence":"confirmed","AIRPORT":" ","NAME":"K23","PERMISSIBL":75},"geometry":{"type":"Polygon","coordinates":[[[73.04999999991139,19.116666666851522],[73.05000000009073,19.099999999568738],[73.03333333342185,19.10000000014359],[73.03333333363962,19.116666666415888],[73.04999999991139,19.116666666851522]]]}},{"type":"Feature","properties":{"layer":"DD_43","label":"AAI airport height NOC","confidence":"confirmed","AIRPORT":" ","NAME":"K20","PERMISSIBL":75},"geometry":{"type":"Polygon","coordinates":[[[72.99999999982846,19.11666666658427],[73.00000000001222,19.10000000027665],[72.98333333360733,19.099999999704533],[72.98333333357353,19.116666667068017],[72.99999999982846,19.11666666658427]]]}},{"type":"Feature","properties":{"layer":"DD_43","label":"AAI airport height NOC","confidence":"confirmed","AIRPORT":" ","NAME":"K15","PERMISSIBL":50},"geometry":{"type":"Polygon","coordinates":[[[72.91666666669951,19.11666666669668],[72.91666666683554,19.09999999996519],[72.89999999974414,19.10000000031982],[72.9000000003377,19.1166666670448],[72.91666666669951,19.11666666669668]]]}},{"type":"Feature","properties":{"layer":"DD_43","label":"AAI airport height NOC","confidence":"confirmed","AIRPORT":" ","NAME":"J35","PERMISSIBL":150},"geometry":{"type":"Polygon","coordinates":[[[73.25000000032173,19.133333333160078],[73.25000000037623,19.11666666696919],[73.23333333374745,19.11666666698503],[73.233333333508,19.133333332967858],[73.25000000032173,19.133333333160078]]]}},{"type":"Feature","properties":{"layer":"DD_43","label":"AAI airport height NOC","confidence":"confirmed","AIRPORT":" ","NAME":"I23","PERMISSIBL":150},"geometry":{"type":"Polygon","coordinates":[[[73.0499999996433,19.150000000035348],[73.0499999997569,19.133333333680266],[73.03333333341459,19.133333333192382],[73.0333333337239,19.149999999560453],[73.0499999996433,19.150000000035348]]]}},{"type":"Feature","properties":{"layer":"DD_43","label":"AAI airport height NOC","confidence":"confirmed","AIRPORT":" ","NAME":"I18","PERMISSIBL":150},"geometry":{"type":"Polygon","coordinates":[[[72.96666666640412,19.150000000340807],[72.966666667054,19.133333333366014],[72.94999999962357,19.13333333359574],[72.94999999997425,19.15000000042999],[72.96666666640412,19.150000000340807]]]}},{"type":"Feature","properties":{"layer":"DD_43","label":"AAI airport height NOC","confidence":"confirmed","AIRPORT":" ","NAME":"I7","PERMISSIBL":85},"geometry":{"type":"Polygon","coordinates":[[[72.78333333338816,19.14999999996143],[72.78333333307029,19.133333333706386],[72.7666666664774,19.13333333316793],[72.76666666691217,19.149999999640094],[72.78333333338816,19.14999999996143]]]}},{"type":"Feature","properties":{"layer":"DD_43","label":"AAI airport height NOC","confidence":"confirmed","AIRPORT":" ","NAME":"I1","PERMISSIBL":150},"geometry":{"type":"Polygon","coordinates":[[[72.68333333303367,19.150000000324116],[72.6833333332758,19.133333333270176],[72.66666666662475,19.13333333294987],[72.66666666694341,19.149999999850355],[72.68333333303367,19.150000000324116]]]}},{"type":"Feature","properties":{"layer":"DD_43","label":"AAI airport height NOC","confidence":"confirmed","AIRPORT":" ","NAME":"H24","PERMISSIBL":150},"geometry":{"type":"Polygon","coordinates":[[[73.06666666658036,19.166666666417985],[73.06666666668416,19.149999999933797],[73.0499999996433,19.150000000035348],[73.04999999957606,19.16666666680044],[73.06666666658036,19.166666666417985]]]}},{"type":"Feature","properties":{"layer":"DD_43","label":"AAI airport height NOC","confidence":"confirmed","AIRPORT":" ","NAME":"H18","PERMISSIBL":150},"geometry":{"type":"Polygon","coordinates":[[[72.96666666637763,19.166666667133725],[72.96666666640412,19.150000000340807],[72.94999999997425,19.15000000042999],[72.9499999995409,19.166666667129245],[72.96666666637763,19.166666667133725]]]}},{"type":"Feature","properties":{"layer":"DD_43","label":"AAI airport height NOC","confidence":"confirmed","AIRPORT":" ","NAME":"H17","PERMISSIBL":150},"geometry":{"type":"Polygon","coordinates":[[[72.9499999995409,19.166666667129245],[72.94999999997425,19.15000000042999],[72.93333333375044,19.15000000043041],[72.93333333283611,19.16666666682283],[72.9499999995409,19.166666667129245]]]}},{"type":"Feature","properties":{"layer":"DD_43","label":"AAI airport height NOC","confidence":"confirmed","AIRPORT":" ","NAME":"G34","PERMISSIBL":150},"geometry":{"type":"Polygon","coordinates":[[[73.2333333336702,19.183333333280288],[73.23333333296988,19.166666667034313],[73.21666666650357,19.166666666485604],[73.21666666652676,19.183333333372435],[73.2333333336702,19.183333333280288]]]}},{"type":"Feature","properties":{"layer":"DD_43","label":"AAI airport height NOC","confidence":"confirmed","AIRPORT":" ","NAME":"G31","PERMISSIBL":150},"geometry":{"type":"Polygon","coordinates":[[[73.18333333325202,19.183333333269246],[73.18333333286637,19.166666666621335],[73.16666666698568,19.16666666629327],[73.16666666649863,19.183333332945974],[73.18333333325202,19.183333333269246]]]}},{"type":"Feature","properties":{"layer":"DD_43","label":"AAI airport height NOC","confidence":"confirmed","AIRPORT":" ","NAME":"G28","PERMISSIBL":150},"geometry":{"type":"Polygon","coordinates":[[[73.13333333356165,19.18333333326193],[73.13333333315211,19.166666666304046],[73.11666666647977,19.16666666653036],[73.11666666676633,19.183333332866347],[73.13333333356165,19.18333333326193]]]}},{"type":"Feature","properties":{"layer":"DD_43","label":"AAI airport height NOC","confidence":"confirmed","AIRPORT":" ","NAME":"G13","PERMISSIBL":150},"geometry":{"type":"Polygon","coordinates":[[[72.88333335536076,19.183333333398885],[72.88333333322328,19.166666667002506],[72.86666666677907,19.166666666589645],[72.86666666674111,19.18333333345107],[72.88333335536076,19.183333333398885]]]}},{"type":"Feature","properties":{"layer":"DD_43","label":"AAI airport height NOC","confidence":"confirmed","AIRPORT":" ","NAME":"F34","PERMISSIBL":150},"geometry":{"type":"Polygon","coordinates":[[[73.23333333375582,19.20000000016689],[73.2333333336702,19.183333333280288],[73.21666666652676,19.183333333372435],[73.21666666643944,19.200000000055777],[73.23333333375582,19.20000000016689]]]}},{"type":"Feature","properties":{"layer":"DD_43","label":"AAI airport height NOC","confidence":"confirmed","AIRPORT":" ","NAME":"F12","PERMISSIBL":150},"geometry":{"type":"Polygon","coordinates":[[[72.86666666653045,19.199999999562916],[72.86666666674111,19.18333333345107],[72.84999999991605,19.18333333288534],[72.84999999980762,19.199999999573095],[72.86666666653045,19.199999999562916]]]}},{"type":"Feature","properties":{"layer":"DD_43","label":"AAI airport height NOC","confidence":"confirmed","AIRPORT":" ","NAME":"E32","PERMISSIBL":150},"geometry":{"type":"Polygon","coordinates":[[[73.20000000035942,19.216666666373555],[73.20000000028534,19.20000000026859],[73.18333333356546,19.19999999982441],[73.18333333287077,19.216666666257527],[73.20000000035942,19.216666666373555]]]}},{"type":"Feature","properties":{"layer":"DD_43","label":"AAI airport height NOC","confidence":"confirmed","AIRPORT":" ","NAME":"E30","PERMISSIBL":150},"geometry":{"type":"Polygon","coordinates":[[[73.16666666679598,19.21666666703926],[73.16666666643366,19.199999999566835],[73.14999999999435,19.200000000348375],[73.15000000041637,19.216666666833145],[73.16666666679598,19.21666666703926]]]}},{"type":"Feature","properties":{"layer":"DD_43","label":"AAI airport height NOC","confidence":"confirmed","AIRPORT":" ","NAME":"E25","PERMISSIBL":150},"geometry":{"type":"Polygon","coordinates":[[[73.0833333330828,19.216666666628623],[73.08333333316979,19.199999999882476],[73.0666666669958,19.20000000036397],[73.06666666660676,19.216666666873273],[73.0833333330828,19.216666666628623]]]}},{"type":"Feature","properties":{"layer":"DD_43","label":"AAI airport height NOC","confidence":"confirmed","AIRPORT":" ","NAME":"E22","PERMISSIBL":150},"geometry":{"type":"Polygon","coordinates":[[[73.03333333295033,19.216666666799163],[73.03333333322506,19.199999999580854],[73.01666666688588,19.200000000004163],[73.0166666670478,19.216666666361878],[73.03333333295033,19.216666666799163]]]}},{"type":"Feature","properties":{"layer":"DD_43","label":"AAI airport height NOC","confidence":"confirmed","AIRPORT":" ","NAME":"E12","PERMISSIBL":150},"geometry":{"type":"Polygon","coordinates":[[[72.86666666709208,19.216666666723494],[72.86666666653045,19.199999999562916],[72.84999999980762,19.199999999573095],[72.85000000002589,19.216666666466875],[72.86666666709208,19.216666666723494]]]}},{"type":"Feature","properties":{"layer":"DD_43","label":"AAI airport height NOC","confidence":"confirmed","AIRPORT":" ","NAME":"D36","PERMISSIBL":150},"geometry":{"type":"Polygon","coordinates":[[[73.26666666697474,19.233333333693363],[73.26666666703812,19.216666666922862],[73.25000000023878,19.216666666284972],[73.25000000016891,19.233333333382166],[73.26666666697474,19.233333333693363]]]}},{"type":"Feature","properties":{"layer":"DD_43","label":"AAI airport height NOC","confidence":"confirmed","AIRPORT":" ","NAME":"D34","PERMISSIBL":150},"geometry":{"type":"Polygon","coordinates":[[[73.23333333312047,19.23333333308108],[73.23333333325076,19.216666666770795],[73.2166666662562,19.2166666665156],[73.21666666693302,19.233333333644524],[73.23333333312047,19.23333333308108]]]}},{"type":"Feature","properties":{"layer":"DD_43","label":"AAI airport height NOC","confidence":"confirmed","AIRPORT":" ","NAME":"D25","PERMISSIBL":150},"geometry":{"type":"Polygon","coordinates":[[[73.08333333306861,19.233333333587375],[73.0833333330828,19.216666666628623],[73.06666666660676,19.216666666873273],[73.06666666678487,19.233333333659548],[73.08333333306861,19.233333333587375]]]}},{"type":"Feature","properties":{"layer":"DD_43","label":"AAI airport height NOC","confidence":"confirmed","AIRPORT":" ","NAME":"D21","PERMISSIBL":150},"geometry":{"type":"Polygon","coordinates":[[[73.01666666640725,19.23333333316235],[73.0166666670478,19.216666666361878],[73.00000000037767,19.21666666705937],[72.99999999963437,19.23333333374728],[73.01666666640725,19.23333333316235]]]}},{"type":"Feature","properties":{"layer":"DD_43","label":"AAI airport height NOC","confidence":"confirmed","AIRPORT":" ","NAME":"D19","PERMISSIBL":150},"geometry":{"type":"Polygon","coordinates":[[[72.98333333315742,19.233333333394214],[72.98333333312522,19.216666667019258],[72.96666666639392,19.216666667088912],[72.96666666712858,19.233333332940067],[72.98333333315742,19.233333333394214]]]}},{"type":"Feature","properties":{"layer":"DD_43","label":"AAI airport height NOC","confidence":"confirmed","AIRPORT":" ","NAME":"D8","PERMISSIBL":150},"geometry":{"type":"Polygon","coordinates":[[[72.79999999953795,19.233333333285884],[72.79999999996953,19.216666666263787],[72.78333333357388,19.216666666439252],[72.78333333296484,19.233333333323618],[72.79999999953795,19.233333333285884]]]}},{"type":"Feature","properties":{"layer":"DD_43","label":"AAI airport height NOC","confidence":"confirmed","AIRPORT":" ","NAME":"D5","PERMISSIBL":150},"geometry":{"type":"Polygon","coordinates":[[[72.74999999956415,19.233333333126982],[72.74999999981938,19.216666667141176],[72.733333333752,19.21666666662874],[72.73333333305153,19.233333333648098],[72.74999999956415,19.233333333126982]]]}},{"type":"Feature","properties":{"layer":"DD_43","label":"AAI airport height NOC","confidence":"confirmed","AIRPORT":" ","NAME":"D2","PERMISSIBL":150},"geometry":{"type":"Polygon","coordinates":[[[72.70000000029422,19.2333333337385],[72.70000000020686,19.216666667069486],[72.68333333307031,19.216666666968713],[72.68333333342663,19.233333333144973],[72.70000000029422,19.2333333337385]]]}},{"type":"Feature","properties":{"layer":"DD_43","label":"AAI airport height NOC","confidence":"confirmed","AIRPORT":" ","NAME":"C31","PERMISSIBL":150},"geometry":{"type":"Polygon","coordinates":[[[73.18333333326123,19.24999999962827],[73.18333333307467,19.233333333470775],[73.16666666666991,19.233333333527302],[73.1666666670115,19.249999999923944],[73.18333333326123,19.24999999962827]]]}},{"type":"Feature","properties":{"layer":"DD_43","label":"AAI airport height NOC","confidence":"confirmed","AIRPORT":" ","NAME":"C28","PERMISSIBL":150},"geometry":{"type":"Polygon","coordinates":[[[73.13333333331998,19.24999999984242],[73.13333333286887,19.233333333597425],[73.11666666674877,19.233333333498496],[73.11666666714306,19.250000000255866],[73.13333333331998,19.24999999984242]]]}},{"type":"Feature","properties":{"layer":"DD_43","label":"AAI airport height NOC","confidence":"confirmed","AIRPORT":" ","NAME":"C24","PERMISSIBL":150},"geometry":{"type":"Polygon","coordinates":[[[73.06666666660585,19.24999999978988],[73.06666666678487,19.233333333659548],[73.05000000014526,19.233333333053487],[73.04999999962142,19.249999999758646],[73.06666666660585,19.24999999978988]]]}},{"type":"Feature","properties":{"layer":"DD_43","label":"AAI airport height NOC","confidence":"confirmed","AIRPORT":" ","NAME":"C18","PERMISSIBL":150},"geometry":{"type":"Polygon","coordinates":[[[72.966666666647,19.250000000298005],[72.96666666712858,19.233333332940067],[72.94999999979795,19.23333333319996],[72.95000000043918,19.249999999891415],[72.966666666647,19.250000000298005]]]}},{"type":"Feature","properties":{"layer":"DD_43","label":"AAI airport height NOC","confidence":"confirmed","AIRPORT":" ","NAME":"C14","PERMISSIBL":150},"geometry":{"type":"Polygon","coordinates":[[[72.89999999995175,19.250000000164928],[72.90000000023986,19.23333333316618],[72.88333333317037,19.233333332934826],[72.8833333336808,19.250000000231353],[72.89999999995175,19.250000000164928]]]}},{"type":"Feature","properties":{"layer":"DD_43","label":"AAI airport height NOC","confidence":"confirmed","AIRPORT":" ","NAME":"C13","PERMISSIBL":150},"geometry":{"type":"Polygon","coordinates":[[[72.8833333336808,19.250000000231353],[72.88333333317037,19.233333332934826],[72.86666666656559,19.233333333085408],[72.8666666668584,19.249999999554912],[72.8833333336808,19.250000000231353]]]}},{"type":"Feature","properties":{"layer":"DD_43","label":"AAI airport height NOC","confidence":"confirmed","AIRPORT":" ","NAME":"B33","PERMISSIBL":150},"geometry":{"type":"Polygon","coordinates":[[[73.21666666715133,19.26666666708269],[73.21666666660224,19.249999999597378],[73.19999999984213,19.249999999800643],[73.20000000023153,19.26666666709218],[73.21666666715133,19.26666666708269]]]}},{"type":"Feature","properties":{"layer":"DD_43","label":"AAI airport height NOC","confidence":"confirmed","AIRPORT":" ","NAME":"B31","PERMISSIBL":150},"geometry":{"type":"Polygon","coordinates":[[[73.18333333342561,19.266666666516702],[73.18333333326123,19.24999999962827],[73.1666666670115,19.249999999923944],[73.16666666687486,19.266666667103056],[73.18333333342561,19.266666666516702]]]}},{"type":"Feature","properties":{"layer":"DD_43","label":"AAI airport height NOC","confidence":"confirmed","AIRPORT":" ","NAME":"B28","PERMISSIBL":150},"geometry":{"type":"Polygon","coordinates":[[[73.13333333333176,19.26666666698399],[73.13333333331998,19.24999999984242],[73.11666666714306,19.250000000255866],[73.11666666665211,19.266666667059496],[73.13333333333176,19.26666666698399]]]}},{"type":"Feature","properties":{"layer":"DD_43","label":"AAI airport height NOC","confidence":"confirmed","AIRPORT":" ","NAME":"B26","PERMISSIBL":150},"geometry":{"type":"Polygon","coordinates":[[[73.09999999993185,19.266666667139315],[73.1000000000533,19.24999999997018],[73.08333333315355,19.249999999835858],[73.083333333343,19.26666666625769],[73.09999999993185,19.266666667139315]]]}},{"type":"Feature","properties":{"layer":"DD_43","label":"AAI airport height NOC","confidence":"confirmed","AIRPORT":" ","NAME":"B12","PERMISSIBL":150},"geometry":{"type":"Polygon","coordinates":[[[72.86666666702577,19.266666667005122],[72.8666666668584,19.249999999554912],[72.84999999962402,19.249999999871452],[72.8499999999903,19.26666666635555],[72.86666666702577,19.266666667005122]]]}},{"type":"Feature","properties":{"layer":"DD_43","label":"AAI airport height NOC","confidence":"confirmed","AIRPORT":" ","NAME":"B2","PERMISSIBL":150},"geometry":{"type":"Polygon","coordinates":[[[72.69999999972273,19.266666666678223],[72.70000000044344,19.250000000284874],[72.6833333333746,19.250000000166875],[72.68333333294594,19.266666667112982],[72.69999999972273,19.266666666678223]]]}},{"type":"Feature","properties":{"layer":"DD_43","label":"AAI airport height NOC","confidence":"confirmed","AIRPORT":" ","NAME":"A32","PERMISSIBL":150},"geometry":{"type":"Polygon","coordinates":[[[73.20000000013816,19.283333333227702],[73.20000000023153,19.26666666709218],[73.18333333342561,19.266666666516702],[73.18333333359271,19.283333333212905],[73.20000000013816,19.283333333227702]]]}},{"type":"Feature","properties":{"layer":"DD_43","label":"AAI airport height NOC","confidence":"confirmed","AIRPORT":" ","NAME":"A27","PERMISSIBL":150},"geometry":{"type":"Polygon","coordinates":[[[73.11666666625278,19.28333333299622],[73.11666666665211,19.266666667059496],[73.09999999993185,19.266666667139315],[73.10000000039734,19.28333333350493],[73.11666666625278,19.28333333299622]]]}},{"type":"Feature","properties":{"layer":"DD_43","label":"AAI airport height NOC","confidence":"confirmed","AIRPORT":" ","NAME":"A21","PERMISSIBL":150},"geometry":{"type":"Polygon","coordinates":[[[73.01666666652288,19.283333333388192],[73.01666666660923,19.26666666624847],[73.0000000001633,19.26666666679804],[72.99999999956675,19.283333333101318],[73.01666666652288,19.283333333388192]]]}},{"type":"Feature","properties":{"layer":"DD_43","label":"AAI airport height NOC","confidence":"confirmed","AIRPORT":" ","NAME":"A17","PERMISSIBL":150},"geometry":{"type":"Polygon","coordinates":[[[72.94999999967871,19.283333333406475],[72.95000000039758,19.26666666633228],[72.93333333355704,19.266666666446106],[72.93333333296219,19.28333333366294],[72.94999999967871,19.283333333406475]]]}},{"type":"Feature","properties":{"layer":"DD_43","label":"AAI airport height NOC","confidence":"confirmed","AIRPORT":" ","NAME":"A15","PERMISSIBL":150},"geometry":{"type":"Polygon","coordinates":[[[72.91666666695787,19.28333333298603],[72.91666666654137,19.266666666728412],[72.90000000046349,19.26666666712148],[72.89999999990208,19.28333333309174],[72.91666666695787,19.28333333298603]]]}},{"type":"Feature","properties":{"layer":"DD_43","label":"AAI airport height NOC","confidence":"confirmed","AIRPORT":" ","NAME":"A11","PERMISSIBL":150},"geometry":{"type":"Polygon","coordinates":[[[72.84999999980364,19.283333332958765],[72.8499999999903,19.26666666635555],[72.83333333357825,19.266666666429085],[72.83333333303193,19.283333333723167],[72.84999999980364,19.283333332958765]]]}},{"type":"Feature","properties":{"layer":"DD_43","label":"AAI airport height NOC","confidence":"confirmed","AIRPORT":" ","NAME":"A2","PERMISSIBL":150},"geometry":{"type":"Polygon","coordinates":[[[72.70000000005287,19.283333332924098],[72.69999999972273,19.266666666678223],[72.68333333294594,19.266666667112982],[72.68333333312344,19.28333333307394],[72.70000000005287,19.283333332924098]]]}},{"type":"Feature","properties":{"layer":"DD_43","label":"AAI airport height NOC","confidence":"confirmed","AIRPORT":" ","NAME":"T24-1","PERMISSIBL":0},"geometry":{"type":"Polygon","coordinates":[[[73.05000000023833,18.96666666989503],[73.06666667028503,18.966666669898693],[73.06666667045464,18.964291537746607],[73.05000000483712,18.96219142495646],[73.05000000023833,18.96666666989503]]]}},{"type":"Feature","properties":{"layer":"DD_43","label":"AAI airport height NOC","confidence":"confirmed","AIRPORT":" ","NAME":"CC34","PERMISSIBL":150},"geometry":{"type":"Polygon","coordinates":[[[73.23333333330214,18.816666666983764],[73.2333333336924,18.8000000002232],[73.21666666625647,18.80000000001481],[73.21666666669097,18.816666667146823],[73.23333333330214,18.816666666983764]]]}},{"type":"Feature","properties":{"layer":"DD_43","label":"AAI airport height NOC","confidence":"confirmed","AIRPORT":" ","NAME":"CC30","PERMISSIBL":150},"geometry":{"type":"Polygon","coordinates":[[[73.16666666663052,18.816666666606704],[73.16666666695079,18.799999999726168],[73.15000000020338,18.800000000431194],[73.15000000045043,18.816666666790844],[73.16666666663052,18.816666666606704]]]}},{"type":"Feature","properties":{"layer":"DD_43","label":"AAI airport height NOC","confidence":"confirmed","AIRPORT":" ","NAME":"CC19","PERMISSIBL":150},"geometry":{"type":"Polygon","coordinates":[[[72.98333333366139,18.816666666441172],[72.98333333354985,18.80000000043066],[72.96666666632827,18.79999999955933],[72.96666666714609,18.816666667117715],[72.98333333366139,18.816666666441172]]]}},{"type":"Feature","properties":{"layer":"DD_43","label":"AAI airport height NOC","confidence":"confirmed","AIRPORT":" ","NAME":"CC10","PERMISSIBL":150},"geometry":{"type":"Polygon","coordinates":[[[72.8333333337554,18.81666666630609],[72.83333333367486,18.799999999883415],[72.81666666661548,18.8000000004457],[72.8166666667287,18.8166666664012],[72.8333333337554,18.81666666630609]]]}},{"type":"Feature","properties":{"layer":"DD_43","label":"AAI airport height NOC","confidence":"confirmed","AIRPORT":" ","NAME":"CC1","PERMISSIBL":150},"geometry":{"type":"Polygon","coordinates":[[[72.68333333361707,18.816666666580012],[72.68333333341205,18.79999999975814],[72.66666666674729,18.800000000372304],[72.66666666624015,18.81666666651373],[72.68333333361707,18.816666666580012]]]}},{"type":"Feature","properties":{"layer":"DD_43","label":"AAI airport height NOC","confidence":"confirmed","AIRPORT":" ","NAME":"BB24","PERMISSIBL":150},"geometry":{"type":"Polygon","coordinates":[[[73.06666666648941,18.83333333368811],[73.06666666712317,18.816666667141277],[73.05000000026673,18.816666666837218],[73.0500000002661,18.8333333333935],[73.06666666648941,18.83333333368811]]]}},{"type":"Feature","properties":{"layer":"DD_43","label":"AAI airport height NOC","confidence":"confirmed","AIRPORT":" ","NAME":"BB15","PERMISSIBL":150},"geometry":{"type":"Polygon","coordinates":[[[72.9166666667809,18.833333333546435],[72.91666666626143,18.816666666835513],[72.9000000003893,18.816666666360312],[72.89999999992506,18.833333332868186],[72.9166666667809,18.833333333546435]]]}},{"type":"Feature","properties":{"layer":"DD_43","label":"AAI airport height NOC","confidence":"confirmed","AIRPORT":" ","NAME":"BB9","PERMISSIBL":150},"geometry":{"type":"Polygon","coordinates":[[[72.81666666679398,18.833333333132185],[72.8166666667287,18.8166666664012],[72.80000000000435,18.816666666580712],[72.7999999995534,18.833333333584218],[72.81666666679398,18.833333333132185]]]}},{"type":"Feature","properties":{"layer":"DD_43","label":"AAI airport height NOC","confidence":"confirmed","AIRPORT":" ","NAME":"AA20","PERMISSIBL":150},"geometry":{"type":"Polygon","coordinates":[[[73.00000000000163,18.84999999978181],[73.00000000015355,18.833333333586992],[72.98333333356346,18.833333333495037],[72.98333333329386,18.84999999976619],[73.00000000000163,18.84999999978181]]]}},{"type":"Feature","properties":{"layer":"DD_43","label":"AAI airport height NOC","confidence":"confirmed","AIRPORT":" ","NAME":"AA12","PERMISSIBL":150},"geometry":{"type":"Polygon","coordinates":[[[72.86666666685863,18.849999999928933],[72.86666666628219,18.833333332996542],[72.84999999985057,18.833333333665323],[72.8499999997064,18.84999999979433],[72.86666666685863,18.849999999928933]]]}},{"type":"Feature","properties":{"layer":"DD_43","label":"AAI airport height NOC","confidence":"confirmed","AIRPORT":" ","NAME":"AA5","PERMISSIBL":150},"geometry":{"type":"Polygon","coordinates":[[[72.75000000042502,18.85000000001164],[72.7500000000115,18.833333333377343],[72.7333333335416,18.83333333343397],[72.7333333335985,18.850000000422718],[72.75000000042502,18.85000000001164]]]}},{"type":"Feature","properties":{"layer":"DD_43","label":"AAI airport height NOC","confidence":"confirmed","AIRPORT":" ","NAME":"AA4","PERMISSIBL":150},"geometry":{"type":"Polygon","coordinates":[[[72.7333333335985,18.850000000422718],[72.7333333335416,18.83333333343397],[72.71666666629037,18.833333332966173],[72.7166666668582,18.850000000097577],[72.7333333335985,18.850000000422718]]]}},{"type":"Feature","properties":{"layer":"DD_43","label":"AAI airport height NOC","confidence":"confirmed","AIRPORT":" ","NAME":"Z36","PERMISSIBL":150},"geometry":{"type":"Polygon","coordinates":[[[73.26666666624293,18.86666666664418],[73.2666666665541,18.85000000018331],[73.25000000038455,18.850000000402556],[73.24999999965914,18.86666666692226],[73.26666666624293,18.86666666664418]]]}},{"type":"Feature","properties":{"layer":"DD_43","label":"AAI airport height NOC","confidence":"confirmed","AIRPORT":" ","NAME":"Z30","PERMISSIBL":150},"geometry":{"type":"Polygon","coordinates":[[[73.16666666631409,18.866666666903917],[73.16666666630223,18.849999999763963],[73.14999999987225,18.849999999962787],[73.15000000002554,18.866666666744457],[73.16666666631409,18.866666666903917]]]}},{"type":"Feature","properties":{"layer":"DD_43","label":"AAI airport height NOC","confidence":"confirmed","AIRPORT":" ","NAME":"Z21","PERMISSIBL":150},"geometry":{"type":"Polygon","coordinates":[[[73.01666666649072,18.866666666984983],[73.01666666680458,18.850000000206112],[73.00000000000163,18.84999999978181],[73.00000000013151,18.8666666669251],[73.01666666649072,18.866666666984983]]]}},{"type":"Feature","properties":{"layer":"DD_43","label":"AAI airport height NOC","confidence":"confirmed","AIRPORT":" ","NAME":"Z3","PERMISSIBL":150},"geometry":{"type":"Polygon","coordinates":[[[72.71666666657813,18.866666666554792],[72.7166666668582,18.850000000097577],[72.70000000036977,18.849999999865116],[72.70000000005967,18.866666666305157],[72.71666666657813,18.866666666554792]]]}},{"type":"Feature","properties":{"layer":"DD_43","label":"AAI airport height NOC","confidence":"confirmed","AIRPORT":" ","NAME":"Y36","PERMISSIBL":150},"geometry":{"type":"Polygon","coordinates":[[[73.26666666691854,18.88333333313689],[73.26666666624293,18.86666666664418],[73.24999999965914,18.86666666692226],[73.25000000041162,18.883333333531112],[73.26666666691854,18.88333333313689]]]}},{"type":"Feature","properties":{"layer":"DD_43","label":"AAI airport height NOC","confidence":"confirmed","AIRPORT":" ","NAME":"Y35","PERMISSIBL":150},"geometry":{"type":"Polygon","coordinates":[[[73.25000000041162,18.883333333531112],[73.24999999965914,18.86666666692226],[73.23333333332563,18.866666666525724],[73.2333333331435,18.883333333020786],[73.25000000041162,18.883333333531112]]]}},{"type":"Feature","properties":{"layer":"DD_43","label":"AAI airport height NOC","confidence":"confirmed","AIRPORT":" ","NAME":"Y27","PERMISSIBL":150},"geometry":{"type":"Polygon","coordinates":[[[73.1166666666963,18.883333333667444],[73.11666666675698,18.866666666852428],[73.10000000012882,18.86666666699806],[73.0999999995416,18.88333333374529],[73.1166666666963,18.883333333667444]]]}},{"type":"Feature","properties":{"layer":"DD_43","label":"AAI airport height NOC","confidence":"confirmed","AIRPORT":" ","NAME":"Y23","PERMISSIBL":150},"geometry":{"type":"Polygon","coordinates":[[[73.04999999979486,18.883333333178797],[73.04999999953478,18.866666667030707],[73.03333333365678,18.86666666640326],[73.03333333309457,18.88333333340421],[73.04999999979486,18.883333333178797]]]}},{"type":"Feature","properties":{"layer":"DD_43","label":"AAI airport height NOC","confidence":"confirmed","AIRPORT":" ","NAME":"Y12","PERMISSIBL":150},"geometry":{"type":"Polygon","coordinates":[[[72.86666666645478,18.88333333357536],[72.86666666691427,18.86666666649389],[72.85000000046809,18.866666666540354],[72.85000000026724,18.883333332959186],[72.86666666645478,18.88333333357536]]]}},{"type":"Feature","properties":{"layer":"DD_43","label":"AAI airport height NOC","confidence":"confirmed","AIRPORT":" ","NAME":"Y10","PERMISSIBL":150},"geometry":{"type":"Polygon","coordinates":[[[72.8333333336949,18.883333333483634],[72.83333333372542,18.86666666704629],[72.81666666687461,18.86666666703816],[72.81666666693702,18.88333333327195],[72.8333333336949,18.883333333483634]]]}},{"type":"Feature","properties":{"layer":"DD_43","label":"AAI airport height NOC","confidence":"confirmed","AIRPORT":" ","NAME":"Y9","PERMISSIBL":150},"geometry":{"type":"Polygon","coordinates":[[[72.81666666693702,18.88333333327195],[72.81666666687461,18.86666666703816],[72.80000000009265,18.866666666445],[72.80000000015825,18.88333333315625],[72.81666666693702,18.88333333327195]]]}},{"type":"Feature","properties":{"layer":"DD_43","label":"AAI airport height NOC","confidence":"confirmed","AIRPORT":" ","NAME":"Y5","PERMISSIBL":150},"geometry":{"type":"Polygon","coordinates":[[[72.74999999954977,18.883333333547704],[72.74999999994887,18.866666666737547],[72.73333333326691,18.866666666674202],[72.73333333350166,18.88333333308422],[72.74999999954977,18.883333333547704]]]}},{"type":"Feature","properties":{"layer":"DD_43","label":"AAI airport height NOC","confidence":"confirmed","AIRPORT":" ","NAME":"X35","PERMISSIBL":150},"geometry":{"type":"Polygon","coordinates":[[[73.24999999980923,18.90000000018209],[73.25000000041162,18.883333333531112],[73.2333333331435,18.883333333020786],[73.23333333304679,18.899999999624715],[73.24999999980923,18.90000000018209]]]}},{"type":"Feature","properties":{"layer":"DD_43","label":"AAI airport height NOC","confidence":"confirmed","AIRPORT":" ","NAME":"X31","PERMISSIBL":150},"geometry":{"type":"Polygon","coordinates":[[[73.1833333332641,18.899999999695055],[73.18333333318344,18.883333333661046],[73.1666666664729,18.883333333487986],[73.16666666678374,18.900000000399473],[73.1833333332641,18.899999999695055]]]}},{"type":"Feature","properties":{"layer":"DD_43","label":"AAI airport height NOC","confidence":"confirmed","AIRPORT":" ","NAME":"X27","PERMISSIBL":150},"geometry":{"type":"Polygon","coordinates":[[[73.11666666637254,18.900000000070996],[73.1166666666963,18.883333333667444],[73.0999999995416,18.88333333374529],[73.10000000013106,18.900000000153018],[73.11666666637254,18.900000000070996]]]}},{"type":"Feature","properties":{"layer":"DD_43","label":"AAI airport height NOC","confidence":"confirmed","AIRPORT":" ","NAME":"X25","PERMISSIBL":150},"geometry":{"type":"Polygon","coordinates":[[[73.08333333366947,18.900000000370948],[73.08333333319383,18.883333333286263],[73.06666666686942,18.883333333121662],[73.06666666717294,18.899999999759125],[73.08333333366947,18.900000000370948]]]}},{"type":"Feature","properties":{"layer":"DD_43","label":"AAI airport height NOC","confidence":"confirmed","AIRPORT":" ","NAME":"X22","PERMISSIBL":150},"geometry":{"type":"Polygon","coordinates":[[[73.03333333282511,18.900000000290788],[73.03333333309457,18.88333333340421],[73.0166666669441,18.883333333734107],[73.01666666628306,18.900000000413634],[73.03333333282511,18.900000000290788]]]}},{"type":"Feature","properties":{"layer":"DD_43","label":"AAI airport height NOC","confidence":"confirmed","AIRPORT":" ","NAME":"X21","PERMISSIBL":150},"geometry":{"type":"Polygon","coordinates":[[[73.01666666628306,18.900000000413634],[73.0166666669441,18.883333333734107],[72.99999999963202,18.883333333180577],[73.00000000039566,18.90000000035557],[73.01666666628306,18.900000000413634]]]}},{"type":"Feature","properties":{"layer":"DD_43","label":"AAI airport height NOC","confidence":"confirmed","AIRPORT":" ","NAME":"X15","PERMISSIBL":150},"geometry":{"type":"Polygon","coordinates":[[[72.91666666691576,18.90000000026145],[72.91666666676703,18.883333333094537],[72.89999999988645,18.88333333312245],[72.9000000000618,18.900000000350644],[72.91666666691576,18.90000000026145]]]}},{"type":"Feature","properties":{"layer":"DD_43","label":"AAI airport height NOC","confidence":"confirmed","AIRPORT":" ","NAME":"X14","PERMISSIBL":150},"geometry":{"type":"Polygon","coordinates":[[[72.9000000000618,18.900000000350644],[72.89999999988645,18.88333333312245],[72.88333333305326,18.883333333606696],[72.88333333319152,18.89999999977162],[72.9000000000618,18.900000000350644]]]}},{"type":"Feature","properties":{"layer":"DD_43","label":"AAI airport height NOC","confidence":"confirmed","AIRPORT":" ","NAME":"X1","PERMISSIBL":150},"geometry":{"type":"Polygon","coordinates":[[[72.68333333345977,18.90000000021902],[72.6833333335905,18.883333333314923],[72.66666666632874,18.883333333072795],[72.66666666698131,18.89999999966671],[72.68333333345977,18.90000000021902]]]}},{"type":"Feature","properties":{"layer":"DD_43","label":"AAI airport height NOC","confidence":"confirmed","AIRPORT":" ","NAME":"W32","PERMISSIBL":150},"geometry":{"type":"Polygon","coordinates":[[[73.2000000004484,18.91666666638818],[73.1999999995901,18.90000000034268],[73.1833333332641,18.899999999695055],[73.18333333301067,18.916666666879703],[73.2000000004484,18.91666666638818]]]}},{"type":"Feature","properties":{"layer":"DD_43","label":"AAI airport height NOC","confidence":"confirmed","AIRPORT":" ","NAME":"W28","PERMISSIBL":150},"geometry":{"type":"Polygon","coordinates":[[[73.13333333301273,18.916666666804247],[73.13333333316812,18.900000000196197],[73.11666666637254,18.900000000070996],[73.11666666673985,18.916666666956075],[73.13333333301273,18.916666666804247]]]}},{"type":"Feature","properties":{"layer":"DD_43","label":"AAI airport height NOC","confidence":"confirmed","AIRPORT":" ","NAME":"W17","PERMISSIBL":150},"geometry":{"type":"Polygon","coordinates":[[[72.94999999963782,18.916666666703804],[72.94999999985058,18.90000000015747],[72.93333333357783,18.899999999572326],[72.93333333308173,18.916666666679774],[72.94999999963782,18.916666666703804]]]}},{"type":"Feature","properties":{"layer":"DD_43","label":"AAI airport height NOC","confidence":"confirmed","AIRPORT":" ","NAME":"V30","PERMISSIBL":150},"geometry":{"type":"Polygon","coordinates":[[[73.16666666699163,18.93333333330857],[73.16666666632223,18.916666666705662],[73.14999999959824,18.91666666670056],[73.15000000047557,18.933333333168907],[73.16666666699163,18.93333333330857]]]}},{"type":"Feature","properties":{"layer":"DD_43","label":"AAI airport height NOC","confidence":"confirmed","AIRPORT":" ","NAME":"V22","PERMISSIBL":115},"geometry":{"type":"Polygon","coordinates":[[[73.03333333322857,18.93333333364206],[73.0333333328644,18.916666667043273],[73.01666666642149,18.91666666702415],[73.01666666642659,18.933333333535984],[73.03333333322857,18.93333333364206]]]}},{"type":"Feature","properties":{"layer":"DD_43","label":"AAI airport height NOC","confidence":"confirmed","AIRPORT":" ","NAME":"V11","PERMISSIBL":150},"geometry":{"type":"Polygon","coordinates":[[[72.84999999970945,18.933333333739615],[72.84999999987046,18.916666666577918],[72.83333333322244,18.91666666642739],[72.83333333376468,18.93333333290674],[72.84999999970945,18.933333333739615]]]}},{"type":"Feature","properties":{"layer":"DD_43","label":"AAI airport height NOC","confidence":"confirmed","AIRPORT":" ","NAME":"V2","PERMISSIBL":150},"geometry":{"type":"Polygon","coordinates":[[[72.70000000024733,18.933333332986486],[72.69999999994629,18.91666666639585],[72.68333333351553,18.91666666654432],[72.68333333376414,18.93333333317532],[72.70000000024733,18.933333332986486]]]}},{"type":"Feature","properties":{"layer":"DD_43","label":"AAI airport height NOC","confidence":"confirmed","AIRPORT":" ","NAME":"U21","PERMISSIBL":85},"geometry":{"type":"Polygon","coordinates":[[[73.01666666631444,18.949999999929485],[73.01666666642659,18.933333333535984],[73.00000000012678,18.933333333711573],[73.00000000007566,18.9499999998637],[73.01666666631444,18.949999999929485]]]}},{"type":"Feature","properties":{"layer":"DD_43","label":"AAI airport height NOC","confidence":"confirmed","AIRPORT":" ","NAME":"U6","PERMISSIBL":150},"geometry":{"type":"Polygon","coordinates":[[[72.76666666663172,18.94999999979515],[72.76666666636639,18.933333332919183],[72.74999999995855,18.933333333404168],[72.75000000005065,18.95000000036339],[72.76666666663172,18.94999999979515]]]}},{"type":"Feature","properties":{"layer":"DD_43","label":"AAI airport height NOC","confidence":"confirmed","AIRPORT":" ","NAME":"T29","PERMISSIBL":135},"geometry":{"type":"Polygon","coordinates":[[[73.14999999956358,18.966666667022608],[73.15000000014264,18.949999999946442],[73.13333333337287,18.950000000296622],[73.13333333296944,18.96666666713155],[73.14999999956358,18.966666667022608]]]}},{"type":"Feature","properties":{"layer":"DD_43","label":"AAI airport height NOC","confidence":"confirmed","AIRPORT":" ","NAME":"T27","PERMISSIBL":50},"geometry":{"type":"Polygon","coordinates":[[[73.1166666664874,18.96666666663089],[73.11666666678207,18.950000000255937],[73.09999999959395,18.94999999975341],[73.10000000027979,18.96666666636267],[73.1166666664874,18.96666666663089]]]}},{"type":"Feature","properties":{"layer":"DD_43","label":"AAI airport height NOC","confidence":"confirmed","AIRPORT":" ","NAME":"S11","PERMISSIBL":150},"geometry":{"type":"Polygon","coordinates":[[[72.84999999962064,18.983333333695324],[72.84999999957279,18.96666666686582],[72.83333333363558,18.96666666665505],[72.83333333301097,18.983333332982806],[72.84999999962064,18.983333333695324]]]}},{"type":"Feature","properties":{"layer":"DD_43","label":"AAI airport height NOC","confidence":"confirmed","AIRPORT":" ","NAME":"R31","PERMISSIBL":135},"geometry":{"type":"Polygon","coordinates":[[[73.1833333331471,19.000000000445763],[73.18333333289311,18.983333333210343],[73.16666666645222,18.983333333700337],[73.16666666705852,19.00000000033985],[73.1833333331471,19.000000000445763]]]}},{"type":"Feature","properties":{"layer":"DD_43","label":"AAI airport height NOC","confidence":"confirmed","AIRPORT":" ","NAME":"R27","PERMISSIBL":0},"geometry":{"type":"Polygon","coordinates":[[[73.11666666628244,18.999999999644515],[73.11666666694536,18.983333333407906],[73.10000000031118,18.983333333417065],[73.09999999971365,18.999999999993538],[73.11666666628244,18.999999999644515]]]}},{"type":"Feature","properties":{"layer":"DD_43","label":"AAI airport height NOC","confidence":"confirmed","AIRPORT":" ","NAME":"R18","PERMISSIBL":115},"geometry":{"type":"Polygon","coordinates":[[[72.96666666694416,19.000000000283503],[72.96666666674078,18.983333333383072],[72.95000000032651,18.98333370905669],[72.94999999978978,19.000000000362355],[72.96666666694416,19.000000000283503]]]}},{"type":"Feature","properties":{"layer":"DD_43","label":"AAI airport height NOC","confidence":"confirmed","AIRPORT":" ","NAME":"R17","PERMISSIBL":135},"geometry":{"type":"Polygon","coordinates":[[[72.94999999978978,19.000000000362355],[72.95000000032651,18.98333370905669],[72.93333333363285,18.983333333425524],[72.93333333353958,18.99999999958368],[72.94999999978978,19.000000000362355]]]}},{"type":"Feature","properties":{"layer":"DD_43","label":"AAI airport height NOC","confidence":"confirmed","AIRPORT":" ","NAME":"R12","PERMISSIBL":150},"geometry":{"type":"Polygon","coordinates":[[[72.86666666660476,18.99999999992616],[72.86666666634392,18.98333333333474],[72.84999999962064,18.983333333695324],[72.84999999977707,19.0000000000749],[72.86666666660476,18.99999999992616]]]}},{"type":"Feature","properties":{"layer":"DD_43","label":"AAI airport height NOC","confidence":"confirmed","AIRPORT":" ","NAME":"R11","PERMISSIBL":150},"geometry":{"type":"Polygon","coordinates":[[[72.84999999977707,19.0000000000749],[72.84999999962064,18.983333333695324],[72.83333333301097,18.983333332982806],[72.83333333297415,18.999999999835108],[72.84999999977707,19.0000000000749]]]}},{"type":"Feature","properties":{"layer":"DD_43","label":"AAI airport height NOC","confidence":"confirmed","AIRPORT":" ","NAME":"Q31","PERMISSIBL":135},"geometry":{"type":"Polygon","coordinates":[[[73.18333333317504,19.016666666904822],[73.1833333331471,19.000000000445763],[73.16666666705852,19.00000000033985],[73.16666666698158,19.016666666253954],[73.18333333317504,19.016666666904822]]]}},{"type":"Feature","properties":{"layer":"DD_43","label":"AAI airport height NOC","confidence":"confirmed","AIRPORT":" ","NAME":"Q26","PERMISSIBL":0},"geometry":{"type":"Polygon","coordinates":[[[73.10000000039162,19.01666666699501],[73.09999999971365,18.999999999993538],[73.08333333345522,19.00000000007696],[73.08333333368306,19.01666666635063],[73.10000000039162,19.01666666699501]]]}},{"type":"Feature","properties":{"layer":"DD_43","label":"AAI airport height NOC","confidence":"confirmed","AIRPORT":" ","NAME":"Q22","PERMISSIBL":0},"geometry":{"type":"Polygon","coordinates":[[[73.03333333285656,19.016666666271956],[73.0333333334866,18.999999999863302],[73.01666666636366,19.00000000002075],[73.01666666688273,19.01666666665851],[73.03333333285656,19.016666666271956]]]}},{"type":"Feature","properties":{"layer":"DD_43","label":"AAI airport height NOC","confidence":"confirmed","AIRPORT":" ","NAME":"Q14","PERMISSIBL":150},"geometry":{"type":"Polygon","coordinates":[[[72.90000000040416,19.01666666715452],[72.89999999963528,18.99999999964658],[72.88333333327384,19.000000000362252],[72.88333333365557,19.016666666347845],[72.90000000040416,19.01666666715452]]]}},{"type":"Feature","properties":{"layer":"DD_43","label":"AAI airport height NOC","confidence":"confirmed","AIRPORT":" ","NAME":"Q10","PERMISSIBL":135},"geometry":{"type":"Polygon","coordinates":[[[72.8333333335547,19.016666666289932],[72.83333333297415,18.999999999835108],[72.81666666635631,19.000000000039275],[72.8166666671568,19.016666666820296],[72.8333333335547,19.016666666289932]]]}},{"type":"Feature","properties":{"layer":"DD_43","label":"AAI airport height NOC","confidence":"confirmed","AIRPORT":" ","NAME":"Q8","PERMISSIBL":150},"geometry":{"type":"Polygon","coordinates":[[[72.80000000009969,19.016666666590964],[72.80000000010726,18.999999999713026],[72.78333333343782,18.99999999967645],[72.78333333349254,19.01666666644438],[72.80000000009969,19.016666666590964]]]}},{"type":"Feature","properties":{"layer":"DD_43","label":"AAI airport height NOC","confidence":"confirmed","AIRPORT":" ","NAME":"P28","PERMISSIBL":50},"geometry":{"type":"Polygon","coordinates":[[[73.13333333321674,19.033333333146956],[73.13333333341504,19.01666666688728],[73.11666666639273,19.01666666714676],[73.11666666637254,19.033333333175275],[73.13333333321674,19.033333333146956]]]}},{"type":"Feature","properties":{"layer":"DD_43","label":"AAI airport height NOC","confidence":"confirmed","AIRPORT":" ","NAME":"P12","PERMISSIBL":115},"geometry":{"type":"Polygon","coordinates":[[[72.86666666697512,19.033333333287576],[72.86666666648901,19.016666666880855],[72.85000000004808,19.01666666688859],[72.85000000046288,19.033333333214255],[72.86666666697512,19.033333333287576]]]}},{"type":"Feature","properties":{"layer":"DD_43","label":"AAI airport height NOC","confidence":"confirmed","AIRPORT":" ","NAME":"O35","PERMISSIBL":150},"geometry":{"type":"Polygon","coordinates":[[[73.25000000028611,19.05000000010773],[73.25000000011491,19.033333332968667],[73.23333333328252,19.03333333301261],[73.23333333365163,19.049999999678942],[73.25000000028611,19.05000000010773]]]}},{"type":"Feature","properties":{"layer":"DD_43","label":"AAI airport height NOC","confidence":"confirmed","AIRPORT":" ","NAME":"O27","PERMISSIBL":50},"geometry":{"type":"Polygon","coordinates":[[[73.11666666715658,19.05000000042977],[73.11666666637254,19.033333333175275],[73.10000000047168,19.033333333478918],[73.09999999995892,19.050000000328765],[73.11666666715658,19.05000000042977]]]}},{"type":"Feature","properties":{"layer":"DD_43","label":"AAI airport height NOC","confidence":"confirmed","AIRPORT":" ","NAME":"O21","PERMISSIBL":85},"geometry":{"type":"Polygon","coordinates":[[[73.01666666686735,19.050000000158875],[73.01666666641566,19.033333333069848],[73.00000000024801,19.03333333360591],[72.99999999992329,19.049999999904646],[73.01666666686735,19.050000000158875]]]}},{"type":"Feature","properties":{"layer":"DD_43","label":"AAI airport height NOC","confidence":"confirmed","AIRPORT":" ","NAME":"O18","PERMISSIBL":150},"geometry":{"type":"Polygon","coordinates":[[[72.96666666667129,19.049999999916796],[72.96666666689833,19.033333333118165],[72.95000000004624,19.033333332865183],[72.94999999975293,19.050000000040416],[72.96666666667129,19.049999999916796]]]}},{"type":"Feature","properties":{"layer":"DD_43","label":"AAI airport height NOC","confidence":"confirmed","AIRPORT":" ","NAME":"O8","PERMISSIBL":135},"geometry":{"type":"Polygon","coordinates":[[[72.80000000019567,19.0500000003594],[72.79999999981057,19.03333333317459],[72.78333333375693,19.033333332991134],[72.78333333328753,19.05000000018956],[72.80000000019567,19.0500000003594]]]}},{"type":"Feature","properties":{"layer":"DD_43","label":"AAI airport height NOC","confidence":"confirmed","AIRPORT":" ","NAME":"N28","PERMISSIBL":150},"geometry":{"type":"Polygon","coordinates":[[[73.13333333285098,19.066666666418424],[73.13333333334027,19.04999999966716],[73.11666666715658,19.05000000042977],[73.11666666688089,19.066666667064496],[73.13333333285098,19.066666666418424]]]}},{"type":"Feature","properties":{"layer":"DD_43","label":"AAI airport height NOC","confidence":"confirmed","AIRPORT":" ","NAME":"N27","PERMISSIBL":135},"geometry":{"type":"Polygon","coordinates":[[[73.11666666688089,19.066666667064496],[73.11666666715658,19.05000000042977],[73.09999999995892,19.050000000328765],[73.09999999982894,19.066666666631267],[73.11666666688089,19.066666667064496]]]}},{"type":"Feature","properties":{"layer":"DD_43","label":"AAI airport height NOC","confidence":"confirmed","AIRPORT":" ","NAME":"N22","PERMISSIBL":115},"geometry":{"type":"Polygon","coordinates":[[[73.03333333352579,19.066666666500353],[73.03333333285462,19.050000000061676],[73.01666666686735,19.050000000158875],[73.01666666636517,19.066666666982385],[73.03333333352579,19.066666666500353]]]}},{"type":"Feature","properties":{"layer":"DD_43","label":"AAI airport height NOC","confidence":"confirmed","AIRPORT":" ","NAME":"N5","PERMISSIBL":150},"geometry":{"type":"Polygon","coordinates":[[[72.74999999981364,19.066666666773234],[72.75000000005373,19.05000000029854],[72.733333333119,19.050000000419132],[72.73333333322425,19.066666666342154],[72.74999999981364,19.066666666773234]]]}},{"type":"Feature","properties":{"layer":"DD_43","label":"AAI airport height NOC","confidence":"confirmed","AIRPORT":" ","NAME":"N3","PERMISSIBL":85},"geometry":{"type":"Polygon","coordinates":[[[72.71666666655213,19.06666666684379],[72.71666666715753,19.049999999894847],[72.70000000041573,19.050000000433712],[72.69999999999182,19.066666666397357],[72.71666666655213,19.06666666684379]]]}},{"type":"Feature","properties":{"layer":"DD_43","label":"AAI airport height NOC","confidence":"confirmed","AIRPORT":" ","NAME":"M31","PERMISSIBL":150},"geometry":{"type":"Polygon","coordinates":[[[73.18333333312346,19.08333333362924],[73.18333333294115,19.066666666853052],[73.16666666651969,19.066666666708414],[73.16666666666855,19.083333333162805],[73.18333333312346,19.08333333362924]]]}},{"type":"Feature","properties":{"layer":"DD_43","label":"AAI airport height NOC","confidence":"confirmed","AIRPORT":" ","NAME":"M28","PERMISSIBL":150},"geometry":{"type":"Polygon","coordinates":[[[73.13333333366414,19.0833333334001],[73.13333333285098,19.066666666418424],[73.11666666688089,19.066666667064496],[73.11666666651067,19.083333333069323],[73.13333333366414,19.0833333334001]]]}},{"type":"Feature","properties":{"layer":"DD_43","label":"AAI airport height NOC","confidence":"confirmed","AIRPORT":" ","NAME":"L34","PERMISSIBL":150},"geometry":{"type":"Polygon","coordinates":[[[73.23333333333355,19.099999999916488],[73.23333333318291,19.083333333598095],[73.21666666702855,19.08333333334071],[73.2166666668837,19.100000000032107],[73.23333333333355,19.099999999916488]]]}},{"type":"Feature","properties":{"layer":"DD_43","label":"AAI airport height NOC","confidence":"confirmed","AIRPORT":" ","NAME":"L25","PERMISSIBL":150},"geometry":{"type":"Polygon","coordinates":[[[73.08333333343647,19.10000000044419],[73.08333333362185,19.083333333026804],[73.06666666632262,19.083333333170604],[73.06666666713133,19.099999999952082],[73.08333333343647,19.10000000044419]]]}},{"type":"Feature","properties":{"layer":"DD_43","label":"AAI airport height NOC","confidence":"confirmed","AIRPORT":" ","NAME":"L5","PERMISSIBL":50},"geometry":{"type":"Polygon","coordinates":[[[72.75000000023248,19.100000000184593],[72.74999999987112,19.083333333107134],[72.7333333331565,19.08333333309077],[72.73333333294657,19.09999999974326],[72.75000000023248,19.100000000184593]]]}},{"type":"Feature","properties":{"layer":"DD_43","label":"AAI airport height NOC","confidence":"confirmed","AIRPORT":" ","NAME":"K27","PERMISSIBL":150},"geometry":{"type":"Polygon","coordinates":[[[73.11666666645768,19.11666666673285],[73.11666666699108,19.100000000240687],[73.09999999979901,19.100000000215154],[73.09999999994054,19.116666666553822],[73.11666666645768,19.11666666673285]]]}},{"type":"Feature","properties":{"layer":"DD_43","label":"AAI airport height NOC","confidence":"confirmed","AIRPORT":" ","NAME":"K14","PERMISSIBL":50},"geometry":{"type":"Polygon","coordinates":[[[72.9000000003377,19.1166666670448],[72.89999999974414,19.10000000031982],[72.8833333335964,19.10000000012036],[72.88333333294352,19.11666666660232],[72.9000000003377,19.1166666670448]]]}},{"type":"Feature","properties":{"layer":"DD_43","label":"AAI airport height NOC","confidence":"confirmed","AIRPORT":" ","NAME":"K2","PERMISSIBL":60},"geometry":{"type":"Polygon","coordinates":[[[72.69999999990347,19.116666666417974],[72.69999999970426,19.100000000311052],[72.68333333314757,19.100000000255278],[72.68333333300762,19.116666666269406],[72.69999999990347,19.116666666417974]]]}},{"type":"Feature","properties":{"layer":"DD_43","label":"AAI airport height NOC","confidence":"confirmed","AIRPORT":" ","NAME":"J4","PERMISSIBL":85},"geometry":{"type":"Polygon","coordinates":[[[72.73333333311244,19.133333333600103],[72.73333333356311,19.116666666292673],[72.71666666680721,19.11666666670162],[72.71666666668716,19.133333333519545],[72.73333333311244,19.133333333600103]]]}},{"type":"Feature","properties":{"layer":"DD_43","label":"AAI airport height NOC","confidence":"confirmed","AIRPORT":" ","NAME":"J2","PERMISSIBL":150},"geometry":{"type":"Polygon","coordinates":[[[72.70000000001913,19.133333333434727],[72.69999999990347,19.116666666417974],[72.68333333300762,19.116666666269406],[72.6833333332758,19.133333333270176],[72.70000000001913,19.133333333434727]]]}},{"type":"Feature","properties":{"layer":"DD_43","label":"AAI airport height NOC","confidence":"confirmed","AIRPORT":" ","NAME":"I32","PERMISSIBL":150},"geometry":{"type":"Polygon","coordinates":[[[73.19999999955458,19.150000000120205],[73.20000000003597,19.133333333470997],[73.18333333371953,19.133333333145778],[73.1833333333441,19.149999999909983],[73.19999999955458,19.150000000120205]]]}},{"type":"Feature","properties":{"layer":"DD_43","label":"AAI airport height NOC","confidence":"confirmed","AIRPORT":" ","NAME":"I19","PERMISSIBL":150},"geometry":{"type":"Polygon","coordinates":[[[72.98333333287388,19.150000000230087],[72.98333333364761,19.13333333331767],[72.966666667054,19.133333333366014],[72.96666666640412,19.150000000340807],[72.98333333287388,19.150000000230087]]]}},{"type":"Feature","properties":{"layer":"DD_43","label":"AAI airport height NOC","confidence":"confirmed","AIRPORT":" ","NAME":"I15","PERMISSIBL":115},"geometry":{"type":"Polygon","coordinates":[[[72.91666666694854,19.150000000263596],[72.91666666673144,19.133333333469217],[72.89999999970303,19.133333332955594],[72.89999999973487,19.149999999861052],[72.91666666694854,19.150000000263596]]]}},{"type":"Feature","properties":{"layer":"DD_43","label":"AAI airport height NOC","confidence":"confirmed","AIRPORT":" ","NAME":"I8","PERMISSIBL":85},"geometry":{"type":"Polygon","coordinates":[[[72.79999999982202,19.150000000372422],[72.79999999971326,19.133333333645496],[72.78333333307029,19.133333333706386],[72.78333333338816,19.14999999996143],[72.79999999982202,19.150000000372422]]]}},{"type":"Feature","properties":{"layer":"DD_43","label":"AAI airport height NOC","confidence":"confirmed","AIRPORT":" ","NAME":"I3","PERMISSIBL":150},"geometry":{"type":"Polygon","coordinates":[[[72.71666666697303,19.15000000026123],[72.71666666668716,19.133333333519545],[72.70000000001913,19.133333333434727],[72.70000000008262,19.15000000043975],[72.71666666697303,19.15000000026123]]]}},{"type":"Feature","properties":{"layer":"DD_43","label":"AAI airport height NOC","confidence":"confirmed","AIRPORT":" ","NAME":"H30","PERMISSIBL":150},"geometry":{"type":"Polygon","coordinates":[[[73.16666666698568,19.16666666629327],[73.16666666692905,19.149999999619126],[73.150000000465,19.150000000090728],[73.15000000003904,19.16666666650569],[73.16666666698568,19.16666666629327]]]}},{"type":"Feature","properties":{"layer":"DD_43","label":"AAI airport height NOC","confidence":"confirmed","AIRPORT":" ","NAME":"H20","PERMISSIBL":150},"geometry":{"type":"Polygon","coordinates":[[[72.99999999978444,19.16666666650545],[73.00000000016784,19.15000000017487],[72.98333333287388,19.150000000230087],[72.98333333318067,19.16666666690354],[72.99999999978444,19.16666666650545]]]}},{"type":"Feature","properties":{"layer":"DD_43","label":"AAI airport height NOC","confidence":"confirmed","AIRPORT":" ","NAME":"H15","PERMISSIBL":150},"geometry":{"type":"Polygon","coordinates":[[[72.91666666641756,19.16666666704987],[72.91666666694854,19.150000000263596],[72.89999999973487,19.149999999861052],[72.90000000046213,19.16666666683894],[72.91666666641756,19.16666666704987]]]}},{"type":"Feature","properties":{"layer":"DD_43","label":"AAI airport height NOC","confidence":"confirmed","AIRPORT":" ","NAME":"H2","PERMISSIBL":150},"geometry":{"type":"Polygon","coordinates":[[[72.70000000012544,19.166666666511492],[72.70000000008262,19.15000000043975],[72.68333333303367,19.150000000324116],[72.68333333326314,19.166666666521746],[72.70000000012544,19.166666666511492]]]}},{"type":"Feature","properties":{"layer":"DD_43","label":"AAI airport height NOC","confidence":"confirmed","AIRPORT":" ","NAME":"G22","PERMISSIBL":150},"geometry":{"type":"Polygon","coordinates":[[[73.03333333312698,19.183333333672348],[73.03333333362268,19.16666666639361],[73.01666666696318,19.166666666919163],[73.01666666686674,19.18333333321571],[73.03333333312698,19.183333333672348]]]}},{"type":"Feature","properties":{"layer":"DD_43","label":"AAI airport height NOC","confidence":"confirmed","AIRPORT":" ","NAME":"G18","PERMISSIBL":150},"geometry":{"type":"Polygon","coordinates":[[[72.96666666699147,19.183333333725415],[72.96666666637763,19.166666667133725],[72.9499999995409,19.166666667129245],[72.95000000024132,19.1833333336954],[72.96666666699147,19.183333333725415]]]}},{"type":"Feature","properties":{"layer":"DD_43","label":"AAI airport height NOC","confidence":"confirmed","AIRPORT":" ","NAME":"G7","PERMISSIBL":85},"geometry":{"type":"Polygon","coordinates":[[[72.78333333318403,19.183333333121222],[72.7833333330992,19.166666666736486],[72.76666666628232,19.166666666694873],[72.76666666651893,19.183333333433552],[72.78333333318403,19.183333333121222]]]}},{"type":"Feature","properties":{"layer":"DD_43","label":"AAI airport height NOC","confidence":"confirmed","AIRPORT":" ","NAME":"G4","PERMISSIBL":85},"geometry":{"type":"Polygon","coordinates":[[[72.73333333323008,19.18333333365618],[72.73333333293331,19.16666666684891],[72.71666666673343,19.166666666896354],[72.71666666693746,19.183333333418133],[72.73333333323008,19.18333333365618]]]}},{"type":"Feature","properties":{"layer":"DD_43","label":"AAI airport height NOC","confidence":"confirmed","AIRPORT":" ","NAME":"G2","PERMISSIBL":150},"geometry":{"type":"Polygon","coordinates":[[[72.7000000001415,19.183333333437535],[72.70000000012544,19.166666666511492],[72.68333333326314,19.166666666521746],[72.68333333300778,19.1833333336387],[72.7000000001415,19.183333333437535]]]}},{"type":"Feature","properties":{"layer":"DD_43","label":"AAI airport height NOC","confidence":"confirmed","AIRPORT":" ","NAME":"F27","PERMISSIBL":150},"geometry":{"type":"Polygon","coordinates":[[[73.11666666704625,19.20000000024053],[73.11666666676633,19.183333332866347],[73.10000000027219,19.183333333528104],[73.09999999990441,19.20000000012146],[73.11666666704625,19.20000000024053]]]}},{"type":"Feature","properties":{"layer":"DD_43","label":"AAI airport height NOC","confidence":"confirmed","AIRPORT":" ","NAME":"F25","PERMISSIBL":150},"geometry":{"type":"Polygon","coordinates":[[[73.08333333316979,19.199999999882476],[73.0833333333137,19.183333333368555],[73.0666666669958,19.183333333237922],[73.0666666669958,19.20000000036397],[73.08333333316979,19.199999999882476]]]}},{"type":"Feature","properties":{"layer":"DD_43","label":"AAI airport height NOC","confidence":"confirmed","AIRPORT":" ","NAME":"F23","PERMISSIBL":150},"geometry":{"type":"Polygon","coordinates":[[[73.0499999996661,19.199999999675928],[73.04999999958183,19.183333333052765],[73.03333333312698,19.183333333672348],[73.03333333322506,19.199999999580854],[73.0499999996661,19.199999999675928]]]}},{"type":"Feature","properties":{"layer":"DD_43","label":"AAI airport height NOC","confidence":"confirmed","AIRPORT":" ","NAME":"E35","PERMISSIBL":150},"geometry":{"type":"Polygon","coordinates":[[[73.25000000023878,19.216666666284972],[73.25000000017889,19.19999999973871],[73.23333333375582,19.20000000016689],[73.23333333325076,19.216666666770795],[73.25000000023878,19.216666666284972]]]}},{"type":"Feature","properties":{"layer":"DD_43","label":"AAI airport height NOC","confidence":"confirmed","AIRPORT":" ","NAME":"E34","PERMISSIBL":150},"geometry":{"type":"Polygon","coordinates":[[[73.23333333325076,19.216666666770795],[73.23333333375582,19.20000000016689],[73.21666666643944,19.200000000055777],[73.2166666662562,19.2166666665156],[73.23333333325076,19.216666666770795]]]}},{"type":"Feature","properties":{"layer":"DD_43","label":"AAI airport height NOC","confidence":"confirmed","AIRPORT":" ","NAME":"E33","PERMISSIBL":150},"geometry":{"type":"Polygon","coordinates":[[[73.2166666662562,19.2166666665156],[73.21666666643944,19.200000000055777],[73.20000000028534,19.20000000026859],[73.20000000035942,19.216666666373555],[73.2166666662562,19.2166666665156]]]}},{"type":"Feature","properties":{"layer":"DD_43","label":"AAI airport height NOC","confidence":"confirmed","AIRPORT":" ","NAME":"E28","PERMISSIBL":150},"geometry":{"type":"Polygon","coordinates":[[[73.13333333293441,19.216666666471948],[73.13333333348062,19.20000000029227],[73.11666666704625,19.20000000024053],[73.11666666640478,19.216666666816874],[73.13333333293441,19.216666666471948]]]}},{"type":"Feature","properties":{"layer":"DD_43","label":"AAI airport height NOC","confidence":"confirmed","AIRPORT":" ","NAME":"E27","PERMISSIBL":150},"geometry":{"type":"Polygon","coordinates":[[[73.11666666640478,19.216666666816874],[73.11666666704625,19.20000000024053],[73.09999999990441,19.20000000012146],[73.10000000005006,19.216666666893207],[73.11666666640478,19.216666666816874]]]}},{"type":"Feature","properties":{"layer":"DD_43","label":"AAI airport height NOC","confidence":"confirmed","AIRPORT":" ","NAME":"E21","PERMISSIBL":150},"geometry":{"type":"Polygon","coordinates":[[[73.0166666670478,19.216666666361878],[73.01666666688588,19.200000000004163],[72.99999999987277,19.1999999999671],[73.00000000037767,19.21666666705937],[73.0166666670478,19.216666666361878]]]}},{"type":"Feature","properties":{"layer":"DD_43","label":"AAI airport height NOC","confidence":"confirmed","AIRPORT":" ","NAME":"E16","PERMISSIBL":150},"geometry":{"type":"Polygon","coordinates":[[[72.93333333325923,19.216666666365604],[72.93333333304298,19.20000000026657],[72.916666666993,19.199999999661348],[72.91666666717207,19.21666666634058],[72.93333333325923,19.216666666365604]]]}},{"type":"Feature","properties":{"layer":"DD_43","label":"AAI airport height NOC","confidence":"confirmed","AIRPORT":" ","NAME":"E14","PERMISSIBL":150},"geometry":{"type":"Polygon","coordinates":[[[72.90000000034804,19.21666666703651],[72.90000000028192,19.19999999998878],[72.88333333308547,19.200000000276546],[72.88333333297393,19.216666666577925],[72.90000000034804,19.21666666703651]]]}},{"type":"Feature","properties":{"layer":"DD_43","label":"AAI airport height NOC","confidence":"confirmed","AIRPORT":" ","NAME":"E8","PERMISSIBL":150},"geometry":{"type":"Polygon","coordinates":[[[72.79999999996953,19.216666666263787],[72.80000000032449,19.19999999962434],[72.78333333364897,19.1999999999999],[72.78333333357388,19.216666666439252],[72.79999999996953,19.216666666263787]]]}},{"type":"Feature","properties":{"layer":"DD_43","label":"AAI airport height NOC","confidence":"confirmed","AIRPORT":" ","NAME":"E5","PERMISSIBL":150},"geometry":{"type":"Polygon","coordinates":[[[72.74999999981938,19.216666667141176],[72.74999999960104,19.199999999931872],[72.73333333349674,19.200000000255642],[72.733333333752,19.21666666662874],[72.74999999981938,19.216666667141176]]]}},{"type":"Feature","properties":{"layer":"DD_43","label":"AAI airport height NOC","confidence":"confirmed","AIRPORT":" ","NAME":"D27","PERMISSIBL":150},"geometry":{"type":"Polygon","coordinates":[[[73.11666666674877,19.233333333498496],[73.11666666640478,19.216666666816874],[73.10000000005006,19.216666666893207],[73.0999999997844,19.23333333291055],[73.11666666674877,19.233333333498496]]]}},{"type":"Feature","properties":{"layer":"DD_43","label":"AAI airport height NOC","confidence":"confirmed","AIRPORT":" ","NAME":"D24","PERMISSIBL":150},"geometry":{"type":"Polygon","coordinates":[[[73.06666666678487,19.233333333659548],[73.06666666660676,19.216666666873273],[73.04999999984499,19.21666666665042],[73.05000000014526,19.233333333053487],[73.06666666678487,19.233333333659548]]]}},{"type":"Feature","properties":{"layer":"DD_43","label":"AAI airport height NOC","confidence":"confirmed","AIRPORT":" ","NAME":"D23","PERMISSIBL":150},"geometry":{"type":"Polygon","coordinates":[[[73.05000000014526,19.233333333053487],[73.04999999984499,19.21666666665042],[73.03333333295033,19.216666666799163],[73.0333333332913,19.233333333511474],[73.05000000014526,19.233333333053487]]]}},{"type":"Feature","properties":{"layer":"DD_43","label":"AAI airport height NOC","confidence":"confirmed","AIRPORT":" ","NAME":"D10","PERMISSIBL":150},"geometry":{"type":"Polygon","coordinates":[[[72.83333333351335,19.233333333325895],[72.83333333287834,19.21666666665146],[72.81666666677592,19.216666666314183],[72.81666666644195,19.233333333262525],[72.83333333351335,19.233333333325895]]]}},{"type":"Feature","properties":{"layer":"DD_43","label":"AAI airport height NOC","confidence":"confirmed","AIRPORT":" ","NAME":"D7","PERMISSIBL":150},"geometry":{"type":"Polygon","coordinates":[[[72.78333333296484,19.233333333323618],[72.78333333357388,19.216666666439252],[72.76666666680242,19.216666666756254],[72.76666666688617,19.23333333330288],[72.78333333296484,19.233333333323618]]]}},{"type":"Feature","properties":{"layer":"DD_43","label":"AAI airport height NOC","confidence":"confirmed","AIRPORT":" ","NAME":"D6","PERMISSIBL":150},"geometry":{"type":"Polygon","coordinates":[[[72.76666666688617,19.23333333330288],[72.76666666680242,19.216666666756254],[72.74999999981938,19.216666667141176],[72.74999999956415,19.233333333126982],[72.76666666688617,19.23333333330288]]]}},{"type":"Feature","properties":{"layer":"DD_43","label":"AAI airport height NOC","confidence":"confirmed","AIRPORT":" ","NAME":"C34","PERMISSIBL":150},"geometry":{"type":"Polygon","coordinates":[[[73.23333333336996,19.249999999981053],[73.23333333312047,19.23333333308108],[73.21666666693302,19.233333333644524],[73.21666666660224,19.249999999597378],[73.23333333336996,19.249999999981053]]]}},{"type":"Feature","properties":{"layer":"DD_43","label":"AAI airport height NOC","confidence":"confirmed","AIRPORT":" ","NAME":"C19","PERMISSIBL":150},"geometry":{"type":"Polygon","coordinates":[[[72.98333333339211,19.250000000326132],[72.98333333315742,19.233333333394214],[72.96666666712858,19.233333332940067],[72.966666666647,19.250000000298005],[72.98333333339211,19.250000000326132]]]}},{"type":"Feature","properties":{"layer":"DD_43","label":"AAI airport height NOC","confidence":"confirmed","AIRPORT":" ","NAME":"C17","PERMISSIBL":150},"geometry":{"type":"Polygon","coordinates":[[[72.95000000043918,19.249999999891415],[72.94999999979795,19.23333333319996],[72.93333333324149,19.233333333224472],[72.93333333301806,19.24999999992079],[72.95000000043918,19.249999999891415]]]}},{"type":"Feature","properties":{"layer":"DD_43","label":"AAI airport height NOC","confidence":"confirmed","AIRPORT":" ","NAME":"C15","PERMISSIBL":150},"geometry":{"type":"Polygon","coordinates":[[[72.91666666644791,19.250000000339416],[72.91666666667153,19.233333332934993],[72.90000000023986,19.23333333316618],[72.89999999995175,19.250000000164928],[72.91666666644791,19.250000000339416]]]}},{"type":"Feature","properties":{"layer":"DD_43","label":"AAI airport height NOC","confidence":"confirmed","AIRPORT":" ","NAME":"C1","PERMISSIBL":150},"geometry":{"type":"Polygon","coordinates":[[[72.6833333333746,19.250000000166875],[72.68333333342663,19.233333333144973],[72.66666666707279,19.233333332935157],[72.66666666673525,19.2500000002212],[72.6833333333746,19.250000000166875]]]}},{"type":"Feature","properties":{"layer":"DD_43","label":"AAI airport height NOC","confidence":"confirmed","AIRPORT":" ","NAME":"B35","PERMISSIBL":150},"geometry":{"type":"Polygon","coordinates":[[[73.24999999972621,19.266666666439225],[73.24999999999325,19.25000000010694],[73.23333333336996,19.249999999981053],[73.23333333307241,19.266666666538192],[73.24999999972621,19.266666666439225]]]}},{"type":"Feature","properties":{"layer":"DD_43","label":"AAI airport height NOC","confidence":"confirmed","AIRPORT":" ","NAME":"B25","PERMISSIBL":150},"geometry":{"type":"Polygon","coordinates":[[[73.083333333343,19.26666666625769],[73.08333333315355,19.249999999835858],[73.06666666660585,19.24999999978988],[73.06666666701557,19.266666667061276],[73.083333333343,19.26666666625769]]]}},{"type":"Feature","properties":{"layer":"DD_43","label":"AAI airport height NOC","confidence":"confirmed","AIRPORT":" ","NAME":"B22","PERMISSIBL":150},"geometry":{"type":"Polygon","coordinates":[[[73.03333333301134,19.266666667116073],[73.03333333331341,19.249999999688114],[73.01666666688227,19.25000000040669],[73.01666666660923,19.26666666624847],[73.03333333301134,19.266666667116073]]]}},{"type":"Feature","properties":{"layer":"DD_43","label":"AAI airport height NOC","confidence":"confirmed","AIRPORT":" ","NAME":"B8","PERMISSIBL":150},"geometry":{"type":"Polygon","coordinates":[[[72.80000000044363,19.266666666619653],[72.80000000001081,19.249999999780208],[72.78333333375382,19.24999999975418],[72.7833333330947,19.266666666580733],[72.80000000044363,19.266666666619653]]]}},{"type":"Feature","properties":{"layer":"DD_43","label":"AAI airport height NOC","confidence":"confirmed","AIRPORT":" ","NAME":"B1","PERMISSIBL":150},"geometry":{"type":"Polygon","coordinates":[[[72.68333333294594,19.266666667112982],[72.6833333333746,19.250000000166875],[72.66666666673525,19.2500000002212],[72.66666666652712,19.26666666660632],[72.68333333294594,19.266666667112982]]]}},{"type":"Feature","properties":{"layer":"DD_43","label":"AAI airport height NOC","confidence":"confirmed","AIRPORT":" ","NAME":"A34","PERMISSIBL":150},"geometry":{"type":"Polygon","coordinates":[[[73.23333333318392,19.28333333364503],[73.23333333307241,19.266666666538192],[73.21666666715133,19.26666666708269],[73.21666666672208,19.28333333335196],[73.23333333318392,19.28333333364503]]]}},{"type":"Feature","properties":{"layer":"DD_43","label":"AAI airport height NOC","confidence":"confirmed","AIRPORT":" ","NAME":"A28","PERMISSIBL":150},"geometry":{"type":"Polygon","coordinates":[[[73.13333333294,19.28333333319586],[73.13333333333176,19.26666666698399],[73.11666666665211,19.266666667059496],[73.11666666625278,19.28333333299622],[73.13333333294,19.28333333319586]]]}},{"type":"Feature","properties":{"layer":"DD_43","label":"AAI airport height NOC","confidence":"confirmed","AIRPORT":" ","NAME":"P26","PERMISSIBL":50},"geometry":{"type":"Polygon","coordinates":[[[73.08333333002689,19.03333333032396],[73.099999999563,19.033333329856088],[73.10000000036084,19.016666669704804],[73.09437160245719,19.0166500737287],[73.09124872191602,19.01870005313137],[73.08872844089103,19.019849932619024],[73.08607189111562,19.020677058407394],[73.08332453949896,19.021167272780662],[73.08333333002689,19.03333333032396]]]}},{"type":"Feature","properties":{"layer":"DD_43","label":"AAI airport height NOC","confidence":"confirmed","AIRPORT":" ","NAME":"CC28","PERMISSIBL":150},"geometry":{"type":"Polygon","coordinates":[[[73.13333333292758,18.816666666587174],[73.13333333313753,18.80000000007775],[73.11666666686028,18.8000000004215],[73.1166666670755,18.816666666866897],[73.13333333292758,18.816666666587174]]]}},{"type":"Feature","properties":{"layer":"DD_43","label":"AAI airport height NOC","confidence":"confirmed","AIRPORT":" ","NAME":"CC27","PERMISSIBL":150},"geometry":{"type":"Polygon","coordinates":[[[73.1166666670755,18.816666666866897],[73.11666666686028,18.8000000004215],[73.09999999967317,18.799999999575792],[73.10000000023629,18.816666666637236],[73.1166666670755,18.816666666866897]]]}},{"type":"Feature","properties":{"layer":"DD_43","label":"AAI airport height NOC","confidence":"confirmed","AIRPORT":" ","NAME":"CC25","PERMISSIBL":150},"geometry":{"type":"Polygon","coordinates":[[[73.08333333352627,18.81666666674937],[73.0833333336212,18.80000000020829],[73.06666666700615,18.800000000430927],[73.06666666712317,18.816666667141277],[73.08333333352627,18.81666666674937]]]}},{"type":"Feature","properties":{"layer":"DD_43","label":"AAI airport height NOC","confidence":"confirmed","AIRPORT":" ","NAME":"CC22","PERMISSIBL":150},"geometry":{"type":"Polygon","coordinates":[[[73.03333333312465,18.816666666677158],[73.03333333373926,18.800000000308653],[73.01666666649636,18.799999999826863],[73.01666666682337,18.816666666607414],[73.03333333312465,18.816666666677158]]]}},{"type":"Feature","properties":{"layer":"DD_43","label":"AAI airport height NOC","confidence":"confirmed","AIRPORT":" ","NAME":"CC21","PERMISSIBL":150},"geometry":{"type":"Polygon","coordinates":[[[73.01666666682337,18.816666666607414],[73.01666666649636,18.799999999826863],[73.00000000034288,18.799999999594785],[72.99999999964392,18.816666666543586],[73.01666666682337,18.816666666607414]]]}},{"type":"Feature","properties":{"layer":"DD_43","label":"AAI airport height NOC","confidence":"confirmed","AIRPORT":" ","NAME":"CC18","PERMISSIBL":150},"geometry":{"type":"Polygon","coordinates":[[[72.96666666714609,18.816666667117715],[72.96666666632827,18.79999999955933],[72.94999999977301,18.799999999634963],[72.95000000029788,18.81666666670068],[72.96666666714609,18.816666667117715]]]}},{"type":"Feature","properties":{"layer":"DD_43","label":"AAI airport height NOC","confidence":"confirmed","AIRPORT":" ","NAME":"BB34","PERMISSIBL":150},"geometry":{"type":"Polygon","coordinates":[[[73.23333333294956,18.83333333303079],[73.23333333330214,18.816666666983764],[73.21666666669097,18.816666667146823],[73.21666666670521,18.833333333614483],[73.23333333294956,18.83333333303079]]]}},{"type":"Feature","properties":{"layer":"DD_43","label":"AAI airport height NOC","confidence":"confirmed","AIRPORT":" ","NAME":"BB13","PERMISSIBL":150},"geometry":{"type":"Polygon","coordinates":[[[72.88333333334157,18.833333333313476],[72.88333333297871,18.81666666630754],[72.86666666705324,18.81666666664076],[72.86666666628219,18.833333332996542],[72.88333333334157,18.833333333313476]]]}},{"type":"Feature","properties":{"layer":"DD_43","label":"AAI airport height NOC","confidence":"confirmed","AIRPORT":" ","NAME":"BB11","PERMISSIBL":150},"geometry":{"type":"Polygon","coordinates":[[[72.84999999985057,18.833333333665323],[72.84999999995748,18.81666666635521],[72.8333333337554,18.81666666630609],[72.83333333329897,18.833333333432925],[72.84999999985057,18.833333333665323]]]}},{"type":"Feature","properties":{"layer":"DD_43","label":"AAI airport height NOC","confidence":"confirmed","AIRPORT":" ","NAME":"BB8","PERMISSIBL":150},"geometry":{"type":"Polygon","coordinates":[[[72.7999999995534,18.833333333584218],[72.80000000000435,18.816666666580712],[72.78333333376098,18.816666666773376],[72.78333333367571,18.833333332933783],[72.7999999995534,18.833333333584218]]]}},{"type":"Feature","properties":{"layer":"DD_43","label":"AAI airport height NOC","confidence":"confirmed","AIRPORT":" ","NAME":"BB6","PERMISSIBL":150},"geometry":{"type":"Polygon","coordinates":[[[72.76666666647012,18.83333333288147],[72.7666666662806,18.816666666884746],[72.7499999996387,18.81666666686495],[72.7500000000115,18.833333333377343],[72.76666666647012,18.83333333288147]]]}},{"type":"Feature","properties":{"layer":"DD_43","label":"AAI airport height NOC","confidence":"confirmed","AIRPORT":" ","NAME":"AA36","PERMISSIBL":150},"geometry":{"type":"Polygon","coordinates":[[[73.2666666665541,18.85000000018331],[73.26666666689825,18.833333332862335],[73.24999999973637,18.833333333062175],[73.25000000038455,18.850000000402556],[73.2666666665541,18.85000000018331]]]}},{"type":"Feature","properties":{"layer":"DD_43","label":"AAI airport height NOC","confidence":"confirmed","AIRPORT":" ","NAME":"AA30","PERMISSIBL":150},"geometry":{"type":"Polygon","coordinates":[[[73.16666666630223,18.849999999763963],[73.16666666641265,18.83333333299153],[73.15000000033181,18.833333333609154],[73.14999999987225,18.849999999962787],[73.16666666630223,18.849999999763963]]]}},{"type":"Feature","properties":{"layer":"DD_43","label":"AAI airport height NOC","confidence":"confirmed","AIRPORT":" ","NAME":"AA27","PERMISSIBL":150},"geometry":{"type":"Polygon","coordinates":[[[73.11666666653934,18.84999999964589],[73.11666666696685,18.8333333329806],[73.10000000001715,18.833333333419315],[73.09999999997956,18.849999999911795],[73.11666666653934,18.84999999964589]]]}},{"type":"Feature","properties":{"layer":"DD_43","label":"AAI airport height NOC","confidence":"confirmed","AIRPORT":" ","NAME":"AA17","PERMISSIBL":150},"geometry":{"type":"Polygon","coordinates":[[[72.94999999993352,18.849999999785233],[72.94999999971718,18.833333333115913],[72.93333333375375,18.833333333609968],[72.93333333363498,18.84999999968745],[72.94999999993352,18.849999999785233]]]}},{"type":"Feature","properties":{"layer":"DD_43","label":"AAI airport height NOC","confidence":"confirmed","AIRPORT":" ","NAME":"AA11","PERMISSIBL":150},"geometry":{"type":"Polygon","coordinates":[[[72.8499999997064,18.84999999979433],[72.84999999985057,18.833333333665323],[72.83333333329897,18.833333333432925],[72.83333333328308,18.850000000352672],[72.8499999997064,18.84999999979433]]]}},{"type":"Feature","properties":{"layer":"DD_43","label":"AAI airport height NOC","confidence":"confirmed","AIRPORT":" ","NAME":"AA6","PERMISSIBL":150},"geometry":{"type":"Polygon","coordinates":[[[72.76666666714794,18.849999999840982],[72.76666666647012,18.83333333288147],[72.7500000000115,18.833333333377343],[72.75000000042502,18.85000000001164],[72.76666666714794,18.849999999840982]]]}},{"type":"Feature","properties":{"layer":"DD_43","label":"AAI airport height NOC","confidence":"confirmed","AIRPORT":" ","NAME":"AA3","PERMISSIBL":150},"geometry":{"type":"Polygon","coordinates":[[[72.7166666668582,18.850000000097577],[72.71666666629037,18.833333332966173],[72.70000000030859,18.833333333729254],[72.70000000036977,18.849999999865116],[72.7166666668582,18.850000000097577]]]}},{"type":"Feature","properties":{"layer":"DD_43","label":"AAI airport height NOC","confidence":"confirmed","AIRPORT":" ","NAME":"Z34","PERMISSIBL":150},"geometry":{"type":"Polygon","coordinates":[[[73.23333333332563,18.866666666525724],[73.23333333357886,18.85000000015979],[73.21666666630391,18.850000000300916],[73.21666666645983,18.866666666291685],[73.23333333332563,18.866666666525724]]]}},{"type":"Feature","properties":{"layer":"DD_43","label":"AAI airport height NOC","confidence":"confirmed","AIRPORT":" ","NAME":"Z27","PERMISSIBL":150},"geometry":{"type":"Polygon","coordinates":[[[73.11666666675698,18.866666666852428],[73.11666666653934,18.84999999964589],[73.09999999997956,18.849999999911795],[73.10000000012882,18.86666666699806],[73.11666666675698,18.866666666852428]]]}},{"type":"Feature","properties":{"layer":"DD_43","label":"AAI airport height NOC","confidence":"confirmed","AIRPORT":" ","NAME":"Z23","PERMISSIBL":150},"geometry":{"type":"Polygon","coordinates":[[[73.04999999953478,18.866666667030707],[73.05000000002035,18.849999999830167],[73.03333333353649,18.850000000200755],[73.03333333365678,18.86666666640326],[73.04999999953478,18.866666667030707]]]}},{"type":"Feature","properties":{"layer":"DD_43","label":"AAI airport height NOC","confidence":"confirmed","AIRPORT":" ","NAME":"Z19","PERMISSIBL":150},"geometry":{"type":"Polygon","coordinates":[[[72.98333333284728,18.866666667041546],[72.98333333329386,18.84999999976619],[72.96666666685809,18.850000000093836],[72.96666666672273,18.866666666386173],[72.98333333284728,18.866666667041546]]]}},{"type":"Feature","properties":{"layer":"DD_43","label":"AAI airport height NOC","confidence":"confirmed","AIRPORT":" ","NAME":"Z18","PERMISSIBL":150},"geometry":{"type":"Polygon","coordinates":[[[72.96666666672273,18.866666666386173],[72.96666666685809,18.850000000093836],[72.94999999993352,18.849999999785233],[72.95000000001501,18.866666666678782],[72.96666666672273,18.866666666386173]]]}},{"type":"Feature","properties":{"layer":"DD_43","label":"AAI airport height NOC","confidence":"confirmed","AIRPORT":" ","NAME":"Z6","PERMISSIBL":150},"geometry":{"type":"Polygon","coordinates":[[[72.76666666644697,18.86666666681855],[72.76666666714794,18.849999999840982],[72.75000000042502,18.85000000001164],[72.74999999994887,18.866666666737547],[72.76666666644697,18.86666666681855]]]}},{"type":"Feature","properties":{"layer":"DD_43","label":"AAI airport height NOC","confidence":"confirmed","AIRPORT":" ","NAME":"Y31","PERMISSIBL":150},"geometry":{"type":"Polygon","coordinates":[[[73.18333333318344,18.883333333661046],[73.18333333372236,18.86666666700035],[73.16666666631409,18.866666666903917],[73.1666666664729,18.883333333487986],[73.18333333318344,18.883333333661046]]]}},{"type":"Feature","properties":{"layer":"DD_43","label":"AAI airport height NOC","confidence":"confirmed","AIRPORT":" ","NAME":"Y25","PERMISSIBL":150},"geometry":{"type":"Polygon","coordinates":[[[73.08333333319383,18.883333333286263],[73.08333333342657,18.86666666681845],[73.06666666682638,18.86666666625137],[73.06666666686942,18.883333333121662],[73.08333333319383,18.883333333286263]]]}},{"type":"Feature","properties":{"layer":"DD_43","label":"AAI airport height NOC","confidence":"confirmed","AIRPORT":" ","NAME":"Y22","PERMISSIBL":150},"geometry":{"type":"Polygon","coordinates":[[[73.03333333309457,18.88333333340421],[73.03333333365678,18.86666666640326],[73.01666666649072,18.866666666984983],[73.0166666669441,18.883333333734107],[73.03333333309457,18.88333333340421]]]}},{"type":"Feature","properties":{"layer":"DD_43","label":"AAI airport height NOC","confidence":"confirmed","AIRPORT":" ","NAME":"Y21","PERMISSIBL":150},"geometry":{"type":"Polygon","coordinates":[[[73.0166666669441,18.883333333734107],[73.01666666649072,18.866666666984983],[73.00000000013151,18.8666666669251],[72.99999999963202,18.883333333180577],[73.0166666669441,18.883333333734107]]]}},{"type":"Feature","properties":{"layer":"DD_43","label":"AAI airport height NOC","confidence":"confirmed","AIRPORT":" ","NAME":"Y15","PERMISSIBL":150},"geometry":{"type":"Polygon","coordinates":[[[72.91666666676703,18.883333333094537],[72.91666666653697,18.866666667141565],[72.90000000013092,18.866666666273886],[72.89999999988645,18.88333333312245],[72.91666666676703,18.883333333094537]]]}},{"type":"Feature","properties":{"layer":"DD_43","label":"AAI airport height NOC","confidence":"confirmed","AIRPORT":" ","NAME":"Y11","PERMISSIBL":150},"geometry":{"type":"Polygon","coordinates":[[[72.85000000026724,18.883333332959186],[72.85000000046809,18.866666666540354],[72.83333333372542,18.86666666704629],[72.8333333336949,18.883333333483634],[72.85000000026724,18.883333332959186]]]}},{"type":"Feature","properties":{"layer":"DD_43","label":"AAI airport height NOC","confidence":"confirmed","AIRPORT":" ","NAME":"Y7","PERMISSIBL":150},"geometry":{"type":"Polygon","coordinates":[[[72.78333333353481,18.88333333306506],[72.78333333353281,18.86666666700165],[72.76666666644697,18.86666666681855],[72.76666666629428,18.883333332914937],[72.78333333353481,18.88333333306506]]]}},{"type":"Feature","properties":{"layer":"DD_43","label":"AAI airport height NOC","confidence":"confirmed","AIRPORT":" ","NAME":"X30","PERMISSIBL":150},"geometry":{"type":"Polygon","coordinates":[[[73.16666666678374,18.900000000399473],[73.1666666664729,18.883333333487986],[73.14999999986782,18.883333333021422],[73.15000000035309,18.89999999968643],[73.16666666678374,18.900000000399473]]]}},{"type":"Feature","properties":{"layer":"DD_43","label":"AAI airport height NOC","confidence":"confirmed","AIRPORT":" ","NAME":"X20","PERMISSIBL":150},"geometry":{"type":"Polygon","coordinates":[[[73.00000000039566,18.90000000035557],[72.99999999963202,18.883333333180577],[72.98333333321042,18.8833333335054],[72.98333333344014,18.900000000031177],[73.00000000039566,18.90000000035557]]]}},{"type":"Feature","properties":{"layer":"DD_43","label":"AAI airport height NOC","confidence":"confirmed","AIRPORT":" ","NAME":"X13","PERMISSIBL":150},"geometry":{"type":"Polygon","coordinates":[[[72.88333333319152,18.89999999977162],[72.88333333305326,18.883333333606696],[72.86666666645478,18.88333333357536],[72.86666666645763,18.90000000026187],[72.88333333319152,18.89999999977162]]]}},{"type":"Feature","properties":{"layer":"DD_43","label":"AAI airport height NOC","confidence":"confirmed","AIRPORT":" ","NAME":"X9","PERMISSIBL":150},"geometry":{"type":"Polygon","coordinates":[[[72.8166666670222,18.90000000020509],[72.81666666693702,18.88333333327195],[72.80000000015825,18.88333333315625],[72.79999999979921,18.89999999972465],[72.8166666670222,18.90000000020509]]]}},{"type":"Feature","properties":{"layer":"DD_43","label":"AAI airport height NOC","confidence":"confirmed","AIRPORT":" ","NAME":"W34","PERMISSIBL":150},"geometry":{"type":"Polygon","coordinates":[[[73.23333333304984,18.916666666317305],[73.23333333304679,18.899999999624715],[73.21666666656533,18.899999999700576],[73.21666666654372,18.916666667078385],[73.23333333304984,18.916666666317305]]]}},{"type":"Feature","properties":{"layer":"DD_43","label":"AAI airport height NOC","confidence":"confirmed","AIRPORT":" ","NAME":"W19","PERMISSIBL":150},"geometry":{"type":"Polygon","coordinates":[[[72.98333333355276,18.91666666659933],[72.98333333344014,18.900000000031177],[72.96666666652976,18.90000000028824],[72.96666666651608,18.916666666955834],[72.98333333355276,18.91666666659933]]]}},{"type":"Feature","properties":{"layer":"DD_43","label":"AAI airport height NOC","confidence":"confirmed","AIRPORT":" ","NAME":"W16","PERMISSIBL":150},"geometry":{"type":"Polygon","coordinates":[[[72.93333333308173,18.916666666679774],[72.93333333357783,18.899999999572326],[72.91666666691576,18.90000000026145],[72.91666666702238,18.916666666816624],[72.93333333308173,18.916666666679774]]]}},{"type":"Feature","properties":{"layer":"DD_43","label":"AAI airport height NOC","confidence":"confirmed","AIRPORT":" ","NAME":"V33","PERMISSIBL":150},"geometry":{"type":"Polygon","coordinates":[[[73.21666666713742,18.933333333679833],[73.21666666654372,18.916666667078385],[73.2000000004484,18.91666666638818],[73.1999999995467,18.93333333349546],[73.21666666713742,18.933333333679833]]]}},{"type":"Feature","properties":{"layer":"DD_43","label":"AAI airport height NOC","confidence":"confirmed","AIRPORT":" ","NAME":"V17","PERMISSIBL":150},"geometry":{"type":"Polygon","coordinates":[[[72.95000000030572,18.93333333340708],[72.94999999963782,18.916666666703804],[72.93333333308173,18.916666666679774],[72.93333333301878,18.933333333098364],[72.95000000030572,18.93333333340708]]]}},{"type":"Feature","properties":{"layer":"DD_43","label":"AAI airport height NOC","confidence":"confirmed","AIRPORT":" ","NAME":"V15","PERMISSIBL":150},"geometry":{"type":"Polygon","coordinates":[[[72.91666666709261,18.93333333364397],[72.91666666702238,18.916666666816624],[72.89999999973642,18.916666667025297],[72.89999999987637,18.933333333137867],[72.91666666709261,18.93333333364397]]]}},{"type":"Feature","properties":{"layer":"DD_43","label":"AAI airport height NOC","confidence":"confirmed","AIRPORT":" ","NAME":"V8","PERMISSIBL":150},"geometry":{"type":"Polygon","coordinates":[[[72.79999999976451,18.93333333328262],[72.79999999997042,18.916666667045586],[72.78333333372824,18.9166666667686],[72.78333333301858,18.933333333456506],[72.79999999976451,18.93333333328262]]]}},{"type":"Feature","properties":{"layer":"DD_43","label":"AAI airport height NOC","confidence":"confirmed","AIRPORT":" ","NAME":"V7","PERMISSIBL":150},"geometry":{"type":"Polygon","coordinates":[[[72.78333333301858,18.933333333456506],[72.78333333372824,18.9166666667686],[72.76666666669831,18.916666666892894],[72.76666666636639,18.933333332919183],[72.78333333301858,18.933333333456506]]]}},{"type":"Feature","properties":{"layer":"DD_43","label":"AAI airport height NOC","confidence":"confirmed","AIRPORT":" ","NAME":"U30","PERMISSIBL":150},"geometry":{"type":"Polygon","coordinates":[[[73.16666666690847,18.950000000169414],[73.16666666699163,18.93333333330857],[73.15000000047557,18.933333333168907],[73.15000000014264,18.949999999946442],[73.16666666690847,18.950000000169414]]]}},{"type":"Feature","properties":{"layer":"DD_43","label":"AAI airport height NOC","confidence":"confirmed","AIRPORT":" ","NAME":"U23","PERMISSIBL":50},"geometry":{"type":"Polygon","coordinates":[[[73.04999999991226,18.95000000031199],[73.05000000036944,18.93333333319097],[73.03333333322857,18.93333333364206],[73.03333333298438,18.950000000057408],[73.04999999991226,18.95000000031199]]]}},{"type":"Feature","properties":{"layer":"DD_43","label":"AAI airport height NOC","confidence":"confirmed","AIRPORT":" ","NAME":"U20","PERMISSIBL":85},"geometry":{"type":"Polygon","coordinates":[[[73.00000000007566,18.9499999998637],[73.00000000012678,18.933333333711573],[72.9833333335646,18.933333333190372],[72.98333333349204,18.94999999978472],[73.00000000007566,18.9499999998637]]]}},{"type":"Feature","properties":{"layer":"DD_43","label":"AAI airport height NOC","confidence":"confirmed","AIRPORT":" ","NAME":"U13","PERMISSIBL":150},"geometry":{"type":"Polygon","coordinates":[[[72.8833333335559,18.949999999800646],[72.88333333341996,18.933333333339387],[72.86666666695974,18.933333333265725],[72.86666666653312,18.95000000043696],[72.8833333335559,18.949999999800646]]]}},{"type":"Feature","properties":{"layer":"DD_43","label":"AAI airport height NOC","confidence":"confirmed","AIRPORT":" ","NAME":"U12","PERMISSIBL":150},"geometry":{"type":"Polygon","coordinates":[[[72.86666666653312,18.95000000043696],[72.86666666695974,18.933333333265725],[72.84999999970945,18.933333333739615],[72.84999999961595,18.949999999605463],[72.86666666653312,18.95000000043696]]]}},{"type":"Feature","properties":{"layer":"DD_43","label":"AAI airport height NOC","confidence":"confirmed","AIRPORT":" ","NAME":"U8","PERMISSIBL":150},"geometry":{"type":"Polygon","coordinates":[[[72.80000000012475,18.950000000234297],[72.79999999976451,18.93333333328262],[72.78333333301858,18.933333333456506],[72.78333333337704,18.950000000028883],[72.80000000012475,18.950000000234297]]]}},{"type":"Feature","properties":{"layer":"DD_43","label":"AAI airport height NOC","confidence":"confirmed","AIRPORT":" ","NAME":"U5","PERMISSIBL":150},"geometry":{"type":"Polygon","coordinates":[[[72.75000000005065,18.95000000036339],[72.74999999995855,18.933333333404168],[72.7333333330447,18.93333333302044],[72.73333333288292,18.949999999842618],[72.75000000005065,18.95000000036339]]]}},{"type":"Feature","properties":{"layer":"DD_43","label":"AAI airport height NOC","confidence":"confirmed","AIRPORT":" ","NAME":"U1","PERMISSIBL":150},"geometry":{"type":"Polygon","coordinates":[[[72.68333333327554,18.950000000081616],[72.68333333376414,18.93333333317532],[72.66666666651288,18.933333333088022],[72.66666666637855,18.949999999890313],[72.68333333327554,18.950000000081616]]]}},{"type":"Feature","properties":{"layer":"DD_43","label":"AAI airport height NOC","confidence":"confirmed","AIRPORT":" ","NAME":"T22","PERMISSIBL":50},"geometry":{"type":"Polygon","coordinates":[[[73.03333333309702,18.966666666279757],[73.03333333298438,18.950000000057408],[73.01666666631444,18.949999999929485],[73.01666666703979,18.96666666709846],[73.03333333309702,18.966666666279757]]]}},{"type":"Feature","properties":{"layer":"DD_43","label":"AAI airport height NOC","confidence":"confirmed","AIRPORT":" ","NAME":"T17","PERMISSIBL":135},"geometry":{"type":"Polygon","coordinates":[[[72.94999999961554,18.96666666625131],[72.9499999999727,18.950000000226932],[72.9333333333948,18.949999999711935],[72.93333333327746,18.96666666649059],[72.94999999961554,18.96666666625131]]]}},{"type":"Feature","properties":{"layer":"DD_43","label":"AAI airport height NOC","confidence":"confirmed","AIRPORT":" ","NAME":"T15","PERMISSIBL":135},"geometry":{"type":"Polygon","coordinates":[[[72.91666666625358,18.966666667123967],[72.9166666671546,18.949999999820953],[72.89999999953834,18.94999999956156],[72.89999999968859,18.966666666287825],[72.91666666625358,18.966666667123967]]]}},{"type":"Feature","properties":{"layer":"DD_43","label":"AAI airport height NOC","confidence":"confirmed","AIRPORT":" ","NAME":"T14","PERMISSIBL":150},"geometry":{"type":"Polygon","coordinates":[[[72.89999999968859,18.966666666287825],[72.89999999953834,18.94999999956156],[72.8833333335559,18.949999999800646],[72.8833333337217,18.966666666623347],[72.89999999968859,18.966666666287825]]]}},{"type":"Feature","properties":{"layer":"DD_43","label":"AAI airport height NOC","confidence":"confirmed","AIRPORT":" ","NAME":"T12","PERMISSIBL":150},"geometry":{"type":"Polygon","coordinates":[[[72.86666666663847,18.96666666713665],[72.86666666653312,18.95000000043696],[72.84999999961595,18.949999999605463],[72.84999999957279,18.96666666686582],[72.86666666663847,18.96666666713665]]]}},{"type":"Feature","properties":{"layer":"DD_43","label":"AAI airport height NOC","confidence":"confirmed","AIRPORT":" ","NAME":"T9","PERMISSIBL":150},"geometry":{"type":"Polygon","coordinates":[[[72.81666666710147,18.966666666411637],[72.81666666671272,18.94999999958055],[72.80000000012475,18.950000000234297],[72.80000000013183,18.966666666967342],[72.81666666710147,18.966666666411637]]]}},{"type":"Feature","properties":{"layer":"DD_43","label":"AAI airport height NOC","confidence":"confirmed","AIRPORT":" ","NAME":"S35","PERMISSIBL":150},"geometry":{"type":"Polygon","coordinates":[[[73.24999999974727,18.983333333574514],[73.25000000026824,18.96666666695411],[73.2333333328516,18.966666666716055],[73.23333333339728,18.983333333561372],[73.24999999974727,18.983333333574514]]]}},{"type":"Feature","properties":{"layer":"DD_43","label":"AAI airport height NOC","confidence":"confirmed","AIRPORT":" ","NAME":"S23","PERMISSIBL":0},"geometry":{"type":"Polygon","coordinates":[[[73.04999999956988,18.98333333286801],[73.05000000028035,18.966666666282034],[73.03333333309702,18.966666666279757],[73.03333333357205,18.983333333192697],[73.04999999956988,18.98333333286801]]]}},{"type":"Feature","properties":{"layer":"DD_43","label":"AAI airport height NOC","confidence":"confirmed","AIRPORT":" ","NAME":"S8","PERMISSIBL":150},"geometry":{"type":"Polygon","coordinates":[[[72.79999999980357,18.983333333462802],[72.80000000013183,18.966666666967342],[72.78333333292356,18.966666666444155],[72.78333333356265,18.98333333360926],[72.79999999980357,18.983333333462802]]]}},{"type":"Feature","properties":{"layer":"DD_43","label":"AAI airport height NOC","confidence":"confirmed","AIRPORT":" ","NAME":"S5","PERMISSIBL":150},"geometry":{"type":"Polygon","coordinates":[[[72.7499999998221,18.983333333319486],[72.75000000032355,18.966666666409882],[72.73333333337996,18.96666666672972],[72.7333333336052,18.983333333651473],[72.7499999998221,18.983333333319486]]]}},{"type":"Feature","properties":{"layer":"DD_43","label":"AAI airport height NOC","confidence":"confirmed","AIRPORT":" ","NAME":"R26","PERMISSIBL":0},"geometry":{"type":"Polygon","coordinates":[[[73.09999999971365,18.999999999993538],[73.10000000031118,18.983333333417065],[73.08333333310611,18.98333333336863],[73.08333333345522,19.00000000007696],[73.09999999971365,18.999999999993538]]]}},{"type":"Feature","properties":{"layer":"DD_43","label":"AAI airport height NOC","confidence":"confirmed","AIRPORT":" ","NAME":"R21","PERMISSIBL":50},"geometry":{"type":"Polygon","coordinates":[[[73.01666666636366,19.00000000002075],[73.01666666674153,18.983333333196526],[73.00000000018919,18.983333333728112],[73.00000000040805,18.999999999594902],[73.01666666636366,19.00000000002075]]]}},{"type":"Feature","properties":{"layer":"DD_43","label":"AAI airport height NOC","confidence":"confirmed","AIRPORT":" ","NAME":"R4","PERMISSIBL":150},"geometry":{"type":"Polygon","coordinates":[[[72.73333333358931,18.99999999968603],[72.7333333336052,18.983333333651473],[72.71666666680082,18.983333333284435],[72.71666666695927,19.000000000078522],[72.73333333358931,18.99999999968603]]]}},{"type":"Feature","properties":{"layer":"DD_43","label":"AAI airport height NOC","confidence":"confirmed","AIRPORT":" ","NAME":"R1","PERMISSIBL":150},"geometry":{"type":"Polygon","coordinates":[[[72.68333333330646,18.999999999628766],[72.68333333303396,18.98333333287533],[72.66666666640478,18.983333333585673],[72.66666666660352,19.00000000044182],[72.68333333330646,18.999999999628766]]]}},{"type":"Feature","properties":{"layer":"DD_43","label":"AAI airport height NOC","confidence":"confirmed","AIRPORT":" ","NAME":"Q30","PERMISSIBL":115},"geometry":{"type":"Polygon","coordinates":[[[73.16666666698158,19.016666666253954],[73.16666666705852,19.00000000033985],[73.14999999964616,19.000000000203457],[73.15000000033815,19.016666666268268],[73.16666666698158,19.016666666253954]]]}},{"type":"Feature","properties":{"layer":"DD_43","label":"AAI airport height NOC","confidence":"confirmed","AIRPORT":" ","NAME":"Q20","PERMISSIBL":50},"geometry":{"type":"Polygon","coordinates":[[[73.0000000000949,19.01666666712713],[73.00000000040805,18.999999999594902],[72.98333333292098,19.000000000296264],[72.98333333362444,19.016666666719523],[73.0000000000949,19.01666666712713]]]}},{"type":"Feature","properties":{"layer":"DD_43","label":"AAI airport height NOC","confidence":"confirmed","AIRPORT":" ","NAME":"P22","PERMISSIBL":50},"geometry":{"type":"Polygon","coordinates":[[[73.03333333358671,19.033333333322446],[73.03333333285656,19.016666666271956],[73.01666666688273,19.01666666665851],[73.01666666641566,19.033333333069848],[73.03333333358671,19.033333333322446]]]}},{"type":"Feature","properties":{"layer":"DD_43","label":"AAI airport height NOC","confidence":"confirmed","AIRPORT":" ","NAME":"P15","PERMISSIBL":115},"geometry":{"type":"Polygon","coordinates":[[[72.9166666668283,19.033333332909383],[72.91666666659776,19.016666666660672],[72.90000000040416,19.01666666715452],[72.89999999985362,19.03333333306029],[72.9166666668283,19.033333332909383]]]}},{"type":"Feature","properties":{"layer":"DD_43","label":"AAI airport height NOC","confidence":"confirmed","AIRPORT":" ","NAME":"P14","PERMISSIBL":115},"geometry":{"type":"Polygon","coordinates":[[[72.89999999985362,19.03333333306029],[72.90000000040416,19.01666666715452],[72.88333333365557,19.016666666347845],[72.88333333317522,19.03333333351043],[72.89999999985362,19.03333333306029]]]}},{"type":"Feature","properties":{"layer":"DD_43","label":"AAI airport height NOC","confidence":"confirmed","AIRPORT":" ","NAME":"P9","PERMISSIBL":135},"geometry":{"type":"Polygon","coordinates":[[[72.81666666623505,19.033333333223275],[72.8166666671568,19.016666666820296],[72.80000000009969,19.016666666590964],[72.79999999981057,19.03333333317459],[72.81666666623505,19.033333333223275]]]}},{"type":"Feature","properties":{"layer":"DD_43","label":"AAI airport height NOC","confidence":"confirmed","AIRPORT":" ","NAME":"P1","PERMISSIBL":150},"geometry":{"type":"Polygon","coordinates":[[[72.68333333283401,19.033333333732255],[72.68333333291704,19.01666666658327],[72.66666666664341,19.016666666672922],[72.66666666653086,19.033333333163636],[72.68333333283401,19.033333333732255]]]}},{"type":"Feature","properties":{"layer":"DD_43","label":"AAI airport height NOC","confidence":"confirmed","AIRPORT":" ","NAME":"O23","PERMISSIBL":50},"geometry":{"type":"Polygon","coordinates":[[[73.04999999961505,19.049999999698176],[73.04999999970222,19.033333333504945],[73.03333333358671,19.033333333322446],[73.03333333285462,19.050000000061676],[73.04999999961505,19.049999999698176]]]}},{"type":"Feature","properties":{"layer":"DD_43","label":"AAI airport height NOC","confidence":"confirmed","AIRPORT":" ","NAME":"O14","PERMISSIBL":50},"geometry":{"type":"Polygon","coordinates":[[[72.89999999986591,19.050000000075734],[72.89999999985362,19.03333333306029],[72.88333333317522,19.03333333351043],[72.88333333377223,19.050000000046357],[72.89999999986591,19.050000000075734]]]}},{"type":"Feature","properties":{"layer":"DD_43","label":"AAI airport height NOC","confidence":"confirmed","AIRPORT":" ","NAME":"O7","PERMISSIBL":135},"geometry":{"type":"Polygon","coordinates":[[[72.78333333328753,19.05000000018956],[72.78333333375693,19.033333332991134],[72.7666666663338,19.033333333480748],[72.7666666668414,19.049999999595393],[72.78333333328753,19.05000000018956]]]}},{"type":"Feature","properties":{"layer":"DD_43","label":"AAI airport height NOC","confidence":"confirmed","AIRPORT":" ","NAME":"N35","PERMISSIBL":150},"geometry":{"type":"Polygon","coordinates":[[[73.25000000019352,19.066666667095667],[73.25000000028611,19.05000000010773],[73.23333333365163,19.049999999678942],[73.23333333329059,19.066666667146656],[73.25000000019352,19.066666667095667]]]}},{"type":"Feature","properties":{"layer":"DD_43","label":"AAI airport height NOC","confidence":"confirmed","AIRPORT":" ","NAME":"N26","PERMISSIBL":115},"geometry":{"type":"Polygon","coordinates":[[[73.09999999982894,19.066666666631267],[73.09999999995892,19.050000000328765],[73.08333333285648,19.050000000214965],[73.08333333374345,19.066666666882607],[73.09999999982894,19.066666666631267]]]}},{"type":"Feature","properties":{"layer":"DD_43","label":"AAI airport height NOC","confidence":"confirmed","AIRPORT":" ","NAME":"N23","PERMISSIBL":135},"geometry":{"type":"Polygon","coordinates":[[[73.05000000042817,19.066666666429086],[73.04999999961505,19.049999999698176],[73.03333333285462,19.050000000061676],[73.03333333352579,19.066666666500353],[73.05000000042817,19.066666666429086]]]}},{"type":"Feature","properties":{"layer":"DD_43","label":"AAI airport height NOC","confidence":"confirmed","AIRPORT":" ","NAME":"N10","PERMISSIBL":50},"geometry":{"type":"Polygon","coordinates":[[[72.83333333343381,19.066666666624855],[72.8333333337669,19.049999999703786],[72.81666666644576,19.050000000166012],[72.81666666686914,19.066666666715196],[72.83333333343381,19.066666666624855]]]}},{"type":"Feature","properties":{"layer":"DD_43","label":"AAI airport height NOC","confidence":"confirmed","AIRPORT":" ","NAME":"N8","PERMISSIBL":75},"geometry":{"type":"Polygon","coordinates":[[[72.80000000034723,19.06666666630904],[72.80000000019567,19.0500000003594],[72.78333333328753,19.05000000018956],[72.78333333306404,19.066666667129187],[72.80000000034723,19.06666666630904]]]}},{"type":"Feature","properties":{"layer":"DD_43","label":"AAI airport height NOC","confidence":"confirmed","AIRPORT":" ","NAME":"M33","PERMISSIBL":150},"geometry":{"type":"Polygon","coordinates":[[[73.21666666702855,19.08333333334071],[73.216666666975,19.066666666566064],[73.2000000004459,19.066666667093134],[73.19999999965594,19.08333333306347],[73.21666666702855,19.08333333334071]]]}},{"type":"Feature","properties":{"layer":"DD_43","label":"AAI airport height NOC","confidence":"confirmed","AIRPORT":" ","NAME":"M21","PERMISSIBL":75},"geometry":{"type":"Polygon","coordinates":[[[73.01666666682512,19.08333333354129],[73.01666666636517,19.066666666982385],[73.000000000076,19.066666666917378],[72.99999999978353,19.083333333711096],[73.01666666682512,19.08333333354129]]]}},{"type":"Feature","properties":{"layer":"DD_43","label":"AAI airport height NOC","confidence":"confirmed","AIRPORT":" ","NAME":"M13","PERMISSIBL":0},"geometry":{"type":"Polygon","coordinates":[[[72.88333333349632,19.083333332913437],[72.88333333355308,19.066666666817813],[72.86666666693948,19.066666667057117],[72.866666666464,19.083333333478596],[72.88333333349632,19.083333332913437]]]}},{"type":"Feature","properties":{"layer":"DD_43","label":"AAI airport height NOC","confidence":"confirmed","AIRPORT":" ","NAME":"M9","PERMISSIBL":50},"geometry":{"type":"Polygon","coordinates":[[[72.81666666656142,19.083333333743855],[72.81666666686914,19.066666666715196],[72.80000000034723,19.06666666630904],[72.80000000024745,19.083333333713906],[72.81666666656142,19.083333333743855]]]}},{"type":"Feature","properties":{"layer":"DD_43","label":"AAI airport height NOC","confidence":"confirmed","AIRPORT":" ","NAME":"M8","PERMISSIBL":50},"geometry":{"type":"Polygon","coordinates":[[[72.80000000024745,19.083333333713906],[72.80000000034723,19.06666666630904],[72.78333333306404,19.066666667129187],[72.78333333311674,19.08333333288807],[72.80000000024745,19.083333333713906]]]}},{"type":"Feature","properties":{"layer":"DD_43","label":"AAI airport height NOC","confidence":"confirmed","AIRPORT":" ","NAME":"L29","PERMISSIBL":150},"geometry":{"type":"Polygon","coordinates":[[[73.15000000035346,19.10000000037095],[73.15000000043948,19.083333333410888],[73.13333333366414,19.0833333334001],[73.13333333295498,19.099999999660223],[73.15000000035346,19.10000000037095]]]}},{"type":"Feature","properties":{"layer":"DD_43","label":"AAI airport height NOC","confidence":"confirmed","AIRPORT":" ","NAME":"L28","PERMISSIBL":150},"geometry":{"type":"Polygon","coordinates":[[[73.13333333295498,19.099999999660223],[73.13333333366414,19.0833333334001],[73.11666666651067,19.083333333069323],[73.11666666699108,19.100000000240687],[73.13333333295498,19.099999999660223]]]}},{"type":"Feature","properties":{"layer":"DD_43","label":"AAI airport height NOC","confidence":"confirmed","AIRPORT":" ","NAME":"L22","PERMISSIBL":75},"geometry":{"type":"Polygon","coordinates":[[[73.03333333342185,19.10000000014359],[73.03333333370598,19.08333333350193],[73.01666666682512,19.08333333354129],[73.01666666636352,19.09999999979564],[73.03333333342185,19.10000000014359]]]}},{"type":"Feature","properties":{"layer":"DD_43","label":"AAI airport height NOC","confidence":"confirmed","AIRPORT":" ","NAME":"L16","PERMISSIBL":50},"geometry":{"type":"Polygon","coordinates":[[[72.93333333374106,19.100000000017474],[72.93333333339015,19.08333333347469],[72.91666666712237,19.083333333293957],[72.91666666683554,19.09999999996519],[72.93333333374106,19.100000000017474]]]}},{"type":"Feature","properties":{"layer":"DD_43","label":"AAI airport height NOC","confidence":"confirmed","AIRPORT":" ","NAME":"L2","PERMISSIBL":50},"geometry":{"type":"Polygon","coordinates":[[[72.69999999970426,19.100000000311052],[72.70000000037743,19.08333333333822],[72.68333333370165,19.083333333440176],[72.68333333314757,19.100000000255278],[72.69999999970426,19.100000000311052]]]}},{"type":"Feature","properties":{"layer":"DD_43","label":"AAI airport height NOC","confidence":"confirmed","AIRPORT":" ","NAME":"K36","PERMISSIBL":150},"geometry":{"type":"Polygon","coordinates":[[[73.26666666627465,19.116666666630664],[73.26666666645735,19.100000000164417],[73.25000000023373,19.099999999643227],[73.25000000037623,19.11666666696919],[73.26666666627465,19.116666666630664]]]}},{"type":"Feature","properties":{"layer":"DD_43","label":"AAI airport height NOC","confidence":"confirmed","AIRPORT":" ","NAME":"K29","PERMISSIBL":150},"geometry":{"type":"Polygon","coordinates":[[[73.15000000016724,19.11666666654707],[73.15000000035346,19.10000000037095],[73.13333333295498,19.099999999660223],[73.13333333356894,19.116666667014368],[73.15000000016724,19.11666666654707]]]}},{"type":"Feature","properties":{"layer":"DD_43","label":"AAI airport height NOC","confidence":"confirmed","AIRPORT":" ","NAME":"K26","PERMISSIBL":150},"geometry":{"type":"Polygon","coordinates":[[[73.09999999994054,19.116666666553822],[73.09999999979901,19.100000000215154],[73.08333333343647,19.10000000044419],[73.0833333332342,19.11666666640533],[73.09999999994054,19.116666666553822]]]}},{"type":"Feature","properties":{"layer":"DD_43","label":"AAI airport height NOC","confidence":"confirmed","AIRPORT":" ","NAME":"K22","PERMISSIBL":75},"geometry":{"type":"Polygon","coordinates":[[[73.03333333363962,19.116666666415888],[73.03333333342185,19.10000000014359],[73.01666666636352,19.09999999979564],[73.01666666688604,19.116666666649557],[73.03333333363962,19.116666666415888]]]}},{"type":"Feature","properties":{"layer":"DD_43","label":"AAI airport height NOC","confidence":"confirmed","AIRPORT":" ","NAME":"K16","PERMISSIBL":50},"geometry":{"type":"Polygon","coordinates":[[[72.93333333375031,19.11666666655156],[72.93333333374106,19.100000000017474],[72.91666666683554,19.09999999996519],[72.91666666669951,19.11666666669668],[72.93333333375031,19.11666666655156]]]}},{"type":"Feature","properties":{"layer":"DD_43","label":"AAI airport height NOC","confidence":"confirmed","AIRPORT":" ","NAME":"K6","PERMISSIBL":50},"geometry":{"type":"Polygon","coordinates":[[[72.76666666687218,19.11666666641707],[72.76666666711579,19.100000000297783],[72.75000000023248,19.100000000184593],[72.74999999997848,19.116666667072252],[72.76666666687218,19.11666666641707]]]}},{"type":"Feature","properties":{"layer":"DD_43","label":"AAI airport height NOC","confidence":"confirmed","AIRPORT":" ","NAME":"J28","PERMISSIBL":150},"geometry":{"type":"Polygon","coordinates":[[[73.13333333364129,19.13333333361691],[73.13333333356894,19.116666667014368],[73.11666666645768,19.11666666673285],[73.11666666681617,19.133333333448732],[73.13333333364129,19.13333333361691]]]}},{"type":"Feature","properties":{"layer":"DD_43","label":"AAI airport height NOC","confidence":"confirmed","AIRPORT":" ","NAME":"J19","PERMISSIBL":150},"geometry":{"type":"Polygon","coordinates":[[[72.98333333364761,19.13333333331767],[72.98333333357353,19.116666667068017],[72.96666666639895,19.116666667110813],[72.966666667054,19.133333333366014],[72.98333333364761,19.13333333331767]]]}},{"type":"Feature","properties":{"layer":"DD_43","label":"AAI airport height NOC","confidence":"confirmed","AIRPORT":" ","NAME":"J13","PERMISSIBL":50},"geometry":{"type":"Polygon","coordinates":[[[72.8833333334439,19.133333333265163],[72.88333333294352,19.11666666660232],[72.86666666656188,19.116666667127937],[72.86666666623191,19.133333333403545],[72.8833333334439,19.133333333265163]]]}},{"type":"Feature","properties":{"layer":"DD_43","label":"AAI airport height NOC","confidence":"confirmed","AIRPORT":" ","NAME":"J12","PERMISSIBL":50},"geometry":{"type":"Polygon","coordinates":[[[72.86666666623191,19.133333333403545],[72.86666666656188,19.116666667127937],[72.8500000004333,19.116666666734684],[72.85000000013451,19.13333333332276],[72.86666666623191,19.133333333403545]]]}},{"type":"Feature","properties":{"layer":"DD_43","label":"AAI airport height NOC","confidence":"confirmed","AIRPORT":" ","NAME":"J7","PERMISSIBL":85},"geometry":{"type":"Polygon","coordinates":[[[72.78333333307029,19.133333333706386],[72.78333333308963,19.11666666709854],[72.76666666687218,19.11666666641707],[72.7666666664774,19.13333333316793],[72.78333333307029,19.133333333706386]]]}},{"type":"Feature","properties":{"layer":"DD_43","label":"AAI airport height NOC","confidence":"confirmed","AIRPORT":" ","NAME":"I28","PERMISSIBL":150},"geometry":{"type":"Polygon","coordinates":[[[73.13333333317703,19.150000000351266],[73.13333333364129,19.13333333361691],[73.11666666681617,19.133333333448732],[73.11666666713181,19.150000000358823],[73.13333333317703,19.150000000351266]]]}},{"type":"Feature","properties":{"layer":"DD_43","label":"AAI airport height NOC","confidence":"confirmed","AIRPORT":" ","NAME":"I17","PERMISSIBL":150},"geometry":{"type":"Polygon","coordinates":[[[72.94999999997425,19.15000000042999],[72.94999999962357,19.13333333359574],[72.93333333343476,19.133333333057692],[72.93333333375044,19.15000000043041],[72.94999999997425,19.15000000042999]]]}},{"type":"Feature","properties":{"layer":"DD_43","label":"AAI airport height NOC","confidence":"confirmed","AIRPORT":" ","NAME":"I2","PERMISSIBL":150},"geometry":{"type":"Polygon","coordinates":[[[72.70000000008262,19.15000000043975],[72.70000000001913,19.133333333434727],[72.6833333332758,19.133333333270176],[72.68333333303367,19.150000000324116],[72.70000000008262,19.15000000043975]]]}},{"type":"Feature","properties":{"layer":"DD_43","label":"AAI airport height NOC","confidence":"confirmed","AIRPORT":" ","NAME":"H25","PERMISSIBL":150},"geometry":{"type":"Polygon","coordinates":[[[73.08333333349874,19.166666667106497],[73.08333333371957,19.15000000021273],[73.06666666668416,19.149999999933797],[73.06666666658036,19.166666666417985],[73.08333333349874,19.166666667106497]]]}},{"type":"Feature","properties":{"layer":"DD_43","label":"AAI airport height NOC","confidence":"confirmed","AIRPORT":" ","NAME":"H22","PERMISSIBL":150},"geometry":{"type":"Polygon","coordinates":[[[73.03333333362268,19.16666666639361],[73.0333333337239,19.149999999560453],[73.0166666671696,19.15000000023081],[73.01666666696318,19.166666666919163],[73.03333333362268,19.16666666639361]]]}},{"type":"Feature","properties":{"layer":"DD_43","label":"AAI airport height NOC","confidence":"confirmed","AIRPORT":" ","NAME":"H10","PERMISSIBL":85},"geometry":{"type":"Polygon","coordinates":[[[72.83333333310144,19.166666666419665],[72.83333333287098,19.149999999959054],[72.81666666700933,19.150000000054074],[72.81666666714995,19.166666666531988],[72.83333333310144,19.166666666419665]]]}},{"type":"Feature","properties":{"layer":"DD_43","label":"AAI airport height NOC","confidence":"confirmed","AIRPORT":" ","NAME":"G32","PERMISSIBL":150},"geometry":{"type":"Polygon","coordinates":[[[73.19999999966922,19.183333333087305],[73.20000000037793,19.16666666667495],[73.18333333286637,19.166666666621335],[73.18333333325202,19.183333333269246],[73.19999999966922,19.183333333087305]]]}},{"type":"Feature","properties":{"layer":"DD_43","label":"AAI airport height NOC","confidence":"confirmed","AIRPORT":" ","NAME":"G30","PERMISSIBL":150},"geometry":{"type":"Polygon","coordinates":[[[73.16666666649863,19.183333332945974],[73.16666666698568,19.16666666629327],[73.15000000003904,19.16666666650569],[73.14999999956353,19.183333332960565],[73.16666666649863,19.183333332945974]]]}},{"type":"Feature","properties":{"layer":"DD_43","label":"AAI airport height NOC","confidence":"confirmed","AIRPORT":" ","NAME":"G26","PERMISSIBL":150},"geometry":{"type":"Polygon","coordinates":[[[73.10000000027219,19.183333333528104],[73.10000000018701,19.166666667122975],[73.08333333349874,19.166666667106497],[73.0833333333137,19.183333333368555],[73.10000000027219,19.183333333528104]]]}},{"type":"Feature","properties":{"layer":"DD_43","label":"AAI airport height NOC","confidence":"confirmed","AIRPORT":" ","NAME":"G24","PERMISSIBL":150},"geometry":{"type":"Polygon","coordinates":[[[73.0666666669958,19.183333333237922],[73.06666666658036,19.166666666417985],[73.04999999957606,19.16666666680044],[73.04999999958183,19.183333333052765],[73.0666666669958,19.183333333237922]]]}},{"type":"Feature","properties":{"layer":"DD_43","label":"AAI airport height NOC","confidence":"confirmed","AIRPORT":" ","NAME":"G23","PERMISSIBL":150},"geometry":{"type":"Polygon","coordinates":[[[73.04999999958183,19.183333333052765],[73.04999999957606,19.16666666680044],[73.03333333362268,19.16666666639361],[73.03333333312698,19.183333333672348],[73.04999999958183,19.183333333052765]]]}},{"type":"Feature","properties":{"layer":"DD_43","label":"AAI airport height NOC","confidence":"confirmed","AIRPORT":" ","NAME":"G17","PERMISSIBL":150},"geometry":{"type":"Polygon","coordinates":[[[72.95000000024132,19.1833333336954],[72.9499999995409,19.166666667129245],[72.93333333283611,19.16666666682283],[72.93333333354886,19.18333333315093],[72.95000000024132,19.1833333336954]]]}},{"type":"Feature","properties":{"layer":"DD_43","label":"AAI airport height NOC","confidence":"confirmed","AIRPORT":" ","NAME":"G14","PERMISSIBL":150},"geometry":{"type":"Polygon","coordinates":[[[72.9000000000127,19.183333332945224],[72.90000000046213,19.16666666683894],[72.88333333322328,19.166666667002506],[72.88333335536076,19.183333333398885],[72.9000000000127,19.183333332945224]]]}},{"type":"Feature","properties":{"layer":"DD_43","label":"AAI airport height NOC","confidence":"confirmed","AIRPORT":" ","NAME":"G10","PERMISSIBL":115},"geometry":{"type":"Polygon","coordinates":[[[72.83333333316563,19.18333333318505],[72.83333333310144,19.166666666419665],[72.81666666714995,19.166666666531988],[72.81666666666673,19.183333333375934],[72.83333333316563,19.18333333318505]]]}},{"type":"Feature","properties":{"layer":"DD_43","label":"AAI airport height NOC","confidence":"confirmed","AIRPORT":" ","NAME":"G8","PERMISSIBL":85},"geometry":{"type":"Polygon","coordinates":[[[72.79999999963425,19.183333333374954],[72.79999999979363,19.166666666654148],[72.7833333330992,19.166666666736486],[72.78333333318403,19.183333333121222],[72.79999999963425,19.183333333374954]]]}},{"type":"Feature","properties":{"layer":"DD_43","label":"AAI airport height NOC","confidence":"confirmed","AIRPORT":" ","NAME":"G3","PERMISSIBL":150},"geometry":{"type":"Polygon","coordinates":[[[72.71666666693746,19.183333333418133],[72.71666666673343,19.166666666896354],[72.70000000012544,19.166666666511492],[72.7000000001415,19.183333333437535],[72.71666666693746,19.183333333418133]]]}},{"type":"Feature","properties":{"layer":"DD_43","label":"AAI airport height NOC","confidence":"confirmed","AIRPORT":" ","NAME":"F24","PERMISSIBL":150},"geometry":{"type":"Polygon","coordinates":[[[73.0666666669958,19.20000000036397],[73.0666666669958,19.183333333237922],[73.04999999958183,19.183333333052765],[73.0499999996661,19.199999999675928],[73.0666666669958,19.20000000036397]]]}},{"type":"Feature","properties":{"layer":"DD_43","label":"AAI airport height NOC","confidence":"confirmed","AIRPORT":" ","NAME":"F20","PERMISSIBL":150},"geometry":{"type":"Polygon","coordinates":[[[72.99999999987277,19.1999999999671],[72.99999999999378,19.183333333413845],[72.98333333363426,19.183333333308212],[72.98333333328972,19.200000000317498],[72.99999999987277,19.1999999999671]]]}},{"type":"Feature","properties":{"layer":"DD_43","label":"AAI airport height NOC","confidence":"confirmed","AIRPORT":" ","NAME":"F19","PERMISSIBL":150},"geometry":{"type":"Polygon","coordinates":[[[72.98333333328972,19.200000000317498],[72.98333333363426,19.183333333308212],[72.96666666699147,19.183333333725415],[72.96666666636129,19.20000000007551],[72.98333333328972,19.200000000317498]]]}},{"type":"Feature","properties":{"layer":"DD_43","label":"AAI airport height NOC","confidence":"confirmed","AIRPORT":" ","NAME":"F7","PERMISSIBL":85},"geometry":{"type":"Polygon","coordinates":[[[72.78333333364897,19.1999999999999],[72.78333333318403,19.183333333121222],[72.76666666651893,19.183333333433552],[72.76666666669023,19.1999999998259],[72.78333333364897,19.1999999999999]]]}},{"type":"Feature","properties":{"layer":"DD_43","label":"AAI airport height NOC","confidence":"confirmed","AIRPORT":" ","NAME":"F2","PERMISSIBL":150},"geometry":{"type":"Polygon","coordinates":[[[72.7000000001623,19.200000000296367],[72.7000000001415,19.183333333437535],[72.68333333300778,19.1833333336387],[72.68333333326237,19.199999999862488],[72.7000000001623,19.200000000296367]]]}},{"type":"Feature","properties":{"layer":"DD_43","label":"AAI airport height NOC","confidence":"confirmed","AIRPORT":" ","NAME":"E13","PERMISSIBL":150},"geometry":{"type":"Polygon","coordinates":[[[72.88333333297393,19.216666666577925],[72.88333333308547,19.200000000276546],[72.86666666653045,19.199999999562916],[72.86666666709208,19.216666666723494],[72.88333333297393,19.216666666577925]]]}},{"type":"Feature","properties":{"layer":"DD_43","label":"AAI airport height NOC","confidence":"confirmed","AIRPORT":" ","NAME":"D28","PERMISSIBL":150},"geometry":{"type":"Polygon","coordinates":[[[73.13333333286887,19.233333333597425],[73.13333333293441,19.216666666471948],[73.11666666640478,19.216666666816874],[73.11666666674877,19.233333333498496],[73.13333333286887,19.233333333597425]]]}},{"type":"Feature","properties":{"layer":"DD_43","label":"AAI airport height NOC","confidence":"confirmed","AIRPORT":" ","NAME":"D22","PERMISSIBL":150},"geometry":{"type":"Polygon","coordinates":[[[73.0333333332913,19.233333333511474],[73.03333333295033,19.216666666799163],[73.0166666670478,19.216666666361878],[73.01666666640725,19.23333333316235],[73.0333333332913,19.233333333511474]]]}},{"type":"Feature","properties":{"layer":"DD_43","label":"AAI airport height NOC","confidence":"confirmed","AIRPORT":" ","NAME":"D9","PERMISSIBL":150},"geometry":{"type":"Polygon","coordinates":[[[72.81666666644195,19.233333333262525],[72.81666666677592,19.216666666314183],[72.79999999996953,19.216666666263787],[72.79999999953795,19.233333333285884],[72.81666666644195,19.233333333262525]]]}},{"type":"Feature","properties":{"layer":"DD_43","label":"AAI airport height NOC","confidence":"confirmed","AIRPORT":" ","NAME":"D4","PERMISSIBL":150},"geometry":{"type":"Polygon","coordinates":[[[72.73333333305153,19.233333333648098],[72.733333333752,19.21666666662874],[72.71666666683872,19.216666666926972],[72.7166666665861,19.23333333297395],[72.73333333305153,19.233333333648098]]]}},{"type":"Feature","properties":{"layer":"DD_43","label":"AAI airport height NOC","confidence":"confirmed","AIRPORT":" ","NAME":"C30","PERMISSIBL":150},"geometry":{"type":"Polygon","coordinates":[[[73.1666666670115,19.249999999923944],[73.16666666666991,19.233333333527302],[73.14999999988383,19.233333333288734],[73.15000000031378,19.24999999971455],[73.1666666670115,19.249999999923944]]]}},{"type":"Feature","properties":{"layer":"DD_43","label":"AAI airport height NOC","confidence":"confirmed","AIRPORT":" ","NAME":"C27","PERMISSIBL":150},"geometry":{"type":"Polygon","coordinates":[[[73.11666666714306,19.250000000255866],[73.11666666674877,19.233333333498496],[73.0999999997844,19.23333333291055],[73.1000000000533,19.24999999997018],[73.11666666714306,19.250000000255866]]]}},{"type":"Feature","properties":{"layer":"DD_43","label":"AAI airport height NOC","confidence":"confirmed","AIRPORT":" ","NAME":"C20","PERMISSIBL":150},"geometry":{"type":"Polygon","coordinates":[[[72.99999999956098,19.250000000032248],[72.99999999963437,19.23333333374728],[72.98333333315742,19.233333333394214],[72.98333333339211,19.250000000326132],[72.99999999956098,19.250000000032248]]]}},{"type":"Feature","properties":{"layer":"DD_43","label":"AAI airport height NOC","confidence":"confirmed","AIRPORT":" ","NAME":"C12","PERMISSIBL":150},"geometry":{"type":"Polygon","coordinates":[[[72.8666666668584,19.249999999554912],[72.86666666656559,19.233333333085408],[72.84999999963794,19.233333333536653],[72.84999999962402,19.249999999871452],[72.8666666668584,19.249999999554912]]]}},{"type":"Feature","properties":{"layer":"DD_43","label":"AAI airport height NOC","confidence":"confirmed","AIRPORT":" ","NAME":"C10","PERMISSIBL":150},"geometry":{"type":"Polygon","coordinates":[[[72.83333333310284,19.25000000021826],[72.83333333351335,19.233333333325895],[72.81666666644195,19.233333333262525],[72.81666666651876,19.249999999609745],[72.83333333310284,19.25000000021826]]]}},{"type":"Feature","properties":{"layer":"DD_43","label":"AAI airport height NOC","confidence":"confirmed","AIRPORT":" ","NAME":"C9","PERMISSIBL":150},"geometry":{"type":"Polygon","coordinates":[[[72.81666666651876,19.249999999609745],[72.81666666644195,19.233333333262525],[72.79999999953795,19.233333333285884],[72.80000000001081,19.249999999780208],[72.81666666651876,19.249999999609745]]]}},{"type":"Feature","properties":{"layer":"DD_43","label":"AAI airport height NOC","confidence":"confirmed","AIRPORT":" ","NAME":"B10","PERMISSIBL":150},"geometry":{"type":"Polygon","coordinates":[[[72.83333333357825,19.266666666429085],[72.83333333310284,19.25000000021826],[72.81666666651876,19.249999999609745],[72.81666666700065,19.26666666714317],[72.83333333357825,19.266666666429085]]]}},{"type":"Feature","properties":{"layer":"DD_43","label":"AAI airport height NOC","confidence":"confirmed","AIRPORT":" ","NAME":"B9","PERMISSIBL":150},"geometry":{"type":"Polygon","coordinates":[[[72.81666666700065,19.26666666714317],[72.81666666651876,19.249999999609745],[72.80000000001081,19.249999999780208],[72.80000000044363,19.266666666619653],[72.81666666700065,19.26666666714317]]]}},{"type":"Feature","properties":{"layer":"DD_43","label":"AAI airport height NOC","confidence":"confirmed","AIRPORT":" ","NAME":"A30","PERMISSIBL":150},"geometry":{"type":"Polygon","coordinates":[[[73.1666666662951,19.283333333238247],[73.16666666687486,19.266666667103056],[73.14999999980942,19.26666666697483],[73.15000000030852,19.283333333262473],[73.1666666662951,19.283333333238247]]]}},{"type":"Feature","properties":{"layer":"DD_43","label":"AAI airport height NOC","confidence":"confirmed","AIRPORT":" ","NAME":"A24","PERMISSIBL":150},"geometry":{"type":"Polygon","coordinates":[[[73.06666666710012,19.28333333363761],[73.06666666701557,19.266666667061276],[73.05000000019153,19.26666666676668],[73.04999999998039,19.28333333313456],[73.06666666710012,19.28333333363761]]]}},{"type":"Feature","properties":{"layer":"DD_43","label":"AAI airport height NOC","confidence":"confirmed","AIRPORT":" ","NAME":"A23","PERMISSIBL":150},"geometry":{"type":"Polygon","coordinates":[[[73.04999999998039,19.28333333313456],[73.05000000019153,19.26666666676668],[73.03333333301134,19.266666667116073],[73.03333333338475,19.28333333307642],[73.04999999998039,19.28333333313456]]]}},{"type":"Feature","properties":{"layer":"DD_43","label":"AAI airport height NOC","confidence":"confirmed","AIRPORT":" ","NAME":"A22","PERMISSIBL":150},"geometry":{"type":"Polygon","coordinates":[[[73.03333333338475,19.28333333307642],[73.03333333301134,19.266666667116073],[73.01666666660923,19.26666666624847],[73.01666666652288,19.283333333388192],[73.03333333338475,19.28333333307642]]]}},{"type":"Feature","properties":{"layer":"DD_43","label":"AAI airport height NOC","confidence":"confirmed","AIRPORT":" ","NAME":"A19","PERMISSIBL":150},"geometry":{"type":"Polygon","coordinates":[[[72.98333333361776,19.2833333330636],[72.98333333290593,19.266666666882045],[72.96666666690115,19.266666666455038],[72.96666666693467,19.283333333187727],[72.98333333361776,19.2833333330636]]]}},{"type":"Feature","properties":{"layer":"DD_43","label":"AAI airport height NOC","confidence":"confirmed","AIRPORT":" ","NAME":"A16","PERMISSIBL":150},"geometry":{"type":"Polygon","coordinates":[[[72.93333333296219,19.28333333366294],[72.93333333355704,19.266666666446106],[72.91666666654137,19.266666666728412],[72.91666666695787,19.28333333298603],[72.93333333296219,19.28333333366294]]]}},{"type":"Feature","properties":{"layer":"DD_43","label":"AAI airport height NOC","confidence":"confirmed","AIRPORT":" ","NAME":"T23-1","PERMISSIBL":0},"geometry":{"type":"Polygon","coordinates":[[[73.05000000023833,18.96666666989503],[73.05000000483712,18.96219142495646],[73.04817002507451,18.962082564755462],[73.0439982707613,18.962429112192694],[73.04129137040708,18.96308863201044],[73.03745800124172,18.964692480385224],[73.03443362175558,18.966666687599055],[73.05000000023833,18.96666666989503]]]}}]}