{"type":"FeatureCollection","features":[{"type":"Feature","properties":{"layer":"DP_77","label":"Heritage building","confidence":"confirmed","HERITAGE_P":" ","GRADE":"IIA","VILLAGE":"FORT","VILLAGE_DI":"FORT","WARD":"A","REMARKS":" ","TYPE":"Heritage","CREATED_US":" ","LAST_EDITE":" ","OWNERSHIP":" ","USES":" ","MHCC_NOC":" ","DATE_":" ","NOC_FOR":" ","STRUCTURE":" ","FEATURE":" ","Q":"Y","HER_NUMBER_2":"289/59","HERITAGE_NAME":"EMPIRE HOUSE"},"geometry":{"type":"Polygon","coordinates":[[[72.83339237305303,18.93673829576699],[72.83338145784003,18.936928479978636],[72.83381365964098,18.93678148482705],[72.83376931195338,18.93662541794484],[72.83339237305303,18.93673829576699]]]}},{"type":"Feature","properties":{"layer":"DP_77","label":"Heritage building","confidence":"confirmed","HERITAGE_P":"FOUNTAIN","GRADE":"IIA","VILLAGE":"FORT","VILLAGE_DI":"FORT","WARD":"A","REMARKS":" ","TYPE":"Heritage","CREATED_US":" ","LAST_EDITE":" ","OWNERSHIP":" ","USES":" ","MHCC_NOC":" ","DATE_":" ","NOC_FOR":" ","STRUCTURE":" ","FEATURE":" ","Q":"Y","HER_NUMBER_2":"74/85","HERITAGE_NAME":"BOMBAY SAMACHAR PRESS"},"geometry":{"type":"Polygon","coordinates":[[[72.83430233360323,18.932466624119684],[72.83411420178122,18.932490975167205],[72.83425844994291,18.93275529288518],[72.83430233360323,18.932466624119684]]]}},{"type":"Feature","properties":{"layer":"DP_77","label":"Heritage building","confidence":"confirmed","HERITAGE_P":" ","GRADE":"IIB","VILLAGE":"BANDRA-E","VILLAGE_DI":"BANDRA-E","WARD":"H/W","REMARKS":" ","TYPE":"Heritage","CREATED_US":" ","LAST_EDITE":" ","OWNERSHIP":" ","USES":" ","MHCC_NOC":" ","DATE_":" ","NOC_FOR":" ","STRUCTURE":" ","FEATURE":" ","Q":"Y","HER_NUMBER_2":"96/117","HERITAGE_NAME":"LALIT KUNJ"},"geometry":{"type":"Polygon","coordinates":[[[72.83600734114717,19.07371450748002],[72.8363742717218,19.073768960879114],[72.8359893672147,19.073515828704682],[72.83600734114717,19.07371450748002]]]}},{"type":"Feature","properties":{"layer":"DP_77","label":"Heritage building","confidence":"confirmed","HERITAGE_P":" ","GRADE":"IIA","VILLAGE":"BHULESHWAR","VILLAGE_DI":"BHULESHWAR","WARD":"C","REMARKS":" ","TYPE":"Heritage","CREATED_US":" ","LAST_EDITE":" ","OWNERSHIP":" ","USES":" ","MHCC_NOC":" ","DATE_":" ","NOC_FOR":" ","STRUCTURE":" ","FEATURE":" ","Q":"Y","HER_NUMBER_2":"5/144","HERITAGE_NAME":"SHREE LAXMI NARAYAN TEMPLE"},"geometry":{"type":"Polygon","coordinates":[[[72.82836609374786,18.953261282964217],[72.82827136316446,18.95340615907941],[72.82843149958495,18.95343311107081],[72.82836609374786,18.953261282964217]]]}},{"type":"Feature","properties":{"layer":"DP_77","label":"Heritage building","confidence":"confirmed","HERITAGE_P":" ","GRADE":"IIA","VILLAGE":"BHULESHWAR","VILLAGE_DI":"BHULESHWAR","WARD":"C","REMARKS":" ","TYPE":"Heritage","CREATED_US":" ","LAST_EDITE":" ","OWNERSHIP":" ","USES":" ","MHCC_NOC":" ","DATE_":" ","NOC_FOR":" ","STRUCTURE":" ","FEATURE":" ","Q":"Y","HER_NUMBER_2":"2/141","HERITAGE_NAME":"BOHARI MASJID (96 ABDUL REHAMAN STREET"},"geometry":{"type":"Polygon","coordinates":[[[72.83222303047717,18.951766997200572],[72.83241070749725,18.951585935507985],[72.83224859208923,18.95154050218675],[72.83222303047717,18.951766997200572]]]}},{"type":"Feature","properties":{"layer":"DP_77","label":"Heritage building","confidence":"confirmed","HERITAGE_P":" ","GRADE":"III","VILLAGE":"PAREL-SEWERI","VILLAGE_DI":"PAREL-SEWERI","WARD":"F/S","REMARKS":" ","TYPE":"Heritage","CREATED_US":" ","LAST_EDITE":" ","OWNERSHIP":" ","USES":" ","MHCC_NOC":" ","DATE_":" ","NOC_FOR":" ","STRUCTURE":" ","FEATURE":" ","Q":"Y","HER_NUMBER_2":"27/524","HERITAGE_NAME":"KALACHOWKY POLICE STATION"},"geometry":{"type":"Polygon","coordinates":[[[72.84209823524371,18.987444406820966],[72.84213575521122,18.987981959631],[72.84294560504397,18.987905820647853],[72.8427610250844,18.98737884303943],[72.84209823524371,18.987444406820966]]]}},{"type":"Feature","properties":{"layer":"DP_77","label":"Heritage building","confidence":"confirmed","HERITAGE_P":" ","GRADE":"IIA","VILLAGE":"PAREL-SEWERI","VILLAGE_DI":"PAREL-SEWERI","WARD":"F/S","REMARKS":" ","TYPE":"Heritage","CREATED_US":" ","LAST_EDITE":" ","OWNERSHIP":" ","USES":" ","MHCC_NOC":" ","DATE_":" ","NOC_FOR":" ","STRUCTURE":" ","FEATURE":" ","Q":"Y","HER_NUMBER_2":"12/489","HERITAGE_NAME":"KAMGAR MAIDAN"},"geometry":{"type":"Polygon","coordinates":[[[72.84125186032541,19.003169675120247],[72.8403419097384,19.00341091182074],[72.84054837082232,19.003946661628444],[72.84126920657154,19.003379268545878],[72.84125186032541,19.003169675120247]]]}},{"type":"Feature","properties":{"layer":"DP_77","label":"Heritage building","confidence":"confirmed","HERITAGE_P":" ","GRADE":"III","VILLAGE":"BYCULLA","VILLAGE_DI":"BYCULLA","WARD":"E","REMARKS":" ","TYPE":"Heritage","CREATED_US":" ","LAST_EDITE":" ","OWNERSHIP":" ","USES":" ","MHCC_NOC":" ","DATE_":" ","NOC_FOR":" ","STRUCTURE":" ","FEATURE":" ","Q":"Y","HER_NUMBER_2":"41/332","HERITAGE_NAME":"MUKTIPOJ MUNICIPAL DISPENSARY"},"geometry":{"type":"Polygon","coordinates":[[[72.82701721601735,18.97390425977952],[72.8272239116954,18.973907690991414],[72.82726945293574,18.97368428949419],[72.82701721601735,18.97390425977952]]]}},{"type":"Feature","properties":{"layer":"DP_77","label":"Heritage building","confidence":"confirmed","HERITAGE_P":" ","GRADE":"IIA","VILLAGE":" ","VILLAGE_DI":" ","WARD":"A","REMARKS":" ","TYPE":" ","CREATED_US":" ","CREATED_DA":-2209161600000,"LAST_EDITE":" ","LAST_EDI_1":-2209161600000,"OWNERSHIP":" ","USES":" ","MHCC_NOC":" ","DATE_":" ","NOC_FOR":" ","STRUCTURE":" ","FEATURE":" ","Q":"Y","HER_NUMBER_2":"2/2(xviii-B)","HERITAGE_NAME":"NAVAL DOCKYARD (FROM  LION GATE TO OLD CUSTOM HOUSE WITH CLOCK TOWER OPP. GREAT WESTERN BUILDING) xviii-B) INDUSTRIAL RELATION & WELFARE DEPT."},"geometry":{"type":"Polygon","coordinates":[[[72.8353415860725,18.92693694276417],[72.83522130094579,18.926688457120644],[72.83514852072396,18.926746366064098],[72.8353415860725,18.92693694276417]]]}},{"type":"Feature","properties":{"layer":"DP_77","label":"Heritage building","confidence":"confirmed","HERITAGE_P":" ","GRADE":"III","VILLAGE":"BANDRA-F","VILLAGE_DI":"BANDRA-F","WARD":"H/W","REMARKS":" ","TYPE":"Heritage","CREATED_US":" ","LAST_EDITE":" ","OWNERSHIP":" ","USES":" ","MHCC_NOC":" ","DATE_":" ","NOC_FOR":" ","STRUCTURE":" ","FEATURE":" ","Q":"Y","HER_NUMBER_2":"19/027","HERITAGE_NAME":"VRUNDAVAN"},"geometry":{"type":"Polygon","coordinates":[[[72.83796477490944,19.05863771712464],[72.83829797804114,19.058455342886347],[72.83801642631401,19.058418658597372],[72.83796477490944,19.05863771712464]]]}},{"type":"Feature","properties":{"layer":"DP_77","label":"Heritage building","confidence":"confirmed","HERITAGE_P":" ","GRADE":"IIA","VILLAGE":" ","VILLAGE_DI":" ","WARD":"D","REMARKS":" ","TYPE":" ","CREATED_US":" ","CREATED_DA":-2209161600000,"LAST_EDITE":" ","LAST_EDI_1":-2209161600000,"OWNERSHIP":" ","USES":" ","MHCC_NOC":" ","DATE_":" ","NOC_FOR":" ","STRUCTURE":" ","FEATURE":" ","Q":"Y","HER_NUMBER_2":"158/293","HERITAGE_NAME":"GIRGAON CHOWPATY WATER FRONT"},"geometry":{"type":"Polygon","coordinates":[[[72.81238761095254,18.95570990753817],[72.81356051783116,18.955231747773507],[72.81505643987524,18.954207907141598],[72.8146544305688,18.95380707195539],[72.80987709711233,18.955669847263778],[72.80838075839698,18.95519274080336],[72.80782698287021,18.95466288531503],[72.80821261174789,18.955278283833714],[72.8098685506632,18.955934845168496],[72.81110434622016,18.955987198008497],[72.81238761095254,18.95570990753817]]]}},{"type":"Feature","properties":{"layer":"DP_77","label":"Heritage building","confidence":"confirmed","HERITAGE_P":" ","GRADE":"III","VILLAGE":"MALAD-E","VILLAGE_DI":"MALAD-E","WARD":"P/N","REMARKS":" ","TYPE":"Heritage","CREATED_US":" ","LAST_EDITE":" ","OWNERSHIP":" ","USES":" ","MHCC_NOC":" ","DATE_":" ","NOC_FOR":" ","STRUCTURE":" ","FEATURE":" ","Q":"Y","HER_NUMBER_2":"604","HERITAGE_NAME":"SOLICITOR BUNGALOW"},"geometry":{"type":"Polygon","coordinates":[[[72.85050966799061,19.18416479496826],[72.85019869885602,19.183729084304],[72.850220011317,19.18411936853262],[72.85050966799061,19.18416479496826]]]}},{"type":"Feature","properties":{"layer":"DP_77","label":"Heritage building","confidence":"confirmed","HERITAGE_P":"BALLARD PIER","GRADE":"IIA","VILLAGE":"FORT","VILLAGE_DI":"FORT","WARD":"A","REMARKS":" ","TYPE":"Heritage","CREATED_US":" ","LAST_EDITE":" ","OWNERSHIP":" ","USES":" ","MHCC_NOC":" ","DATE_":" ","NOC_FOR":" ","STRUCTURE":" ","FEATURE":" ","Q":"Y","HER_NUMBER_2":"190/216(g)","HERITAGE_NAME":"g) NAV BHAVAN"},"geometry":{"type":"Polygon","coordinates":[[[72.8390655430855,18.936838785625397],[72.83925944829575,18.936798113784892],[72.8392556166655,18.936389175031827],[72.83894473159984,18.93652794849545],[72.8390655430855,18.936838785625397]]]}},{"type":"Feature","properties":{"layer":"DP_77","label":"Heritage building","confidence":"confirmed","HERITAGE_P":" ","GRADE":"III","VILLAGE":"MATUNGA","VILLAGE_DI":"MATUNGA","WARD":"F/N","REMARKS":" ","TYPE":"Heritage","CREATED_US":" ","LAST_EDITE":" ","OWNERSHIP":" ","USES":" ","MHCC_NOC":" ","DATE_":" ","NOC_FOR":" ","STRUCTURE":" ","FEATURE":" ","Q":"Y","HER_NUMBER_2":"36/465","HERITAGE_NAME":"640-a, PHILOMENA"},"geometry":{"type":"Polygon","coordinates":[[[72.85226470658502,19.0189256785884],[72.85224702911064,19.018657377321233],[72.85203438161435,19.01871820068227],[72.85226470658502,19.0189256785884]]]}},{"type":"Feature","properties":{"layer":"DP_77","label":"Heritage building","confidence":"confirmed","HERITAGE_P":" ","GRADE":"IIA","VILLAGE":"MAZGAON","VILLAGE_DI":"MAZGAON","WARD":"E","REMARKS":" ","TYPE":" ","CREATED_US":" ","LAST_EDITE":" ","OWNERSHIP":" ","USES":" ","MHCC_NOC":" ","DATE_":" ","NOC_FOR":" ","STRUCTURE":" ","FEATURE":" ","Q":"Y","HER_NUMBER_2":"94a/387&94c/389","HERITAGE_NAME":"ST.ANNIE'S CHURCH(ST.ANNIE'S CHURCH,ST.MARY'S SCHOOL PERMISES) SOUT WING,BRICK BUILDING"},"geometry":{"type":"Polygon","coordinates":[[[72.83595297277233,18.969652398966783],[72.83628481438105,18.969441979233903],[72.83612683633092,18.968795201159686],[72.8353829705661,18.968976898334198],[72.83530895930627,18.968754249543498],[72.83465687917284,18.969204528612103],[72.83462541918188,18.969798795213865],[72.83595297277233,18.969652398966783]]]}},{"type":"Feature","properties":{"layer":"DP_77","label":"Heritage building","confidence":"confirmed","HERITAGE_P":" ","GRADE":"III","VILLAGE":"BHULESHWAR","VILLAGE_DI":"BHULESHWAR","WARD":"C","REMARKS":" ","TYPE":"Heritage","CREATED_US":" ","LAST_EDITE":" ","OWNERSHIP":" ","USES":" ","MHCC_NOC":" ","DATE_":" ","NOC_FOR":" ","STRUCTURE":" ","FEATURE":" ","Q":"Y","HER_NUMBER_2":"318","HERITAGE_NAME":"ZAOBA RAMMANDIR"},"geometry":{"type":"Polygon","coordinates":[[[72.82384208098799,18.951279476918028],[72.82346494999646,18.951093892127574],[72.8237348270076,18.95135817184358],[72.82384208098799,18.951279476918028]]]}},{"type":"Feature","properties":{"layer":"DP_77","label":"Heritage building","confidence":"confirmed","HERITAGE_P":" ","GRADE":"IIA","VILLAGE":"MAZAGAON","VILLAGE_DI":"MAZAGAON","WARD":"E","REMARKS":" ","TYPE":"Heritage","CREATED_US":" ","LAST_EDITE":" ","OWNERSHIP":" ","USES":" ","MHCC_NOC":" ","DATE_":" ","NOC_FOR":" ","STRUCTURE":" ","FEATURE":" ","Q":"Y","HER_NUMBER_2":"5/298","HERITAGE_NAME":"BYCULLA POLICE STATION"},"geometry":{"type":"Polygon","coordinates":[[[72.83378903828597,18.973402185425886],[72.83389982480685,18.97374795369171],[72.8343782641882,18.973515389394528],[72.83477099280776,18.973028416607452],[72.83469089932325,18.97264762793214],[72.83454392465308,18.972559656825183],[72.83378903828597,18.973402185425886]]]}},{"type":"Feature","properties":{"layer":"DP_77","label":"Heritage building","confidence":"confirmed","HERITAGE_P":" ","GRADE":"III","VILLAGE":" ","VILLAGE_DI":" ","WARD":"G/S","REMARKS":" ","TYPE":" ","CREATED_US":" ","CREATED_DA":-2209161600000,"LAST_EDITE":" ","LAST_EDI_1":-2209161600000,"OWNERSHIP":" ","USES":" ","MHCC_NOC":" ","DATE_":" ","NOC_FOR":" ","STRUCTURE":" ","FEATURE":" ","Q":"Y","HER_NUMBER_2":"4/551","HERITAGE_NAME":"RABIA MANSION COMPLEX (RASHID MANSION)"},"geometry":{"type":"Polygon","coordinates":[[[72.81143145371158,18.988088245141544],[72.81093394594929,18.988277936752457],[72.81127155639376,18.988350614693697],[72.81143145371158,18.988088245141544]]]}},{"type":"Feature","properties":{"layer":"DP_77","label":"Heritage building","confidence":"confirmed","HERITAGE_P":" ","GRADE":"III","VILLAGE":"DADAR-NAIGAON","VILLAGE_DI":"DADAR-NAIGAON","WARD":"F/S","REMARKS":" ","TYPE":"Heritage","CREATED_US":" ","LAST_EDITE":" ","OWNERSHIP":" ","USES":" ","MHCC_NOC":" ","DATE_":" ","NOC_FOR":" ","STRUCTURE":" ","FEATURE":" ","Q":"Y","HER_NUMBER_2":"8/484","HERITAGE_NAME":"MOHAMMED MANJIR"},"geometry":{"type":"Polygon","coordinates":[[[72.84228256923234,19.012400260502886],[72.84247913064519,19.012189941483044],[72.84228560064064,19.012170429974805],[72.84228256923234,19.012400260502886]]]}},{"type":"Feature","properties":{"layer":"DP_77","label":"Heritage building","confidence":"confirmed","HERITAGE_P":" ","GRADE":"IIA","VILLAGE":"BHULESHWAR","VILLAGE_DI":"BHULESHWAR","WARD":"C","REMARKS":" ","TYPE":"Heritage","CREATED_US":" ","LAST_EDITE":" ","OWNERSHIP":" ","USES":" ","MHCC_NOC":" ","DATE_":" ","NOC_FOR":" ","STRUCTURE":" ","FEATURE":" ","Q":"Y","HER_NUMBER_2":"53/196","HERITAGE_NAME":"POLICE CHOWKY"},"geometry":{"type":"Polygon","coordinates":[[[72.82916825083497,18.957040595104075],[72.82920238799015,18.957088271577224],[72.82921109689588,18.957043403126594],[72.82916825083497,18.957040595104075]]]}},{"type":"Feature","properties":{"layer":"DP_77","label":"Heritage building","confidence":"confirmed","HERITAGE_P":" ","GRADE":"III","VILLAGE":"MANDVI","VILLAGE_DI":"MANDVI","WARD":"B","REMARKS":" ","TYPE":"Heritage","CREATED_US":" ","LAST_EDITE":" ","OWNERSHIP":" ","USES":" ","MHCC_NOC":" ","DATE_":" ","NOC_FOR":" ","STRUCTURE":" ","FEATURE":" ","Q":"Y","HER_NUMBER_2":"48/131","HERITAGE_NAME":"THE BOMBAY GRAIN DEALERS ASSOCIATION"},"geometry":{"type":"Polygon","coordinates":[[[72.83806203764256,18.95731827675908],[72.83829419177103,18.957143007726728],[72.83818529984303,18.956711507248677],[72.83801318044428,18.956719003047652],[72.83806203764256,18.95731827675908]]]}},{"type":"Feature","properties":{"layer":"DP_77","label":"Heritage building","confidence":"confirmed","HERITAGE_P":" ","GRADE":"IIA","VILLAGE":"BYCULLA","VILLAGE_DI":"BYCULLA","WARD":"E","REMARKS":" ","TYPE":"Heritage","CREATED_US":" ","LAST_EDITE":" ","OWNERSHIP":" ","USES":" ","MHCC_NOC":" ","DATE_":" ","NOC_FOR":" ","STRUCTURE":" ","FEATURE":" ","Q":"Y","HER_NUMBER_2":"30/322","HERITAGE_NAME":"PADMAKAR TUKARAM MANE UDYAN"},"geometry":{"type":"Polygon","coordinates":[[[72.82990007440709,18.967074184294376],[72.82907471569139,18.9671758743962],[72.82911907045097,18.96752988114983],[72.83039975994029,18.967498352726984],[72.83020477962432,18.967125991202266],[72.82990007440709,18.967074184294376]]]}},{"type":"Feature","properties":{"layer":"DP_77","label":"Heritage building","confidence":"confirmed","HERITAGE_P":" ","GRADE":"I","VILLAGE":" ","VILLAGE_DI":" ","WARD":"A","REMARKS":" ","TYPE":" ","CREATED_US":" ","CREATED_DA":-2209161600000,"LAST_EDITE":" ","LAST_EDI_1":-2209161600000,"OWNERSHIP":" ","USES":" ","MHCC_NOC":" ","DATE_":" ","NOC_FOR":" ","STRUCTURE":" ","FEATURE":" ","Q":"Y","HER_NUMBER_2":"111/127","HERITAGE_NAME":"FOUNTAIN ( Three) IN MAHATMA PHULE MARKET."},"geometry":{"type":"Polygon","coordinates":[[[72.83453263329581,18.94716079778584],[72.83456003098168,18.947100727632417],[72.83447448513117,18.947100981967864],[72.83453263329581,18.94716079778584]]]}},{"type":"Feature","properties":{"layer":"DP_77","label":"Heritage building","confidence":"confirmed","HERITAGE_P":" ","GRADE":"IIA","VILLAGE":"TARDEO","VILLAGE_DI":"TARDEO","WARD":"D","REMARKS":" ","TYPE":"Heritage","CREATED_US":" ","LAST_EDITE":" ","OWNERSHIP":" ","USES":" ","MHCC_NOC":" ","DATE_":" ","NOC_FOR":" ","STRUCTURE":" ","FEATURE":" ","Q":"Y","HER_NUMBER_2":"155/288","HERITAGE_NAME":"VICTORIA BLIND MEMORIAL  SCHOOL"},"geometry":{"type":"Polygon","coordinates":[[[72.81414329386536,18.974725146973608],[72.81471327434379,18.975012549790566],[72.81482899275001,18.974736191845462],[72.81384876320305,18.974042642802207],[72.8135765800102,18.974319837630507],[72.81414329386536,18.974725146973608]]]}},{"type":"Feature","properties":{"layer":"DP_77","label":"Heritage building","confidence":"confirmed","HERITAGE_P":"MUSEUM","GRADE":"I","VILLAGE":"FORT","VILLAGE_DI":"FORT","WARD":"A","REMARKS":" ","TYPE":"Heritage","CREATED_US":" ","LAST_EDITE":" ","OWNERSHIP":" ","USES":" ","MHCC_NOC":" ","DATE_":" ","NOC_FOR":" ","STRUCTURE":" ","FEATURE":" ","Q":"Y","HER_NUMBER_2":"146/166","HERITAGE_NAME":"DAVID SASOON LIBRARY & READING ROOM (DAVID SASOON LIBRARY)"},"geometry":{"type":"Polygon","coordinates":[[[72.83067446969969,18.927833501709003],[72.8311510647761,18.927836837529192],[72.83115152640585,18.92767461092786],[72.83067406228746,18.927617984343964],[72.83067446969969,18.927833501709003]]]}},{"type":"Feature","properties":{"layer":"DP_77","label":"Heritage building","confidence":"confirmed","HERITAGE_P":" ","GRADE":"III","VILLAGE":" ","VILLAGE_DI":" ","WARD":"C","REMARKS":" ","TYPE":" ","CREATED_US":" ","CREATED_DA":-2209161600000,"LAST_EDITE":" ","LAST_EDI_1":-2209161600000,"OWNERSHIP":" ","USES":" ","MHCC_NOC":" ","DATE_":" ","NOC_FOR":" ","STRUCTURE":" ","FEATURE":" ","Q":"Y","HER_NUMBER_2":"335","HERITAGE_NAME":"JAGDISH TEMPLE"},"geometry":{"type":"Polygon","coordinates":[[[72.83033661897048,18.95435672245749],[72.8302880244064,18.954393480614645],[72.8303963439585,18.954465178684366],[72.83033661897048,18.95435672245749]]]}},{"type":"Feature","properties":{"layer":"DP_77","label":"Heritage building","confidence":"confirmed","HERITAGE_P":" ","GRADE":"I","VILLAGE":"MAJAS","VILLAGE_DI":"MAJAS","WARD":"K/E","REMARKS":" ","TYPE":"Heritage","CREATED_US":" ","LAST_EDITE":" ","OWNERSHIP":" ","USES":" ","MHCC_NOC":" ","DATE_":" ","NOC_FOR":" ","STRUCTURE":" ","FEATURE":" ","Q":"Y","HER_NUMBER_2":"192/241","HERITAGE_NAME":"JOGESHWARI CAVES"},"geometry":{"type":"Polygon","coordinates":[[[72.85809546126505,19.139016887671854],[72.85811695946799,19.13868493060172],[72.85687192376606,19.13876348824919],[72.85690608325716,19.139225764416185],[72.85809546126505,19.139016887671854]]]}},{"type":"Feature","properties":{"layer":"DP_77","label":"Heritage building","confidence":"confirmed","HERITAGE_P":" ","GRADE":" ","VILLAGE":" ","VILLAGE_DI":" ","WARD":"E","REMARKS":" ","TYPE":" ","CREATED_US":" ","CREATED_DA":-2209161600000,"LAST_EDITE":" ","LAST_EDI_1":-2209161600000,"OWNERSHIP":" ","USES":" ","MHCC_NOC":" ","DATE_":" ","NOC_FOR":" ","STRUCTURE":" ","FEATURE":" ","Q":"Y","HER_NUMBER_2":" ","HERITAGE_NAME":" "},"geometry":{"type":"Polygon","coordinates":[[[72.84265266138968,18.981226664470903],[72.84271139416302,18.981294199492613],[72.84271862513773,18.981231925278365],[72.84265266138968,18.981226664470903]]]}},{"type":"Feature","properties":{"layer":"DP_77","label":"Heritage building","confidence":"confirmed","HERITAGE_P":"B M C","GRADE":"IIB","VILLAGE":"FORT","VILLAGE_DI":"FORT","WARD":"A","REMARKS":" ","TYPE":"Heritage","CREATED_US":" ","LAST_EDITE":" ","OWNERSHIP":" ","USES":" ","MHCC_NOC":" ","DATE_":" ","NOC_FOR":" ","STRUCTURE":" ","FEATURE":" ","Q":"Y","HER_NUMBER_2":"161/182","HERITAGE_NAME":"HEAD QUARTERS MARITIME AIR OPERATIONS (H.Q. MARITIME AIR OPERATIONS, AIR FORCE)"},"geometry":{"type":"Polygon","coordinates":[[[72.82843850540297,18.94158008081439],[72.82816388503845,18.94211933313271],[72.82931639986982,18.942347417575583],[72.8294388986459,18.94185812380024],[72.82843850540297,18.94158008081439]]]}},{"type":"Feature","properties":{"layer":"DP_77","label":"Heritage building","confidence":"confirmed","HERITAGE_P":" ","GRADE":"III","VILLAGE":"MALABAR HILL","VILLAGE_DI":"MALABAR HILL","WARD":"D","REMARKS":" ","TYPE":"Heritage","CREATED_US":" ","LAST_EDITE":" ","OWNERSHIP":" ","USES":" ","MHCC_NOC":" ","DATE_":" ","NOC_FOR":" ","STRUCTURE":" ","FEATURE":" ","Q":"Y","HER_NUMBER_2":"65/443","HERITAGE_NAME":"CHINOY MANSION"},"geometry":{"type":"Polygon","coordinates":[[[72.80444653547725,18.964851983375205],[72.8049210697335,18.964944441542997],[72.80502026051626,18.964777886233126],[72.80444653547725,18.964851983375205]]]}},{"type":"Feature","properties":{"layer":"DP_77","label":"Heritage building","confidence":"confirmed","HERITAGE_P":" ","GRADE":"III","VILLAGE":"BHULESHWAR","VILLAGE_DI":"BHULESHWAR","WARD":"C","REMARKS":" ","TYPE":"Heritage","CREATED_US":" ","LAST_EDITE":" ","OWNERSHIP":" ","USES":" ","MHCC_NOC":" ","DATE_":" ","NOC_FOR":" ","STRUCTURE":" ","FEATURE":" ","Q":"Y","HER_NUMBER_2":"32/177","HERITAGE_NAME":"JOHARI MANSION"},"geometry":{"type":"Polygon","coordinates":[[[72.82901831641179,18.950799416112144],[72.82910802952358,18.95059782285125],[72.82892243824602,18.950618854425894],[72.82901831641179,18.950799416112144]]]}},{"type":"Feature","properties":{"layer":"DP_77","label":"Heritage building","confidence":"confirmed","HERITAGE_P":" ","GRADE":"III","VILLAGE":" ","VILLAGE_DI":" ","WARD":"B","REMARKS":" ","TYPE":" ","CREATED_US":" ","CREATED_DA":-2209161600000,"LAST_EDITE":" ","LAST_EDI_1":-2209161600000,"OWNERSHIP":" ","USES":" ","MHCC_NOC":" ","DATE_":" ","NOC_FOR":" ","STRUCTURE":" ","FEATURE":" ","Q":"Y","HER_NUMBER_2":"32/115","HERITAGE_NAME":"STONE PLAQUE ON KARNAK BRIDGE"},"geometry":{"type":"Polygon","coordinates":[[[72.83839643871623,18.949037283158717],[72.8384200602037,18.948997324615664],[72.83794940603912,18.949050230060244],[72.83839643871623,18.949037283158717]]]}},{"type":"Feature","properties":{"layer":"DP_77","label":"Heritage building","confidence":"confirmed","HERITAGE_P":" ","GRADE":"IIB","VILLAGE":" ","VILLAGE_DI":" ","WARD":"G/N","REMARKS":" ","TYPE":" ","CREATED_US":" ","CREATED_DA":-2209161600000,"LAST_EDITE":" ","LAST_EDI_1":-2209161600000,"OWNERSHIP":" ","USES":" ","MHCC_NOC":" ","DATE_":" ","NOC_FOR":" ","STRUCTURE":" ","FEATURE":" ","Q":"Y","HER_NUMBER_2":"5/555","HERITAGE_NAME":"Mayor's bungalow"},"geometry":{"type":"Polygon","coordinates":[[[72.83669736305608,19.02906875974302],[72.83670126692431,19.029078702437896],[72.83672817195064,19.029069565022912],[72.83672456630333,19.029059622208624],[72.83669736305608,19.02906875974302]]]}},{"type":"Feature","properties":{"layer":"DP_77","label":"Heritage building","confidence":"confirmed","HERITAGE_P":" ","GRADE":"III","VILLAGE":"COLABA","VILLAGE_DI":"COLABA","WARD":"A","REMARKS":" ","TYPE":"Heritage","CREATED_US":" ","LAST_EDITE":" ","OWNERSHIP":" ","USES":" ","MHCC_NOC":" ","DATE_":" ","NOC_FOR":" ","STRUCTURE":" ","FEATURE":" ","Q":"Y","HER_NUMBER_2":"241/4","HERITAGE_NAME":"MINOO MANOR"},"geometry":{"type":"Polygon","coordinates":[[[72.82451554318382,18.91755098588624],[72.82483664276143,18.9173203743159],[72.82470468508038,18.91716146028242],[72.82442545036925,18.91731290126592],[72.82451554318382,18.91755098588624]]]}},{"type":"Feature","properties":{"layer":"DP_77","label":"Heritage building","confidence":"confirmed","HERITAGE_P":" ","GRADE":"III","VILLAGE":"MAZGAON","VILLAGE_DI":"MAZGAON","WARD":"E","REMARKS":" ","TYPE":" ","CREATED_US":" ","LAST_EDITE":" ","OWNERSHIP":" ","USES":" ","MHCC_NOC":" ","DATE_":" ","NOC_FOR":" ","STRUCTURE":" ","FEATURE":" ","Q":"Y","HER_NUMBER_2":"90/383","HERITAGE_NAME":"ST.STEAVEN VILLAGE HOME"},"geometry":{"type":"Polygon","coordinates":[[[72.8397168329899,18.96946040540016],[72.8392831431758,18.96951513229225],[72.83923301949868,18.9699096140501],[72.84023696067078,18.96985476220022],[72.84005319132285,18.968949969389808],[72.83971611234996,18.968959864516474],[72.8397168329899,18.96946040540016]]]}},{"type":"Feature","properties":{"layer":"DP_77","label":"Heritage building","confidence":"confirmed","HERITAGE_P":" ","GRADE":"III","VILLAGE":"BHULESHWAR","VILLAGE_DI":"BHULESHWAR","WARD":"C","REMARKS":" ","TYPE":"Heritage","CREATED_US":" ","LAST_EDITE":" ","OWNERSHIP":" ","USES":" ","MHCC_NOC":" ","DATE_":" ","NOC_FOR":" ","STRUCTURE":" ","FEATURE":" ","Q":"Y","HER_NUMBER_2":"17f/162","HERITAGE_NAME":"SIDHWA BLDG"},"geometry":{"type":"Polygon","coordinates":[[[72.82649828197705,18.944865907675833],[72.82634740363203,18.945017886558112],[72.82653975908225,18.94512270409419],[72.82649828197705,18.944865907675833]]]}},{"type":"Feature","properties":{"layer":"DP_77","label":"Heritage building","confidence":"confirmed","HERITAGE_P":" ","GRADE":"III","VILLAGE":" ","VILLAGE_DI":" ","WARD":"C","REMARKS":" ","TYPE":" ","CREATED_US":" ","CREATED_DA":-2209161600000,"LAST_EDITE":" ","LAST_EDI_1":-2209161600000,"OWNERSHIP":" ","USES":" ","MHCC_NOC":" ","DATE_":" ","NOC_FOR":" ","STRUCTURE":" ","FEATURE":" ","Q":"Y","HER_NUMBER_2":"295","HERITAGE_NAME":"SETH MADHOWDAS DHARMSHALA"},"geometry":{"type":"Polygon","coordinates":[[[72.8260743265914,18.955362905500813],[72.82581388918545,18.95531500037116],[72.82588475381567,18.95548137615023],[72.8260743265914,18.955362905500813]]]}},{"type":"Feature","properties":{"layer":"DP_77","label":"Heritage building","confidence":"confirmed","HERITAGE_P":" ","GRADE":" ","VILLAGE":" ","VILLAGE_DI":" ","WARD":"E","REMARKS":"MAP PURPOSE","TYPE":" ","CREATED_US":" ","CREATED_DA":-2209161600000,"LAST_EDITE":" ","LAST_EDI_1":-2209161600000,"OWNERSHIP":" ","USES":" ","MHCC_NOC":" ","DATE_":" ","NOC_FOR":" ","STRUCTURE":" ","FEATURE":" ","Q":"Y","HER_NUMBER_2":" ","HERITAGE_NAME":" "},"geometry":{"type":"Polygon","coordinates":[[[72.84088948590139,18.985883097835462],[72.84082951099481,18.98548576900082],[72.83877758649582,18.985639187992394],[72.83879948475762,18.986038018871398],[72.84088948590139,18.985883097835462]]]}},{"type":"Feature","properties":{"layer":"DP_77","label":"Heritage building","confidence":"confirmed","HERITAGE_P":" ","GRADE":"III","VILLAGE":"BANDRA-B","VILLAGE_DI":"BANDRA-B","WARD":"H/W","REMARKS":" ","TYPE":"Heritage","CREATED_US":" ","LAST_EDITE":" ","OWNERSHIP":" ","USES":" ","MHCC_NOC":" ","DATE_":" ","NOC_FOR":" ","STRUCTURE":" ","FEATURE":" ","Q":"Y","HER_NUMBER_2":"573","HERITAGE_NAME":"THE JAIRAZBHOY PEERBHOY KHOJA SANATORIUM"},"geometry":{"type":"Polygon","coordinates":[[[72.81955598322618,19.045494086829567],[72.81968615851866,19.04607485460822],[72.82015099355768,19.045974707670894],[72.82009409684211,19.04546159438224],[72.81955598322618,19.045494086829567]]]}},{"type":"Feature","properties":{"layer":"DP_77","label":"Heritage building","confidence":"confirmed","HERITAGE_P":"CANTONMENT","GRADE":"IIB","VILLAGE":"COLABA","VILLAGE_DI":"COLABA","WARD":"A","REMARKS":" ","TYPE":"Heritage","CREATED_US":" ","LAST_EDITE":" ","OWNERSHIP":" ","USES":" ","MHCC_NOC":" ","DATE_":" ","NOC_FOR":" ","STRUCTURE":" ","FEATURE":" ","Q":"Y","HER_NUMBER_2":"55/63","HERITAGE_NAME":"TRIVENI STATION JCO'S MESS"},"geometry":{"type":"Polygon","coordinates":[[[72.81200963332317,18.904661079231424],[72.81269283478551,18.904684388574566],[72.81278873193409,18.90422995454867],[72.81161887483046,18.904056806774975],[72.81159949886636,18.90428798300818],[72.81205256303296,18.904358297664512],[72.81200963332317,18.904661079231424]]]}},{"type":"Feature","properties":{"layer":"DP_77","label":"Heritage building","confidence":"confirmed","HERITAGE_P":" ","GRADE":"III","VILLAGE":"BANDRA-C","VILLAGE_DI":"BANDRA-C","WARD":"H/W","REMARKS":" ","TYPE":"Heritage","CREATED_US":" ","LAST_EDITE":" ","OWNERSHIP":" ","USES":" ","MHCC_NOC":" ","DATE_":" ","NOC_FOR":" ","STRUCTURE":" ","FEATURE":" ","Q":"Y","HER_NUMBER_2":"41/055","HERITAGE_NAME":"CHRISTANA"},"geometry":{"type":"Polygon","coordinates":[[[72.825662497663,19.0569749546898],[72.82547722403791,19.057114039414003],[72.82571037251796,19.057144520274054],[72.825662497663,19.0569749546898]]]}},{"type":"Feature","properties":{"layer":"DP_77","label":"Heritage building","confidence":"confirmed","HERITAGE_P":" ","GRADE":"IIB","VILLAGE":" ","VILLAGE_DI":" ","WARD":"A","REMARKS":" ","TYPE":" ","CREATED_US":" ","CREATED_DA":-2209161600000,"LAST_EDITE":" ","LAST_EDI_1":-2209161600000,"OWNERSHIP":" ","USES":" ","MHCC_NOC":" ","DATE_":" ","NOC_FOR":" ","STRUCTURE":" ","FEATURE":" ","Q":"Y","HER_NUMBER_2":"118/136","HERITAGE_NAME":"FORT GRATUITIOUS DISPENSARY (CAWASJEE DUNJIBHOY POWALLA BLDG.)"},"geometry":{"type":"Polygon","coordinates":[[[72.83346018752098,18.93815949441448],[72.83364179422153,18.93792214530039],[72.83335101052012,18.937965978633812],[72.83346018752098,18.93815949441448]]]}},{"type":"Feature","properties":{"layer":"DP_77","label":"Heritage building","confidence":"confirmed","HERITAGE_P":"OLD CUFFE PARADE","GRADE":"III","VILLAGE":"COLABA","VILLAGE_DI":"COLABA","WARD":"A","REMARKS":" ","TYPE":"Heritage","CREATED_US":" ","LAST_EDITE":" ","OWNERSHIP":" ","USES":" ","MHCC_NOC":" ","DATE_":" ","NOC_FOR":" ","STRUCTURE":" ","FEATURE":" ","Q":"Y","HER_NUMBER_2":"170/194","HERITAGE_NAME":"JONY CASTLE (TONY & JOHNY CASTLE)"},"geometry":{"type":"Polygon","coordinates":[[[72.82272706374981,18.914146579020503],[72.82258598285465,18.91423509740573],[72.82282212077689,18.914562888257365],[72.82296990550583,18.914452729485294],[72.82272706374981,18.914146579020503]]]}},{"type":"Feature","properties":{"layer":"DP_77","label":"Heritage building","confidence":"confirmed","HERITAGE_P":"ESPLANDE","GRADE":"IIA","VILLAGE":"FORT","VILLAGE_DI":"FORT","WARD":"A","REMARKS":" ","TYPE":"Heritage","CREATED_US":" ","LAST_EDITE":" ","OWNERSHIP":" ","USES":" ","MHCC_NOC":" ","DATE_":" ","NOC_FOR":" ","STRUCTURE":" ","FEATURE":" ","Q":"Y","HER_NUMBER_2":"112/130","HERITAGE_NAME":"RALLIS HOUSE"},"geometry":{"type":"Polygon","coordinates":[[[72.83251791699901,18.93789996159387],[72.83207835094133,18.937947785892103],[72.83216226512062,18.938147801285698],[72.83251791699901,18.93789996159387]]]}},{"type":"Feature","properties":{"layer":"DP_77","label":"Heritage building","confidence":"confirmed","HERITAGE_P":" ","GRADE":"III","VILLAGE":" ","VILLAGE_DI":" ","WARD":"E","REMARKS":" ","TYPE":" ","CREATED_US":" ","CREATED_DA":-2209161600000,"LAST_EDITE":" ","LAST_EDI_1":-2209161600000,"OWNERSHIP":" ","USES":" ","MHCC_NOC":" ","DATE_":" ","NOC_FOR":" ","STRUCTURE":" ","FEATURE":" ","Q":"Y","HER_NUMBER_2":"71/362","HERITAGE_NAME":"GATESIDE QUARTERS"},"geometry":{"type":"Polygon","coordinates":[[[72.84659032504464,18.964792653648143],[72.84654085974955,18.965348799688854],[72.84708955505926,18.96540434514125],[72.8469311055138,18.96484612520725],[72.84659032504464,18.964792653648143]]]}},{"type":"Feature","properties":{"layer":"DP_77","label":"Heritage building","confidence":"confirmed","HERITAGE_P":" ","GRADE":"III","VILLAGE":"MAZGAON","VILLAGE_DI":"MAZGAON","WARD":"E","REMARKS":" ","TYPE":" ","CREATED_US":" ","LAST_EDITE":" ","OWNERSHIP":" ","USES":" ","MHCC_NOC":" ","DATE_":" ","NOC_FOR":" ","STRUCTURE":" ","FEATURE":" ","Q":"Y","HER_NUMBER_2":"88/381","HERITAGE_NAME":"ALL MOHAMMED COLLEGE"},"geometry":{"type":"Polygon","coordinates":[[[72.84091768742138,18.972191472651495],[72.84139833285913,18.972162869410603],[72.84105276792317,18.97192675711432],[72.84051602160875,18.972148259747833],[72.84091768742138,18.972191472651495]]]}},{"type":"Feature","properties":{"layer":"DP_77","label":"Heritage building","confidence":"confirmed","HERITAGE_P":" ","GRADE":"IIA","VILLAGE":"BYCULLA","VILLAGE_DI":"BYCULLA","WARD":"E","REMARKS":" ","TYPE":"Heritage","CREATED_US":" ","LAST_EDITE":" ","OWNERSHIP":" ","USES":" ","MHCC_NOC":" ","DATE_":" ","NOC_FOR":" ","STRUCTURE":" ","FEATURE":" ","Q":"Y","HER_NUMBER_2":"54/345","HERITAGE_NAME":"AGRIPADA POLCE STATION"},"geometry":{"type":"Polygon","coordinates":[[[72.82420524864524,18.976362005138764],[72.8239728807573,18.976423232318993],[72.82407829686107,18.976805610123364],[72.82430784871653,18.9767659167464],[72.82420524864524,18.976362005138764]]]}},{"type":"Feature","properties":{"layer":"DP_77","label":"Heritage building","confidence":"confirmed","HERITAGE_P":" ","GRADE":"IIB","VILLAGE":" ","VILLAGE_DI":" ","WARD":"F/N","REMARKS":"CHE/33410/DP DT.23.02.2017","TYPE":" ","CREATED_US":" ","CREATED_DA":-2209161600000,"LAST_EDITE":" ","LAST_EDI_1":-2209161600000,"OWNERSHIP":" ","USES":" ","MHCC_NOC":" ","DATE_":" ","NOC_FOR":" ","STRUCTURE":" ","FEATURE":" ","Q":"Y","HER_NUMBER_2":"42/471","HERITAGE_NAME":"ACQWARTH MUNICIPAL HOSPITAL FOR LEPROSY PREMISES"},"geometry":{"type":"Polygon","coordinates":[[[72.85862683541274,19.0203678058363],[72.85860834930415,19.02021059397821],[72.8585346906033,19.020376568986652],[72.85862683541274,19.0203678058363]]]}},{"type":"Feature","properties":{"layer":"DP_77","label":"Heritage building","confidence":"confirmed","HERITAGE_P":"OLD CUFFE PARADE","GRADE":"III","VILLAGE":"COLABA","VILLAGE_DI":"COLABA","WARD":"A","REMARKS":" ","TYPE":"Heritage","CREATED_US":" ","LAST_EDITE":" ","OWNERSHIP":" ","USES":" ","MHCC_NOC":" ","DATE_":" ","NOC_FOR":" ","STRUCTURE":" ","FEATURE":" ","Q":"Y","HER_NUMBER_2":"233/264","HERITAGE_NAME":"SEASIDE BUILDING"},"geometry":{"type":"Polygon","coordinates":[[[72.82270321723995,18.912334326367567],[72.82237431010054,18.912596422154326],[72.82258482362,18.912858882467106],[72.82300416125697,18.912659318940296],[72.82270321723995,18.912334326367567]]]}},{"type":"Feature","properties":{"layer":"DP_77","label":"Heritage building","confidence":"confirmed","HERITAGE_P":" ","GRADE":"IIA","VILLAGE":"MANDVI","VILLAGE_DI":"MANDVI","WARD":"B","REMARKS":" ","TYPE":"Heritage","CREATED_US":" ","LAST_EDITE":" ","OWNERSHIP":" ","USES":" ","MHCC_NOC":" ","DATE_":" ","NOC_FOR":" ","STRUCTURE":" ","FEATURE":" ","Q":"Y","HER_NUMBER_2":"47/130","HERITAGE_NAME":"KHOJA AGA KHAN DAR KHANA"},"geometry":{"type":"Polygon","coordinates":[[[72.83626746815052,18.95523173685179],[72.83622553050506,18.955752069279047],[72.83669096529208,18.955861266998138],[72.83680882065583,18.955297845378823],[72.83626746815052,18.95523173685179]]]}},{"type":"Feature","properties":{"layer":"DP_77","label":"Heritage building","confidence":"confirmed","HERITAGE_P":"MARINE DRIVE PRECINCT","GRADE":"III","VILLAGE":"GIRGAUM","VILLAGE_DI":"GIRGAUM","WARD":"D","REMARKS":" ","TYPE":"Heritage","CREATED_US":" ","LAST_EDITE":" ","OWNERSHIP":" ","USES":" ","MHCC_NOC":" ","DATE_":" ","NOC_FOR":" ","STRUCTURE":" ","FEATURE":" ","Q":"Y","HER_NUMBER_2":"81/460","HERITAGE_NAME":"METRO HOUSE"},"geometry":{"type":"Polygon","coordinates":[[[72.8126277303769,18.956957676210003],[72.81298366574131,18.956777351283343],[72.81278774867836,18.9565238637773],[72.81241015406191,18.956758114062016],[72.8126277303769,18.956957676210003]]]}},{"type":"Feature","properties":{"layer":"DP_77","label":"Heritage building","confidence":"confirmed","HERITAGE_P":" ","GRADE":"IIA","VILLAGE":"MANDVI","VILLAGE_DI":"MANDVI","WARD":"B","REMARKS":" ","TYPE":"Heritage","CREATED_US":" ","LAST_EDITE":" ","OWNERSHIP":" ","USES":" ","MHCC_NOC":" ","DATE_":" ","NOC_FOR":" ","STRUCTURE":" ","FEATURE":" ","Q":"Y","HER_NUMBER_2":"27/108","HERITAGE_NAME":"MUGHAL MASJID"},"geometry":{"type":"Polygon","coordinates":[[[72.83354556572009,18.959315311692265],[72.83384200936435,18.95942051947217],[72.83397801962226,18.958816110078327],[72.83379148410884,18.958770038803557],[72.83354556572009,18.959315311692265]]]}},{"type":"Feature","properties":{"layer":"DP_77","label":"Heritage building","confidence":"confirmed","HERITAGE_P":" ","GRADE":"IIB","VILLAGE":"LOWER PAREL","VILLAGE_DI":"LOWER PAREL","WARD":"G/S","REMARKS":" ","TYPE":"Heritage","CREATED_US":" ","LAST_EDITE":" ","OWNERSHIP":" ","USES":" ","MHCC_NOC":" ","DATE_":" ","NOC_FOR":" ","STRUCTURE":" ","FEATURE":" ","Q":"Y","HER_NUMBER_2":"13/574","HERITAGE_NAME":"DEEPAK CINEMA"},"geometry":{"type":"Polygon","coordinates":[[[72.83065372412636,19.005804174066466],[72.83080567014692,19.005807217899598],[72.83067815757565,19.005515180038987],[72.83038771419514,19.005587231454363],[72.83065372412636,19.005804174066466]]]}},{"type":"Feature","properties":{"layer":"DP_77","label":"Heritage building","confidence":"confirmed","HERITAGE_P":" ","GRADE":"IIA","VILLAGE":"BYCULLA","VILLAGE_DI":"BYCULLA","WARD":"E","REMARKS":" ","TYPE":"Heritage","CREATED_US":" ","LAST_EDITE":" ","OWNERSHIP":" ","USES":" ","MHCC_NOC":" ","DATE_":" ","NOC_FOR":" ","STRUCTURE":" ","FEATURE":" ","Q":"Y","HER_NUMBER_2":"23a/315","HERITAGE_NAME":"SHRI MARIAMMA TEMPLE"},"geometry":{"type":"Polygon","coordinates":[[[72.8278040795215,18.964904882222747],[72.82772483632293,18.964913563479755],[72.8277343826774,18.964990985149118],[72.8278040795215,18.964904882222747]]]}},{"type":"Feature","properties":{"layer":"DP_77","label":"Heritage building","confidence":"confirmed","HERITAGE_P":" ","GRADE":"IIB","VILLAGE":"MANDVI","VILLAGE_DI":"MANDVI","WARD":"B","REMARKS":" ","TYPE":"Heritage","CREATED_US":" ","LAST_EDITE":" ","OWNERSHIP":" ","USES":" ","MHCC_NOC":" ","DATE_":" ","NOC_FOR":" ","STRUCTURE":" ","FEATURE":" ","Q":"Y","HER_NUMBER_2":"276","HERITAGE_NAME":"PYDHONIE POLICE STATION"},"geometry":{"type":"Polygon","coordinates":[[[72.83193723247305,18.954199957318988],[72.83202119541399,18.95433413879852],[72.83211740547776,18.95413585367236],[72.83193723247305,18.954199957318988]]]}},{"type":"Feature","properties":{"layer":"DP_77","label":"Heritage building","confidence":"confirmed","HERITAGE_P":" ","GRADE":"IIA","VILLAGE":"FORT","VILLAGE_DI":"FORT","WARD":"A","REMARKS":" ","TYPE":"Heritage","CREATED_US":" ","LAST_EDITE":" ","OWNERSHIP":" ","USES":" ","MHCC_NOC":" ","DATE_":" ","NOC_FOR":" ","STRUCTURE":" ","FEATURE":" ","Q":"Y","HER_NUMBER_2":"294/64","HERITAGE_NAME":"COX BUILDING"},"geometry":{"type":"Polygon","coordinates":[[[72.83287200494806,18.935658304870174],[72.83323885740842,18.93555504271149],[72.83316635471098,18.9353896457983],[72.83277409802174,18.93542765024082],[72.83287200494806,18.935658304870174]]]}},{"type":"Feature","properties":{"layer":"DP_77","label":"Heritage building","confidence":"confirmed","HERITAGE_P":" ","GRADE":"IIB","VILLAGE":"MAHIM","VILLAGE_DI":"MAHIM","WARD":"G/N","REMARKS":" ","TYPE":"Heritage","CREATED_US":" ","LAST_EDITE":" ","OWNERSHIP":"Trust","USES":"Educational","MHCC_NOC":" ","DATE_":"1858 with susequent additions till the 1990s","NOC_FOR":" ","STRUCTURE":" ","FEATURE":"Vernacular style chartacetrised by gable , however the addition of ancillary structures within the complex have diluted the original character","Q":"Y","HER_NUMBER_2":"6/558","HERITAGE_NAME":"SCOTTISH CHURCH (SCHOOL)  & ORPHANAGE"},"geometry":{"type":"Polygon","coordinates":[[[72.83919063418253,19.034768971798137],[72.8395851916379,19.03471075115975],[72.83942008178167,19.033608913468576],[72.83890345495574,19.033725353629993],[72.83898416008878,19.03479943834554],[72.83919063418253,19.034768971798137]]]}},{"type":"Feature","properties":{"layer":"DP_77","label":"Heritage building","confidence":"confirmed","HERITAGE_P":" ","GRADE":"III","VILLAGE":"MAZAGAON","VILLAGE_DI":"MAZAGAON","WARD":"E","REMARKS":" ","TYPE":"Heritage","CREATED_US":" ","LAST_EDITE":" ","OWNERSHIP":" ","USES":" ","MHCC_NOC":" ","DATE_":" ","NOC_FOR":" ","STRUCTURE":" ","FEATURE":" ","Q":"Y","HER_NUMBER_2":"107/402","HERITAGE_NAME":"HORMUZ BUILDING"},"geometry":{"type":"Polygon","coordinates":[[[72.8353936928964,18.981344764599697],[72.8356527015096,18.9813906795185],[72.83563159127429,18.981185860820872],[72.8353936928964,18.981344764599697]]]}},{"type":"Feature","properties":{"layer":"DP_77","label":"Heritage building","confidence":"confirmed","HERITAGE_P":" ","GRADE":"IIB","VILLAGE":"LOWER PAREL","VILLAGE_DI":"LOWER PAREL","WARD":"G/S","REMARKS":" ","TYPE":"Heritage","CREATED_US":" ","LAST_EDITE":" ","OWNERSHIP":" ","USES":" ","MHCC_NOC":" ","DATE_":" ","NOC_FOR":" ","STRUCTURE":" ","FEATURE":" ","Q":"Y","HER_NUMBER_2":"7/568","HERITAGE_NAME":"DHOBI GHAT, MAHALAXMI"},"geometry":{"type":"Polygon","coordinates":[[[72.82563826717553,18.982900122008157],[72.82590170658143,18.982401237278864],[72.8246523381282,18.982187799629205],[72.82514444349727,18.983616317828123],[72.82563826717553,18.982900122008157]]]}},{"type":"Feature","properties":{"layer":"DP_77","label":"Heritage building","confidence":"confirmed","HERITAGE_P":"9999","GRADE":"IIB","VILLAGE":"MAZAGAON","VILLAGE_DI":"MAZAGAON","WARD":"E","REMARKS":" ","TYPE":"Heritage","CREATED_US":" ","LAST_EDITE":" ","OWNERSHIP":" ","USES":" ","MHCC_NOC":" ","DATE_":" ","NOC_FOR":" ","STRUCTURE":" ","FEATURE":" ","Q":"Y","HER_NUMBER_2":"532","HERITAGE_NAME":"REGINA FRANCIS RELIGIOUS OF IMACULATE MARY"},"geometry":{"type":"Polygon","coordinates":[[[72.83400880933426,18.974253577589366],[72.83540408322084,18.97465193153953],[72.83548375368925,18.973894782908094],[72.83459207964911,18.97363193122856],[72.83400880933426,18.974253577589366]]]}},{"type":"Feature","properties":{"layer":"DP_77","label":"Heritage building","confidence":"confirmed","HERITAGE_P":" ","GRADE":"III","VILLAGE":"BANDRA-C","VILLAGE_DI":"BANDRA-C","WARD":"H/W","REMARKS":" ","TYPE":"Heritage","CREATED_US":" ","LAST_EDITE":" ","OWNERSHIP":" ","USES":" ","MHCC_NOC":" ","DATE_":" ","NOC_FOR":" ","STRUCTURE":" ","FEATURE":" ","Q":"Y","HER_NUMBER_2":"33/045","HERITAGE_NAME":"GREY VILLA"},"geometry":{"type":"Polygon","coordinates":[[[72.82764627930882,19.059087467476147],[72.8277764596833,19.058959100058942],[72.82743004474348,19.058874326331587],[72.82764627930882,19.059087467476147]]]}},{"type":"Feature","properties":{"layer":"DP_77","label":"Heritage building","confidence":"confirmed","HERITAGE_P":"BALLARD PIER","GRADE":"IIA","VILLAGE":"FORT","VILLAGE_DI":"FORT","WARD":"A","REMARKS":" ","TYPE":"Heritage","CREATED_US":" ","LAST_EDITE":" ","OWNERSHIP":" ","USES":" ","MHCC_NOC":" ","DATE_":" ","NOC_FOR":" ","STRUCTURE":" ","FEATURE":" ","Q":"Y","HER_NUMBER_2":"123/141(4)","HERITAGE_NAME":"BUILDINGS OF BALLARD ESTATE, NAMELY 4) SAPT BUILDING"},"geometry":{"type":"Polygon","coordinates":[[[72.84008020604443,18.935580883760153],[72.84030447733649,18.93551937283244],[72.84006445591777,18.93545340776654],[72.84008020604443,18.935580883760153]]]}},{"type":"Feature","properties":{"layer":"DP_77","label":"Heritage building","confidence":"confirmed","HERITAGE_P":" ","GRADE":"III","VILLAGE":"BANDRA-C","VILLAGE_DI":"BANDRA-C","WARD":"H/W","REMARKS":" ","TYPE":"Heritage","CREATED_US":" ","LAST_EDITE":" ","OWNERSHIP":" ","USES":" ","MHCC_NOC":" ","DATE_":" ","NOC_FOR":" ","STRUCTURE":" ","FEATURE":" ","Q":"Y","HER_NUMBER_2":"582","HERITAGE_NAME":"TORRIFIEL"},"geometry":{"type":"Polygon","coordinates":[[[72.8224622998924,19.05945394815084],[72.8220608606524,19.0595645597725],[72.82256762405035,19.059597003964008],[72.8224622998924,19.05945394815084]]]}},{"type":"Feature","properties":{"layer":"DP_77","label":"Heritage building","confidence":"confirmed","HERITAGE_P":"9999","GRADE":"III","VILLAGE":"BYCULLA","VILLAGE_DI":"BYCULLA","WARD":"E","REMARKS":" ","TYPE":"Heritage","CREATED_US":" ","LAST_EDITE":" ","OWNERSHIP":" ","USES":" ","MHCC_NOC":" ","DATE_":" ","NOC_FOR":" ","STRUCTURE":" ","FEATURE":" ","Q":"Y","HER_NUMBER_2":"526","HERITAGE_NAME":"BOMBAY CENTRAL RAILWAY STATION"},"geometry":{"type":"Polygon","coordinates":[[[72.82078998105618,18.969309312507086],[72.820653174263,18.968916995152536],[72.8188212135552,18.969037411739837],[72.81947973210102,18.97073453731781],[72.82044699427452,18.970795300817173],[72.8211716292432,18.970438933938834],[72.82078998105618,18.969309312507086]]]}},{"type":"Feature","properties":{"layer":"DP_77","label":"Heritage building","confidence":"confirmed","HERITAGE_P":" ","GRADE":"IIA","VILLAGE":"BYCULLA","VILLAGE_DI":"BYCULLA","WARD":"E","REMARKS":" ","TYPE":"Heritage","CREATED_US":" ","LAST_EDITE":" ","OWNERSHIP":" ","USES":" ","MHCC_NOC":" ","DATE_":" ","NOC_FOR":" ","STRUCTURE":" ","FEATURE":" ","Q":"Y","HER_NUMBER_2":"6060/351","HERITAGE_NAME":"SAINT IGNATIUS CHURCH"},"geometry":{"type":"Polygon","coordinates":[[[72.82878633109993,18.98241165994999],[72.82788853981326,18.982140231470012],[72.8284134327349,18.98275841433253],[72.82878633109993,18.98241165994999]]]}},{"type":"Feature","properties":{"layer":"DP_77","label":"Heritage building","confidence":"confirmed","HERITAGE_P":"CANTONMENT","GRADE":"III","VILLAGE":"COLABA","VILLAGE_DI":"COLABA","WARD":"A","REMARKS":" ","TYPE":"Heritage","CREATED_US":" ","LAST_EDITE":" ","OWNERSHIP":" ","USES":" ","MHCC_NOC":" ","DATE_":" ","NOC_FOR":" ","STRUCTURE":" ","FEATURE":" ","Q":"Y","HER_NUMBER_2":"20/22","HERITAGE_NAME":"GROUP OF MILITARY BUILDINGS OPP.INHS ASHIWINI."},"geometry":{"type":"Polygon","coordinates":[[[72.81409655705022,18.902311311174312],[72.81400049140042,18.90178052718634],[72.81270362874295,18.902131732282434],[72.81310866360099,18.90308647255974],[72.81281493629574,18.903144255274647],[72.81287195569685,18.905442959081277],[72.8140898504249,18.90555139164797],[72.81395643021195,18.904810854020845],[72.81443501938033,18.904555899727768],[72.81429394359475,18.90361940669986],[72.81460706852512,18.90336663210313],[72.81409655705022,18.902311311174312]]]}},{"type":"Feature","properties":{"layer":"DP_77","label":"Heritage building","confidence":"confirmed","HERITAGE_P":" ","GRADE":"IIB","VILLAGE":"WORLI","VILLAGE_DI":"WORLI","WARD":"G/S","REMARKS":" ","TYPE":"Heritage","CREATED_US":" ","LAST_EDITE":" ","OWNERSHIP":" ","USES":" ","MHCC_NOC":" ","DATE_":" ","NOC_FOR":" ","STRUCTURE":" ","FEATURE":" ","Q":"Y","HER_NUMBER_2":"16/578","HERITAGE_NAME":"NILKANTHESHWAR TEMPLE COMPLEX"},"geometry":{"type":"Polygon","coordinates":[[[72.8161951165781,19.00031296501319],[72.81601407711317,19.00055007197383],[72.81632836965204,19.000418223348333],[72.8161951165781,19.00031296501319]]]}},{"type":"Feature","properties":{"layer":"DP_77","label":"Heritage building","confidence":"confirmed","HERITAGE_P":" ","GRADE":"III","VILLAGE":"BYCULLA","VILLAGE_DI":"BYCULLA","WARD":"E","REMARKS":" ","TYPE":"Heritage","CREATED_US":" ","LAST_EDITE":" ","OWNERSHIP":" ","USES":" ","MHCC_NOC":" ","DATE_":" ","NOC_FOR":" ","STRUCTURE":" ","FEATURE":" ","Q":"Y","HER_NUMBER_2":"50/341","HERITAGE_NAME":"MISSIONARY SETTLEMENT FOR UNIVERSITY WOMEN"},"geometry":{"type":"Polygon","coordinates":[[[72.8249437454919,18.973131426438574],[72.82510472486226,18.972960630658896],[72.82441219323329,18.972512755849927],[72.82427237865554,18.97272417427357],[72.8249437454919,18.973131426438574]]]}},{"type":"Feature","properties":{"layer":"DP_77","label":"Heritage building","confidence":"confirmed","HERITAGE_P":" ","GRADE":"III","VILLAGE":"MALAD-W","VILLAGE_DI":"MALAD-W","WARD":"P/N","REMARKS":" ","TYPE":"Heritage","CREATED_US":" ","LAST_EDITE":" ","OWNERSHIP":" ","USES":" ","MHCC_NOC":" ","DATE_":" ","NOC_FOR":" ","STRUCTURE":" ","FEATURE":" ","Q":"Y","HER_NUMBER_2":"147/183","HERITAGE_NAME":"SATGHAR HOUSE"},"geometry":{"type":"Polygon","coordinates":[[[72.84697597011977,19.183909649059878],[72.84745172522915,19.183805155022956],[72.84685641470374,19.18375100935751],[72.84697597011977,19.183909649059878]]]}},{"type":"Feature","properties":{"layer":"DP_77","label":"Heritage building","confidence":"confirmed","HERITAGE_P":" ","GRADE":"III","VILLAGE":"MAZGAON","VILLAGE_DI":"MAZGAON","WARD":"E","REMARKS":" ","TYPE":" ","CREATED_US":" ","LAST_EDITE":" ","OWNERSHIP":" ","USES":" ","MHCC_NOC":" ","DATE_":" ","NOC_FOR":" ","STRUCTURE":" ","FEATURE":" ","Q":"Y","HER_NUMBER_2":"67/358","HERITAGE_NAME":"PINE MANSION"},"geometry":{"type":"Polygon","coordinates":[[[72.84411374051533,18.965233108559246],[72.84435085992025,18.965392295787222],[72.84444114765236,18.965213100257515],[72.84411374051533,18.965233108559246]]]}},{"type":"Feature","properties":{"layer":"DP_77","label":"Heritage building","confidence":"confirmed","HERITAGE_P":" ","GRADE":"III","VILLAGE":"BHULESHWAR","VILLAGE_DI":"BHULESHWAR","WARD":"C","REMARKS":" ","TYPE":"Heritage","CREATED_US":" ","LAST_EDITE":" ","OWNERSHIP":" ","USES":" ","MHCC_NOC":" ","DATE_":" ","NOC_FOR":" ","STRUCTURE":" ","FEATURE":" ","Q":"Y","HER_NUMBER_2":"310","HERITAGE_NAME":"BHIWANDIWALLA TERRACE"},"geometry":{"type":"Polygon","coordinates":[[[72.82779556525065,18.944973070406427],[72.82805940742622,18.944899901566735],[72.82794410358251,18.944704734006606],[72.82744309290158,18.944616397476985],[72.82779556525065,18.944973070406427]]]}},{"type":"Feature","properties":{"layer":"DP_77","label":"Heritage building","confidence":"confirmed","HERITAGE_P":" ","GRADE":"IIB","VILLAGE":"PAREL-SHIVEDI","VILLAGE_DI":"PAREL-SHIVEDI","WARD":"F/S","REMARKS":" ","TYPE":" ","CREATED_US":" ","LAST_EDITE":" ","OWNERSHIP":" ","USES":" ","MHCC_NOC":" ","DATE_":" ","NOC_FOR":" ","STRUCTURE":" ","FEATURE":" ","Q":"Y","HER_NUMBER_2":"5/542i&5/542ii","HERITAGE_NAME":"i) BAI SAKARBAI PETIT ANIMAL HOSPITAL ii) VETENIARY COLLAGE"},"geometry":{"type":"Polygon","coordinates":[[[72.84478624874374,18.998934181957598],[72.84613827119027,18.998872083168624],[72.84577033552837,18.997776035618152],[72.84524441654484,18.99785613338185],[72.84506824859577,18.99746074099098],[72.84436106729764,18.997614206123437],[72.84405762045004,18.99722978811122],[72.84255507538546,18.99758469459507],[72.84329655793883,18.999508685712808],[72.84478624874374,18.998934181957598]]]}},{"type":"Feature","properties":{"layer":"DP_77","label":"Heritage building","confidence":"confirmed","HERITAGE_P":" ","GRADE":"III","VILLAGE":"BANDRA-E","VILLAGE_DI":"BANDRA-E","WARD":"H/W","REMARKS":" ","TYPE":"Heritage","CREATED_US":" ","LAST_EDITE":" ","OWNERSHIP":" ","USES":" ","MHCC_NOC":" ","DATE_":" ","NOC_FOR":" ","STRUCTURE":" ","FEATURE":" ","Q":"Y","HER_NUMBER_2":"92/113","HERITAGE_NAME":"PARMESHWARI BHAVAN"},"geometry":{"type":"Polygon","coordinates":[[[72.83362937589406,19.073536335973515],[72.83406669697695,19.073517638675224],[72.83406031767629,19.073348235009483],[72.83362937589406,19.073536335973515]]]}},{"type":"Feature","properties":{"layer":"DP_77","label":"Heritage building","confidence":"confirmed","HERITAGE_P":" ","GRADE":"III","VILLAGE":" ","VILLAGE_DI":" ","WARD":"A","REMARKS":" ","TYPE":" ","CREATED_US":" ","CREATED_DA":-2209161600000,"LAST_EDITE":" ","LAST_EDI_1":-2209161600000,"OWNERSHIP":" ","USES":" ","MHCC_NOC":" ","DATE_":" ","NOC_FOR":" ","STRUCTURE":" ","FEATURE":" ","Q":"Y","HER_NUMBER_2":"19/21(xiii & xvii)","HERITAGE_NAME":"INHS ASHWINI  xiii) & xvii) P-13- SCHOOL OF MEDICAL ASSISTANTS"},"geometry":{"type":"Polygon","coordinates":[[[72.81580826277855,18.903684287218407],[72.81597640162958,18.903695113757347],[72.81563125412688,18.90317548802705],[72.81564166126955,18.903766663878386],[72.81580826277855,18.903684287218407]]]}},{"type":"Feature","properties":{"layer":"DP_77","label":"Heritage building","confidence":"confirmed","HERITAGE_P":" ","GRADE":" ","VILLAGE":"ANDHERI","VILLAGE_DI":"ANDHERI","WARD":"K/W","REMARKS":" ","TYPE":"Heritage","CREATED_US":" ","LAST_EDITE":" ","OWNERSHIP":" ","USES":" ","MHCC_NOC":" ","DATE_":" ","NOC_FOR":" ","STRUCTURE":" ","FEATURE":" ","Q":"Y","HER_NUMBER_2":" ","HERITAGE_NAME":" "},"geometry":{"type":"Polygon","coordinates":[[[72.84038915526595,19.1259022425763],[72.84037688039629,19.12586867279749],[72.8403576411802,19.125874619655],[72.84038915526595,19.1259022425763]]]}},{"type":"Feature","properties":{"layer":"DP_77","label":"Heritage building","confidence":"confirmed","HERITAGE_P":" ","GRADE":"IIA","VILLAGE":"BANDRA-B","VILLAGE_DI":"BANDRA-B","WARD":"H/W","REMARKS":" ","TYPE":"Heritage","CREATED_US":" ","LAST_EDITE":" ","OWNERSHIP":" ","USES":" ","MHCC_NOC":" ","DATE_":" ","NOC_FOR":" ","STRUCTURE":" ","FEATURE":" ","Q":"Y","HER_NUMBER_2":"610","HERITAGE_NAME":"ST. STANISIAUS SCHOOL"},"geometry":{"type":"Polygon","coordinates":[[[72.82948258116045,19.054090058432056],[72.8287563220608,19.0541108766777],[72.82892093075046,19.054722090919213],[72.83067926437164,19.055173451631926],[72.83063824063508,19.054129946493866],[72.82948258116045,19.054090058432056]]]}},{"type":"Feature","properties":{"layer":"DP_77","label":"Heritage building","confidence":"confirmed","HERITAGE_P":" ","GRADE":"IIA","VILLAGE":"MANDVI","VILLAGE_DI":"MANDVI","WARD":"B","REMARKS":" ","TYPE":"Heritage","CREATED_US":" ","LAST_EDITE":" ","OWNERSHIP":" ","USES":" ","MHCC_NOC":" ","DATE_":" ","NOC_FOR":" ","STRUCTURE":" ","FEATURE":" ","Q":"Y","HER_NUMBER_2":"26/107","HERITAGE_NAME":"BABULLA TANK MAIDAN"},"geometry":{"type":"Polygon","coordinates":[[[72.8337151298255,18.960646077808022],[72.83385483745289,18.960228310010347],[72.83330358238767,18.96005700681795],[72.83335283701635,18.960570906968925],[72.8337151298255,18.960646077808022]]]}},{"type":"Feature","properties":{"layer":"DP_77","label":"Heritage building","confidence":"confirmed","HERITAGE_P":" ","GRADE":"IIA","VILLAGE":" ","VILLAGE_DI":" ","WARD":"F/S","REMARKS":"AS PER NEW AGIARY  LIST AT SR. NO. 39","TYPE":" ","CREATED_US":" ","CREATED_DA":-2209161600000,"LAST_EDITE":" ","LAST_EDI_1":-2209161600000,"OWNERSHIP":" ","USES":" ","MHCC_NOC":" ","DATE_":" ","NOC_FOR":" ","STRUCTURE":" ","FEATURE":" ","Q":"Y","HER_NUMBER_2":" ","HERITAGE_NAME":"SETH DADABHOY AND SETH RUSTOMJI NASERWANJI PESTONJI WADIA AGIARY ( ADARIAN)"},"geometry":{"type":"Polygon","coordinates":[[[72.83696686510983,18.992672176104826],[72.8370825614331,18.99283013585417],[72.83758859247868,18.992551475804134],[72.83746582183748,18.992319493797016],[72.83678502331297,18.99229678095534],[72.83696686510983,18.992672176104826]]]}},{"type":"Feature","properties":{"layer":"DP_77","label":"Heritage building","confidence":"confirmed","HERITAGE_P":"GATEWAY","GRADE":"III","VILLAGE":"COLABA","VILLAGE_DI":"COLABA","WARD":"A","REMARKS":" ","TYPE":"Heritage","CREATED_US":" ","LAST_EDITE":" ","OWNERSHIP":" ","USES":" ","MHCC_NOC":" ","DATE_":" ","NOC_FOR":" ","STRUCTURE":" ","FEATURE":" ","Q":"Y","HER_NUMBER_2":"163/185(b)","HERITAGE_NAME":"BUILDINGS ON SHREE BOMAN CAWASJI BOMAN BEHRAM MARG (FORMERLY KNOWN AS MEREWEATHER ROAD) WITH SPECIAL FOCUS ON b) AAMER HOUSE"},"geometry":{"type":"Polygon","coordinates":[[[72.8319569381433,18.92036068346417],[72.83232912124576,18.920395021168453],[72.8322595485135,18.920241924847574],[72.8319569381433,18.92036068346417]]]}},{"type":"Feature","properties":{"layer":"DP_77","label":"Heritage building","confidence":"confirmed","HERITAGE_P":" ","GRADE":"IIB","VILLAGE":"BHULESHWAR","VILLAGE_DI":"BHULESHWAR","WARD":"C","REMARKS":" ","TYPE":"Heritage","CREATED_US":" ","LAST_EDITE":" ","OWNERSHIP":" ","USES":" ","MHCC_NOC":" ","DATE_":" ","NOC_FOR":" ","STRUCTURE":" ","FEATURE":" ","Q":"Y","HER_NUMBER_2":"355","HERITAGE_NAME":"GOPAL NIWAS BUILDING"},"geometry":{"type":"Polygon","coordinates":[[[72.82994480782186,18.946519390674244],[72.82978577372702,18.946477331986607],[72.82999544312382,18.94676790813975],[72.82994480782186,18.946519390674244]]]}},{"type":"Feature","properties":{"layer":"DP_77","label":"Heritage building","confidence":"confirmed","HERITAGE_P":" ","GRADE":"IIB","VILLAGE":"MATUNGA","VILLAGE_DI":"MATUNGA","WARD":"F/N","REMARKS":" ","TYPE":"Heritage","CREATED_US":" ","LAST_EDITE":" ","OWNERSHIP":" ","USES":" ","MHCC_NOC":" ","DATE_":" ","NOC_FOR":" ","STRUCTURE":" ","FEATURE":" ","Q":"Y","HER_NUMBER_2":"10/432","HERITAGE_NAME":"720-d, BOMBAY ELECTRIC SUPPLY & TRANSPORT WORKSHOP"},"geometry":{"type":"Polygon","coordinates":[[[72.84947817498978,19.014522465343067],[72.8490718642936,19.01448603497934],[72.84893519771515,19.014752072721347],[72.84916190434292,19.01487314443052],[72.8487308796852,19.015165859717445],[72.84833024152353,19.015058266924477],[72.8477773659106,19.015847067518038],[72.84873469136298,19.017107922623495],[72.85101359147619,19.015713816648997],[72.85013685860646,19.01420033160765],[72.84947817498978,19.014522465343067]]]}},{"type":"Feature","properties":{"layer":"DP_77","label":"Heritage building","confidence":"confirmed","HERITAGE_P":" ","GRADE":"III","VILLAGE":"BANDRA-C","VILLAGE_DI":"BANDRA-C","WARD":"H/W","REMARKS":" ","TYPE":"Heritage","CREATED_US":" ","LAST_EDITE":" ","OWNERSHIP":" ","USES":" ","MHCC_NOC":" ","DATE_":" ","NOC_FOR":" ","STRUCTURE":" ","FEATURE":" ","Q":"Y","HER_NUMBER_2":"44/058","HERITAGE_NAME":"PERERA HOUSE"},"geometry":{"type":"Polygon","coordinates":[[[72.82607430771233,19.05754955926459],[72.82622769891108,19.05725589212277],[72.82606152807678,19.05724579455278],[72.82607430771233,19.05754955926459]]]}},{"type":"Feature","properties":{"layer":"DP_77","label":"Heritage building","confidence":"confirmed","HERITAGE_P":" ","GRADE":"III","VILLAGE":"KURLA - 2","VILLAGE_DI":"KURLA - 2","WARD":"L","REMARKS":" ","TYPE":"Heritage","CREATED_US":" ","LAST_EDITE":" ","OWNERSHIP":" ","USES":" ","MHCC_NOC":" ","DATE_":" ","NOC_FOR":" ","STRUCTURE":" ","FEATURE":" ","Q":"Y","HER_NUMBER_2":"01/01","HERITAGE_NAME":"REPORTER HOUSE"},"geometry":{"type":"Polygon","coordinates":[[[72.88702248855056,19.084569730068438],[72.88714381605715,19.084548752859266],[72.8871312216492,19.08447342440977],[72.88702248855056,19.084569730068438]]]}},{"type":"Feature","properties":{"layer":"DP_77","label":"Heritage building","confidence":"confirmed","HERITAGE_P":" ","GRADE":"III","VILLAGE":"BANDRA-C","VILLAGE_DI":"BANDRA-C","WARD":"H/W","REMARKS":" ","TYPE":"Heritage","CREATED_US":" ","LAST_EDITE":" ","OWNERSHIP":" ","USES":" ","MHCC_NOC":" ","DATE_":" ","NOC_FOR":" ","STRUCTURE":" ","FEATURE":" ","Q":"Y","HER_NUMBER_2":"69/86","HERITAGE_NAME":"HATFIELD HOUSE"},"geometry":{"type":"MultiPolygon","coordinates":[[[[72.82793356572826,19.064018589854573],[72.82832921298848,19.0640382980011],[72.82807825700947,19.063846087397142],[72.82793356572826,19.064018589854573]]],[[[72.82830845436342,19.06412153985606],[72.82814012867924,19.06416437381628],[72.8283587711361,19.06417228440462],[72.82830845436342,19.06412153985606]]]]}},{"type":"Feature","properties":{"layer":"DP_77","label":"Heritage building","confidence":"confirmed","HERITAGE_P":"FOUNTAIN","GRADE":"IIA","VILLAGE":"FORT","VILLAGE_DI":"FORT","WARD":"A","REMARKS":" ","TYPE":"Heritage","CREATED_US":" ","LAST_EDITE":" ","OWNERSHIP":" ","USES":" ","MHCC_NOC":" ","DATE_":" ","NOC_FOR":" ","STRUCTURE":" ","FEATURE":" ","Q":"Y","HER_NUMBER_2":"72/83","HERITAGE_NAME":"BANK OF BARODA BLDG."},"geometry":{"type":"Polygon","coordinates":[[[72.83366425095629,18.931601386543804],[72.8339624291028,18.931668325595506],[72.83401949230051,18.931470787342587],[72.83366425095629,18.931601386543804]]]}},{"type":"Feature","properties":{"layer":"DP_77","label":"Heritage building","confidence":"confirmed","HERITAGE_P":" ","GRADE":"IIB","VILLAGE":" ","VILLAGE_DI":" ","WARD":"A","REMARKS":" ","TYPE":" ","CREATED_US":" ","CREATED_DA":-2209161600000,"LAST_EDITE":" ","LAST_EDI_1":-2209161600000,"OWNERSHIP":" ","USES":" ","MHCC_NOC":" ","DATE_":" ","NOC_FOR":" ","STRUCTURE":" ","FEATURE":" ","Q":"Y","HER_NUMBER_2":"269/38","HERITAGE_NAME":"SORABJEE SHAPURJEE BENGALEE STATUE "},"geometry":{"type":"Polygon","coordinates":[[[72.8294264029357,18.92650564006157],[72.82949059358279,18.926519544306725],[72.82946454133572,18.92647286071966],[72.8294264029357,18.92650564006157]]]}},{"type":"Feature","properties":{"layer":"DP_77","label":"Heritage building","confidence":"confirmed","HERITAGE_P":" ","GRADE":"IIA","VILLAGE":"MANDVI","VILLAGE_DI":"MANDVI","WARD":"B","REMARKS":" ","TYPE":"Heritage","CREATED_US":" ","LAST_EDITE":" ","OWNERSHIP":" ","USES":" ","MHCC_NOC":" ","DATE_":" ","NOC_FOR":" ","STRUCTURE":" ","FEATURE":" ","Q":"Y","HER_NUMBER_2":"265","HERITAGE_NAME":"SHAAR RASON SYNAGOGUE"},"geometry":{"type":"Polygon","coordinates":[[[72.83618037969028,18.95485705610782],[72.83626571660909,18.95472868935977],[72.83610732700505,18.954684047772428],[72.83618037969028,18.95485705610782]]]}},{"type":"Feature","properties":{"layer":"DP_77","label":"Heritage building","confidence":"confirmed","HERITAGE_P":" ","GRADE":"III","VILLAGE":" ","VILLAGE_DI":" ","WARD":"A","REMARKS":" ","TYPE":" ","CREATED_US":" ","CREATED_DA":-2209161600000,"LAST_EDITE":" ","LAST_EDI_1":-2209161600000,"OWNERSHIP":" ","USES":" ","MHCC_NOC":" ","DATE_":" ","NOC_FOR":" ","STRUCTURE":" ","FEATURE":" ","Q":"Y","HER_NUMBER_2":"132/152","HERITAGE_NAME":"ST. ANNE'S GIRL HIGH SCHOOL ( ST. ANNE'S SCHOOL)"},"geometry":{"type":"Polygon","coordinates":[[[72.83119138017867,18.925450162246523],[72.83144134023965,18.92542128999835],[72.83150747515981,18.925101092639657],[72.8311553882406,18.925053866529055],[72.83119138017867,18.925450162246523]]]}},{"type":"Feature","properties":{"layer":"DP_77","label":"Heritage building","confidence":"confirmed","HERITAGE_P":"9999","GRADE":"IIB","VILLAGE":"BYCULLA, MAZAGAON","VILLAGE_DI":"BYCULLA, MAZAGAON","WARD":"E","REMARKS":" ","TYPE":"Heritage","CREATED_US":" ","LAST_EDITE":" ","OWNERSHIP":" ","USES":" ","MHCC_NOC":" ","DATE_":" ","NOC_FOR":" ","STRUCTURE":" ","FEATURE":" ","Q":"Y","HER_NUMBER_2":"529","HERITAGE_NAME":"RAILWAY HOSPITAL"},"geometry":{"type":"Polygon","coordinates":[[[72.83303443187062,18.979625229558618],[72.83319367265172,18.980774286953864],[72.83410382955833,18.98052470523057],[72.83388664437396,18.979476677716068],[72.83303443187062,18.979625229558618]]]}},{"type":"Feature","properties":{"layer":"DP_77","label":"Heritage building","confidence":"confirmed","HERITAGE_P":" ","GRADE":"III","VILLAGE":"BANDRA-B","VILLAGE_DI":"BANDRA-B","WARD":"H/W","REMARKS":" ","TYPE":" ","CREATED_US":" ","LAST_EDITE":" ","OWNERSHIP":" ","USES":" ","MHCC_NOC":" ","DATE_":" ","NOC_FOR":" ","STRUCTURE":" ","FEATURE":" ","Q":"Y","HER_NUMBER_2":"614","HERITAGE_NAME":"VILLA'S ON ST.ROQUE ROAD (WEST VIEW)"},"geometry":{"type":"Polygon","coordinates":[[[72.82630066924577,19.052237305734266],[72.82614834194354,19.051818420712475],[72.82600456694277,19.05189418646607],[72.82587662905145,19.052563388465906],[72.82667499851622,19.05270958125091],[72.82630066924577,19.052237305734266]]]}},{"type":"Feature","properties":{"layer":"DP_77","label":"Heritage building","confidence":"confirmed","HERITAGE_P":" ","GRADE":"III","VILLAGE":"FORT","VILLAGE_DI":"FORT","WARD":"A","REMARKS":" ","TYPE":"Heritage","CREATED_US":" ","LAST_EDITE":" ","OWNERSHIP":" ","USES":" ","MHCC_NOC":" ","DATE_":" ","NOC_FOR":" ","STRUCTURE":" ","FEATURE":" ","Q":"Y","HER_NUMBER_2":"274/43","HERITAGE_NAME":"WINDSOR HOUSE"},"geometry":{"type":"Polygon","coordinates":[[[72.82775309784127,18.930337667769162],[72.82809428152947,18.93033429762355],[72.82809490786344,18.930117809048266],[72.82774961563932,18.930088806185903],[72.82775309784127,18.930337667769162]]]}},{"type":"Feature","properties":{"layer":"DP_77","label":"Heritage building","confidence":"confirmed","HERITAGE_P":"BALLARD PIER","GRADE":"IIA","VILLAGE":"FORT","VILLAGE_DI":"FORT","WARD":"A","REMARKS":" ","TYPE":"Heritage","CREATED_US":" ","LAST_EDITE":" ","OWNERSHIP":" ","USES":" ","MHCC_NOC":" ","DATE_":" ","NOC_FOR":" ","STRUCTURE":" ","FEATURE":" ","Q":"Y","HER_NUMBER_2":"193/220(a)","HERITAGE_NAME":"a) MARSHALL'S BUILDING"},"geometry":{"type":"Polygon","coordinates":[[[72.8372065149334,18.934743619838514],[72.8374504384915,18.9347502055187],[72.83741064786756,18.93458033901484],[72.8372065149334,18.934743619838514]]]}},{"type":"Feature","properties":{"layer":"DP_77","label":"Heritage building","confidence":"confirmed","HERITAGE_P":"NA","GRADE":"III","VILLAGE":"MAHIM","VILLAGE_DI":"MAHIM","WARD":"G/N","REMARKS":" ","TYPE":"Heritage","CREATED_US":" ","LAST_EDITE":" ","OWNERSHIP":" ","USES":" ","MHCC_NOC":" ","DATE_":" ","NOC_FOR":" ","STRUCTURE":" ","FEATURE":" ","Q":"Y","HER_NUMBER_2":"1/544","HERITAGE_NAME":"PYAU FOR ANIMALS / ANAND VITTHAL PYAAU"},"geometry":{"type":"Polygon","coordinates":[[[72.8403806952601,19.019787089421712],[72.84042180586005,19.01982934200348],[72.84038312035224,19.019733616912205],[72.8403806952601,19.019787089421712]]]}},{"type":"Feature","properties":{"layer":"DP_77","label":"Heritage building","confidence":"confirmed","HERITAGE_P":"BALLARD PIER","GRADE":"IIA","VILLAGE":"FORT","VILLAGE_DI":"FORT","WARD":"A","REMARKS":" ","TYPE":"Heritage","CREATED_US":" ","LAST_EDITE":" ","OWNERSHIP":" ","USES":" ","MHCC_NOC":" ","DATE_":" ","NOC_FOR":" ","STRUCTURE":" ","FEATURE":" ","Q":"Y","HER_NUMBER_2":"169/193(e)","HERITAGE_NAME":"e) NEW HIND HOUSE ( J & K BUILDING)"},"geometry":{"type":"Polygon","coordinates":[[[72.84132203955393,18.934293517907932],[72.84136308157993,18.93452304560409],[72.84145694251731,18.9344114620014],[72.84132203955393,18.934293517907932]]]}},{"type":"Feature","properties":{"layer":"DP_77","label":"Heritage building","confidence":"confirmed","HERITAGE_P":" ","GRADE":"III","VILLAGE":"BANDRA-H","VILLAGE_DI":"BANDRA-H","WARD":"H/W","REMARKS":" ","TYPE":"Heritage","CREATED_US":" ","LAST_EDITE":" ","OWNERSHIP":" ","USES":" ","MHCC_NOC":" ","DATE_":" ","NOC_FOR":" ","STRUCTURE":" ","FEATURE":" ","Q":"Y","HER_NUMBER_2":"104/125","HERITAGE_NAME":"FERN MANSION"},"geometry":{"type":"Polygon","coordinates":[[[72.8399260192627,19.075274110983354],[72.83976456004225,19.075513827864583],[72.83999831687825,19.075496970623927],[72.8399260192627,19.075274110983354]]]}},{"type":"Feature","properties":{"layer":"DP_77","label":"Heritage building","confidence":"confirmed","HERITAGE_P":" ","GRADE":"III","VILLAGE":"DAHISAR","VILLAGE_DI":"DAHISAR","WARD":"R","REMARKS":" ","TYPE":"Heritage","CREATED_US":" ","LAST_EDITE":" ","OWNERSHIP":" ","USES":" ","MHCC_NOC":" ","DATE_":" ","NOC_FOR":" ","STRUCTURE":" ","FEATURE":" ","Q":"Y","HER_NUMBER_2":"186/234","HERITAGE_NAME":"TRIMURTI BUNGLOW"},"geometry":{"type":"Polygon","coordinates":[[[72.85988189862746,19.244193688485804],[72.85965108979751,19.244217512092515],[72.85968652675044,19.245136055457884],[72.86021654654348,19.24484168754368],[72.86011141366178,19.244291203525318],[72.85988189862746,19.244193688485804]]]}},{"type":"Feature","properties":{"layer":"DP_77","label":"Heritage building","confidence":"confirmed","HERITAGE_P":"MAJESTIC","GRADE":"III","VILLAGE":"COLABA","VILLAGE_DI":"COLABA","WARD":"A","REMARKS":" ","TYPE":"Heritage","CREATED_US":" ","LAST_EDITE":" ","OWNERSHIP":" ","USES":" ","MHCC_NOC":" ","DATE_":" ","NOC_FOR":" ","STRUCTURE":" ","FEATURE":" ","Q":"Y","HER_NUMBER_2":"174/199","HERITAGE_NAME":"ARCH BISHOP'S HOUSE"},"geometry":{"type":"Polygon","coordinates":[[[72.83016102788947,18.923391711266863],[72.8304437291267,18.923058488883935],[72.83029135765689,18.92294151533775],[72.82997527734388,18.923219866956],[72.83016102788947,18.923391711266863]]]}},{"type":"Feature","properties":{"layer":"DP_77","label":"Heritage building","confidence":"confirmed","HERITAGE_P":" ","GRADE":"IIB","VILLAGE":"BHULESHWAR","VILLAGE_DI":"BHULESHWAR","WARD":"C","REMARKS":" ","TYPE":"Heritage","CREATED_US":" ","LAST_EDITE":" ","OWNERSHIP":" ","USES":" ","MHCC_NOC":" ","DATE_":" ","NOC_FOR":" ","STRUCTURE":" ","FEATURE":" ","Q":"Y","HER_NUMBER_2":"307","HERITAGE_NAME":"JER MAHAL"},"geometry":{"type":"Polygon","coordinates":[[[72.82918640937308,18.944510713276436],[72.82924430881116,18.94408748291902],[72.82891638971411,18.943855539385645],[72.82868554800079,18.94415903052788],[72.8291125521012,18.944334402148154],[72.82915667328199,18.944659592427573],[72.82918640937308,18.944510713276436]]]}},{"type":"Feature","properties":{"layer":"DP_77","label":"Heritage building","confidence":"confirmed","HERITAGE_P":" ","GRADE":"IIB","VILLAGE":" ","VILLAGE_DI":" ","WARD":"F/N","REMARKS":"CHE/33410/DP DT.23.02.2017","TYPE":" ","CREATED_US":" ","CREATED_DA":-2209161600000,"LAST_EDITE":" ","LAST_EDI_1":-2209161600000,"OWNERSHIP":" ","USES":" ","MHCC_NOC":" ","DATE_":" ","NOC_FOR":" ","STRUCTURE":" ","FEATURE":" ","Q":"Y","HER_NUMBER_2":"42/471","HERITAGE_NAME":"ACQWARTH MUNICIPAL HOSPITAL FOR LEPROSY PREMISES"},"geometry":{"type":"Polygon","coordinates":[[[72.8580523720225,19.020639798017296],[72.85793369069468,19.020632224747605],[72.85793448344174,19.020681001261682],[72.8580523720225,19.020639798017296]]]}},{"type":"Feature","properties":{"layer":"DP_77","label":"Heritage building","confidence":"confirmed","HERITAGE_P":" ","GRADE":"III","VILLAGE":"BANDRA-B","VILLAGE_DI":"BANDRA-B","WARD":"H/W","REMARKS":" ","TYPE":"Heritage","CREATED_US":" ","LAST_EDITE":" ","OWNERSHIP":" ","USES":" ","MHCC_NOC":" ","DATE_":" ","NOC_FOR":" ","STRUCTURE":" ","FEATURE":" ","Q":"Y","HER_NUMBER_2":"12/013","HERITAGE_NAME":"BOCCARO HOUSE"},"geometry":{"type":"Polygon","coordinates":[[[72.82436240896074,19.053527001070385],[72.82472108886557,19.053536475865606],[72.82476953683327,19.053222063045276],[72.82428177390148,19.053319413329753],[72.82436240896074,19.053527001070385]]]}},{"type":"Feature","properties":{"layer":"DP_77","label":"Heritage building","confidence":"confirmed","HERITAGE_P":" ","GRADE":"IIA","VILLAGE":"BHULESHWAR","VILLAGE_DI":"BHULESHWAR","WARD":"C","REMARKS":" ","TYPE":" ","CREATED_US":" ","LAST_EDITE":" ","OWNERSHIP":" ","USES":" ","MHCC_NOC":" ","DATE_":" ","NOC_FOR":" ","STRUCTURE":" ","FEATURE":" ","Q":"Y","HER_NUMBER_2":"45/189","HERITAGE_NAME":"POLICE RESIDENCE"},"geometry":{"type":"Polygon","coordinates":[[[72.82995006099141,18.945997111107058],[72.8296954164538,18.946178380249236],[72.82978500126923,18.946332472749244],[72.82995006099141,18.945997111107058]]]}},{"type":"Feature","properties":{"layer":"DP_77","label":"Heritage building","confidence":"confirmed","HERITAGE_P":" ","GRADE":"III","VILLAGE":" ","VILLAGE_DI":" ","WARD":"N","TYPE":" ","CREATED_US":" ","CREATED_DA":-2209161600000,"LAST_EDITE":" ","LAST_EDI_1":-2209161600000,"OWNERSHIP":" ","USES":" ","MHCC_NOC":" ","DATE_":" ","NOC_FOR":" ","STRUCTURE":" ","FEATURE":" ","Q":"Y","HER_NUMBER_2":"65/74","HERITAGE_NAME":"KHOKANI BUNGALOW"},"geometry":{"type":"Polygon","coordinates":[[[72.90766556741359,19.083851092989146],[72.90749935484794,19.08413699140363],[72.90795412231904,19.08437629873399],[72.90803544113162,19.08395382688543],[72.90766556741359,19.083851092989146]]]}},{"type":"Feature","properties":{"layer":"DP_77","label":"Heritage building","confidence":"confirmed","HERITAGE_P":"BALLARD PIER","GRADE":"IIA","VILLAGE":"FORT","VILLAGE_DI":"FORT","WARD":"A","REMARKS":" ","TYPE":"Heritage","CREATED_US":" ","LAST_EDITE":" ","OWNERSHIP":" ","USES":" ","MHCC_NOC":" ","DATE_":" ","NOC_FOR":" ","STRUCTURE":" ","FEATURE":" ","Q":"Y","HER_NUMBER_2":"169/193(c)","HERITAGE_NAME":"c) MAGNATE HOUSE"},"geometry":{"type":"Polygon","coordinates":[[[72.84072731870252,18.93423968116792],[72.84117835063304,18.93432217528277],[72.84094673603032,18.93412807639483],[72.84072731870252,18.93423968116792]]]}},{"type":"Feature","properties":{"layer":"DP_77","label":"Heritage building","confidence":"confirmed","HERITAGE_P":"OLD CUFFE PARADE","GRADE":"III","VILLAGE":"COLABA","VILLAGE_DI":"COLABA","WARD":"A","REMARKS":" ","TYPE":"Heritage","CREATED_US":" ","LAST_EDITE":" ","OWNERSHIP":" ","USES":" ","MHCC_NOC":" ","DATE_":" ","NOC_FOR":" ","STRUCTURE":" ","FEATURE":" ","Q":"Y","HER_NUMBER_2":"240/3","HERITAGE_NAME":"EDWARD VILLA"},"geometry":{"type":"Polygon","coordinates":[[[72.82402511130181,18.91696943851112],[72.82435020307508,18.916735899200155],[72.8242159977287,18.91657860879913],[72.82392362456267,18.91672240254018],[72.82402511130181,18.91696943851112]]]}},{"type":"Feature","properties":{"layer":"DP_77","label":"Heritage building","confidence":"confirmed","HERITAGE_P":" ","GRADE":"III","VILLAGE":"COLABA","VILLAGE_DI":"COLABA","WARD":"A","REMARKS":" ","TYPE":"Heritage","CREATED_US":" ","LAST_EDITE":" ","OWNERSHIP":" ","USES":" ","MHCC_NOC":" ","DATE_":" ","NOC_FOR":" ","STRUCTURE":" ","FEATURE":" ","Q":"Y","HER_NUMBER_2":"264/32","HERITAGE_NAME":"FOSBERY HOUSE"},"geometry":{"type":"Polygon","coordinates":[[[72.83127185498749,18.920018155865385],[72.83161415366246,18.92036518283547],[72.83155169197009,18.919903280945245],[72.83127185498749,18.920018155865385]]]}},{"type":"Feature","properties":{"layer":"DP_77","label":"Heritage building","confidence":"confirmed","HERITAGE_P":" ","GRADE":"IIB","VILLAGE":"MALABAR HILL","VILLAGE_DI":"MALABAR HILL","WARD":"D","REMARKS":" ","TYPE":"Heritage","CREATED_US":" ","LAST_EDITE":" ","OWNERSHIP":" ","USES":" ","MHCC_NOC":" ","DATE_":" ","NOC_FOR":" ","STRUCTURE":" ","FEATURE":" ","Q":"Y","HER_NUMBER_2":"138/248","HERITAGE_NAME":"NAPEAN HOUSE"},"geometry":{"type":"Polygon","coordinates":[[[72.80263992331592,18.953597975332364],[72.80260614377286,18.953763909180637],[72.80299801753482,18.953524152902528],[72.8028752135355,18.953132698109687],[72.8026196294414,18.953260506266478],[72.80263992331592,18.953597975332364]]]}},{"type":"Feature","properties":{"layer":"DP_77","label":"Heritage building","confidence":"confirmed","HERITAGE_P":" ","GRADE":"IIB","VILLAGE":"MATUNGA","VILLAGE_DI":"MATUNGA","WARD":"F/N","REMARKS":" ","TYPE":"Heritage","CREATED_US":" ","LAST_EDITE":" ","OWNERSHIP":" ","USES":" ","MHCC_NOC":" ","DATE_":" ","NOC_FOR":" ","STRUCTURE":" ","FEATURE":" ","Q":"Y","HER_NUMBER_2":"42/471","HERITAGE_NAME":"ACQWARTH MUNICIPAL HOSPITAL FOR LEPROSY PREMISES"},"geometry":{"type":"Polygon","coordinates":[[[72.85706700425327,19.01958968764053],[72.85728656034449,19.021056644244407],[72.85752558281442,19.021145857841294],[72.860448982812,19.020730783479607],[72.86008595419382,19.019055111647383],[72.85753301481999,19.01914076914473],[72.85706700425327,19.01958968764053]]]}},{"type":"Feature","properties":{"layer":"DP_77","label":"Heritage building","confidence":"confirmed","HERITAGE_P":" ","GRADE":"III","VILLAGE":" ","VILLAGE_DI":" ","WARD":"G/N","REMARKS":"AS PER NEW AGIARY LIST SR. NO. 42","TYPE":" ","CREATED_US":" ","CREATED_DA":-2209161600000,"LAST_EDITE":" ","LAST_EDI_1":-2209161600000,"OWNERSHIP":" ","USES":" ","MHCC_NOC":" ","DATE_":" ","NOC_FOR":" ","STRUCTURE":" ","FEATURE":" ","Q":"Y","HER_NUMBER_2":" ","HERITAGE_NAME":"SETH EDULJI RUSTOMJI SONAWALLA AGIARY"},"geometry":{"type":"Polygon","coordinates":[[[72.84203888762285,19.042177987837647],[72.84234467298529,19.042417351485632],[72.84251634104864,19.04223627073922],[72.84221365879532,19.041989853091163],[72.84203888762285,19.042177987837647]]]}},{"type":"Feature","properties":{"layer":"DP_77","label":"Heritage building","confidence":"confirmed","HERITAGE_P":"MAJESTIC","GRADE":"IIB","VILLAGE":"COLABA","VILLAGE_DI":"COLABA","WARD":"A","REMARKS":" ","TYPE":"Heritage","CREATED_US":" ","LAST_EDITE":" ","OWNERSHIP":" ","USES":" ","MHCC_NOC":" ","DATE_":" ","NOC_FOR":" ","STRUCTURE":" ","FEATURE":" ","Q":"Y","HER_NUMBER_2":"198/225","HERITAGE_NAME":"COLABA POLICE STATION"},"geometry":{"type":"Polygon","coordinates":[[[72.83121371145941,18.92219448133206],[72.83069048936522,18.92235552667682],[72.83080947052744,18.922640921866204],[72.83119522856389,18.922514885200233],[72.83121371145941,18.92219448133206]]]}},{"type":"Feature","properties":{"layer":"DP_77","label":"Heritage building","confidence":"confirmed","HERITAGE_P":" ","GRADE":"III","VILLAGE":"MAZAGAON","VILLAGE_DI":"MAZAGAON","WARD":"E","REMARKS":" ","TYPE":"Heritage","CREATED_US":" ","LAST_EDITE":" ","OWNERSHIP":" ","USES":" ","MHCC_NOC":" ","DATE_":" ","NOC_FOR":" ","STRUCTURE":" ","FEATURE":" ","Q":"Y","HER_NUMBER_2":"106/401","HERITAGE_NAME":"RODEF SHALOM"},"geometry":{"type":"Polygon","coordinates":[[[72.8349109212705,18.981138669250775],[72.8350245367814,18.981360112440544],[72.83518984295942,18.98126919561459],[72.83498813501637,18.980986786341937],[72.8349109212705,18.981138669250775]]]}},{"type":"Feature","properties":{"layer":"DP_77","label":"Heritage building","confidence":"confirmed","HERITAGE_P":" ","GRADE":"IIA","VILLAGE":" ","VILLAGE_DI":" ","WARD":"A","REMARKS":" ","TYPE":" ","CREATED_US":" ","CREATED_DA":-2209161600000,"LAST_EDITE":" ","LAST_EDI_1":-2209161600000,"OWNERSHIP":" ","USES":" ","MHCC_NOC":" ","DATE_":" ","NOC_FOR":" ","STRUCTURE":" ","FEATURE":" ","Q":"Y","HER_NUMBER_2":"2/2(i)","HERITAGE_NAME":"NAVAL DOCKYARD (FROM LION GATE TO OLD CUSTOM HOUSE WITH CLOCK TOWER OPP. GREAT WESTERN BUILDING) i) CENTRE NO.04"},"geometry":{"type":"Polygon","coordinates":[[[72.83455506564177,18.928998166872294],[72.83437404334185,18.928283090620834],[72.83423178638651,18.928344675468693],[72.83455506564177,18.928998166872294]]]}},{"type":"Feature","properties":{"layer":"DP_77","label":"Heritage building","confidence":"confirmed","HERITAGE_P":" ","GRADE":"IIA","VILLAGE":"BHULESHWAR","VILLAGE_DI":"BHULESHWAR","WARD":"C","REMARKS":" ","TYPE":"Heritage","CREATED_US":" ","LAST_EDITE":" ","OWNERSHIP":" ","USES":" ","MHCC_NOC":" ","DATE_":" ","NOC_FOR":" ","STRUCTURE":" ","FEATURE":" ","Q":"Y","HER_NUMBER_2":"313","HERITAGE_NAME":"HAMIDIA MASJID"},"geometry":{"type":"Polygon","coordinates":[[[72.83140073817093,18.95441089517125],[72.83184655591081,18.954636283329513],[72.83173571016742,18.954294167695153],[72.83140073817093,18.95441089517125]]]}},{"type":"Feature","properties":{"layer":"DP_77","label":"Heritage building","confidence":"confirmed","HERITAGE_P":"GATEWAY","GRADE":"IIA","VILLAGE":"COLABA","VILLAGE_DI":"COLABA","WARD":"A","REMARKS":" ","TYPE":"Heritage","CREATED_US":" ","LAST_EDITE":" ","OWNERSHIP":" ","USES":" ","MHCC_NOC":" ","DATE_":" ","NOC_FOR":" ","STRUCTURE":" ","FEATURE":" ","Q":"Y","HER_NUMBER_2":"129/146","HERITAGE_NAME":"BOWEN MEMORIAL CHURCH"},"geometry":{"type":"Polygon","coordinates":[[[72.8325327590078,18.92326407817363],[72.83278580207053,18.923326710456788],[72.83274907395477,18.92317524341625],[72.8325327590078,18.92326407817363]]]}},{"type":"Feature","properties":{"layer":"DP_77","label":"Heritage building","confidence":"confirmed","HERITAGE_P":" ","GRADE":"III","VILLAGE":"MANDVI","VILLAGE_DI":"MANDVI","WARD":"B","REMARKS":" ","TYPE":"Heritage","CREATED_US":" ","LAST_EDITE":" ","OWNERSHIP":" ","USES":" ","MHCC_NOC":" ","DATE_":" ","NOC_FOR":" ","STRUCTURE":" ","FEATURE":" ","Q":"Y","HER_NUMBER_2":"36/119","HERITAGE_NAME":"FARHEEN BUILDING"},"geometry":{"type":"Polygon","coordinates":[[[72.83681527324013,18.95034031616893],[72.83690887483426,18.950493219861194],[72.83694470784889,18.95036510843293],[72.83681527324013,18.95034031616893]]]}},{"type":"Feature","properties":{"layer":"DP_77","label":"Heritage building","confidence":"confirmed","HERITAGE_P":" ","GRADE":"III","VILLAGE":"GIRGAUM","VILLAGE_DI":"GIRGAUM","WARD":"D","REMARKS":" ","TYPE":"Heritage","CREATED_US":" ","LAST_EDITE":" ","OWNERSHIP":" ","USES":" ","MHCC_NOC":" ","DATE_":" ","NOC_FOR":" ","STRUCTURE":" ","FEATURE":" ","Q":"Y","HER_NUMBER_2":"126/230","HERITAGE_NAME":"LAMINGTON ROAD POLICE STN."},"geometry":{"type":"Polygon","coordinates":[[[72.81684605620126,18.96056238933643],[72.81679763313355,18.96112624963206],[72.81721329648883,18.961046601852562],[72.81713854400076,18.960475299565225],[72.81684605620126,18.96056238933643]]]}},{"type":"Feature","properties":{"layer":"DP_77","label":"Heritage building","confidence":"confirmed","HERITAGE_P":" ","GRADE":"IIB","VILLAGE":"MALABAR HILL","VILLAGE_DI":"MALABAR HILL","WARD":"D","REMARKS":" ","TYPE":"Heritage","CREATED_US":" ","LAST_EDITE":" ","OWNERSHIP":" ","USES":" ","MHCC_NOC":" ","DATE_":" ","NOC_FOR":" ","STRUCTURE":" ","FEATURE":" ","Q":"Y","HER_NUMBER_2":"63/442(a)","HERITAGE_NAME":"MAHALAXMI  TEMPLE COMPLEX"},"geometry":{"type":"Polygon","coordinates":[[[72.80631968337954,18.977296017179892],[72.80619239195865,18.977464537272272],[72.80631361371186,18.977484316999426],[72.80631968337954,18.977296017179892]]]}},{"type":"Feature","properties":{"layer":"DP_77","label":"Heritage building","confidence":"confirmed","HERITAGE_P":" ","GRADE":"III","VILLAGE":"MALABAR HILL","VILLAGE_DI":"MALABAR HILL","WARD":"D","REMARKS":" ","TYPE":"Heritage","CREATED_US":" ","LAST_EDITE":" ","OWNERSHIP":" ","USES":" ","MHCC_NOC":" ","DATE_":" ","NOC_FOR":" ","STRUCTURE":" ","FEATURE":" ","Q":"Y","HER_NUMBER_2":"50/423","HERITAGE_NAME":"RESIDENCE OF THE CHIEF JUSTICE"},"geometry":{"type":"Polygon","coordinates":[[[72.79351955219819,18.950341388428463],[72.79379765991489,18.950796341564992],[72.79416025529778,18.950636825050122],[72.79449054314516,18.950270765622655],[72.79443176448073,18.94976763980109],[72.79354743195195,18.94998525171815],[72.79351955219819,18.950341388428463]]]}},{"type":"Feature","properties":{"layer":"DP_77","label":"Heritage building","confidence":"confirmed","HERITAGE_P":"OPERA HOUSE PRECINCT","GRADE":"III","VILLAGE":"GIRGAUM","VILLAGE_DI":"GIRGAUM","WARD":"D","REMARKS":" ","TYPE":"Heritage","CREATED_US":" ","LAST_EDITE":" ","OWNERSHIP":" ","USES":" ","MHCC_NOC":" ","DATE_":" ","NOC_FOR":" ","STRUCTURE":" ","FEATURE":" ","Q":"Y","HER_NUMBER_2":"35/400","HERITAGE_NAME":"NAIR BUILDING"},"geometry":{"type":"Polygon","coordinates":[[[72.81682535293477,18.957486814888195],[72.81717510228911,18.957551038220373],[72.81689072705258,18.95732706112112],[72.81682535293477,18.957486814888195]]]}},{"type":"Feature","properties":{"layer":"DP_77","label":"Heritage building","confidence":"confirmed","HERITAGE_P":" ","GRADE":"IIB","VILLAGE":"GIRGAUM","VILLAGE_DI":"GIRGAUM","WARD":"D","REMARKS":" ","TYPE":"Heritage","CREATED_US":" ","LAST_EDITE":" ","OWNERSHIP":" ","USES":" ","MHCC_NOC":" ","DATE_":" ","NOC_FOR":" ","STRUCTURE":" ","FEATURE":" ","Q":"Y","HER_NUMBER_2":"123/227","HERITAGE_NAME":"VANITA VISHRAM SCHOOL"},"geometry":{"type":"Polygon","coordinates":[[[72.82046677125913,18.95904416017028],[72.82024517459352,18.95914126043573],[72.8203477238394,18.959355985221098],[72.82057694999403,18.95927054889787],[72.82046677125913,18.95904416017028]]]}},{"type":"Feature","properties":{"layer":"DP_77","label":"Heritage building","confidence":"confirmed","HERITAGE_P":" ","GRADE":"IIA","VILLAGE":"BHULESHWAR","VILLAGE_DI":"BHULESHWAR","WARD":"C","REMARKS":" ","TYPE":"Heritage","CREATED_US":" ","LAST_EDITE":" ","OWNERSHIP":" ","USES":" ","MHCC_NOC":" ","DATE_":" ","NOC_FOR":" ","STRUCTURE":" ","FEATURE":" ","Q":"Y","HER_NUMBER_2":"285","HERITAGE_NAME":"SWAMINARAYAN TEMPLE"},"geometry":{"type":"Polygon","coordinates":[[[72.8301119155154,18.953911986093967],[72.83018118174951,18.9541780281547],[72.83034563225914,18.95388831598015],[72.8301119155154,18.953911986093967]]]}},{"type":"Feature","properties":{"layer":"DP_77","label":"Heritage building","confidence":"confirmed","HERITAGE_P":" ","GRADE":"III","VILLAGE":"MAHIM","VILLAGE_DI":"MAHIM","WARD":"G/N","REMARKS":" ","TYPE":"Heritage","CREATED_US":" ","LAST_EDITE":" ","OWNERSHIP":" ","USES":" ","MHCC_NOC":" ","DATE_":" ","NOC_FOR":" ","STRUCTURE":" ","FEATURE":" ","Q":"Y","HER_NUMBER_2":"12/530","HERITAGE_NAME":"P'ALEX D'SOUZA BUNGLOW"},"geometry":{"type":"Polygon","coordinates":[[[72.8389342647103,19.017150417775124],[72.83864154080737,19.017108836887306],[72.83871687471354,19.01732709408403],[72.8389342647103,19.017150417775124]]]}},{"type":"Feature","properties":{"layer":"DP_77","label":"Heritage building","confidence":"confirmed","HERITAGE_P":"OPERA HOUSE PRECINCT","GRADE":"III","VILLAGE":"GIRGAUM","VILLAGE_DI":"GIRGAUM","WARD":"D","REMARKS":" ","TYPE":"Heritage","CREATED_US":" ","LAST_EDITE":" ","OWNERSHIP":" ","USES":" ","MHCC_NOC":" ","DATE_":" ","NOC_FOR":" ","STRUCTURE":" ","FEATURE":" ","Q":"Y","HER_NUMBER_2":"66/445","HERITAGE_NAME":"PURSHOTTAM BUILDING"},"geometry":{"type":"Polygon","coordinates":[[[72.81591550267017,18.956524630859217],[72.81617629341588,18.95630751292395],[72.8160648573529,18.956060385898567],[72.81591550267017,18.956524630859217]]]}},{"type":"Feature","properties":{"layer":"DP_77","label":"Heritage building","confidence":"confirmed","HERITAGE_P":"MAJESTIC","GRADE":"III","VILLAGE":"FORT","VILLAGE_DI":"FORT","WARD":"A","REMARKS":" ","TYPE":"Heritage","CREATED_US":" ","LAST_EDITE":" ","OWNERSHIP":" ","USES":" ","MHCC_NOC":" ","DATE_":" ","NOC_FOR":" ","STRUCTURE":" ","FEATURE":" ","Q":"Y","HER_NUMBER_2":"133/153","HERITAGE_NAME":"Y.W.C.A BLDG."},"geometry":{"type":"Polygon","coordinates":[[[72.83110353709398,18.92506289461166],[72.83075090032017,18.925138937483574],[72.83081144829242,18.92547447067961],[72.83111624602836,18.92548507931543],[72.83110353709398,18.92506289461166]]]}},{"type":"Feature","properties":{"layer":"DP_77","label":"Heritage building","confidence":"confirmed","HERITAGE_P":" ","GRADE":"III","VILLAGE":"MALAD-NORTH","VILLAGE_DI":"MALAD-NORTH","WARD":"R/S","REMARKS":" ","TYPE":"Heritage","CREATED_US":" ","LAST_EDITE":" ","OWNERSHIP":" ","USES":" ","MHCC_NOC":" ","DATE_":" ","NOC_FOR":" ","STRUCTURE":" ","FEATURE":" ","Q":"Y","HER_NUMBER_2":"154/193","HERITAGE_NAME":"PRAKASH VILLA"},"geometry":{"type":"Polygon","coordinates":[[[72.84571909342614,19.203399603403888],[72.84572034145626,19.20381083288154],[72.84590878777695,19.203814678354053],[72.84592720139742,19.203326892383938],[72.84571909342614,19.203399603403888]]]}},{"type":"Feature","properties":{"layer":"DP_77","label":"Heritage building","confidence":"confirmed","HERITAGE_P":" ","GRADE":"IIB","VILLAGE":" ","VILLAGE_DI":" ","WARD":"A","REMARKS":" ","TYPE":" ","CREATED_US":" ","CREATED_DA":-2209161600000,"LAST_EDITE":" ","LAST_EDI_1":-2209161600000,"OWNERSHIP":" ","USES":" ","MHCC_NOC":" ","DATE_":" ","NOC_FOR":" ","STRUCTURE":" ","FEATURE":" ","Q":"Y","HER_NUMBER_2":"271/40","HERITAGE_NAME":"CHILDREN'S TRAFFIC TRAINING PARK"},"geometry":{"type":"Polygon","coordinates":[[[72.82897147477816,18.925503770199214],[72.82954175923368,18.925778798255884],[72.82940761288323,18.925198773776323],[72.82896300519336,18.925216408170336],[72.82897147477816,18.925503770199214]]]}},{"type":"Feature","properties":{"layer":"DP_77","label":"Heritage building","confidence":"confirmed","HERITAGE_P":" ","GRADE":"IIB","VILLAGE":" ","VILLAGE_DI":" ","WARD":"A","REMARKS":" ","TYPE":" ","CREATED_US":" ","CREATED_DA":-2209161600000,"LAST_EDITE":" ","LAST_EDI_1":-2209161600000,"OWNERSHIP":" ","USES":" ","MHCC_NOC":" ","DATE_":" ","NOC_FOR":" ","STRUCTURE":" ","FEATURE":" ","Q":"Y","HER_NUMBER_2":"302/72","HERITAGE_NAME":"STATUE OF SIR JAMSHETHJI JEEJEEBOY (FIRST BORONET)"},"geometry":{"type":"Polygon","coordinates":[[[72.829582052111,18.932572270870562],[72.82954825881372,18.932535838075857],[72.82951285318438,18.93257775413425],[72.829582052111,18.932572270870562]]]}},{"type":"Feature","properties":{"layer":"DP_77","label":"Heritage building","confidence":"confirmed","HERITAGE_P":" ","GRADE":"III","VILLAGE":" ","VILLAGE_DI":" ","WARD":"E","REMARKS":" ","TYPE":" ","CREATED_US":" ","CREATED_DA":-2209161600000,"LAST_EDITE":" ","LAST_EDI_1":-2209161600000,"OWNERSHIP":" ","USES":" ","MHCC_NOC":" ","DATE_":" ","NOC_FOR":" ","STRUCTURE":" ","FEATURE":" ","Q":"Y","HER_NUMBER_2":"72/363","HERITAGE_NAME":"ANDERSON HOUSE"},"geometry":{"type":"Polygon","coordinates":[[[72.84659032504464,18.964792653648143],[72.84585292441564,18.96457742171056],[72.84584797769453,18.965292928779625],[72.8465183438545,18.965346519999123],[72.84659032504464,18.964792653648143]]]}},{"type":"Feature","properties":{"layer":"DP_77","label":"Heritage building","confidence":"confirmed","HERITAGE_P":" ","GRADE":"IIA","VILLAGE":"FORT","VILLAGE_DI":"FORT","WARD":"A","REMARKS":" ","TYPE":"Heritage","CREATED_US":" ","LAST_EDITE":" ","OWNERSHIP":" ","USES":" ","MHCC_NOC":" ","DATE_":" ","NOC_FOR":" ","STRUCTURE":" ","FEATURE":" ","Q":"Y","HER_NUMBER_2":"254/19","HERITAGE_NAME":"MAFATLAL HOUSE"},"geometry":{"type":"Polygon","coordinates":[[[72.82669604644589,18.928835359345065],[72.8269156259092,18.928724374817936],[72.82677431251801,18.928378739491144],[72.82655934960827,18.928495861419876],[72.82669604644589,18.928835359345065]]]}},{"type":"Feature","properties":{"layer":"DP_77","label":"Heritage building","confidence":"confirmed","HERITAGE_P":" ","GRADE":"III","VILLAGE":"GIRGAUM","VILLAGE_DI":"GIRGAUM","WARD":"D","REMARKS":" ","TYPE":"Heritage","CREATED_US":" ","LAST_EDITE":" ","OWNERSHIP":" ","USES":" ","MHCC_NOC":" ","DATE_":" ","NOC_FOR":" ","STRUCTURE":" ","FEATURE":" ","Q":"Y","HER_NUMBER_2":"1/270","HERITAGE_NAME":"QUEEN'S DIAMOND"},"geometry":{"type":"Polygon","coordinates":[[[72.81717900824663,18.953106935091267],[72.81702025853492,18.95323052497919],[72.8173435048845,18.9534017296545],[72.81717900824663,18.953106935091267]]]}},{"type":"Feature","properties":{"layer":"DP_77","label":"Heritage building","confidence":"confirmed","GRADE":"IIA","HER_NUMBER_2":"2/2(xvi)","HERITAGE_NAME":"NAVAL DOCKYARD (FROM LION GATE TO OLD CUSTOM HOUSE WITH CLOCK TOWER OPP. GREAT WESTERN BUILDING) xvi) CENTRE NO.97, WEAPON EQUIPMENTS DEPOT AND NAVAL ARMAMENT"},"geometry":{"type":"Polygon","coordinates":[[[72.83651615327541,18.931887846759594],[72.83660768245552,18.931457513974216],[72.83645866936766,18.931484276631004],[72.83651615327541,18.931887846759594]]]}},{"type":"Feature","properties":{"layer":"DP_77","label":"Heritage building","confidence":"confirmed","HERITAGE_P":" ","GRADE":"IIB","VILLAGE":"BANDRA-F","VILLAGE_DI":"BANDRA-F","WARD":"H/W","REMARKS":" ","TYPE":"Heritage","CREATED_US":" ","LAST_EDITE":" ","OWNERSHIP":" ","USES":" ","MHCC_NOC":" ","DATE_":" ","NOC_FOR":" ","STRUCTURE":" ","FEATURE":" ","Q":"Y","HER_NUMBER_2":"20/028","HERITAGE_NAME":"VITTHAL BHAVAN"},"geometry":{"type":"Polygon","coordinates":[[[72.83811676966398,19.05886366816975],[72.83828492721557,19.058654809842242],[72.83799436904862,19.05863929696738],[72.83811676966398,19.05886366816975]]]}},{"type":"Feature","properties":{"layer":"DP_77","label":"Heritage building","confidence":"confirmed","HERITAGE_P":" ","GRADE":"III","VILLAGE":"BHULESHWAR","VILLAGE_DI":"BHULESHWAR","WARD":"C","REMARKS":" ","TYPE":"Heritage","CREATED_US":" ","LAST_EDITE":" ","OWNERSHIP":" ","USES":" ","MHCC_NOC":" ","DATE_":" ","NOC_FOR":" ","STRUCTURE":" ","FEATURE":" ","Q":"Y","HER_NUMBER_2":"22/169","HERITAGE_NAME":"PARVATI NIWAS"},"geometry":{"type":"Polygon","coordinates":[[[72.82417999118174,18.95062229197152],[72.82448201522101,18.950602317663947],[72.82417499704384,18.9503399279677],[72.82417999118174,18.95062229197152]]]}},{"type":"Feature","properties":{"layer":"DP_77","label":"Heritage building","confidence":"confirmed","HERITAGE_P":" ","GRADE":"IIB","VILLAGE":"MAHIM","VILLAGE_DI":"MAHIM","WARD":"G/N","REMARKS":" ","TYPE":"Heritage","CREATED_US":" ","LAST_EDITE":" ","OWNERSHIP":" ","USES":" ","MHCC_NOC":" ","DATE_":" ","NOC_FOR":" ","STRUCTURE":" ","FEATURE":" ","Q":"Y","HER_NUMBER_2":"8/560","HERITAGE_NAME":" SITALADEVI TEMPLE COMPLEX"},"geometry":{"type":"Polygon","coordinates":[[[72.8418344506861,19.03559268666724],[72.8418660628852,19.03612044538165],[72.84225444666066,19.03619188370311],[72.84225884790895,19.035868854491785],[72.8418344506861,19.03559268666724]]]}},{"type":"Feature","properties":{"layer":"DP_77","label":"Heritage building","confidence":"confirmed","HERITAGE_P":" ","GRADE":"IIB","VILLAGE":" ","VILLAGE_DI":" ","WARD":"R","REMARKS":" ","TYPE":" ","CREATED_US":" ","CREATED_DA":-2209161600000,"LAST_EDITE":" ","LAST_EDI_1":-2209161600000,"OWNERSHIP":" ","USES":" ","MHCC_NOC":" ","DATE_":" ","NOC_FOR":" ","STRUCTURE":" ","FEATURE":" ","Q":"Y","HER_NUMBER_2":"214/272","HERITAGE_NAME":"OLD DAHISAR FOOT OVER BRIDGE"},"geometry":{"type":"Polygon","coordinates":[[[72.85668243895815,19.255059663858315],[72.856133504009,19.255035712008215],[72.85612970127033,19.255120397244056],[72.85668243895815,19.255059663858315]]]}},{"type":"Feature","properties":{"layer":"DP_77","label":"Heritage building","confidence":"confirmed","HERITAGE_P":" ","GRADE":"IIA","VILLAGE":" ","VILLAGE_DI":"MANDVI","WARD":"B","REMARKS":" ","TYPE":" ","CREATED_US":" ","CREATED_DA":-2209161600000,"LAST_EDITE":" ","LAST_EDI_1":-2209161600000,"OWNERSHIP":" ","USES":" ","MHCC_NOC":" ","DATE_":" ","NOC_FOR":" ","STRUCTURE":" ","FEATURE":" ","Q":"Y","HER_NUMBER_2":"38/121","HERITAGE_NAME":"RAM MANDIR"},"geometry":{"type":"Polygon","coordinates":[[[72.83616599007463,18.951559061366805],[72.8359341387012,18.951561284138396],[72.83597488671998,18.951671174706973],[72.83616599007463,18.951559061366805]]]}},{"type":"Feature","properties":{"layer":"DP_77","label":"Heritage building","confidence":"confirmed","HERITAGE_P":"BALLARD PIER","GRADE":"IIA","VILLAGE":"FORT","VILLAGE_DI":"FORT","WARD":"A","REMARKS":" ","TYPE":"Heritage","CREATED_US":" ","LAST_EDITE":" ","OWNERSHIP":" ","USES":" ","MHCC_NOC":" ","DATE_":" ","NOC_FOR":" ","STRUCTURE":" ","FEATURE":" ","Q":"Y","HER_NUMBER_2":"190/216(h)","HERITAGE_NAME":"h) METROPOLITAN MAGISTRATE'S COURT"},"geometry":{"type":"Polygon","coordinates":[[[72.8389978123474,18.937151358507872],[72.83905392386811,18.937356276483374],[72.839434663423,18.937269420822453],[72.83936526819217,18.93685032333288],[72.83900065054016,18.93693081633379],[72.8389978123474,18.937151358507872]]]}},{"type":"Feature","properties":{"layer":"DP_77","label":"Heritage building","confidence":"confirmed","HERITAGE_P":" ","GRADE":"IIA","VILLAGE":"MAZGAON","VILLAGE_DI":"MAZGAON","WARD":"E","REMARKS":" ","TYPE":" ","CREATED_US":" ","LAST_EDITE":" ","OWNERSHIP":" ","USES":" ","MHCC_NOC":" ","DATE_":" ","NOC_FOR":" ","STRUCTURE":" ","FEATURE":" ","Q":"Y","HER_NUMBER_2":"86/379","HERITAGE_NAME":"HASNABAD (WITH GATE)"},"geometry":{"type":"Polygon","coordinates":[[[72.83833928565605,18.97329375967874],[72.83855415156798,18.974007379166324],[72.84006218877086,18.974014130829403],[72.84026648670121,18.97301874804972],[72.83953022030494,18.972852600391164],[72.83952285976495,18.973026956819403],[72.83833928565605,18.97329375967874]]]}},{"type":"Feature","properties":{"layer":"DP_77","label":"Heritage building","confidence":"confirmed","HERITAGE_P":" ","GRADE":"IIA","VILLAGE":"FORT","VILLAGE_DI":"FORT","WARD":"A","REMARKS":" ","TYPE":"Heritage","CREATED_US":" ","LAST_EDITE":" ","OWNERSHIP":" ","USES":" ","MHCC_NOC":" ","DATE_":" ","NOC_FOR":" ","STRUCTURE":" ","FEATURE":" ","Q":"Y","HER_NUMBER_2":"279/49","HERITAGE_NAME":"COMMISSARIAT BUILDING"},"geometry":{"type":"Polygon","coordinates":[[[72.83384175783115,18.935938753863493],[72.83395700656195,18.93578093894391],[72.83381477571628,18.935752036221075],[72.83384175783115,18.935938753863493]]]}},{"type":"Feature","properties":{"layer":"DP_77","label":"Heritage building","confidence":"confirmed","HERITAGE_P":" ","GRADE":"IIB","VILLAGE":"LOWER PAREL","VILLAGE_DI":"LOWER PAREL","WARD":"G/S","REMARKS":" ","TYPE":"Heritage","CREATED_US":" ","LAST_EDITE":" ","OWNERSHIP":" ","USES":" ","MHCC_NOC":" ","DATE_":" ","NOC_FOR":" ","STRUCTURE":" ","FEATURE":" ","Q":"Y","HER_NUMBER_2":"8/569","HERITAGE_NAME":"ANANDASHRAM"},"geometry":{"type":"Polygon","coordinates":[[[72.82276111293542,18.98879360308669],[72.82321587926182,18.98969957691875],[72.82394742121338,18.989343990462768],[72.82335043425563,18.987649900443813],[72.82276111293542,18.98879360308669]]]}},{"type":"Feature","properties":{"layer":"DP_77","label":"Heritage building","confidence":"confirmed","HERITAGE_P":" ","GRADE":"IIB","VILLAGE":"COLABA","VILLAGE_DI":"COLABA","WARD":"A","REMARKS":" ","TYPE":"Heritage","CREATED_US":" ","LAST_EDITE":" ","OWNERSHIP":" ","USES":" ","MHCC_NOC":" ","DATE_":" ","NOC_FOR":" ","STRUCTURE":" ","FEATURE":" ","Q":"Y","HER_NUMBER_2":"242/6","HERITAGE_NAME":"COLABA VANASHREE"},"geometry":{"type":"Polygon","coordinates":[[[72.81443781137145,18.901762636125532],[72.8146632702658,18.90171860511575],[72.81457999277214,18.901472341787535],[72.81377213993943,18.8999267051837],[72.81443781137145,18.901762636125532]]]}},{"type":"Feature","properties":{"layer":"DP_77","label":"Heritage building","confidence":"confirmed","HERITAGE_P":" ","GRADE":"IIB","VILLAGE":"MAZAGAON","VILLAGE_DI":"MAZAGAON","WARD":"E","REMARKS":" ","TYPE":"Heritage","CREATED_US":" ","LAST_EDITE":" ","OWNERSHIP":" ","USES":" ","MHCC_NOC":" ","DATE_":" ","NOC_FOR":" ","STRUCTURE":" ","FEATURE":" ","Q":"Y","HER_NUMBER_2":"7/300","HERITAGE_NAME":"PALACE CINEMA"},"geometry":{"type":"Polygon","coordinates":[[[72.83334512973693,18.975693443592668],[72.83308223746695,18.97570799003133],[72.83312114769757,18.976275243432447],[72.83337597900703,18.97611415654706],[72.83334512973693,18.975693443592668]]]}},{"type":"Feature","properties":{"layer":"DP_77","label":"Heritage building","confidence":"confirmed","HERITAGE_P":"BALLARD PIER","GRADE":"IIA","VILLAGE":"FORT","VILLAGE_DI":"FORT","WARD":"A","REMARKS":" ","TYPE":"Heritage","CREATED_US":" ","LAST_EDITE":" ","OWNERSHIP":" ","USES":" ","MHCC_NOC":" ","DATE_":" ","NOC_FOR":" ","STRUCTURE":" ","FEATURE":" ","Q":"Y","HER_NUMBER_2":"169/193(b)","HERITAGE_NAME":"b) L & T HOUSE"},"geometry":{"type":"Polygon","coordinates":[[[72.84185945002959,18.935063295189607],[72.84148269470897,18.93480111151949],[72.84139596421502,18.934913199026713],[72.84185945002959,18.935063295189607]]]}},{"type":"Feature","properties":{"layer":"DP_77","label":"Heritage building","confidence":"confirmed","HERITAGE_P":" ","GRADE":"III","VILLAGE":"BANDRA-F","VILLAGE_DI":"BANDRA-F","WARD":"H/W","REMARKS":" ","TYPE":"Heritage","CREATED_US":" ","LAST_EDITE":" ","OWNERSHIP":" ","USES":" ","MHCC_NOC":" ","DATE_":" ","NOC_FOR":" ","STRUCTURE":" ","FEATURE":" ","Q":"Y","HER_NUMBER_2":"22/031","HERITAGE_NAME":"SAI NIWAS"},"geometry":{"type":"Polygon","coordinates":[[[72.83527118251966,19.058894893569306],[72.83551069483548,19.058909447706196],[72.83560766684752,19.058556183871772],[72.83527478361594,19.058539759079345],[72.83527118251966,19.058894893569306]]]}},{"type":"Feature","properties":{"layer":"DP_77","label":"Heritage building","confidence":"confirmed","HERITAGE_P":" ","GRADE":"IIB","VILLAGE":"MALABAR CUMBALA HILL","VILLAGE_DI":"MALABAR CUMBALA HILL","WARD":"D","REMARKS":" ","TYPE":" ","CREATED_US":" ","LAST_EDITE":" ","OWNERSHIP":" ","USES":" ","MHCC_NOC":" ","DATE_":" ","NOC_FOR":" ","STRUCTURE":" ","FEATURE":" ","Q":"Y","HER_NUMBER_2":"15/375","HERITAGE_NAME":"BABULNATH TEMPLE COMPLEX"},"geometry":{"type":"Polygon","coordinates":[[[72.80850684483075,18.95774254167755],[72.80856558227448,18.957429125722953],[72.80839882779715,18.957699138290355],[72.80863433935711,18.958384712501765],[72.80836412725446,18.959040702621333],[72.80877604525153,18.95904119352696],[72.80850684483075,18.95774254167755]]]}},{"type":"Feature","properties":{"layer":"DP_77","label":"Heritage building","confidence":"confirmed","HERITAGE_P":" ","GRADE":"IIB","VILLAGE":" ","VILLAGE_DI":" ","WARD":"A","REMARKS":" ","TYPE":" ","CREATED_US":" ","CREATED_DA":-2209161600000,"LAST_EDITE":" ","LAST_EDI_1":-2209161600000,"OWNERSHIP":" ","USES":" ","MHCC_NOC":" ","DATE_":" ","NOC_FOR":" ","STRUCTURE":" ","FEATURE":" ","Q":"Y","HER_NUMBER_2":"121/139","HERITAGE_NAME":"BOMBAY ARCH SAN DIOCESE ASSOCIATION BLDG."},"geometry":{"type":"Polygon","coordinates":[[[72.83179886208013,18.937289123239317],[72.83206986865765,18.93792815461954],[72.83242912316105,18.937813503239216],[72.83219458942914,18.937133206835647],[72.83179886208013,18.937289123239317]]]}},{"type":"Feature","properties":{"layer":"DP_77","label":"Heritage building","confidence":"confirmed","HERITAGE_P":" ","GRADE":"IIA","VILLAGE":" ","VILLAGE_DI":" ","WARD":"F/N","REMARKS":"CHE/33410/DP DT.23.02.2017","TYPE":" ","CREATED_US":" ","CREATED_DA":-2209161600000,"LAST_EDITE":" ","LAST_EDI_1":-2209161600000,"OWNERSHIP":" ","USES":" ","MHCC_NOC":" ","DATE_":" ","NOC_FOR":" ","STRUCTURE":" ","FEATURE":" ","Q":"Y","HER_NUMBER_2":"50/482","HERITAGE_NAME":"UNDERGROUND WAY (TUNNEL)"},"geometry":{"type":"Polygon","coordinates":[[[72.86541241279328,19.04732647858779],[72.86540146866787,19.047243441107465],[72.86536400619457,19.047332158417113],[72.86541241279328,19.04732647858779]]]}},{"type":"Feature","properties":{"layer":"DP_77","label":"Heritage building","confidence":"confirmed","HERITAGE_P":"III","GRADE":" ","VILLAGE":"BYCULLA","VILLAGE_DI":"BYCULLA","WARD":"E","REMARKS":" ","TYPE":" ","CREATED_US":" ","LAST_EDITE":" ","OWNERSHIP":" ","USES":" ","MHCC_NOC":" ","DATE_":" ","NOC_FOR":" ","STRUCTURE":" ","FEATURE":" ","Q":"Y","HER_NUMBER_2":"47/338","HERITAGE_NAME":"AL HAQ"},"geometry":{"type":"Polygon","coordinates":[[[72.82342367465513,18.971823756177727],[72.82362208762812,18.971793909180658],[72.82356134710257,18.97149320296233],[72.82336564042296,18.971546945701025],[72.82342367465513,18.971823756177727]]]}},{"type":"Feature","properties":{"layer":"DP_77","label":"Heritage building","confidence":"confirmed","HERITAGE_P":" ","GRADE":"IIA","VILLAGE":"MANDVI","VILLAGE_DI":"MANDVI","WARD":"B","REMARKS":" ","TYPE":"Heritage","CREATED_US":" ","LAST_EDITE":" ","OWNERSHIP":" ","USES":" ","MHCC_NOC":" ","DATE_":" ","NOC_FOR":" ","STRUCTURE":" ","FEATURE":" ","Q":"Y","HER_NUMBER_2":"25/106","HERITAGE_NAME":"ETZ HASSAN BUILDING"},"geometry":{"type":"Polygon","coordinates":[[[72.83604328110953,18.96085335613319],[72.8361297234679,18.960970901858097],[72.83616579238415,18.960886229705572],[72.83604328110953,18.96085335613319]]]}},{"type":"Feature","properties":{"layer":"DP_77","label":"Heritage building","confidence":"confirmed","HERITAGE_P":"CANTONMENT","GRADE":"IIA","VILLAGE":"COLABA","VILLAGE_DI":"COLABA","WARD":"A","REMARKS":" ","TYPE":"Heritage","CREATED_US":" ","LAST_EDITE":" ","OWNERSHIP":" ","USES":" ","MHCC_NOC":" ","DATE_":" ","NOC_FOR":" ","STRUCTURE":" ","FEATURE":" ","Q":"Y","HER_NUMBER_2":"14/15","HERITAGE_NAME":"STATION WORKSHOP EME"},"geometry":{"type":"Polygon","coordinates":[[[72.81687548995822,18.905268790129103],[72.81669637473664,18.904727522776447],[72.81593182836133,18.904948019448142],[72.81657689957781,18.906226855253568],[72.81687548995822,18.905268790129103]]]}},{"type":"Feature","properties":{"layer":"DP_77","label":"Heritage building","confidence":"confirmed","HERITAGE_P":" ","GRADE":"III","VILLAGE":"BHULESHWAR","VILLAGE_DI":" ","WARD":"C","REMARKS":" ","TYPE":" ","CREATED_US":" ","CREATED_DA":-2209161600000,"LAST_EDITE":" ","LAST_EDI_1":-2209161600000,"OWNERSHIP":" ","USES":" ","MHCC_NOC":" ","DATE_":" ","NOC_FOR":" ","STRUCTURE":" ","FEATURE":" ","Q":"Y","HER_NUMBER_2":"353","HERITAGE_NAME":"BLACKSTONE BUILDING"},"geometry":{"type":"Polygon","coordinates":[[[72.82755498182861,18.957840713250086],[72.8272613997929,18.957939356613927],[72.8275508040532,18.95802538930561],[72.82755498182861,18.957840713250086]]]}},{"type":"Feature","properties":{"layer":"DP_77","label":"Heritage building","confidence":"confirmed","HERITAGE_P":" ","GRADE":"IIA","VILLAGE":"BHULESHWAR","VILLAGE_DI":"BHULESHWAR","WARD":"C","REMARKS":" ","TYPE":"Heritage","CREATED_US":" ","LAST_EDITE":" ","OWNERSHIP":" ","USES":" ","MHCC_NOC":" ","DATE_":" ","NOC_FOR":" ","STRUCTURE":" ","FEATURE":" ","Q":"Y","HER_NUMBER_2":"9/148","HERITAGE_NAME":"GRAND MEDICAL COLLEGE GYMKHANA GROUND"},"geometry":{"type":"Polygon","coordinates":[[[72.8205783017809,18.948427189916803],[72.82127627022611,18.948905988573085],[72.82182878726645,18.94827593721256],[72.82103219601927,18.94772162092323],[72.8205783017809,18.948427189916803]]]}},{"type":"Feature","properties":{"layer":"DP_77","label":"Heritage building","confidence":"confirmed","HERITAGE_P":" ","GRADE":"IIB","VILLAGE":"KURLA - 2","VILLAGE_DI":"KURLA - 2","WARD":"L","REMARKS":" ","TYPE":"Heritage","CREATED_US":" ","LAST_EDITE":" ","OWNERSHIP":" ","USES":" ","MHCC_NOC":" ","DATE_":" ","NOC_FOR":" ","STRUCTURE":" ","FEATURE":" ","Q":"Y","HER_NUMBER_2":"04/05","HERITAGE_NAME":"HOLY CROSS CHURCH"},"geometry":{"type":"Polygon","coordinates":[[[72.88817679486029,19.083371115849648],[72.88778446581331,19.08282006972565],[72.88700708559354,19.08270350670466],[72.88773118957477,19.082475452308486],[72.88760146410569,19.082261217758578],[72.8872426448468,19.082434977318467],[72.88722707861582,19.082071834328858],[72.88675497031437,19.08201027090525],[72.88529723074541,19.082764696713017],[72.88648799034861,19.08315043273305],[72.88639702245902,19.083498641808287],[72.88665549610937,19.083821339556657],[72.88745724581106,19.0838427294989],[72.88817679486029,19.083371115849648]]]}},{"type":"Feature","properties":{"layer":"DP_77","label":"Heritage building","confidence":"confirmed","HERITAGE_P":"ESPLANDE","GRADE":"IIB","VILLAGE":"FORT","VILLAGE_DI":"FORT","WARD":"A","REMARKS":" ","TYPE":"Heritage","CREATED_US":" ","LAST_EDITE":" ","OWNERSHIP":" ","USES":" ","MHCC_NOC":" ","DATE_":" ","NOC_FOR":" ","STRUCTURE":" ","FEATURE":" ","Q":"Y","HER_NUMBER_2":"189/215","HERITAGE_NAME":"CATHEDRAL & JOHN CONNON SR.SCHOOL"},"geometry":{"type":"Polygon","coordinates":[[[72.83238132671174,18.93602499575649],[72.83260631269667,18.93646408553475],[72.8329307304958,18.93634293682651],[72.83282247071286,18.93585553209254],[72.83238132671174,18.93602499575649]]]}},{"type":"Feature","properties":{"layer":"DP_77","label":"Heritage building","confidence":"confirmed","HERITAGE_P":" ","GRADE":"IIB","VILLAGE":"GIRGAUM","VILLAGE_DI":"GIRGAUM","WARD":"D","REMARKS":" ","TYPE":"Heritage","CREATED_US":" ","LAST_EDITE":" ","OWNERSHIP":" ","USES":" ","MHCC_NOC":" ","DATE_":" ","NOC_FOR":" ","STRUCTURE":" ","FEATURE":" ","Q":"Y","HER_NUMBER_2":"106/510","HERITAGE_NAME":"EMMANUEL CHURCH"},"geometry":{"type":"Polygon","coordinates":[[[72.81511394285366,18.960831625331537],[72.81583400310815,18.960412404797367],[72.81573138820731,18.959971147285906],[72.81504576647787,18.960337241726048],[72.81511394285366,18.960831625331537]]]}},{"type":"Feature","properties":{"layer":"DP_77","label":"Heritage building","confidence":"confirmed","HERITAGE_P":" ","GRADE":"IIB","VILLAGE":"PAREL-SEWERI","VILLAGE_DI":"PAREL-SEWERI","WARD":"F/S","REMARKS":" ","TYPE":"Heritage","CREATED_US":" ","LAST_EDITE":" ","OWNERSHIP":" ","USES":" ","MHCC_NOC":" ","DATE_":" ","NOC_FOR":" ","STRUCTURE":" ","FEATURE":" ","Q":"Y","HER_NUMBER_2":"23/514","HERITAGE_NAME":"CHURCH OF ST.MARY VIRGIN"},"geometry":{"type":"Polygon","coordinates":[[[72.83714175410734,19.006254560987898],[72.83735955041804,19.00662711293391],[72.83773172916926,19.006421317206474],[72.83748264051663,19.00596502443105],[72.83714175410734,19.006254560987898]]]}},{"type":"Feature","properties":{"layer":"DP_77","label":"Heritage building","confidence":"confirmed","HERITAGE_P":" ","GRADE":"IIA","VILLAGE":" ","VILLAGE_DI":" ","WARD":"D","REMARKS":"AS PER NEW AGIARY LIST AT SR NO. 29","TYPE":" ","CREATED_US":" ","CREATED_DA":-2209161600000,"LAST_EDITE":" ","LAST_EDI_1":-2209161600000,"OWNERSHIP":" ","USES":" ","MHCC_NOC":" ","DATE_":" ","NOC_FOR":" ","STRUCTURE":" ","FEATURE":" ","Q":"Y","HER_NUMBER_2":" ","HERITAGE_NAME":"SIR PALLONJI KHURSHEDJI CAMA DAREMEHER ( CAMA BAUG AGIARY) ( ADARIAN)"},"geometry":{"type":"Polygon","coordinates":[[[72.81993173357216,18.96065196168963],[72.82028367217112,18.96057892194456],[72.81989614862384,18.95966607045596],[72.81964778705249,18.959876410065654],[72.81993173357216,18.96065196168963]]]}},{"type":"Feature","properties":{"layer":"DP_77","label":"Heritage building","confidence":"confirmed","HERITAGE_P":" ","GRADE":"IIA","VILLAGE":"BHULESHWAR","VILLAGE_DI":"BHULESHWAR","WARD":"C","REMARKS":"ALSO LISTED IN NEW AGIARY LIST SR  NO 1","TYPE":"Heritage","CREATED_US":" ","LAST_EDITE":" ","OWNERSHIP":" ","USES":" ","MHCC_NOC":" ","DATE_":" ","NOC_FOR":" ","STRUCTURE":" ","FEATURE":" ","Q":"Y","HER_NUMBER_2":"297","HERITAGE_NAME":"SETH DADIBHAI NOSHERWANJI DADISETH ATASH BEHRAM (KADMI)DADISETH AGIARI"},"geometry":{"type":"Polygon","coordinates":[[[72.82672709835445,18.951066417060495],[72.8269868579231,18.95054094468077],[72.82652114279644,18.95011006945405],[72.82609601804558,18.95079519050415],[72.82672709835445,18.951066417060495]]]}},{"type":"Feature","properties":{"layer":"DP_77","label":"Heritage building","confidence":"confirmed","HERITAGE_P":" ","GRADE":"IIB","VILLAGE":" ","VILLAGE_DI":" ","WARD":"C","REMARKS":" ","TYPE":" ","CREATED_US":" ","CREATED_DA":-2209161600000,"LAST_EDITE":" ","LAST_EDI_1":-2209161600000,"OWNERSHIP":" ","USES":" ","MHCC_NOC":" ","DATE_":" ","NOC_FOR":" ","STRUCTURE":" ","FEATURE":" ","Q":"Y","HER_NUMBER_2":"14/153","HERITAGE_NAME":"OUR LADY OF DOLOURS CHURCH"},"geometry":{"type":"Polygon","coordinates":[[[72.82586823109266,18.94408442453626],[72.82599828107155,18.94396507127545],[72.82577670845642,18.943803946651332],[72.82552873911736,18.94387615225277],[72.82586823109266,18.94408442453626]]]}},{"type":"Feature","properties":{"layer":"DP_77","label":"Heritage building","confidence":"confirmed","HERITAGE_P":" ","GRADE":"IIA","VILLAGE":"KLERABAD","VILLAGE_DI":"KLERABAD","WARD":"T","REMARKS":" ","TYPE":"Heritage","CREATED_US":" ","LAST_EDITE":" ","OWNERSHIP":" ","USES":" ","MHCC_NOC":" ","DATE_":" ","NOC_FOR":" ","STRUCTURE":" ","FEATURE":" ","Q":"Y","HER_NUMBER_2":"45/48","HERITAGE_NAME":"VIHAR LAKE"},"geometry":{"type":"Polygon","coordinates":[[[72.89962959109457,19.140837108336797],[72.89943789938789,19.141027658193103],[72.8994352911321,19.143473358592107],[72.90202243426856,19.146526364740804],[72.9019582221884,19.146831542022948],[72.90127406852294,19.14684284782658],[72.90118795941636,19.147023497458612],[72.90098658875975,19.147833769635913],[72.90121174721652,19.14832388647928],[72.9010379090252,19.150138239028166],[72.90063961018005,19.150611671666844],[72.89978822387046,19.151038816418694],[72.89947650603254,19.15182392512378],[72.90018340419181,19.152004081126055],[72.90159662850631,19.15121721782658],[72.90289512929112,19.151158438696584],[72.90295682332966,19.151457829148075],[72.9026141866327,19.151888457732124],[72.90065329783236,19.15302755715442],[72.9007527313612,19.154576437084682],[72.90263277104886,19.15877163976531],[72.90454307323989,19.15925231353362],[72.9046263509176,19.15982684477772],[72.90588814734464,19.161475946768267],[72.90744242710971,19.162669509409277],[72.90850978687412,19.16403669815091],[72.90792588269937,19.165909474091492],[72.90883918028284,19.167353009391093],[72.90936794364593,19.16763301257368],[72.91032348866476,19.169245625427003],[72.91222080858289,19.170047008524534],[72.91227937367483,19.17067993782725],[72.91261042466039,19.170810156786462],[72.91337741994592,19.16978618065736],[72.91397909457393,19.169561189680927],[72.91492895811389,19.169867038841023],[72.91541895527503,19.169704001159012],[72.91560086993566,19.16934778393017],[72.91628886099086,19.16931344406549],[72.91641025672673,19.168997932508706],[72.91600065143538,19.167539830643562],[72.91631535322273,19.16720619514863],[72.91720837964421,19.16698530959466],[72.91692116739625,19.166688305526385],[72.91732807889048,19.166865714787132],[72.91737895764491,19.166434308807496],[72.91791053440215,19.166820484665045],[72.91801226820473,19.166683402204974],[72.91814292449334,19.165691325268483],[72.91797849877177,19.16511235234125],[72.9183486674495,19.16419265939237],[72.91884402816044,19.163652042027053],[72.91942244102262,19.16351106929886],[72.92039366632035,19.16388035740112],[72.92124639699178,19.163608941003993],[72.92122552058517,19.16298352900851],[72.92066085430686,19.162028734928285],[72.92049813743908,19.16028764921802],[72.9200700818338,19.159104340503415],[72.92009459934263,19.158915223304902],[72.92046994841634,19.159003649448024],[72.92021797356522,19.157906511999656],[72.9204628474701,19.157804067103708],[72.92092386157955,19.1581249429527],[72.92110916655716,19.157474678785803],[72.92000423795031,19.155526126819325],[72.92025016363237,19.155339516863453],[72.92014974788555,19.1545176657553],[72.92083427125795,19.154672723502916],[72.92157932165873,19.154220097619213],[72.9226840672091,19.152778379239287],[72.92270886216093,19.151747779019253],[72.92235856552239,19.15142815914154],[72.92183116355724,19.148676068147452],[72.92115035366437,19.14822644108197],[72.92083063685271,19.149001450210378],[72.91986459625278,19.14823390250753],[72.9184529168604,19.148504706645607],[72.91691946886804,19.144051598829805],[72.91647934018918,19.14385541376236],[72.91581650959894,19.14377141875083],[72.91504566055698,19.14427890036292],[72.91329222214813,19.14613270504646],[72.91227879612345,19.14590773208826],[72.91132344353096,19.146133549892745],[72.91104149515795,19.14593505453094],[72.91082648636112,19.145435504389123],[72.91089717895103,19.14461417095146],[72.91110554722955,19.144042956235896],[72.91161395025297,19.143608986687127],[72.91168319505117,19.14290235346059],[72.91114490876215,19.142513846247187],[72.91051422357614,19.142871776379973],[72.91029512791447,19.142697209302135],[72.90963545500016,19.140967125462616],[72.90977763902211,19.14001548912028],[72.90736077732929,19.139352144330022],[72.90699330083488,19.14033643546503],[72.90673739496188,19.140449192884063],[72.90619611608474,19.139741344270146],[72.90481352004097,19.14041040018693],[72.90468817683823,19.141905683497402],[72.90387867705138,19.14188784723338],[72.90294897287018,19.141028095484856],[72.9026391567493,19.14120471296289],[72.90225781882125,19.14259504219741],[72.90196661219682,19.14237525214002],[72.902174914,19.141195990676092],[72.90204054901324,19.14056853528132],[72.90156695040586,19.140395008705752],[72.90114477595952,19.140611016984778],[72.9006165898081,19.139665266811342],[72.900213814907,19.1397364276968],[72.89974662500917,19.139452529246782],[72.89962959109457,19.140837108336797]]]}},{"type":"Feature","properties":{"layer":"DP_77","label":"Heritage building","confidence":"confirmed","HERITAGE_P":" ","GRADE":"III","VILLAGE":" ","VILLAGE_DI":" ","WARD":"E","REMARKS":" ","TYPE":" ","CREATED_US":" ","CREATED_DA":-2209161600000,"LAST_EDITE":" ","LAST_EDI_1":-2209161600000,"OWNERSHIP":" ","USES":" ","MHCC_NOC":" ","DATE_":" ","NOC_FOR":" ","STRUCTURE":" ","FEATURE":" ","Q":"Y","HER_NUMBER_2":"100/395","HERITAGE_NAME":"WARDEN BUNGLOW"},"geometry":{"type":"Polygon","coordinates":[[[72.83668035978309,18.976708138589796],[72.83682590607285,18.976520079038295],[72.83665355067095,18.97654625654687],[72.83668035978309,18.976708138589796]]]}},{"type":"Feature","properties":{"layer":"DP_77","label":"Heritage building","confidence":"confirmed","HERITAGE_P":"B M C","GRADE":"IIB","VILLAGE":"FORT","VILLAGE_DI":"FORT","WARD":"A","REMARKS":" ","TYPE":"Heritage","CREATED_US":" ","LAST_EDITE":" ","OWNERSHIP":" ","USES":" ","MHCC_NOC":" ","DATE_":" ","NOC_FOR":" ","STRUCTURE":" ","FEATURE":" ","Q":"Y","HER_NUMBER_2":"141/161","HERITAGE_NAME":"ELPHINSTONE TECHNICAL INSTITUTE WITH RANG BHAVAN BUILDING"},"geometry":{"type":"Polygon","coordinates":[[[72.82985701932829,18.944122640253475],[72.83019851969135,18.943801693700767],[72.83076684937632,18.94415207459174],[72.83139780042457,18.943559801222392],[72.8308321214507,18.942823831941144],[72.83045596704444,18.942950879119007],[72.82955229682051,18.9436631493441],[72.82985701932829,18.944122640253475]]]}},{"type":"Feature","properties":{"layer":"DP_77","label":"Heritage building","confidence":"confirmed","HERITAGE_P":" ","GRADE":"III","VILLAGE":"MAHIM","VILLAGE_DI":"MAHIM","WARD":"G/N","REMARKS":" ","TYPE":"Heritage","CREATED_US":" ","LAST_EDITE":" ","OWNERSHIP":" ","USES":" ","MHCC_NOC":" ","DATE_":" ","NOC_FOR":" ","STRUCTURE":" ","FEATURE":" ","Q":"Y","HER_NUMBER_2":"13/532","HERITAGE_NAME":"NAZRETH HOUSE"},"geometry":{"type":"Polygon","coordinates":[[[72.8386736307089,19.017623840241853],[72.83958603103507,19.01785360975752],[72.83942707930615,19.016981627081872],[72.83853838875518,19.017461631191544],[72.8386736307089,19.017623840241853]]]}},{"type":"Feature","properties":{"layer":"DP_77","label":"Heritage building","confidence":"confirmed","HERITAGE_P":"HORNIMAN CIRCLE","GRADE":"IIA","VILLAGE":"FORT","VILLAGE_DI":"FORT","WARD":"A","REMARKS":" ","TYPE":"Heritage","CREATED_US":" ","LAST_EDITE":" ","OWNERSHIP":" ","USES":" ","MHCC_NOC":" ","DATE_":" ","NOC_FOR":" ","STRUCTURE":" ","FEATURE":" ","Q":"Y","HER_NUMBER_2":"126/143","HERITAGE_NAME":"BHARAT INSURANCE BUILDING"},"geometry":{"type":"Polygon","coordinates":[[[72.83567575497072,18.932415829042085],[72.83549713197328,18.93273446795706],[72.83571797657154,18.932559967581447],[72.83567575497072,18.932415829042085]]]}},{"type":"Feature","properties":{"layer":"DP_77","label":"Heritage building","confidence":"confirmed","HERITAGE_P":"ESPLANDE","GRADE":"IIA","VILLAGE":"FORT","VILLAGE_DI":"FORT","WARD":"A","REMARKS":" ","TYPE":"Heritage","CREATED_US":" ","LAST_EDITE":" ","OWNERSHIP":" ","USES":" ","MHCC_NOC":" ","DATE_":" ","NOC_FOR":" ","STRUCTURE":" ","FEATURE":" ","Q":"Y","HER_NUMBER_2":"84/100","HERITAGE_NAME":"FORBES HOUSE"},"geometry":{"type":"Polygon","coordinates":[[[72.83244046949274,18.936369682196435],[72.83206834935214,18.93650847126289],[72.83220208713229,18.936821831214843],[72.83265489920643,18.936653484595535],[72.83244046949274,18.936369682196435]]]}},{"type":"Feature","properties":{"layer":"DP_77","label":"Heritage building","confidence":"confirmed","HERITAGE_P":"MUSEUM","GRADE":"IIA","VILLAGE":"FORT","VILLAGE_DI":"FORT","WARD":"A","REMARKS":" ","TYPE":"Heritage","CREATED_US":" ","LAST_EDITE":" ","OWNERSHIP":" ","USES":" ","MHCC_NOC":" ","DATE_":" ","NOC_FOR":" ","STRUCTURE":" ","FEATURE":" ","Q":"Y","HER_NUMBER_2":"148/168","HERITAGE_NAME":"ESPLANADE MANSION (MAHENDRA MANSION) (WATSON HOTEL)"},"geometry":{"type":"Polygon","coordinates":[[[72.83066178473021,18.928388221934952],[72.83114997090482,18.92822155881741],[72.83067364925408,18.928167265028062],[72.83066178473021,18.928388221934952]]]}},{"type":"Feature","properties":{"layer":"DP_77","label":"Heritage building","confidence":"confirmed","HERITAGE_P":"MARINE DRIVE PRECINCT","GRADE":"III","VILLAGE":"MALABAR HILL","VILLAGE_DI":"MALABAR HILL","WARD":"D","REMARKS":" ","TYPE":"Heritage","CREATED_US":" ","LAST_EDITE":" ","OWNERSHIP":" ","USES":" ","MHCC_NOC":" ","DATE_":" ","NOC_FOR":" ","STRUCTURE":" ","FEATURE":" ","Q":"Y","HER_NUMBER_2":"16/377","HERITAGE_NAME":"RAMAPRASAD"},"geometry":{"type":"Polygon","coordinates":[[[72.80825485628193,18.95660485057071],[72.80788889031311,18.956772757715388],[72.80795186586974,18.956985274595127],[72.80835975346528,18.95688820186595],[72.80825485628193,18.95660485057071]]]}},{"type":"Feature","properties":{"layer":"DP_77","label":"Heritage building","confidence":"confirmed","HERITAGE_P":" ","GRADE":"IIA","VILLAGE":"MAROL","VILLAGE_DI":"MAROL","WARD":"K/E","REMARKS":" ","TYPE":"Heritage","CREATED_US":" ","LAST_EDITE":" ","OWNERSHIP":" ","USES":" ","MHCC_NOC":" ","DATE_":" ","NOC_FOR":" ","STRUCTURE":" ","FEATURE":" ","Q":"Y","HER_NUMBER_2":"194/243","HERITAGE_NAME":"ST. JOHN,THE EVENGELIST & ST. JOHN,THE BAPTIST"},"geometry":{"type":"Polygon","coordinates":[[[72.87524311944657,19.11272201960421],[72.87574507251048,19.113585955227638],[72.87642021588456,19.113427560190633],[72.87606877523747,19.112746471192242],[72.87524311944657,19.11272201960421]]]}},{"type":"Feature","properties":{"layer":"DP_77","label":"Heritage building","confidence":"confirmed","HERITAGE_P":"CANTONMENT","GRADE":"IIA","VILLAGE":"COLABA","VILLAGE_DI":"COLABA","WARD":"A","REMARKS":" ","TYPE":"Heritage","CREATED_US":" ","LAST_EDITE":" ","OWNERSHIP":" ","USES":" ","MHCC_NOC":" ","DATE_":" ","NOC_FOR":" ","STRUCTURE":" ","FEATURE":" ","Q":"Y","HER_NUMBER_2":"5/5","HERITAGE_NAME":"ASSAYE BUILDINGS (HEAD QUARTERS)- MAHARASHTRA & GUJARAT AREA"},"geometry":{"type":"Polygon","coordinates":[[[72.8187696421371,18.909025212424318],[72.81834351177999,18.90917071379257],[72.81967420052746,18.910559842477173],[72.82013826969933,18.910461060290757],[72.8187696421371,18.909025212424318]]]}},{"type":"Feature","properties":{"layer":"DP_77","label":"Heritage building","confidence":"confirmed","HERITAGE_P":"FOUNTAIN","GRADE":"IIA","VILLAGE":"FORT","VILLAGE_DI":"FORT","WARD":"A","REMARKS":" ","TYPE":"Heritage","CREATED_US":" ","LAST_EDITE":" ","OWNERSHIP":" ","USES":" ","MHCC_NOC":" ","DATE_":" ","NOC_FOR":" ","STRUCTURE":" ","FEATURE":" ","Q":"Y","HER_NUMBER_2":"153/174","HERITAGE_NAME":"NEW INDIA ASSURANCE BLDG."},"geometry":{"type":"Polygon","coordinates":[[[72.83187848560368,18.930634588151843],[72.83154462276678,18.930436115077224],[72.8316249838905,18.930884716029908],[72.83187848560368,18.930634588151843]]]}},{"type":"Feature","properties":{"layer":"DP_77","label":"Heritage building","confidence":"confirmed","HERITAGE_P":" ","GRADE":"III","VILLAGE":"BHULESHWAR","VILLAGE_DI":"BHULESHWAR","WARD":"C","REMARKS":" ","TYPE":"Heritage","CREATED_US":" ","LAST_EDITE":" ","OWNERSHIP":" ","USES":" ","MHCC_NOC":" ","DATE_":" ","NOC_FOR":" ","STRUCTURE":" ","FEATURE":" ","Q":"Y","HER_NUMBER_2":"66/205","HERITAGE_NAME":"NAWAB MASJID (246,IBRAHIM RAHIMTULLA ROAD)"},"geometry":{"type":"Polygon","coordinates":[[[72.83181714306264,18.956797696251776],[72.83164985201476,18.95693753478469],[72.83194334246133,18.956872275569697],[72.83181714306264,18.956797696251776]]]}},{"type":"Feature","properties":{"layer":"DP_77","label":"Heritage building","confidence":"confirmed","HERITAGE_P":"BALLARD PIER","GRADE":"IIA","VILLAGE":"FORT","VILLAGE_DI":"FORT","WARD":"A","REMARKS":" ","TYPE":"Heritage","CREATED_US":" ","LAST_EDITE":" ","OWNERSHIP":" ","USES":" ","MHCC_NOC":" ","DATE_":" ","NOC_FOR":" ","STRUCTURE":" ","FEATURE":" ","Q":"Y","HER_NUMBER_2":"193/220(c)","HERITAGE_NAME":"c) MUMBAI PORT TRUST BUILDING (PORT BHAVAN) ( OLD BOMBAY PORT TRUST BUILDIG)"},"geometry":{"type":"Polygon","coordinates":[[[72.83810398681777,18.934773199338718],[72.8386950646342,18.934642654092816],[72.83872189431096,18.934287338153887],[72.83797059690622,18.934453036213775],[72.83810398681777,18.934773199338718]]]}},{"type":"Feature","properties":{"layer":"DP_77","label":"Heritage building","confidence":"confirmed","HERITAGE_P":" ","GRADE":"IIA","VILLAGE":"BHULESHWAR","VILLAGE_DI":"BHULESHWAR","WARD":"C","REMARKS":" ","TYPE":"Heritage","CREATED_US":" ","LAST_EDITE":" ","OWNERSHIP":" ","USES":" ","MHCC_NOC":" ","DATE_":" ","NOC_FOR":" ","STRUCTURE":" ","FEATURE":" ","Q":"Y","HER_NUMBER_2":"6/145","HERITAGE_NAME":"ISLAM GYMKHANA GROUND"},"geometry":{"type":"Polygon","coordinates":[[[72.82221386784508,18.945898860156454],[72.82293504926484,18.94644511804488],[72.82366491476989,18.94550260715368],[72.82283300560132,18.945013365986433],[72.82221386784508,18.945898860156454]]]}},{"type":"Feature","properties":{"layer":"DP_77","label":"Heritage building","confidence":"confirmed","HERITAGE_P":" ","GRADE":"IIB","VILLAGE":" ","VILLAGE_DI":" ","WARD":"B","REMARKS":" ","TYPE":" ","CREATED_US":" ","CREATED_DA":-2209161600000,"LAST_EDITE":" ","LAST_EDI_1":-2209161600000,"OWNERSHIP":" ","USES":" ","MHCC_NOC":" ","DATE_":" ","NOC_FOR":" ","STRUCTURE":" ","FEATURE":" ","Q":"Y","HER_NUMBER_2":"51/136","HERITAGE_NAME":"RINCESS DOCK"},"geometry":{"type":"Polygon","coordinates":[[[72.84443922671815,18.9582606433307],[72.84552949951599,18.958034728556598],[72.84509041404701,18.956196743503714],[72.84568800034909,18.956038057153027],[72.84620401410159,18.957772324855643],[72.84729103187895,18.957652982893652],[72.84644997121947,18.95457048789982],[72.8471213252805,18.954162704430356],[72.84667049257042,18.95395273716746],[72.84689589104262,18.953657459048134],[72.84663592647054,18.952429746636206],[72.84632679727683,18.952006668520976],[72.84594900597322,18.951945306919885],[72.84519929310007,18.949325661920803],[72.84244667312957,18.94981887612811],[72.84245087415732,18.950204678584505],[72.84353699616071,18.94999284165633],[72.84371974111546,18.950565972291216],[72.84262819518906,18.95084312873667],[72.84270372739793,18.95120361021878],[72.8437806665114,18.95099384420067],[72.84397933250732,18.951575877343398],[72.84291073673724,18.951848943639387],[72.84296792085391,18.952211390176995],[72.84406785299133,18.95199535193226],[72.84422582919117,18.952535503183576],[72.8431361397812,18.9528453749794],[72.84319821338639,18.9531839048492],[72.84553119779251,18.952731573634107],[72.84605146482937,18.953777199286066],[72.84356405262986,18.954362618796136],[72.84443922671815,18.9582606433307]]]}},{"type":"Feature","properties":{"layer":"DP_77","label":"Heritage building","confidence":"confirmed","HERITAGE_P":" ","GRADE":"III","VILLAGE":"FORT","VILLAGE_DI":"FORT","WARD":"A","REMARKS":" ","TYPE":"Heritage","CREATED_US":" ","LAST_EDITE":" ","OWNERSHIP":" ","USES":" ","MHCC_NOC":" ","DATE_":" ","NOC_FOR":" ","STRUCTURE":" ","FEATURE":" ","Q":"Y","HER_NUMBER_2":"253/18","HERITAGE_NAME":"INDUSTRY HOUSE"},"geometry":{"type":"Polygon","coordinates":[[[72.82531939845856,18.929340501361985],[72.82589664527467,18.929326295591135],[72.82579065553823,18.929121089529552],[72.82531939845856,18.929340501361985]]]}},{"type":"Feature","properties":{"layer":"DP_77","label":"Heritage building","confidence":"confirmed","HERITAGE_P":"MAJESTIC","GRADE":"IIA","VILLAGE":"COLABA","VILLAGE_DI":"COLABA","WARD":"A","REMARKS":" ","TYPE":"Heritage","CREATED_US":" ","LAST_EDITE":" ","OWNERSHIP":" ","USES":" ","MHCC_NOC":" ","DATE_":" ","NOC_FOR":" ","STRUCTURE":" ","FEATURE":" ","Q":"Y","HER_NUMBER_2":"196/223","HERITAGE_NAME":"WESLEY'S CHURCH"},"geometry":{"type":"Polygon","coordinates":[[[72.83091227162537,18.922077122750174],[72.830754131352,18.922322559137317],[72.83115704329231,18.922068555628137],[72.83091227162537,18.922077122750174]]]}},{"type":"Feature","properties":{"layer":"DP_77","label":"Heritage building","confidence":"confirmed","HERITAGE_P":" ","GRADE":"III","VILLAGE":"MALAD-E","VILLAGE_DI":"MALAD-E","WARD":"P/N","REMARKS":" ","TYPE":"Heritage","CREATED_US":" ","LAST_EDITE":" ","OWNERSHIP":" ","USES":" ","MHCC_NOC":" ","DATE_":" ","NOC_FOR":" ","STRUCTURE":" ","FEATURE":" ","Q":"Y","HER_NUMBER_2":"188/236","HERITAGE_NAME":"BHADRAN BHUVAN"},"geometry":{"type":"Polygon","coordinates":[[[72.84985584819154,19.190913990580256],[72.84994473333253,19.19137960023369],[72.85028232205265,19.19136511856551],[72.85022323771234,19.19091269985388],[72.84985584819154,19.190913990580256]]]}},{"type":"Feature","properties":{"layer":"DP_77","label":"Heritage building","confidence":"confirmed","HERITAGE_P":" ","GRADE":"IIB","VILLAGE":"Chembur","VILLAGE_DI":"CHEMBUR","WARD":"M","REMARKS":"TPB4314/1209/CR-171/2014/UD-11, dtd.05.12.2014","TYPE":"Heritage","CREATED_US":" ","LAST_EDITE":" ","OWNERSHIP":" ","USES":" ","MHCC_NOC":" ","DATE_":" ","NOC_FOR":" ","STRUCTURE":" ","FEATURE":" ","Q":"Y","HER_NUMBER_2":"1","HERITAGE_NAME":"St.Anthony church Group(Comprising of st.Anthony's Church,Belvedere bungalow,The Grotto Bungalow and"},"geometry":{"type":"Polygon","coordinates":[[[72.9020635514065,19.054998528539898],[72.9005541229363,19.0551144896044],[72.90057741011161,19.055814217856696],[72.90211970096945,19.05591496270707],[72.9020635514065,19.054998528539898]]]}},{"type":"Feature","properties":{"layer":"DP_77","label":"Heritage building","confidence":"confirmed","HERITAGE_P":" ","GRADE":"III","VILLAGE":"BANDRA-C","VILLAGE_DI":"BANDRA-C","WARD":"H/W","REMARKS":" ","TYPE":"Heritage","CREATED_US":" ","LAST_EDITE":" ","OWNERSHIP":" ","USES":" ","MHCC_NOC":" ","DATE_":" ","NOC_FOR":" ","STRUCTURE":" ","FEATURE":" ","Q":"Y","HER_NUMBER_2":"29/041","HERITAGE_NAME":"ESMERALDA LODGE"},"geometry":{"type":"Polygon","coordinates":[[[72.82827482506914,19.05805879274794],[72.82848157552618,19.058322522422266],[72.82849989809277,19.05798615961546],[72.82827482506914,19.05805879274794]]]}},{"type":"Feature","properties":{"layer":"DP_77","label":"Heritage building","confidence":"confirmed","HERITAGE_P":" ","GRADE":"IIA","VILLAGE":"MATUNGA","VILLAGE_DI":"MATUNGA","WARD":"F/N","REMARKS":" ","TYPE":"Heritage","CREATED_US":" ","LAST_EDITE":" ","OWNERSHIP":" ","USES":" ","MHCC_NOC":" ","DATE_":" ","NOC_FOR":" ","STRUCTURE":" ","FEATURE":" ","Q":"Y","HER_NUMBER_2":"9/431","HERITAGE_NAME":"VAIDYA GARDEN"},"geometry":{"type":"Polygon","coordinates":[[[72.84698086636067,19.02192903727468],[72.84736987856428,19.021695208053348],[72.84622477200513,19.020772523536273],[72.84698086636067,19.02192903727468]]]}},{"type":"Feature","properties":{"layer":"DP_77","label":"Heritage building","confidence":"confirmed","HERITAGE_P":" ","GRADE":"III","VILLAGE":"VILE PARLE","VILLAGE_DI":"VILE PARLE","WARD":"K/E","REMARKS":" ","TYPE":"Heritage","CREATED_US":" ","LAST_EDITE":" ","OWNERSHIP":" ","USES":" ","MHCC_NOC":" ","DATE_":" ","NOC_FOR":" ","STRUCTURE":" ","FEATURE":" ","Q":"Y","HER_NUMBER_2":"207261","HERITAGE_NAME":"SITA SADAN"},"geometry":{"type":"Polygon","coordinates":[[[72.84965916339239,19.0967346796142],[72.84991274332711,19.09659321746526],[72.84982803531378,19.09646675165637],[72.84965916339239,19.0967346796142]]]}},{"type":"Feature","properties":{"layer":"DP_77","label":"Heritage building","confidence":"confirmed","HERITAGE_P":" ","GRADE":"III","VILLAGE":" ","VILLAGE_DI":" ","WARD":"D","REMARKS":" ","TYPE":" ","CREATED_US":" ","CREATED_DA":-2209161600000,"LAST_EDITE":" ","LAST_EDI_1":-2209161600000,"OWNERSHIP":" ","USES":" ","MHCC_NOC":" ","DATE_":" ","NOC_FOR":" ","STRUCTURE":" ","FEATURE":" ","Q":"Y","HER_NUMBER_2":"137/246","HERITAGE_NAME":"SANS SOUCI"},"geometry":{"type":"Polygon","coordinates":[[[72.80143156840305,18.95230931965834],[72.80178169906493,18.952177337990587],[72.80157496078678,18.951813673412047],[72.80125537975994,18.952138783179212],[72.80143156840305,18.95230931965834]]]}},{"type":"Feature","properties":{"layer":"DP_77","label":"Heritage building","confidence":"confirmed","HERITAGE_P":"HORNIMAN CIRCLE","GRADE":"IIA","VILLAGE":"FORT","VILLAGE_DI":"FORT","WARD":"A","REMARKS":" ","TYPE":"Heritage","CREATED_US":" ","LAST_EDITE":" ","OWNERSHIP":" ","USES":" ","MHCC_NOC":" ","DATE_":" ","NOC_FOR":" ","STRUCTURE":" ","FEATURE":" ","Q":"Y","HER_NUMBER_2":"206/233","HERITAGE_NAME":"OLD CUSTOM HOUSE"},"geometry":{"type":"Polygon","coordinates":[[[72.83649673886039,18.930240985851178],[72.83664463035758,18.930106204068274],[72.8364368016644,18.92986422846903],[72.83581016307264,18.929976472924842],[72.83549634025945,18.930309853117045],[72.83621743039318,18.930764392815792],[72.83649673886039,18.930240985851178]]]}},{"type":"Feature","properties":{"layer":"DP_77","label":"Heritage building","confidence":"confirmed","HERITAGE_P":" ","GRADE":"III","VILLAGE":" ","VILLAGE_DI":" ","WARD":"B","REMARKS":" ","TYPE":" ","CREATED_US":" ","CREATED_DA":-2209161600000,"LAST_EDITE":" ","LAST_EDI_1":-2209161600000,"OWNERSHIP":" ","USES":" ","MHCC_NOC":" ","DATE_":" ","NOC_FOR":" ","STRUCTURE":" ","FEATURE":" ","Q":"Y","HER_NUMBER_2":"3b/83","HERITAGE_NAME":"LEHRI HOUSE"},"geometry":{"type":"Polygon","coordinates":[[[72.83456802992809,18.951477531652912],[72.83472446085358,18.951564588379874],[72.83480583222119,18.951041948623867],[72.83456802992809,18.951477531652912]]]}},{"type":"Feature","properties":{"layer":"DP_77","label":"Heritage building","confidence":"confirmed","HERITAGE_P":"FOUNTAIN","GRADE":"III","VILLAGE":"FORT","VILLAGE_DI":"FORT","WARD":"A","REMARKS":" ","TYPE":"Heritage","CREATED_US":" ","LAST_EDITE":" ","OWNERSHIP":" ","USES":" ","MHCC_NOC":" ","DATE_":" ","NOC_FOR":" ","STRUCTURE":" ","FEATURE":" ","Q":"Y","HER_NUMBER_2":"69/79","HERITAGE_NAME":"RAJBAHADUR MANSION NO. 22 & 28."},"geometry":{"type":"Polygon","coordinates":[[[72.83372106639082,18.93072128840516],[72.833962958305,18.93109516595147],[72.83385735236905,18.930713069606835],[72.83372106639082,18.93072128840516]]]}},{"type":"Feature","properties":{"layer":"DP_77","label":"Heritage building","confidence":"confirmed","HERITAGE_P":"MAJESTIC","GRADE":"IIB","VILLAGE":"FORT","VILLAGE_DI":"FORT","WARD":"A","REMARKS":" ","TYPE":"Heritage","CREATED_US":" ","LAST_EDITE":" ","OWNERSHIP":" ","USES":" ","MHCC_NOC":" ","DATE_":" ","NOC_FOR":" ","STRUCTURE":" ","FEATURE":" ","Q":"Y","HER_NUMBER_2":"178/203","HERITAGE_NAME":"BERYL HOUSE"},"geometry":{"type":"Polygon","coordinates":[[[72.83047943840887,18.92381415726849],[72.83020762277812,18.923605668674053],[72.82998978808045,18.923849921052692],[72.83013242917744,18.92408165600934],[72.83047943840887,18.92381415726849]]]}},{"type":"Feature","properties":{"layer":"DP_77","label":"Heritage building","confidence":"confirmed","HERITAGE_P":" ","GRADE":"III","VILLAGE":"BHULESHWAR","VILLAGE_DI":"BHULESHWAR","WARD":"C","REMARKS":" ","TYPE":"Heritage","CREATED_US":" ","LAST_EDITE":" ","OWNERSHIP":" ","USES":" ","MHCC_NOC":" ","DATE_":" ","NOC_FOR":" ","STRUCTURE":" ","FEATURE":" ","Q":"Y","HER_NUMBER_2":"50/193","HERITAGE_NAME":"UMRIGAR BUILDING"},"geometry":{"type":"Polygon","coordinates":[[[72.83356548629713,18.947530044772016],[72.83327364429125,18.9474222672126],[72.83358115545117,18.947687020383736],[72.83356548629713,18.947530044772016]]]}},{"type":"Feature","properties":{"layer":"DP_77","label":"Heritage building","confidence":"confirmed","HERITAGE_P":"BALLARD PIER","GRADE":"IIA","VILLAGE":"FORT","VILLAGE_DI":"FORT","WARD":"A","REMARKS":" ","TYPE":"Heritage","CREATED_US":" ","LAST_EDITE":" ","OWNERSHIP":" ","USES":" ","MHCC_NOC":" ","DATE_":" ","NOC_FOR":" ","STRUCTURE":" ","FEATURE":" ","Q":"Y","HER_NUMBER_2":"190/216(f)","HERITAGE_NAME":"f) KAMANI CHAMBERS"},"geometry":{"type":"Polygon","coordinates":[[[72.83861832121437,18.936325434610282],[72.83912779921826,18.936245761281224],[72.839123781492,18.93591090428021],[72.83851990695081,18.935932501438554],[72.83861832121437,18.936325434610282]]]}},{"type":"Feature","properties":{"layer":"DP_77","label":"Heritage building","confidence":"confirmed","HERITAGE_P":"CANTONMENT","GRADE":"IIB","VILLAGE":"COLABA","VILLAGE_DI":"COLABA","WARD":"A","REMARKS":" ","TYPE":"Heritage","CREATED_US":" ","LAST_EDITE":" ","OWNERSHIP":" ","USES":" ","MHCC_NOC":" ","DATE_":" ","NOC_FOR":" ","STRUCTURE":" ","FEATURE":" ","Q":"Y","HER_NUMBER_2":"34/40","HERITAGE_NAME":"MES INSPECTION BUNGLOW"},"geometry":{"type":"Polygon","coordinates":[[[72.8105687702067,18.89973115236699],[72.81072201272195,18.899893399858346],[72.8112454722743,18.899540600202837],[72.81088261579113,18.89893288940729],[72.81015629560035,18.899187482388342],[72.8105687702067,18.89973115236699]]]}},{"type":"Feature","properties":{"layer":"DP_77","label":"Heritage building","confidence":"confirmed","HERITAGE_P":" ","GRADE":"III","VILLAGE":"MAHIM","VILLAGE_DI":"MAHIM","WARD":"G/N","REMARKS":" ","TYPE":"Heritage","CREATED_US":" ","LAST_EDITE":" ","OWNERSHIP":" ","USES":" ","MHCC_NOC":" ","DATE_":" ","NOC_FOR":" ","STRUCTURE":" ","FEATURE":" ","Q":"Y","HER_NUMBER_2":"24/553","HERITAGE_NAME":"ROGAY COTTAGE"},"geometry":{"type":"Polygon","coordinates":[[[72.84002936482766,19.040015755663465],[72.8396689048111,19.040045313849628],[72.83964119474615,19.040310292890883],[72.84003283442753,19.040289724844413],[72.84002936482766,19.040015755663465]]]}},{"type":"Feature","properties":{"layer":"DP_77","label":"Heritage building","confidence":"confirmed","HERITAGE_P":" ","GRADE":"III","VILLAGE":"BANDRA-B","VILLAGE_DI":"BANDRA-B","WARD":"H/W","REMARKS":" ","TYPE":"Heritage","CREATED_US":" ","LAST_EDITE":" ","OWNERSHIP":" ","USES":" ","MHCC_NOC":" ","DATE_":" ","NOC_FOR":" ","STRUCTURE":" ","FEATURE":" ","Q":"Y","HER_NUMBER_2":"621","HERITAGE_NAME":"DOM PHILL VILLA"},"geometry":{"type":"Polygon","coordinates":[[[72.82763597978021,19.052620438179055],[72.82788842210016,19.05276328313437],[72.82796944148474,19.052590931518118],[72.82763597978021,19.052620438179055]]]}},{"type":"Feature","properties":{"layer":"DP_77","label":"Heritage building","confidence":"confirmed","HERITAGE_P":"BALLARD PIER","GRADE":"IIA","VILLAGE":"FORT","VILLAGE_DI":"FORT","WARD":"A","REMARKS":" ","TYPE":"Heritage","CREATED_US":" ","LAST_EDITE":" ","OWNERSHIP":" ","USES":" ","MHCC_NOC":" ","DATE_":" ","NOC_FOR":" ","STRUCTURE":" ","FEATURE":" ","Q":"Y","HER_NUMBER_2":"123/141(7)","HERITAGE_NAME":"BUILDINGS OF BALLARD ESTATE, NAMELY 7) HAMILTON HOUSE"},"geometry":{"type":"Polygon","coordinates":[[[72.84129270157732,18.93412770637201],[72.84140808792792,18.93424873108769],[72.84149457204663,18.934092930755565],[72.84129270157732,18.93412770637201]]]}},{"type":"Feature","properties":{"layer":"DP_77","label":"Heritage building","confidence":"confirmed","HERITAGE_P":" ","GRADE":"III","VILLAGE":"MANDVI","VILLAGE_DI":"MANDVI","WARD":"B","REMARKS":" ","TYPE":"Heritage","CREATED_US":" ","LAST_EDITE":" ","OWNERSHIP":" ","USES":" ","MHCC_NOC":" ","DATE_":" ","NOC_FOR":" ","STRUCTURE":" ","FEATURE":" ","Q":"Y","HER_NUMBER_2":"9/88","HERITAGE_NAME":"SHRI SHANTINATH JAIN TEMPLE TRUST BLDG."},"geometry":{"type":"Polygon","coordinates":[[[72.83228868151873,18.95465983197002],[72.83227302940307,18.954807396790244],[72.83248940090672,18.954826593058378],[72.83228868151873,18.95465983197002]]]}},{"type":"Feature","properties":{"layer":"DP_77","label":"Heritage building","confidence":"confirmed","HERITAGE_P":" ","GRADE":"III","VILLAGE":" ","VILLAGE_DI":" ","WARD":"D","REMARKS":" ","TYPE":" ","CREATED_US":" ","CREATED_DA":-2209161600000,"LAST_EDITE":" ","LAST_EDI_1":-2209161600000,"OWNERSHIP":" ","USES":" ","MHCC_NOC":" ","DATE_":" ","NOC_FOR":" ","STRUCTURE":" ","FEATURE":" ","Q":"Y","HER_NUMBER_2":"49/437","HERITAGE_NAME":"WALSINGHAM SCHOOL"},"geometry":{"type":"Polygon","coordinates":[[[72.79665137625692,18.953585109512968],[72.79641466293658,18.953376388919544],[72.79582681443445,18.953620516848602],[72.7960833484836,18.954183024513483],[72.79748161813178,18.95338806926802],[72.79665137625692,18.953585109512968]]]}},{"type":"Feature","properties":{"layer":"DP_77","label":"Heritage building","confidence":"confirmed","HERITAGE_P":"GATEWAY","GRADE":"IIA","VILLAGE":"COLABA","VILLAGE_DI":"COLABA","WARD":"A","REMARKS":" ","TYPE":"Heritage","CREATED_US":" ","LAST_EDITE":" ","OWNERSHIP":" ","USES":" ","MHCC_NOC":" ","DATE_":" ","NOC_FOR":" ","STRUCTURE":" ","FEATURE":" ","Q":"Y","HER_NUMBER_2":"185/211(b)","HERITAGE_NAME":"b) VILLAR VILLE"},"geometry":{"type":"Polygon","coordinates":[[[72.83236544536695,18.920475092392646],[72.83281121345331,18.920556285461362],[72.83272947025473,18.920377222879768],[72.83236544536695,18.920475092392646]]]}},{"type":"Feature","properties":{"layer":"DP_77","label":"Heritage building","confidence":"confirmed","HERITAGE_P":" ","GRADE":"IIB","VILLAGE":"BANDRA-C","VILLAGE_DI":"BANDRA-C","WARD":"H/W","REMARKS":" ","TYPE":"Heritage","CREATED_US":" ","LAST_EDITE":" ","OWNERSHIP":" ","USES":" ","MHCC_NOC":" ","DATE_":" ","NOC_FOR":" ","STRUCTURE":" ","FEATURE":" ","Q":"Y","HER_NUMBER_2":"602 & 53/70","HERITAGE_NAME":"41 PERRY ROAD (KHAN HOUSE)"},"geometry":{"type":"Polygon","coordinates":[[[72.8234308652705,19.05972836578089],[72.82337739471319,19.06002068099397],[72.82355951120658,19.0599898129672],[72.8234308652705,19.05972836578089]]]}},{"type":"Feature","properties":{"layer":"DP_77","label":"Heritage building","confidence":"confirmed","HERITAGE_P":"BALLARD PIER","GRADE":"IIA","VILLAGE":"FORT","VILLAGE_DI":"FORT","WARD":"A","REMARKS":" ","TYPE":"Heritage","CREATED_US":" ","LAST_EDITE":" ","OWNERSHIP":" ","USES":" ","MHCC_NOC":" ","DATE_":" ","NOC_FOR":" ","STRUCTURE":" ","FEATURE":" ","Q":"Y","HER_NUMBER_2":"193/220(f)","HERITAGE_NAME":"f) HINDUSTAN BHAVAN"},"geometry":{"type":"Polygon","coordinates":[[[72.84117813272043,18.933818369345044],[72.84080080809188,18.93405661210429],[72.84122485950223,18.934007119375707],[72.84117813272043,18.933818369345044]]]}},{"type":"Feature","properties":{"layer":"DP_77","label":"Heritage building","confidence":"confirmed","HERITAGE_P":" ","GRADE":"IIB","VILLAGE":"BANDRA-C","VILLAGE_DI":"BANDRA-C","WARD":"H/W","REMARKS":" ","TYPE":"Heritage","CREATED_US":" ","LAST_EDITE":" ","OWNERSHIP":" ","USES":" ","MHCC_NOC":" ","DATE_":" ","NOC_FOR":" ","STRUCTURE":" ","FEATURE":" ","Q":"Y","HER_NUMBER_2":"580","HERITAGE_NAME":"THE JACKERS"},"geometry":{"type":"Polygon","coordinates":[[[72.82242121564555,19.061943324150743],[72.82287805237256,19.061872760423803],[72.8228369118672,19.061630293354295],[72.82232588772395,19.061635578203543],[72.82242121564555,19.061943324150743]]]}},{"type":"Feature","properties":{"layer":"DP_77","label":"Heritage building","confidence":"confirmed","HERITAGE_P":" ","GRADE":"III","VILLAGE":"BANDRA-C","VILLAGE_DI":"BANDRA-C","WARD":"H/W","REMARKS":" ","TYPE":"Heritage","CREATED_US":" ","LAST_EDITE":" ","OWNERSHIP":" ","USES":" ","MHCC_NOC":" ","DATE_":" ","NOC_FOR":" ","STRUCTURE":" ","FEATURE":" ","Q":"Y","HER_NUMBER_2":"67/084 & 68/085","HERITAGE_NAME":"THE GABION"},"geometry":{"type":"Polygon","coordinates":[[[72.82906704063876,19.060798347089477],[72.82915946913884,19.060490300840232],[72.82885887415435,19.06048557999372],[72.82906704063876,19.060798347089477]]]}},{"type":"Feature","properties":{"layer":"DP_77","label":"Heritage building","confidence":"confirmed","HERITAGE_P":" ","GRADE":"III","VILLAGE":"GIRGAUM","VILLAGE_DI":"GIRGAUM","WARD":"D","REMARKS":" ","TYPE":"Heritage","CREATED_US":" ","LAST_EDITE":" ","OWNERSHIP":" ","USES":" ","MHCC_NOC":" ","DATE_":" ","NOC_FOR":" ","STRUCTURE":" ","FEATURE":" ","Q":"Y","HER_NUMBER_2":"91/485","HERITAGE_NAME":"SHREECHANDRA PRABHU SWAMI JAIN TEMPLE"},"geometry":{"type":"Polygon","coordinates":[[[72.81885036050853,18.956968461038663],[72.81889465241919,18.95704475000092],[72.8192515243858,18.956854475929227],[72.81885036050853,18.956968461038663]]]}},{"type":"Feature","properties":{"layer":"DP_77","label":"Heritage building","confidence":"confirmed","HERITAGE_P":"BALLARD PIER","GRADE":"IIA","VILLAGE":"FORT","VILLAGE_DI":"FORT","WARD":"A","REMARKS":" ","TYPE":"Heritage","CREATED_US":" ","LAST_EDITE":" ","OWNERSHIP":" ","USES":" ","MHCC_NOC":" ","DATE_":" ","NOC_FOR":" ","STRUCTURE":" ","FEATURE":" ","Q":"Y","HER_NUMBER_2":"212/242","HERITAGE_NAME":"HAGUE BUILDING"},"geometry":{"type":"Polygon","coordinates":[[[72.84042429202638,18.93484251558004],[72.84049163429965,18.934601992514448],[72.84035151844583,18.934634812412003],[72.84042429202638,18.93484251558004]]]}},{"type":"Feature","properties":{"layer":"DP_77","label":"Heritage building","confidence":"confirmed","HERITAGE_P":" ","GRADE":"IIB","VILLAGE":"BANDRA-C","VILLAGE_DI":"BANDRA-C","WARD":"H/W","REMARKS":" ","TYPE":"Heritage","CREATED_US":" ","LAST_EDITE":" ","OWNERSHIP":" ","USES":" ","MHCC_NOC":" ","DATE_":" ","NOC_FOR":" ","STRUCTURE":" ","FEATURE":" ","Q":"Y","HER_NUMBER_2":"74/091","HERITAGE_NAME":"THE BUBBLE"},"geometry":{"type":"Polygon","coordinates":[[[72.82612245737405,19.064849955155925],[72.82632512509078,19.064502336995087],[72.82579686217589,19.06463188049458],[72.82592395236168,19.064965360239214],[72.82612245737405,19.064849955155925]]]}},{"type":"Feature","properties":{"layer":"DP_77","label":"Heritage building","confidence":"confirmed","HERITAGE_P":" ","GRADE":"IIA","VILLAGE":"BHULESHWAR","VILLAGE_DI":"BHULESHWAR","WARD":"C","REMARKS":" ","TYPE":"Heritage","CREATED_US":" ","LAST_EDITE":" ","OWNERSHIP":" ","USES":" ","MHCC_NOC":" ","DATE_":" ","NOC_FOR":" ","STRUCTURE":" ","FEATURE":" ","Q":"Y","HER_NUMBER_2":"321","HERITAGE_NAME":"JUMA MASJID"},"geometry":{"type":"Polygon","coordinates":[[[72.83262058055408,18.949425083799113],[72.83273395876826,18.94910290795637],[72.83207014010789,18.948818696566335],[72.83193616922986,18.94913908194311],[72.83262058055408,18.949425083799113]]]}},{"type":"Feature","properties":{"layer":"DP_77","label":"Heritage building","confidence":"confirmed","HERITAGE_P":" ","GRADE":"III","VILLAGE":"FORT","VILLAGE_DI":"FORT","WARD":"A","REMARKS":" ","TYPE":"Heritage","CREATED_US":" ","LAST_EDITE":" ","OWNERSHIP":" ","USES":" ","MHCC_NOC":" ","DATE_":" ","NOC_FOR":" ","STRUCTURE":" ","FEATURE":" ","Q":"Y","HER_NUMBER_2":"281/51","HERITAGE_NAME":"ASSUR VIRJEE"},"geometry":{"type":"Polygon","coordinates":[[[72.83448862373108,18.937795649299147],[72.83463780096979,18.937905669810927],[72.83466038935532,18.93785513322748],[72.83448862373108,18.937795649299147]]]}},{"type":"Feature","properties":{"layer":"DP_77","label":"Heritage building","confidence":"confirmed","HERITAGE_P":" ","GRADE":"III","VILLAGE":"FORT","VILLAGE_DI":"FORT","WARD":"A","REMARKS":" ","TYPE":"Heritage","CREATED_US":" ","LAST_EDITE":" ","OWNERSHIP":" ","USES":" ","MHCC_NOC":" ","DATE_":" ","NOC_FOR":" ","STRUCTURE":" ","FEATURE":" ","Q":"Y","HER_NUMBER_2":"244/9","HERITAGE_NAME":"KHETAN BHAWAN"},"geometry":{"type":"Polygon","coordinates":[[[72.82666002428074,18.932044561237152],[72.82695144940394,18.931836821775626],[72.82672708895588,18.931603033050997],[72.82642788389536,18.93181052293839],[72.82666002428074,18.932044561237152]]]}},{"type":"Feature","properties":{"layer":"DP_77","label":"Heritage building","confidence":"confirmed","HERITAGE_P":" ","GRADE":"III","VILLAGE":"BANDRA-C","VILLAGE_DI":"BANDRA-C","WARD":"H/W","REMARKS":" ","TYPE":"Heritage","CREATED_US":" ","LAST_EDITE":" ","OWNERSHIP":" ","USES":" ","MHCC_NOC":" ","DATE_":" ","NOC_FOR":" ","STRUCTURE":" ","FEATURE":" ","Q":"Y","HER_NUMBER_2":"584","HERITAGE_NAME":"GOLD MIST"},"geometry":{"type":"Polygon","coordinates":[[[72.82236693069989,19.058971788619818],[72.82190024132505,19.059143268865398],[72.82195279923648,19.05933518252015],[72.82240837531226,19.05919504277118],[72.82236693069989,19.058971788619818]]]}},{"type":"Feature","properties":{"layer":"DP_77","label":"Heritage building","confidence":"confirmed","HERITAGE_P":" ","GRADE":" ","VILLAGE":"ANDHERI","VILLAGE_DI":"ANDHERI","WARD":"K/W","REMARKS":" ","TYPE":"Heritage","CREATED_US":" ","LAST_EDITE":" ","OWNERSHIP":" ","USES":" ","MHCC_NOC":" ","DATE_":" ","NOC_FOR":" ","STRUCTURE":" ","FEATURE":" ","Q":"Y","HER_NUMBER_2":" ","HERITAGE_NAME":" "},"geometry":{"type":"Polygon","coordinates":[[[72.84038915526595,19.1259022425763],[72.84041876912438,19.12589036036617],[72.84040261441324,19.125852311879928],[72.84037368204623,19.12586206500473],[72.84038915526595,19.1259022425763]]]}},{"type":"Feature","properties":{"layer":"DP_77","label":"Heritage building","confidence":"confirmed","HERITAGE_P":" ","GRADE":"III","VILLAGE":" ","VILLAGE_DI":" ","WARD":"E","REMARKS":" ","TYPE":" ","CREATED_US":" ","CREATED_DA":-2209161600000,"LAST_EDITE":" ","LAST_EDI_1":-2209161600000,"OWNERSHIP":" ","USES":" ","MHCC_NOC":" ","DATE_":" ","NOC_FOR":" ","STRUCTURE":" ","FEATURE":" ","Q":"Y","HER_NUMBER_2":"9/302","HERITAGE_NAME":"P.S.MANDLIK BRIDGE(S.BRIDGE)"},"geometry":{"type":"Polygon","coordinates":[[[72.83260630981547,18.980334005076],[72.83261603684385,18.979719751343488],[72.83330677912063,18.979459487909836],[72.83339283651189,18.97886457637899],[72.83357354913427,18.979284021995046],[72.83356562949241,18.978819377456844],[72.8331685804431,18.9789169208331],[72.83317760176962,18.979416760973734],[72.8324592145646,18.979654156688902],[72.8323939558482,18.9803114487691],[72.83217198201983,18.979886180690208],[72.83219398908898,18.980302803849433],[72.83260630981547,18.980334005076]]]}},{"type":"Feature","properties":{"layer":"DP_77","label":"Heritage building","confidence":"confirmed","HERITAGE_P":" ","GRADE":"III","VILLAGE":"GIRGAUM","VILLAGE_DI":"GIRGAUM","WARD":"D","REMARKS":" ","TYPE":"Heritage","CREATED_US":" ","LAST_EDITE":" ","OWNERSHIP":" ","USES":" ","MHCC_NOC":" ","DATE_":" ","NOC_FOR":" ","STRUCTURE":" ","FEATURE":" ","Q":"Y","HER_NUMBER_2":"101/505","HERITAGE_NAME":"NATHALAL DAMODAR BHAVAN"},"geometry":{"type":"Polygon","coordinates":[[[72.82346337151805,18.95574265626789],[72.82328703560057,18.955796925335882],[72.82352223689378,18.95600819475644],[72.82346337151805,18.95574265626789]]]}},{"type":"Feature","properties":{"layer":"DP_77","label":"Heritage building","confidence":"confirmed","HERITAGE_P":"B M C","GRADE":"IIA","VILLAGE":"FORT","VILLAGE_DI":"FORT","WARD":"A","REMARKS":" ","TYPE":"Heritage","CREATED_US":" ","LAST_EDITE":" ","OWNERSHIP":" ","USES":" ","MHCC_NOC":" ","DATE_":" ","NOC_FOR":" ","STRUCTURE":" ","FEATURE":" ","Q":"Y","HER_NUMBER_2":"234/308","HERITAGE_NAME":"METRO CINEMA"},"geometry":{"type":"Polygon","coordinates":[[[72.82900701345396,18.942835571501575],[72.82881669502137,18.943074650116316],[72.8289841478778,18.943126144012755],[72.82900701345396,18.942835571501575]]]}},{"type":"Feature","properties":{"layer":"DP_77","label":"Heritage building","confidence":"confirmed","HERITAGE_P":" ","GRADE":"III","VILLAGE":"MAZAGAON","VILLAGE_DI":"MAZAGAON","WARD":"E","REMARKS":" ","TYPE":"Heritage","CREATED_US":" ","LAST_EDITE":" ","OWNERSHIP":" ","USES":" ","MHCC_NOC":" ","DATE_":" ","NOC_FOR":" ","STRUCTURE":" ","FEATURE":" ","Q":"Y","HER_NUMBER_2":"89/382","HERITAGE_NAME":"BOMAN BEHRAM"},"geometry":{"type":"Polygon","coordinates":[[[72.8405617736751,18.970695047671583],[72.84012783853383,18.97086205516984],[72.8405372936488,18.97095407059056],[72.8405617736751,18.970695047671583]]]}},{"type":"Feature","properties":{"layer":"DP_77","label":"Heritage building","confidence":"confirmed","HERITAGE_P":" ","GRADE":"IIB","VILLAGE":"BYCULLA","VILLAGE_DI":"BYCULLA","WARD":"E","REMARKS":" ","TYPE":"Heritage","CREATED_US":" ","LAST_EDITE":" ","OWNERSHIP":" ","USES":" ","MHCC_NOC":" ","DATE_":" ","NOC_FOR":" ","STRUCTURE":" ","FEATURE":" ","Q":"Y","HER_NUMBER_2":"17/308","HERITAGE_NAME":"DAWOOD MASJID"},"geometry":{"type":"Polygon","coordinates":[[[72.83188305351217,18.965307699804008],[72.83163791043309,18.96547638302932],[72.83192920017188,18.965459297297272],[72.83188305351217,18.965307699804008]]]}},{"type":"Feature","properties":{"layer":"DP_77","label":"Heritage building","confidence":"confirmed","HERITAGE_P":" ","GRADE":"IIA","VILLAGE":" ","VILLAGE_DI":" ","WARD":"A","REMARKS":" ","TYPE":" ","CREATED_US":" ","CREATED_DA":-2209161600000,"LAST_EDITE":" ","LAST_EDI_1":-2209161600000,"OWNERSHIP":" ","USES":" ","MHCC_NOC":" ","DATE_":" ","NOC_FOR":" ","STRUCTURE":" ","FEATURE":" ","Q":"Y","HER_NUMBER_2":"309/79","HERITAGE_NAME":"JAHANGIR BUILDING"},"geometry":{"type":"Polygon","coordinates":[[[72.83171709149917,18.928834512968486],[72.83152737423691,18.9289762680335],[72.83187363111303,18.929019076813788],[72.83171709149917,18.928834512968486]]]}},{"type":"Feature","properties":{"layer":"DP_77","label":"Heritage building","confidence":"confirmed","HERITAGE_P":" ","GRADE":"IIA","VILLAGE":" ","VILLAGE_DI":" ","WARD":"A","REMARKS":" ","TYPE":" ","CREATED_US":" ","CREATED_DA":-2209161600000,"LAST_EDITE":" ","LAST_EDI_1":-2209161600000,"OWNERSHIP":" ","USES":" ","MHCC_NOC":" ","DATE_":" ","NOC_FOR":" ","STRUCTURE":" ","FEATURE":" ","Q":"Y","HER_NUMBER_2":"2/2(ii)","HERITAGE_NAME":"NAVAL DOCKYARD (FROM LION GATE TO OLD CUSTOM HOUSE WITH CLOCK TOWER OPP. GREAT WESTERN BUILDING) ii) BUILDING P-1"},"geometry":{"type":"Polygon","coordinates":[[[72.83398319083759,18.92718231398346],[72.83401300691771,18.927499578918457],[72.83408863422616,18.926898889067413],[72.83398319083759,18.92718231398346]]]}},{"type":"Feature","properties":{"layer":"DP_77","label":"Heritage building","confidence":"confirmed","HERITAGE_P":"CANTONMENT","GRADE":"III","VILLAGE":"COLABA","VILLAGE_DI":"COLABA","WARD":"A","REMARKS":" ","TYPE":"Heritage","CREATED_US":" ","LAST_EDITE":" ","OWNERSHIP":" ","USES":" ","MHCC_NOC":" ","DATE_":" ","NOC_FOR":" ","STRUCTURE":" ","FEATURE":" ","Q":"Y","HER_NUMBER_2":"37/43","HERITAGE_NAME":"MALHOTRA HOUSE"},"geometry":{"type":"Polygon","coordinates":[[[72.8109542209859,18.898845812321344],[72.8112083389421,18.899337468881196],[72.81137706473989,18.89928227552708],[72.81142199883477,18.89895617927516],[72.8109542209859,18.898845812321344]]]}},{"type":"Feature","properties":{"layer":"DP_77","label":"Heritage building","confidence":"confirmed","HERITAGE_P":" ","GRADE":"IIB","VILLAGE":"GIRGAUM","VILLAGE_DI":"GIRGAUM","WARD":"D","REMARKS":" ","TYPE":"Heritage","CREATED_US":" ","LAST_EDITE":" ","OWNERSHIP":" ","USES":" ","MHCC_NOC":" ","DATE_":" ","NOC_FOR":" ","STRUCTURE":" ","FEATURE":" ","Q":"Y","HER_NUMBER_2":"116//214","HERITAGE_NAME":"KHETWADI MUNICIPAL MARATHI SCHOOL"},"geometry":{"type":"Polygon","coordinates":[[[72.8256783453733,18.957749260982382],[72.82589116776035,18.95766167046536],[72.82576651070471,18.95739375614115],[72.8256783453733,18.957749260982382]]]}},{"type":"Feature","properties":{"layer":"DP_77","label":"Heritage building","confidence":"confirmed","HERITAGE_P":" ","GRADE":"IIA","VILLAGE":" ","VILLAGE_DI":" ","WARD":"E","REMARKS":"AS PER NEW AGIARY LIST AT SR. NO. 37","TYPE":" ","CREATED_US":" ","CREATED_DA":-2209161600000,"LAST_EDITE":" ","LAST_EDI_1":-2209161600000,"OWNERSHIP":" ","USES":" ","MHCC_NOC":" ","DATE_":" ","NOC_FOR":" ","STRUCTURE":" ","FEATURE":" ","Q":"Y","HER_NUMBER_2":" ","HERITAGE_NAME":"SETH FRAMJI NASSERWANJI PATEL AGIARY ( KADMI) ( AGIARY)"},"geometry":{"type":"Polygon","coordinates":[[[72.84385876037993,18.969553777377644],[72.84348244845599,18.969110783266395],[72.84356215183601,18.969632555695203],[72.84385876037993,18.969553777377644]]]}},{"type":"Feature","properties":{"layer":"DP_77","label":"Heritage building","confidence":"confirmed","HERITAGE_P":" ","GRADE":"III","VILLAGE":"MALABAR HILL","VILLAGE_DI":"MALABAR HILL","WARD":"D","REMARKS":" ","TYPE":"Heritage","CREATED_US":" ","LAST_EDITE":" ","OWNERSHIP":" ","USES":" ","MHCC_NOC":" ","DATE_":" ","NOC_FOR":" ","STRUCTURE":" ","FEATURE":" ","Q":"Y","HER_NUMBER_2":"151/271","HERITAGE_NAME":"FORJETT HOUSE"},"geometry":{"type":"Polygon","coordinates":[[[72.81002454369951,18.963934497029683],[72.81011042335322,18.964308446339007],[72.81023617036853,18.964112289748318],[72.81002454369951,18.963934497029683]]]}},{"type":"Feature","properties":{"layer":"DP_77","label":"Heritage building","confidence":"confirmed","HERITAGE_P":"MAJESTIC","GRADE":"IIA","VILLAGE":"COLABA","VILLAGE_DI":"COLABA","WARD":"A","REMARKS":" ","TYPE":"Heritage","CREATED_US":" ","LAST_EDITE":" ","OWNERSHIP":" ","USES":" ","MHCC_NOC":" ","DATE_":" ","NOC_FOR":" ","STRUCTURE":" ","FEATURE":" ","Q":"Y","HER_NUMBER_2":"199/226","HERITAGE_NAME":"RAHEM MANSION 1 & 2"},"geometry":{"type":"Polygon","coordinates":[[[72.83129339759387,18.922485874436664],[72.83088587047781,18.92260674130808],[72.83094672086608,18.922800661095664],[72.8312577207054,18.922809908997852],[72.83129339759387,18.922485874436664]]]}},{"type":"Feature","properties":{"layer":"DP_77","label":"Heritage building","confidence":"confirmed","HERITAGE_P":" ","GRADE":"IIB","VILLAGE":"PASPOLI","VILLAGE_DI":"PASPOLI","WARD":"S","REMARKS":" ","TYPE":"Heritage","CREATED_US":" ","LAST_EDITE":" ","OWNERSHIP":" ","USES":" ","MHCC_NOC":" ","DATE_":" ","NOC_FOR":" ","STRUCTURE":" ","FEATURE":" ","Q":"Y","HER_NUMBER_2":"33/36","HERITAGE_NAME":"SASHTI MUNICIPAL OFFICE"},"geometry":{"type":"Polygon","coordinates":[[[72.89587463521434,19.129004129881753],[72.89564191274481,19.128942265102992],[72.89529182541472,19.130308273585655],[72.89620244487327,19.13028297001876],[72.89630740176206,19.129663653962815],[72.89587463521434,19.129004129881753]]]}},{"type":"Feature","properties":{"layer":"DP_77","label":"Heritage building","confidence":"confirmed","HERITAGE_P":" ","GRADE":"III","VILLAGE":"MANDVI","VILLAGE_DI":"MANDVI","WARD":"B","REMARKS":" ","TYPE":"Heritage","CREATED_US":" ","LAST_EDITE":" ","OWNERSHIP":" ","USES":" ","MHCC_NOC":" ","DATE_":" ","NOC_FOR":" ","STRUCTURE":" ","FEATURE":" ","Q":"Y","HER_NUMBER_2":"46/129","HERITAGE_NAME":"STATE BANK OF INDIA BUILDING, MANDVI BRANCH"},"geometry":{"type":"Polygon","coordinates":[[[72.83236156362594,18.95226819331475],[72.83256093408363,18.952471644099145],[72.83264059859367,18.952315908152848],[72.83236156362594,18.95226819331475]]]}},{"type":"Feature","properties":{"layer":"DP_77","label":"Heritage building","confidence":"confirmed","HERITAGE_P":" ","GRADE":"III","VILLAGE":"EKSAR-S","VILLAGE_DI":"EKSAR-S","WARD":"R","REMARKS":" ","TYPE":"Heritage","CREATED_US":" ","LAST_EDITE":" ","OWNERSHIP":" ","USES":" ","MHCC_NOC":" ","DATE_":" ","NOC_FOR":" ","STRUCTURE":" ","FEATURE":" ","Q":"Y","HER_NUMBER_2":"163/209","HERITAGE_NAME":"CHIKAL BUILDING"},"geometry":{"type":"Polygon","coordinates":[[[72.85365376517653,19.2282295899935],[72.85365183317893,19.228645958479706],[72.85400136859492,19.228592930485107],[72.85410265046399,19.22732675170144],[72.8538025568765,19.22730664670348],[72.85365376517653,19.2282295899935]]]}},{"type":"Feature","properties":{"layer":"DP_77","label":"Heritage building","confidence":"confirmed","HERITAGE_P":" ","GRADE":"III","VILLAGE":"BHULESHWAR","VILLAGE_DI":"BHULESHWAR","WARD":"C","REMARKS":" ","TYPE":"Heritage","CREATED_US":" ","LAST_EDITE":" ","OWNERSHIP":" ","USES":" ","MHCC_NOC":" ","DATE_":" ","NOC_FOR":" ","STRUCTURE":" ","FEATURE":" ","Q":"Y","HER_NUMBER_2":"37/182","HERITAGE_NAME":"BANSILAL HABIBCHAND BUILDING"},"geometry":{"type":"Polygon","coordinates":[[[72.82985832924467,18.952013990510935],[72.83000432224333,18.95217406385162],[72.82994135670084,18.951950639023806],[72.82985832924467,18.952013990510935]]]}},{"type":"Feature","properties":{"layer":"DP_77","label":"Heritage building","confidence":"confirmed","HERITAGE_P":" ","GRADE":"III","VILLAGE":"TARDEO","VILLAGE_DI":"TARDEO","WARD":"D","REMARKS":" ","TYPE":"Heritage","CREATED_US":" ","LAST_EDITE":" ","OWNERSHIP":" ","USES":" ","MHCC_NOC":" ","DATE_":" ","NOC_FOR":" ","STRUCTURE":" ","FEATURE":" ","Q":"Y","HER_NUMBER_2":"133/238","HERITAGE_NAME":"MINERVA MANSION"},"geometry":{"type":"Polygon","coordinates":[[[72.82104886308359,18.962188871961015],[72.82100555959592,18.962423916577126],[72.82109497284631,18.962411676999608],[72.82104886308359,18.962188871961015]]]}},{"type":"Feature","properties":{"layer":"DP_77","label":"Heritage building","confidence":"confirmed","HERITAGE_P":"MUSEUM","GRADE":"I","VILLAGE":"FORT","VILLAGE_DI":"FORT","WARD":"A","REMARKS":" ","TYPE":"Heritage","CREATED_US":" ","LAST_EDITE":" ","OWNERSHIP":" ","USES":" ","MHCC_NOC":" ","DATE_":" ","NOC_FOR":" ","STRUCTURE":" ","FEATURE":" ","Q":"Y","HER_NUMBER_2":"144/164","HERITAGE_NAME":"CHHATRAPATI SHIVAJI MAHARAJ VASTUSANGRAHALAYA (PRINCE OF WALES MUSUEUM)"},"geometry":{"type":"Polygon","coordinates":[[[72.8315501338181,18.927378541347984],[72.83176385190595,18.927610101757733],[72.8320943011311,18.9275610612638],[72.83340165401098,18.926555528124766],[72.8334593214311,18.926217433956275],[72.83277376217454,18.925879909137063],[72.83197739924306,18.926075788341972],[72.83161985589733,18.926484073479042],[72.8315501338181,18.927378541347984]]]}},{"type":"Feature","properties":{"layer":"DP_77","label":"Heritage building","confidence":"confirmed","HERITAGE_P":" ","GRADE":"IIB","VILLAGE":"BHULESHWAR","VILLAGE_DI":"BHULESHWAR","WARD":"C","REMARKS":" ","TYPE":" ","CREATED_US":" ","LAST_EDITE":" ","OWNERSHIP":" ","USES":" ","MHCC_NOC":" ","DATE_":" ","NOC_FOR":" ","STRUCTURE":" ","FEATURE":" ","Q":"Y","HER_NUMBER_2":"4/143","HERITAGE_NAME":"BHULESHWAR MARKET"},"geometry":{"type":"Polygon","coordinates":[[[72.82984152335752,18.95288941322712],[72.82964117202282,18.952723355812832],[72.82940003795188,18.95296612741433],[72.8295657321202,18.95315307077537],[72.82984152335752,18.95288941322712]]]}},{"type":"Feature","properties":{"layer":"DP_77","label":"Heritage building","confidence":"confirmed","HERITAGE_P":" ","GRADE":"III","VILLAGE":"BANDRA-B","VILLAGE_DI":"BANDRA-B","WARD":"H/W","REMARKS":" ","TYPE":"Heritage","CREATED_US":" ","LAST_EDITE":" ","OWNERSHIP":" ","USES":" ","MHCC_NOC":" ","DATE_":" ","NOC_FOR":" ","STRUCTURE":" ","FEATURE":" ","Q":"Y","HER_NUMBER_2":"7/007","HERITAGE_NAME":"THE RETREAT"},"geometry":{"type":"Polygon","coordinates":[[[72.82524069356268,19.050333270254498],[72.82544500317655,19.050432775650993],[72.82526848366295,19.050170986976276],[72.82524069356268,19.050333270254498]]]}},{"type":"Feature","properties":{"layer":"DP_77","label":"Heritage building","confidence":"confirmed","HERITAGE_P":"CRAWFORD MARKET","GRADE":"I","VILLAGE":"FORT","VILLAGE_DI":"FORT","WARD":"A","REMARKS":" ","TYPE":"Heritage","CREATED_US":" ","LAST_EDITE":" ","OWNERSHIP":" ","USES":" ","MHCC_NOC":" ","DATE_":" ","NOC_FOR":" ","STRUCTURE":" ","FEATURE":" ","Q":"Y","HER_NUMBER_2":"110/126","HERITAGE_NAME":"MAHATMA PHULE MARKET(CRAWFORD MARKET)"},"geometry":{"type":"Polygon","coordinates":[[[72.83390568525833,18.947483078570148],[72.83488562777634,18.948238856296815],[72.83521839547248,18.948175380586218],[72.83499364019563,18.946458512962092],[72.83401544420843,18.94641803747191],[72.83390568525833,18.947483078570148]],[[72.83450421235133,18.947077108318013],[72.83453263233503,18.94716079867786],[72.83447463343937,18.9471363508834],[72.83450421235133,18.947077108318013]]]}},{"type":"Feature","properties":{"layer":"DP_77","label":"Heritage building","confidence":"confirmed","HERITAGE_P":" ","GRADE":"III","VILLAGE":"MALABAR HILL","VILLAGE_DI":"MALABAR HILL","WARD":"D","REMARKS":" ","TYPE":"Heritage","CREATED_US":" ","LAST_EDITE":" ","OWNERSHIP":" ","USES":" ","MHCC_NOC":" ","DATE_":" ","NOC_FOR":" ","STRUCTURE":" ","FEATURE":" ","Q":"Y","HER_NUMBER_2":"20/382","HERITAGE_NAME":"BLDG. NO. 26-B, (PRETA)"},"geometry":{"type":"Polygon","coordinates":[[[72.80003101403082,18.951160945091555],[72.8001231054133,18.95148630566067],[72.80068911349356,18.951035470691814],[72.8005023913208,18.950868222019142],[72.80003101403082,18.951160945091555]]]}},{"type":"Feature","properties":{"layer":"DP_77","label":"Heritage building","confidence":"confirmed","HERITAGE_P":" ","GRADE":"III","VILLAGE":"BHULESHWAR","VILLAGE_DI":"BHULESHWAR","WARD":"C","REMARKS":" ","TYPE":"Heritage","CREATED_US":" ","LAST_EDITE":" ","OWNERSHIP":" ","USES":" ","MHCC_NOC":" ","DATE_":" ","NOC_FOR":" ","STRUCTURE":" ","FEATURE":" ","Q":"Y","HER_NUMBER_2":"51/194","HERITAGE_NAME":"20,DHANJI STREET"},"geometry":{"type":"Polygon","coordinates":[[[72.8315668308208,18.951954169508127],[72.83143518984826,18.9519088960348],[72.8315466140056,18.952029043466247],[72.8315668308208,18.951954169508127]]]}},{"type":"Feature","properties":{"layer":"DP_77","label":"Heritage building","confidence":"confirmed","HERITAGE_P":" ","GRADE":"III","VILLAGE":" ","VILLAGE_DI":" ","WARD":"D","REMARKS":" ","TYPE":" ","CREATED_US":" ","CREATED_DA":-2209161600000,"LAST_EDITE":" ","LAST_EDI_1":-2209161600000,"OWNERSHIP":" ","USES":" ","MHCC_NOC":" ","DATE_":" ","NOC_FOR":" ","STRUCTURE":" ","FEATURE":" ","Q":"Y","HER_NUMBER_2":"67/447","HERITAGE_NAME":"RAMTEK, DEOGIRI & SEVA SADAN"},"geometry":{"type":"Polygon","coordinates":[[[72.79527071996488,18.95267382357773],[72.7945500329325,18.95297769622162],[72.79511937594008,18.95338298791198],[72.79623330279034,18.95294558864669],[72.79642587826659,18.952454518736],[72.79527071996488,18.95267382357773]]]}},{"type":"Feature","properties":{"layer":"DP_77","label":"Heritage building","confidence":"confirmed","HERITAGE_P":"CANTONMENT","GRADE":"IIA","VILLAGE":"COLABA","VILLAGE_DI":"COLABA","WARD":"A","REMARKS":" ","TYPE":"Heritage","CREATED_US":" ","LAST_EDITE":" ","OWNERSHIP":" ","USES":" ","MHCC_NOC":" ","DATE_":" ","NOC_FOR":" ","STRUCTURE":" ","FEATURE":" ","Q":"Y","HER_NUMBER_2":"21/23","HERITAGE_NAME":"ST. JOSEPH'S CHURCH (KNOWN AS R.C.CHURCH)"},"geometry":{"type":"Polygon","coordinates":[[[72.81248615007713,18.900031324017917],[72.81363377838453,18.89980294846923],[72.81343168884767,18.899383168393868],[72.8124121259633,18.899880428925194],[72.81248615007713,18.900031324017917]]]}},{"type":"Feature","properties":{"layer":"DP_77","label":"Heritage building","confidence":"confirmed","HERITAGE_P":" ","GRADE":"IIA","VILLAGE":"BHULESHWAR","VILLAGE_DI":"BHULESHWAR","WARD":"C","REMARKS":" ","TYPE":"Heritage","CREATED_US":" ","LAST_EDITE":" ","OWNERSHIP":" ","USES":" ","MHCC_NOC":" ","DATE_":" ","NOC_FOR":" ","STRUCTURE":" ","FEATURE":" ","Q":"Y","HER_NUMBER_2":"7/146","HERITAGE_NAME":"P.J.HINDU GYMKHANA GROUND"},"geometry":{"type":"Polygon","coordinates":[[[72.82181232510965,18.9464470246687],[72.82146009279721,18.946909973750042],[72.82233972621285,18.947608811679334],[72.82303174483837,18.946530528330676],[72.82213149633644,18.946023053773615],[72.82181232510965,18.9464470246687]]]}},{"type":"Feature","properties":{"layer":"DP_77","label":"Heritage building","confidence":"confirmed","HERITAGE_P":"VICTORIA TERMINUS","GRADE":"I","VILLAGE":"FORT","VILLAGE_DI":"FORT","WARD":"A","REMARKS":" ","TYPE":"Heritage","CREATED_US":" ","LAST_EDITE":" ","OWNERSHIP":" ","USES":" ","MHCC_NOC":" ","DATE_":" ","NOC_FOR":" ","STRUCTURE":" ","FEATURE":" ","Q":"Y","HER_NUMBER_2":"105/121","HERITAGE_NAME":"CHATRAPATI SHIVAJI MAHARAJ TERMINUS(VICTORIA TERMINUS-BORIBUNDER)"},"geometry":{"type":"Polygon","coordinates":[[[72.83562700296889,18.93938023284624],[72.83508944218903,18.93941408390263],[72.83495631131225,18.940283600847952],[72.83667646226097,18.940719641594427],[72.83690368289464,18.939503197739665],[72.83562700296889,18.93938023284624]]]}},{"type":"Feature","properties":{"layer":"DP_77","label":"Heritage building","confidence":"confirmed","HERITAGE_P":" ","GRADE":"III","VILLAGE":"BANDRA-C","VILLAGE_DI":"BANDRA-C","WARD":"H/W","REMARKS":" ","TYPE":" ","CREATED_US":" ","LAST_EDITE":" ","OWNERSHIP":" ","USES":" ","MHCC_NOC":" ","DATE_":" ","NOC_FOR":" ","STRUCTURE":" ","FEATURE":" ","Q":"Y","HER_NUMBER_2":"588","HERITAGE_NAME":"YATCH RESTAURANT BUILDING (FIRMS MANSION)"},"geometry":{"type":"Polygon","coordinates":[[[72.82540445630785,19.055127299648433],[72.8258615923652,19.055265978459293],[72.8259041686495,19.054764278947985],[72.82541478985662,19.054912022189004],[72.82540445630785,19.055127299648433]]]}},{"type":"Feature","properties":{"layer":"DP_77","label":"Heritage building","confidence":"confirmed","HERITAGE_P":" ","GRADE":"III","VILLAGE":"MAHIM","VILLAGE_DI":"MAHIM","WARD":"G/N","REMARKS":" ","TYPE":" ","CREATED_US":" ","LAST_EDITE":" ","OWNERSHIP":"Trust  (The D'Silva Trust)","USES":"Educational","MHCC_NOC":" ","DATE_":"1910","NOC_FOR":" ","STRUCTURE":" ","FEATURE":"Built in the Colonial Vernacular Style , Manglaore Tiled sloping roof and porch, clock in gable decorative bargeboard, cast iron finial  , decorative doors windows and fanlights","Q":"Y","HER_NUMBER_2":"3/553","HERITAGE_NAME":"Antoni D'Silva School Complex (Antoni D'Silva High School  & Jr. Collage of Commerce)"},"geometry":{"type":"Polygon","coordinates":[[[72.83985633935792,19.021191212646926],[72.84017892197731,19.020995946799708],[72.84038312035224,19.019733616912205],[72.83935309919654,19.020024407669943],[72.83985633935792,19.021191212646926]]]}},{"type":"Feature","properties":{"layer":"DP_77","label":"Heritage building","confidence":"confirmed","HERITAGE_P":" ","GRADE":"III","VILLAGE":"BANDRA-B","VILLAGE_DI":"BANDRA-B","WARD":"H/W","REMARKS":" ","TYPE":"Heritage","CREATED_US":" ","LAST_EDITE":" ","OWNERSHIP":" ","USES":" ","MHCC_NOC":" ","DATE_":" ","NOC_FOR":" ","STRUCTURE":" ","FEATURE":" ","Q":"Y","HER_NUMBER_2":"15/017","HERITAGE_NAME":"FERNANDES VILLA"},"geometry":{"type":"Polygon","coordinates":[[[72.8257758205799,19.05459397362217],[72.82591687630932,19.054639654045786],[72.8259101444286,19.05447444021185],[72.8257758205799,19.05459397362217]]]}},{"type":"Feature","properties":{"layer":"DP_77","label":"Heritage building","confidence":"confirmed","HERITAGE_P":" ","GRADE":"III","VILLAGE":"BHULESHWAR","VILLAGE_DI":"BHULESHWAR","WARD":"C","REMARKS":" ","TYPE":"Heritage","CREATED_US":" ","LAST_EDITE":" ","OWNERSHIP":" ","USES":" ","MHCC_NOC":" ","DATE_":" ","NOC_FOR":" ","STRUCTURE":" ","FEATURE":" ","Q":"Y","HER_NUMBER_2":"352","HERITAGE_NAME":"GULALWADI MUNICIPAL PRIMARY SCHOOL"},"geometry":{"type":"Polygon","coordinates":[[[72.82780994917741,18.957804453535363],[72.8276762965471,18.957898274935417],[72.82798095024948,18.95789333449347],[72.82780994917741,18.957804453535363]]]}},{"type":"Feature","properties":{"layer":"DP_77","label":"Heritage building","confidence":"confirmed","HERITAGE_P":" ","GRADE":"III","VILLAGE":"MATUNGA","VILLAGE_DI":"MATUNGA","WARD":"F/N","REMARKS":" ","TYPE":"Heritage","CREATED_US":" ","LAST_EDITE":" ","OWNERSHIP":" ","USES":" ","MHCC_NOC":" ","DATE_":" ","NOC_FOR":" ","STRUCTURE":" ","FEATURE":" ","Q":"Y","HER_NUMBER_2":"28/455","HERITAGE_NAME":"793 , FAMILY HOUSE"},"geometry":{"type":"Polygon","coordinates":[[[72.84893754152954,19.017919183138098],[72.84911036703022,19.01780088772457],[72.84895360317209,19.017595466730008],[72.8487419073844,19.017713438636264],[72.84893754152954,19.017919183138098]]]}},{"type":"Feature","properties":{"layer":"DP_77","label":"Heritage building","confidence":"confirmed","HERITAGE_P":"BALLARD PIER","GRADE":"IIA","VILLAGE":"FORT","VILLAGE_DI":"FORT","WARD":"A","REMARKS":" ","TYPE":"Heritage","CREATED_US":" ","LAST_EDITE":" ","OWNERSHIP":" ","USES":" ","MHCC_NOC":" ","DATE_":" ","NOC_FOR":" ","STRUCTURE":" ","FEATURE":" ","Q":"Y","HER_NUMBER_2":"123/141(8)","HERITAGE_NAME":"BUILDINGS OF BALLARD ESTATE, NAMELY 8) BALMER LAWRIE & CO. LTD."},"geometry":{"type":"Polygon","coordinates":[[[72.84183718094863,18.934442490866417],[72.84170502139091,18.934198276245247],[72.84167067971357,18.934382277343534],[72.84183718094863,18.934442490866417]]]}},{"type":"Feature","properties":{"layer":"DP_77","label":"Heritage building","confidence":"confirmed","HERITAGE_P":" ","GRADE":"III","VILLAGE":"GIRGAUM","VILLAGE_DI":"GIRGAUM","WARD":"C","REMARKS":" ","TYPE":"Heritage","CREATED_US":" ","LAST_EDITE":" ","OWNERSHIP":" ","USES":" ","MHCC_NOC":" ","DATE_":" ","NOC_FOR":" ","STRUCTURE":" ","FEATURE":" ","Q":"Y","HER_NUMBER_2":"345","HERITAGE_NAME":"MORARBHAI VIJBHUKHANDAS MALVI BAUG"},"geometry":{"type":"Polygon","coordinates":[[[72.82534578921822,18.954158197212948],[72.82522828259191,18.95427186405513],[72.82552946284432,18.954540946859264],[72.82567715961171,18.954245793258423],[72.82534578921822,18.954158197212948]]]}},{"type":"Feature","properties":{"layer":"DP_77","label":"Heritage building","confidence":"confirmed","HERITAGE_P":" ","GRADE":"IIB","VILLAGE":"MALABAR HILL","VILLAGE_DI":"MALABAR HILL","WARD":"D","REMARKS":" ","TYPE":"Heritage","CREATED_US":" ","LAST_EDITE":" ","OWNERSHIP":" ","USES":" ","MHCC_NOC":" ","DATE_":" ","NOC_FOR":" ","STRUCTURE":" ","FEATURE":" ","Q":"Y","HER_NUMBER_2":"54/428","HERITAGE_NAME":"TOWER OF SILENCE"},"geometry":{"type":"Polygon","coordinates":[[[72.80649559367629,18.958075664724745],[72.80618273349143,18.957651901867248],[72.80498199901265,18.95789866022766],[72.8045843865996,18.95822856182012],[72.80400550327278,18.958171249431945],[72.80401408003519,18.95894481284894],[72.80318836179768,18.959211368452262],[72.80311406154213,18.95968377329355],[72.80359142466331,18.959707366651394],[72.80370502689662,18.95995811667879],[72.803923445522,18.960606967235094],[72.80350877313788,18.960987813289904],[72.80370612110646,18.9613534772334],[72.80459109427119,18.96141977208698],[72.80485659126683,18.961849402176917],[72.80559463581814,18.961712306105607],[72.80598688521317,18.962923598944954],[72.80690987966842,18.963020977404643],[72.8073867816815,18.96336677610546],[72.8071962458513,18.96392914718231],[72.8076169955649,18.963364248771242],[72.80809248748766,18.961079470051654],[72.80746434408395,18.958936582509946],[72.80649559367629,18.958075664724745]]]}},{"type":"Feature","properties":{"layer":"DP_77","label":"Heritage building","confidence":"confirmed","HERITAGE_P":" ","GRADE":"IIB","VILLAGE":"BANDRA-F","VILLAGE_DI":"BANDRA-F","WARD":"H/W","REMARKS":" ","TYPE":"Heritage","CREATED_US":" ","LAST_EDITE":" ","OWNERSHIP":" ","USES":" ","MHCC_NOC":" ","DATE_":" ","NOC_FOR":" ","STRUCTURE":" ","FEATURE":" ","Q":"Y","HER_NUMBER_2":"80/099","HERITAGE_NAME":"PATKAR BUNGLOW"},"geometry":{"type":"Polygon","coordinates":[[[72.83572466869164,19.05981752678358],[72.83587286853086,19.05949835747516],[72.83558581309057,19.05946884344718],[72.83572466869164,19.05981752678358]]]}},{"type":"Feature","properties":{"layer":"DP_77","label":"Heritage building","confidence":"confirmed","HERITAGE_P":" ","GRADE":"IIB","VILLAGE":"BYCULLA","VILLAGE_DI":"BYCULLA","WARD":"E","REMARKS":" ","TYPE":"Heritage","CREATED_US":" ","LAST_EDITE":" ","OWNERSHIP":" ","USES":" ","MHCC_NOC":" ","DATE_":" ","NOC_FOR":" ","STRUCTURE":" ","FEATURE":" ","Q":"Y","HER_NUMBER_2":"19/310","HERITAGE_NAME":"HUME MEMORIAL CONGREGATION CHURCH"},"geometry":{"type":"Polygon","coordinates":[[[72.8292483825495,18.966546583262836],[72.8295975661077,18.966655825727855],[72.83028557276923,18.966225312622967],[72.82981983831917,18.965846528746887],[72.8292483825495,18.966546583262836]]]}},{"type":"Feature","properties":{"layer":"DP_77","label":"Heritage building","confidence":"confirmed","HERITAGE_P":"9999","GRADE":"I","VILLAGE":"BYCULLA","VILLAGE_DI":"BYCULLA","WARD":"E","REMARKS":" ","TYPE":"Heritage","CREATED_US":" ","LAST_EDITE":" ","OWNERSHIP":" ","USES":" ","MHCC_NOC":" ","DATE_":" ","NOC_FOR":" ","STRUCTURE":" ","FEATURE":" ","Q":"Y","HER_NUMBER_2":"627","HERITAGE_NAME":"BYCULLA RAILWAY STATION"},"geometry":{"type":"Polygon","coordinates":[[[72.83287629722794,18.976391864670934],[72.83287313338083,18.975884514706568],[72.83277136375982,18.97704296349609],[72.83287629722794,18.976391864670934]]]}},{"type":"Feature","properties":{"layer":"DP_77","label":"Heritage building","confidence":"confirmed","HERITAGE_P":"MAJESTIC","GRADE":"III","VILLAGE":"COLABA","VILLAGE_DI":"COLABA","WARD":"A","REMARKS":" ","TYPE":"Heritage","CREATED_US":" ","LAST_EDITE":" ","OWNERSHIP":" ","USES":" ","MHCC_NOC":" ","DATE_":" ","NOC_FOR":" ","STRUCTURE":" ","FEATURE":" ","Q":"Y","HER_NUMBER_2":"172/197","HERITAGE_NAME":"SCHOEN HOUSE"},"geometry":{"type":"Polygon","coordinates":[[[72.83117471115011,18.923580254489234],[72.83086416138136,18.92393222212295],[72.83100276652446,18.924033473900536],[72.83130680120013,18.92380242536134],[72.83117471115011,18.923580254489234]]]}},{"type":"Feature","properties":{"layer":"DP_77","label":"Heritage building","confidence":"confirmed","HERITAGE_P":"OPERA HOUSE PRECINCT","GRADE":"III","VILLAGE":"GIRGAUM","VILLAGE_DI":"GIRGAUM","WARD":"D","REMARKS":" ","TYPE":"Heritage","CREATED_US":" ","LAST_EDITE":" ","OWNERSHIP":" ","USES":" ","MHCC_NOC":" ","DATE_":" ","NOC_FOR":" ","STRUCTURE":" ","FEATURE":" ","Q":"Y","HER_NUMBER_2":"5/320","HERITAGE_NAME":"NAGINDAS MANSION"},"geometry":{"type":"Polygon","coordinates":[[[72.81645218037359,18.956519865380336],[72.8165243936634,18.956704587725195],[72.8167832492099,18.956633637384694],[72.81692526643778,18.956198628239974],[72.81645218037359,18.956519865380336]]]}},{"type":"Feature","properties":{"layer":"DP_77","label":"Heritage building","confidence":"confirmed","HERITAGE_P":"BALLARD PIER","GRADE":"IIA","VILLAGE":"FORT","VILLAGE_DI":"FORT","WARD":"A","REMARKS":" ","TYPE":"Heritage","CREATED_US":" ","LAST_EDITE":" ","OWNERSHIP":" ","USES":" ","MHCC_NOC":" ","DATE_":" ","NOC_FOR":" ","STRUCTURE":" ","FEATURE":" ","Q":"Y","HER_NUMBER_2":"230/261(e)","HERITAGE_NAME":"e) CONSTRUCTION HOUSE (WALCHAND HIRACHAND INDUSTRIES)"},"geometry":{"type":"Polygon","coordinates":[[[72.83978564944154,18.937249906569537],[72.8401283886453,18.937194297794207],[72.83971242441798,18.93709788777093],[72.83978564944154,18.937249906569537]]]}},{"type":"Feature","properties":{"layer":"DP_77","label":"Heritage building","confidence":"confirmed","HERITAGE_P":"CANTONMENT","GRADE":"IIA","VILLAGE":"COLABA","VILLAGE_DI":"COLABA","WARD":"A","REMARKS":" ","TYPE":"Heritage","CREATED_US":" ","LAST_EDITE":" ","OWNERSHIP":" ","USES":" ","MHCC_NOC":" ","DATE_":" ","NOC_FOR":" ","STRUCTURE":" ","FEATURE":" ","Q":"Y","HER_NUMBER_2":"31/37","HERITAGE_NAME":"FLEET HOUSE"},"geometry":{"type":"Polygon","coordinates":[[[72.81201230250565,18.900938197787106],[72.81216562411403,18.90139292162446],[72.81265000088655,18.901322440596456],[72.81249335824596,18.900775599283133],[72.81201230250565,18.900938197787106]]]}},{"type":"Feature","properties":{"layer":"DP_77","label":"Heritage building","confidence":"confirmed","HERITAGE_P":"GATEWAY","GRADE":"I","VILLAGE":"FORT","VILLAGE_DI":"FORT","WARD":"A","REMARKS":" ","TYPE":"Heritage","CREATED_US":" ","LAST_EDITE":" ","OWNERSHIP":" ","USES":" ","MHCC_NOC":" ","DATE_":" ","NOC_FOR":" ","STRUCTURE":" ","FEATURE":" ","Q":"Y","HER_NUMBER_2":"81/95","HERITAGE_NAME":"MAHARASHTRA TECH. POLICE HEAD QUARTERS ( POLICE COMMISSIONER'S OFFICE - OLD COUNCIL HALL/SAILORS HOME)"},"geometry":{"type":"Polygon","coordinates":[[[72.83352988041698,18.92585332456891],[72.83405523720448,18.92527799745329],[72.83314534038803,18.92449179641956],[72.83278791019411,18.925315774137],[72.83352988041698,18.92585332456891]]]}},{"type":"Feature","properties":{"layer":"DP_77","label":"Heritage building","confidence":"confirmed","HERITAGE_P":"MUSEUM","GRADE":"III","VILLAGE":"FORT","VILLAGE_DI":"FORT","WARD":"A","REMARKS":" ","TYPE":"Heritage","CREATED_US":" ","LAST_EDITE":" ","OWNERSHIP":" ","USES":" ","MHCC_NOC":" ","DATE_":" ","NOC_FOR":" ","STRUCTURE":" ","FEATURE":" ","Q":"Y","HER_NUMBER_2":"201/228","HERITAGE_NAME":"CAMA ORIENTAL INSTITUTE"},"geometry":{"type":"Polygon","coordinates":[[[72.83343644013794,18.927171612283992],[72.83372690999725,18.927319814242853],[72.83380493889042,18.92712453043083],[72.83343644013794,18.927171612283992]]]}},{"type":"Feature","properties":{"layer":"DP_77","label":"Heritage building","confidence":"confirmed","HERITAGE_P":"NA","GRADE":"IIB","VILLAGE":"MAHIM","VILLAGE_DI":"MAHIM","WARD":"G/N","REMARKS":" ","TYPE":"Heritage","CREATED_US":" ","LAST_EDITE":" ","OWNERSHIP":"MCGM","USES":"Residential","MHCC_NOC":" ","DATE_":"1930","NOC_FOR":" ","STRUCTURE":" ","FEATURE":"Edwardian Neo classical bungalow with a porte-cochere in a large garden setting by the sea","Q":"Y","HER_NUMBER_2":"5/555","HERITAGE_NAME":"MAYOR'S BUNGLOW"},"geometry":{"type":"Polygon","coordinates":[[[72.83629978174794,19.029374717164618],[72.83635508652002,19.02957497270425],[72.83740868169258,19.029381865085384],[72.83737315917107,19.02858487352153],[72.83627996638502,19.02891863300596],[72.83629978174794,19.029374717164618]]]}},{"type":"Feature","properties":{"layer":"DP_77","label":"Heritage building","confidence":"confirmed","HERITAGE_P":" ","GRADE":"III","VILLAGE":"BANDRA-H","VILLAGE_DI":"BANDRA-H","WARD":"H/W","REMARKS":" ","TYPE":"Heritage","CREATED_US":" ","LAST_EDITE":" ","OWNERSHIP":" ","USES":" ","MHCC_NOC":" ","DATE_":" ","NOC_FOR":" ","STRUCTURE":" ","FEATURE":" ","Q":"Y","HER_NUMBER_2":"110/131","HERITAGE_NAME":"VILLA BENTA"},"geometry":{"type":"Polygon","coordinates":[[[72.83912477329747,19.07633165746946],[72.83931479311543,19.076530395140576],[72.83936278401735,19.076274622864787],[72.83912477329747,19.07633165746946]]]}},{"type":"Feature","properties":{"layer":"DP_77","label":"Heritage building","confidence":"confirmed","HERITAGE_P":" ","GRADE":"IIA","VILLAGE":"TULSI","VILLAGE_DI":"TULSI","WARD":"T","REMARKS":" ","TYPE":"Heritage","CREATED_US":" ","LAST_EDITE":" ","OWNERSHIP":" ","USES":" ","MHCC_NOC":" ","DATE_":" ","NOC_FOR":" ","STRUCTURE":" ","FEATURE":" ","Q":"Y","HER_NUMBER_2":"48/51","HERITAGE_NAME":"TULSI OUTLET TOWER"},"geometry":{"type":"Polygon","coordinates":[[[72.91700755141228,19.18623744736738],[72.91714125432918,19.18665459247341],[72.91728510613234,19.186616792516805],[72.91700755141228,19.18623744736738]]]}},{"type":"Feature","properties":{"layer":"DP_77","label":"Heritage building","confidence":"confirmed","HERITAGE_P":"MAJESTIC","GRADE":"IIA","VILLAGE":"COLABA","VILLAGE_DI":"COLABA","WARD":"A","REMARKS":" ","TYPE":"Heritage","CREATED_US":" ","LAST_EDITE":" ","OWNERSHIP":" ","USES":" ","MHCC_NOC":" ","DATE_":" ","NOC_FOR":" ","STRUCTURE":" ","FEATURE":" ","Q":"Y","HER_NUMBER_2":"237/632","HERITAGE_NAME":"BEST HOUSE ELECTRIC HOUSE"},"geometry":{"type":"Polygon","coordinates":[[[72.82956962746574,18.92253861382305],[72.831032964827,18.92185222945738],[72.8303310331038,18.9207120226887],[72.82901111643773,18.921576699146723],[72.82956962746574,18.92253861382305]]]}},{"type":"Feature","properties":{"layer":"DP_77","label":"Heritage building","confidence":"confirmed","HERITAGE_P":" ","GRADE":"IIB","VILLAGE":"BANDRA-C","VILLAGE_DI":"BANDRA-C","WARD":"H/W","REMARKS":" ","TYPE":"Heritage","CREATED_US":" ","LAST_EDITE":" ","OWNERSHIP":" ","USES":" ","MHCC_NOC":" ","DATE_":" ","NOC_FOR":" ","STRUCTURE":" ","FEATURE":" ","Q":"Y","HER_NUMBER_2":"586","HERITAGE_NAME":"WESTERN RAILWAY PALI HILL ESTATE"},"geometry":{"type":"Polygon","coordinates":[[[72.82472232324878,19.065220754937656],[72.82485850115279,19.0645003503816],[72.8246683689822,19.063870611227607],[72.82380998475085,19.06387163889513],[72.8237167279018,19.063172250440957],[72.82276426866846,19.063113431523707],[72.82332862996356,19.065370842786557],[72.82472232324878,19.065220754937656]]]}},{"type":"Feature","properties":{"layer":"DP_77","label":"Heritage building","confidence":"confirmed","HERITAGE_P":"CANTONMENT","GRADE":"IIB","VILLAGE":"COLABA","VILLAGE_DI":"COLABA","WARD":"A","REMARKS":" ","TYPE":"Heritage","CREATED_US":" ","LAST_EDITE":" ","OWNERSHIP":" ","USES":" ","MHCC_NOC":" ","DATE_":" ","NOC_FOR":" ","STRUCTURE":" ","FEATURE":" ","Q":"Y","HER_NUMBER_2":"47/55","HERITAGE_NAME":"BUNGALOW WEST OF NO.6 MAUDE LANE"},"geometry":{"type":"Polygon","coordinates":[[[72.81056408533266,18.902847248141068],[72.81103016651446,18.902820620430166],[72.81106172133123,18.902166601415203],[72.81064623742266,18.902156205297754],[72.81056408533266,18.902847248141068]]]}},{"type":"Feature","properties":{"layer":"DP_77","label":"Heritage building","confidence":"confirmed","HERITAGE_P":" ","GRADE":"III","VILLAGE":"MATUNGA","VILLAGE_DI":"MATUNGA","WARD":"F/N","REMARKS":" ","TYPE":" ","CREATED_US":" ","LAST_EDITE":" ","OWNERSHIP":" ","USES":" ","MHCC_NOC":" ","DATE_":" ","NOC_FOR":" ","STRUCTURE":" ","FEATURE":" ","Q":"Y","HER_NUMBER_2":"45/474","HERITAGE_NAME":"WALCHAND PRECINCT"},"geometry":{"type":"Polygon","coordinates":[[[72.86510255970563,19.023206712693483],[72.86507889772967,19.022884198936435],[72.86544351307396,19.022603449808102],[72.86449416207694,19.02254429782772],[72.86488446894452,19.024033004573173],[72.8645732727841,19.024238036316248],[72.86480916012903,19.024717418827144],[72.86548767742462,19.024575766780906],[72.86566754614783,19.024120580461567],[72.86512777482119,19.02393567206179],[72.86510255970563,19.023206712693483]]]}},{"type":"Feature","properties":{"layer":"DP_77","label":"Heritage building","confidence":"confirmed","HERITAGE_P":" ","GRADE":"IIA","VILLAGE":" ","VILLAGE_DI":" ","WARD":"A","REMARKS":" ","TYPE":" ","CREATED_US":" ","CREATED_DA":-2209161600000,"LAST_EDITE":" ","LAST_EDI_1":-2209161600000,"OWNERSHIP":" ","USES":" ","MHCC_NOC":" ","DATE_":" ","NOC_FOR":" ","STRUCTURE":" ","FEATURE":" ","Q":"Y","HER_NUMBER_2":"124/141(a)(10)","HERITAGE_NAME":"BUILDING ON K. DUBHASH MARG NAMELY 10) 40, K. DUBHASH MARG"},"geometry":{"type":"Polygon","coordinates":[[[72.8321276943747,18.928164947547018],[72.83241559446888,18.928064315463264],[72.83214241978777,18.92793934400294],[72.8321276943747,18.928164947547018]]]}},{"type":"Feature","properties":{"layer":"DP_77","label":"Heritage building","confidence":"confirmed","HERITAGE_P":"CANTONMENT","GRADE":"I","VILLAGE":"COLABA","VILLAGE_DI":"COLABA","WARD":"A","REMARKS":" ","TYPE":"Heritage","CREATED_US":" ","LAST_EDITE":" ","OWNERSHIP":" ","USES":" ","MHCC_NOC":" ","DATE_":" ","NOC_FOR":" ","STRUCTURE":" ","FEATURE":" ","Q":"Y","HER_NUMBER_2":"10/10","HERITAGE_NAME":"CHURCH OF ST. JOHN THE EVENGELIST (PROPERTY)"},"geometry":{"type":"Polygon","coordinates":[[[72.81715168077959,18.907277826247018],[72.81758203393248,18.907745207335484],[72.8178606154636,18.90764855139523],[72.81748759333588,18.90713847490064],[72.81715168077959,18.907277826247018]]]}},{"type":"Feature","properties":{"layer":"DP_77","label":"Heritage building","confidence":"confirmed","HERITAGE_P":" ","GRADE":"III","VILLAGE":"BANDRA-C","VILLAGE_DI":"BANDRA-C","WARD":"H/W","REMARKS":" ","TYPE":"Heritage","CREATED_US":" ","LAST_EDITE":" ","OWNERSHIP":" ","USES":" ","MHCC_NOC":" ","DATE_":" ","NOC_FOR":" ","STRUCTURE":" ","FEATURE":" ","Q":"Y","HER_NUMBER_2":"58/075","HERITAGE_NAME":"GLADHURST"},"geometry":{"type":"Polygon","coordinates":[[[72.82431011412534,19.06263932426648],[72.82372557347055,19.062551719918826],[72.82368880094587,19.062720750290612],[72.82431011412534,19.06263932426648]]]}},{"type":"Feature","properties":{"layer":"DP_77","label":"Heritage building","confidence":"confirmed","HERITAGE_P":" ","GRADE":"III","VILLAGE":"BANDRA-E","VILLAGE_DI":"BANDRA-E","WARD":"H/W","REMARKS":" ","TYPE":"Heritage","CREATED_US":" ","LAST_EDITE":" ","OWNERSHIP":" ","USES":" ","MHCC_NOC":" ","DATE_":" ","NOC_FOR":" ","STRUCTURE":" ","FEATURE":" ","Q":"Y","HER_NUMBER_2":"97/118","HERITAGE_NAME":"FIRDOUS VILLA"},"geometry":{"type":"Polygon","coordinates":[[[72.83745364029133,19.074331935906226],[72.83714564522107,19.074454746450524],[72.83746115579586,19.074448389102244],[72.83745364029133,19.074331935906226]]]}},{"type":"Feature","properties":{"layer":"DP_77","label":"Heritage building","confidence":"confirmed","HERITAGE_P":" ","GRADE":"IIB","VILLAGE":"MAZAGAON","VILLAGE_DI":"MAZAGAON","WARD":"E","REMARKS":" ","TYPE":"Heritage","CREATED_US":" ","LAST_EDITE":" ","OWNERSHIP":" ","USES":" ","MHCC_NOC":" ","DATE_":" ","NOC_FOR":" ","STRUCTURE":" ","FEATURE":" ","Q":"Y","HER_NUMBER_2":"528","HERITAGE_NAME":"GLORIA CHURCH & SCHOOL"},"geometry":{"type":"Polygon","coordinates":[[[72.83387395788287,18.97538515011476],[72.83485760749494,18.975534838404954],[72.83490750506864,18.97517005649898],[72.83394291021045,18.974932503131896],[72.83387395788287,18.97538515011476]]]}},{"type":"Feature","properties":{"layer":"DP_77","label":"Heritage building","confidence":"confirmed","HERITAGE_P":" ","GRADE":"IIB","VILLAGE":"BANDRA-C","VILLAGE_DI":"BANDRA-C","WARD":"H/W","REMARKS":" ","TYPE":"Heritage","CREATED_US":" ","LAST_EDITE":" ","OWNERSHIP":" ","USES":" ","MHCC_NOC":" ","DATE_":" ","NOC_FOR":" ","STRUCTURE":" ","FEATURE":" ","Q":"Y","HER_NUMBER_2":"586","HERITAGE_NAME":"WESTERN RAILWAY PALI HILL ESTATE"},"geometry":{"type":"Polygon","coordinates":[[[72.82346822592878,19.06339808534653],[72.82360252614224,19.063390009353903],[72.82350455091027,19.063252092490078],[72.82346822592878,19.06339808534653]]]}},{"type":"Feature","properties":{"layer":"DP_77","label":"Heritage building","confidence":"confirmed","HERITAGE_P":" ","GRADE":"III","VILLAGE":"MALABAR CUMBALA HILL","VILLAGE_DI":"MALABAR CUMBALA HILL","WARD":"D","REMARKS":" ","TYPE":" ","CREATED_US":" ","LAST_EDITE":" ","OWNERSHIP":" ","USES":" ","MHCC_NOC":" ","DATE_":" ","NOC_FOR":" ","STRUCTURE":" ","FEATURE":" ","Q":"Y","HER_NUMBER_2":"139/249","HERITAGE_NAME":"NADIRSHA DINSHA BLDG.NO.2"},"geometry":{"type":"Polygon","coordinates":[[[72.8092368943583,18.958511130663464],[72.80912830736284,18.958119523332446],[72.80896622837815,18.958198202510587],[72.8092368943583,18.958511130663464]]]}},{"type":"Feature","properties":{"layer":"DP_77","label":"Heritage building","confidence":"confirmed","HERITAGE_P":"BALLARD PIER","GRADE":"IIA","VILLAGE":"FORT","VILLAGE_DI":"FORT","WARD":"A","REMARKS":" ","TYPE":"Heritage","CREATED_US":" ","LAST_EDITE":" ","OWNERSHIP":" ","USES":" ","MHCC_NOC":" ","DATE_":" ","NOC_FOR":" ","STRUCTURE":" ","FEATURE":" ","Q":"Y","HER_NUMBER_2":"190/216(c)","HERITAGE_NAME":"c) ASIAN BUILDING"},"geometry":{"type":"Polygon","coordinates":[[[72.8393660399818,18.93540829724047],[72.83946332817128,18.935145332420042],[72.83922502730381,18.935109866130283],[72.8393660399818,18.93540829724047]]]}},{"type":"Feature","properties":{"layer":"DP_77","label":"Heritage building","confidence":"confirmed","HERITAGE_P":" ","GRADE":"IIA","VILLAGE":"WORLI","VILLAGE_DI":"WORLI","WARD":"G/S","REMARKS":" ","TYPE":"Heritage","CREATED_US":" ","LAST_EDITE":" ","OWNERSHIP":" ","USES":" ","MHCC_NOC":" ","DATE_":" ","NOC_FOR":" ","STRUCTURE":" ","FEATURE":" ","Q":"Y","HER_NUMBER_2":"20/584","HERITAGE_NAME":"SHREE PAPVIMOCHAN SHANKAR MANDIR"},"geometry":{"type":"Polygon","coordinates":[[[72.81798661934626,19.02067235695038],[72.81780566248007,19.020592346233503],[72.81772216899833,19.02077289910656],[72.81798661934626,19.02067235695038]]]}},{"type":"Feature","properties":{"layer":"DP_77","label":"Heritage building","confidence":"confirmed","HERITAGE_P":" ","GRADE":"III","VILLAGE":"BANDRA-C","VILLAGE_DI":"BANDRA-C","WARD":"H/W","REMARKS":" ","TYPE":"Heritage","CREATED_US":" ","LAST_EDITE":" ","OWNERSHIP":" ","USES":" ","MHCC_NOC":" ","DATE_":" ","NOC_FOR":" ","STRUCTURE":" ","FEATURE":" ","Q":"Y","HER_NUMBER_2":"66/083","HERITAGE_NAME":"VILLA BEMVINDA"},"geometry":{"type":"Polygon","coordinates":[[[72.82860968471502,19.061287318889917],[72.82873369786196,19.061105232545305],[72.828435082999,19.06109426929176],[72.82860968471502,19.061287318889917]]]}},{"type":"Feature","properties":{"layer":"DP_77","label":"Heritage building","confidence":"confirmed","HERITAGE_P":"GAMDEVI PRECINCT","GRADE":"I","VILLAGE":"MALABAR HILL","VILLAGE_DI":"MALABAR HILL","WARD":"D","REMARKS":" ","TYPE":"Heritage","CREATED_US":" ","LAST_EDITE":" ","OWNERSHIP":" ","USES":" ","MHCC_NOC":" ","DATE_":" ","NOC_FOR":" ","STRUCTURE":" ","FEATURE":" ","Q":"Y","HER_NUMBER_2":"57/433","HERITAGE_NAME":"MANI BHAVAN"},"geometry":{"type":"Polygon","coordinates":[[[72.8113802284852,18.9598536613768],[72.81155907881453,18.96010587758512],[72.81168820445833,18.960020631426865],[72.8113802284852,18.9598536613768]]]}},{"type":"Feature","properties":{"layer":"DP_77","label":"Heritage building","confidence":"confirmed","HERITAGE_P":" ","GRADE":"III","VILLAGE":"MAZAGAON","VILLAGE_DI":"MAZAGAON","WARD":"E","REMARKS":" ","TYPE":"Heritage","CREATED_US":" ","LAST_EDITE":" ","OWNERSHIP":" ","USES":" ","MHCC_NOC":" ","DATE_":" ","NOC_FOR":" ","STRUCTURE":" ","FEATURE":" ","Q":"Y","HER_NUMBER_2":"14/305","HERITAGE_NAME":"TANKIWALA BUILDING"},"geometry":{"type":"Polygon","coordinates":[[[72.83592302651559,18.987914830509183],[72.83593977388556,18.988151397328433],[72.83599534095109,18.987789976170752],[72.83592302651559,18.987914830509183]]]}},{"type":"Feature","properties":{"layer":"DP_77","label":"Heritage building","confidence":"confirmed","HERITAGE_P":"M. L. DAHANUKAR PRECINCT","GRADE":"IIA","VILLAGE":"MALABAR HILL","VILLAGE_DI":"MALABAR HILL","WARD":"D","REMARKS":" ","TYPE":"Heritage","CREATED_US":" ","LAST_EDITE":" ","OWNERSHIP":" ","USES":" ","MHCC_NOC":" ","DATE_":" ","NOC_FOR":" ","STRUCTURE":" ","FEATURE":" ","Q":"Y","HER_NUMBER_2":"22/385","HERITAGE_NAME":"KASTURBHAI LALBHAI BUNGLOW"},"geometry":{"type":"Polygon","coordinates":[[[72.81070172469211,18.97606755480494],[72.81057729447987,18.97635616463674],[72.8110890935025,18.976643414280606],[72.81128619999889,18.976298518493675],[72.81070172469211,18.97606755480494]]]}},{"type":"Feature","properties":{"layer":"DP_77","label":"Heritage building","confidence":"confirmed","HERITAGE_P":"GATEWAY","GRADE":"IIB","VILLAGE":"COLABA","VILLAGE_DI":"COLABA","WARD":"A","REMARKS":" ","TYPE":"Heritage","CREATED_US":" ","LAST_EDITE":" ","OWNERSHIP":" ","USES":" ","MHCC_NOC":" ","DATE_":" ","NOC_FOR":" ","STRUCTURE":" ","FEATURE":" ","Q":"Y","HER_NUMBER_2":"60/69","HERITAGE_NAME":"ALLANA HOUSE"},"geometry":{"type":"Polygon","coordinates":[[[72.83172999435558,18.921042750648695],[72.8316286008617,18.921314259773787],[72.83178863371215,18.921255887480115],[72.83172999435558,18.921042750648695]]]}},{"type":"Feature","properties":{"layer":"DP_77","label":"Heritage building","confidence":"confirmed","HERITAGE_P":" ","GRADE":"IIA","VILLAGE":"TULSI","VILLAGE_DI":"TULSI","WARD":"T","REMARKS":" ","TYPE":"Heritage","CREATED_US":" ","LAST_EDITE":" ","OWNERSHIP":" ","USES":" ","MHCC_NOC":" ","DATE_":" ","NOC_FOR":" ","STRUCTURE":" ","FEATURE":" ","Q":"Y","HER_NUMBER_2":"51/54","HERITAGE_NAME":"TULSI LAKE"},"geometry":{"type":"Polygon","coordinates":[[[72.91183923687375,19.193307449688728],[72.9121924076009,19.19462353885942],[72.91279653098648,19.19518966009219],[72.91319399725069,19.195387767600007],[72.91380133533535,19.19510071897407],[72.91444870393592,19.195229970606302],[72.91458682737677,19.195647388881067],[72.91429522162504,19.19603123964087],[72.91528150851154,19.19621453203341],[72.91545699746592,19.19671124261828],[72.91618549149334,19.196791222337282],[72.91696393069705,19.19789943607481],[72.9173984294883,19.19735468917593],[72.91977121506443,19.19770427021885],[72.91992118438236,19.198781440671045],[72.92042437393476,19.198775200375877],[72.92114439231293,19.197528652871224],[72.9203133317583,19.19760287400079],[72.91894004892156,19.196786662745946],[72.91833580775963,19.196827601364127],[72.91667065371337,19.195966290650784],[72.91686569405854,19.19580328562051],[72.91597328395336,19.194917430048566],[72.91602423207976,19.19471493244206],[72.91687807771284,19.19432830620709],[72.91989608329497,19.194374520722533],[72.92062708134272,19.194755244011304],[72.92081136379073,19.19510387371003],[72.92155348158073,19.1951003388322],[72.92222852161525,19.195430631251924],[72.92217729222337,19.196505521717707],[72.92242640916747,19.196699539706877],[72.92263914861701,19.1967855978876],[72.92356363405581,19.19628223543913],[72.92349460775094,19.196771390550087],[72.92378130496255,19.1969777820229],[72.92454799632547,19.196018538633787],[72.92431176550596,19.194796996873695],[72.92381321828556,19.195436634428773],[72.92336408861823,19.195144755980824],[72.92383510202615,19.19369222860258],[72.92434606973856,19.19306468056016],[72.92350410427551,19.19300734833077],[72.92369694840473,19.191671167075818],[72.92340624417275,19.18977982529306],[72.92284994813257,19.189008744696828],[72.922973169232,19.1882095113501],[72.9217774732184,19.188279614004202],[72.92145501779747,19.18791746916447],[72.92102236081024,19.188318854416746],[72.92080933177698,19.18825669097085],[72.92063771885259,19.18672400452425],[72.92041791199962,19.186376153878886],[72.91970518680102,19.18604543042411],[72.91575136832097,19.186418780618116],[72.91530227872776,19.186126884893074],[72.91430744826869,19.18453975498587],[72.91391054585654,19.18445863624061],[72.9138415413298,19.185273802040754],[72.91315226894773,19.185491587124567],[72.91265864897609,19.1870008597303],[72.91155898323281,19.18775724602958],[72.91174067733638,19.188308997549733],[72.91230264160201,19.188626085802575],[72.91314803965521,19.18840866546704],[72.91370925360181,19.188785488388643],[72.91385413410032,19.189265121993923],[72.9136825244555,19.18990845018975],[72.9134420888857,19.19002521092744],[72.91301543270917,19.1899486581791],[72.9123566280188,19.189331728577603],[72.91182590685271,19.18952882935469],[72.91171475396419,19.190364036311212],[72.91260382171272,19.19266848669596],[72.91235825743374,19.19319147365782],[72.91183923687375,19.193307449688728]]]}},{"type":"Feature","properties":{"layer":"DP_77","label":"Heritage building","confidence":"confirmed","HERITAGE_P":" ","GRADE":"III","VILLAGE":"MAZGAON","VILLAGE_DI":"MAZGAON","WARD":"E","REMARKS":" ","TYPE":" ","CREATED_US":" ","LAST_EDITE":" ","OWNERSHIP":" ","USES":" ","MHCC_NOC":" ","DATE_":" ","NOC_FOR":" ","STRUCTURE":" ","FEATURE":" ","Q":"Y","HER_NUMBER_2":"97/392","HERITAGE_NAME":"SIR ELLY KADOORIE SCHOOL"},"geometry":{"type":"Polygon","coordinates":[[[72.8391189705048,18.966138255219512],[72.83847116158857,18.96651248075508],[72.83891719336107,18.96720738298222],[72.83937446401677,18.96689381107163],[72.8391189705048,18.966138255219512]]]}},{"type":"Feature","properties":{"layer":"DP_77","label":"Heritage building","confidence":"confirmed","HERITAGE_P":" ","GRADE":"III","VILLAGE":"ANDHERI","VILLAGE_DI":"ANDHERI","WARD":"K/W","REMARKS":" ","TYPE":"Heritage","CREATED_US":" ","LAST_EDITE":" ","OWNERSHIP":" ","USES":" ","MHCC_NOC":" ","DATE_":" ","NOC_FOR":" ","STRUCTURE":" ","FEATURE":" ","Q":"Y","HER_NUMBER_2":"137/172","HERITAGE_NAME":"Rane Wadi, Bunglow No.59"},"geometry":{"type":"Polygon","coordinates":[[[72.84023033435771,19.12604614180594],[72.84040518766808,19.12593888055922],[72.84020159495213,19.12596824410755],[72.84023033435771,19.12604614180594]]]}},{"type":"Feature","properties":{"layer":"DP_77","label":"Heritage building","confidence":"confirmed","HERITAGE_P":" ","GRADE":"III","VILLAGE":"BHULESHWAR","VILLAGE_DI":"BHULESHWAR","WARD":"C","REMARKS":" ","TYPE":"Heritage","CREATED_US":" ","LAST_EDITE":" ","OWNERSHIP":" ","USES":" ","MHCC_NOC":" ","DATE_":" ","NOC_FOR":" ","STRUCTURE":" ","FEATURE":" ","Q":"Y","HER_NUMBER_2":"325","HERITAGE_NAME":"KEDAR BUILDING (SAROJ NIWAS)"},"geometry":{"type":"Polygon","coordinates":[[[72.82924026852899,18.948699411384176],[72.82902333214307,18.94875946903652],[72.8291905220956,18.948822397202367],[72.82924026852899,18.948699411384176]]]}},{"type":"Feature","properties":{"layer":"DP_77","label":"Heritage building","confidence":"confirmed","HERITAGE_P":"GATEWAY","GRADE":"III","VILLAGE":"COLABA","VILLAGE_DI":"COLABA","WARD":"A","REMARKS":" ","TYPE":"Heritage","CREATED_US":" ","LAST_EDITE":" ","OWNERSHIP":" ","USES":" ","MHCC_NOC":" ","DATE_":" ","NOC_FOR":" ","STRUCTURE":" ","FEATURE":" ","Q":"Y","HER_NUMBER_2":"163/185(j)","HERITAGE_NAME":"BUILDINGS ON SHREE BOMAN CAWASJI BOMAN BEHRAM MARG (FORMERLY KNOWN AS MEREWEATHER ROAD) WITH SPECIAL FOCUS ON j) ROOSEVELT HOUSE"},"geometry":{"type":"Polygon","coordinates":[[[72.8325248832011,18.92262506467035],[72.83257756165291,18.92279019922587],[72.8327978412864,18.922701745770343],[72.8325248832011,18.92262506467035]]]}},{"type":"Feature","properties":{"layer":"DP_77","label":"Heritage building","confidence":"confirmed","HERITAGE_P":" ","GRADE":"I","VILLAGE":"MANDPESHWAR-M","VILLAGE_DI":"MANDPESHWAR-M","WARD":"R","REMARKS":" ","TYPE":"Heritage","CREATED_US":" ","LAST_EDITE":" ","OWNERSHIP":" ","USES":" ","MHCC_NOC":" ","DATE_":" ","NOC_FOR":" ","STRUCTURE":" ","FEATURE":" ","Q":"Y","HER_NUMBER_2":"169/217","HERITAGE_NAME":"MANDAPESHWAR CAVES"},"geometry":{"type":"Polygon","coordinates":[[[72.85396365527318,19.245320108334532],[72.85402527327116,19.244900117695977],[72.85295622492752,19.245129595338362],[72.85300357540306,19.245526320481474],[72.85342087764906,19.24567826425152],[72.85396365527318,19.245320108334532]]]}},{"type":"Feature","properties":{"layer":"DP_77","label":"Heritage building","confidence":"confirmed","HERITAGE_P":" ","GRADE":"III","VILLAGE":"GIRGAUM","VILLAGE_DI":"GIRGAUM","WARD":"D","REMARKS":" ","TYPE":"Heritage","CREATED_US":" ","LAST_EDITE":" ","OWNERSHIP":" ","USES":" ","MHCC_NOC":" ","DATE_":" ","NOC_FOR":" ","STRUCTURE":" ","FEATURE":" ","Q":"Y","HER_NUMBER_2":"39/407","HERITAGE_NAME":"RAUTS BUNGLOW"},"geometry":{"type":"Polygon","coordinates":[[[72.81359869904584,18.95793065117688],[72.81379504687347,18.958031860562887],[72.81367912410303,18.957483455401487],[72.81352259156384,18.95748283387907],[72.81359869904584,18.95793065117688]]]}},{"type":"Feature","properties":{"layer":"DP_77","label":"Heritage building","confidence":"confirmed","HERITAGE_P":" ","GRADE":"IIB","VILLAGE":"BANDRA-B","VILLAGE_DI":"BANDRA-B","WARD":"H/W","REMARKS":" ","TYPE":"Heritage","CREATED_US":" ","LAST_EDITE":" ","OWNERSHIP":" ","USES":" ","MHCC_NOC":" ","DATE_":" ","NOC_FOR":" ","STRUCTURE":" ","FEATURE":" ","Q":"Y","HER_NUMBER_2":"574, 575","HERITAGE_NAME":"i)KHORSHEDBANU SANJANA'S VILLA ii) VILLA VIENNA(MANNAT BANGALOW)"},"geometry":{"type":"Polygon","coordinates":[[[72.82010032800378,19.046921611384704],[72.82071178370806,19.04695696862691],[72.82070126796901,19.0464844268519],[72.82010032800378,19.046921611384704]]]}},{"type":"Feature","properties":{"layer":"DP_77","label":"Heritage building","confidence":"confirmed","HERITAGE_P":"GATEWAY","GRADE":"III","VILLAGE":"COLABA","VILLAGE_DI":"COLABA","WARD":"A","REMARKS":" ","TYPE":"Heritage","CREATED_US":" ","LAST_EDITE":" ","OWNERSHIP":" ","USES":" ","MHCC_NOC":" ","DATE_":" ","NOC_FOR":" ","STRUCTURE":" ","FEATURE":" ","Q":"Y","HER_NUMBER_2":"163/185(h)","HERITAGE_NAME":"BUILDINGS ON SHREE BOMAN CAWASJI BOMAN BEHRAM MARG (FORMERLY KNOWN AS MEREWEATHER ROAD) WITH SPECIAL FOCUS ON h) CANDY HOUSE(FORMERLY ANGLO INDIAN ASSOCIATIO BLDG.)"},"geometry":{"type":"Polygon","coordinates":[[[72.83212728961266,18.921767341672165],[72.832185516512,18.92189992341911],[72.83239679848248,18.92181343641892],[72.83212728961266,18.921767341672165]]]}},{"type":"Feature","properties":{"layer":"DP_77","label":"Heritage building","confidence":"confirmed","HERITAGE_P":" ","GRADE":"III","VILLAGE":"BHULESHWAR","VILLAGE_DI":"BHULESHWAR","WARD":"C","REMARKS":" ","TYPE":"Heritage","CREATED_US":" ","LAST_EDITE":" ","OWNERSHIP":" ","USES":" ","MHCC_NOC":" ","DATE_":" ","NOC_FOR":" ","STRUCTURE":" ","FEATURE":" ","Q":"Y","HER_NUMBER_2":"326","HERITAGE_NAME":"HALLAI BHATIA MAHAJANWADI TRUST BUILDING"},"geometry":{"type":"Polygon","coordinates":[[[72.82823255876136,18.947720938980485],[72.82797372596507,18.947666503516373],[72.82790508032663,18.947995683560755],[72.82871919462559,18.9480430352244],[72.82823255876136,18.947720938980485]]]}},{"type":"Feature","properties":{"layer":"DP_77","label":"Heritage building","confidence":"confirmed","HERITAGE_P":" ","GRADE":"III","VILLAGE":"BHULESHWAR","VILLAGE_DI":"BHULESHWAR","WARD":"C","REMARKS":" ","TYPE":"Heritage","CREATED_US":" ","LAST_EDITE":" ","OWNERSHIP":" ","USES":" ","MHCC_NOC":" ","DATE_":" ","NOC_FOR":" ","STRUCTURE":" ","FEATURE":" ","Q":"Y","HER_NUMBER_2":"1/140","HERITAGE_NAME":"MARKET HALLIA MEMON JAMAT(COMMUNITY CENTRE)"},"geometry":{"type":"Polygon","coordinates":[[[72.83331550448031,18.947963295530645],[72.83326102215287,18.948097253472458],[72.83350266167322,18.948071690369417],[72.83331550448031,18.947963295530645]]]}},{"type":"Feature","properties":{"layer":"DP_77","label":"Heritage building","confidence":"confirmed","HERITAGE_P":" ","GRADE":"IIB","VILLAGE":"BHULESHWAR","VILLAGE_DI":"BHULESHWAR","WARD":"C","REMARKS":" ","TYPE":"Heritage","CREATED_US":" ","LAST_EDITE":" ","OWNERSHIP":" ","USES":" ","MHCC_NOC":" ","DATE_":" ","NOC_FOR":" ","STRUCTURE":" ","FEATURE":" ","Q":"Y","HER_NUMBER_2":"294(i)","HERITAGE_NAME":"MADHAVBAUG COMPLEX-N i) BOMBAY PANJRAPOLE (COMPLEX) & ii) MAHAVIR SWAMIN JAIN DERASAR (JAIN TEMPLE)"},"geometry":{"type":"Polygon","coordinates":[[[72.82720651979092,18.955000047613137],[72.82753811565884,18.9552927105327],[72.82802407540018,18.954606901783645],[72.82700416107562,18.9539598361616],[72.82648470349991,18.954423076036107],[72.82720651979092,18.955000047613137]]]}},{"type":"Feature","properties":{"layer":"DP_77","label":"Heritage building","confidence":"confirmed","HERITAGE_P":" ","GRADE":"IIB","VILLAGE":"BYCULLA","VILLAGE_DI":"BYCULLA","WARD":"E","REMARKS":" ","TYPE":"Heritage","CREATED_US":" ","LAST_EDITE":" ","OWNERSHIP":" ","USES":" ","MHCC_NOC":" ","DATE_":" ","NOC_FOR":" ","STRUCTURE":" ","FEATURE":" ","Q":"Y","HER_NUMBER_2":"25/317","HERITAGE_NAME":"MAHARSHTRA KAMGAR KALYAN KENDRA"},"geometry":{"type":"Polygon","coordinates":[[[72.82749210034754,18.964990165765602],[72.82744517727988,18.965067457973248],[72.82760164961628,18.965011820962555],[72.82749210034754,18.964990165765602]]]}},{"type":"Feature","properties":{"layer":"DP_77","label":"Heritage building","confidence":"confirmed","HERITAGE_P":" ","GRADE":"IIB","VILLAGE":"VILE PARLE","VILLAGE_DI":"VILE PARLE","WARD":"K/E","REMARKS":" ","TYPE":"Heritage","CREATED_US":" ","LAST_EDITE":" ","OWNERSHIP":" ","USES":" ","MHCC_NOC":" ","DATE_":" ","NOC_FOR":" ","STRUCTURE":" ","FEATURE":" ","Q":"Y","HER_NUMBER_2":"206/260","HERITAGE_NAME":"CHOKSI BHAVAN"},"geometry":{"type":"Polygon","coordinates":[[[72.84938318660109,19.097089541241452],[72.84974156592368,19.09728507603814],[72.84961707938496,19.096830807579302],[72.84929080690746,19.09684776543768],[72.84938318660109,19.097089541241452]]]}},{"type":"Feature","properties":{"layer":"DP_77","label":"Heritage building","confidence":"confirmed","HERITAGE_P":" ","GRADE":"III","VILLAGE":"MALABAR HILL","VILLAGE_DI":"MALABAR HILL","WARD":"D","REMARKS":" ","TYPE":"Heritage","CREATED_US":" ","LAST_EDITE":" ","OWNERSHIP":" ","USES":" ","MHCC_NOC":" ","DATE_":" ","NOC_FOR":" ","STRUCTURE":" ","FEATURE":" ","Q":"Y","HER_NUMBER_2":"95/493","HERITAGE_NAME":"BOMBARCI"},"geometry":{"type":"Polygon","coordinates":[[[72.80878087328324,18.9670771076268],[72.80850878229938,18.967327367115047],[72.80859209154812,18.967544799822292],[72.80951417577226,18.967158839117992],[72.80931386469031,18.96687536648763],[72.80878087328324,18.9670771076268]]]}},{"type":"Feature","properties":{"layer":"DP_77","label":"Heritage building","confidence":"confirmed","HERITAGE_P":" ","GRADE":"IIA","VILLAGE":"BHANDUP","VILLAGE_DI":"BHANDUP","WARD":"S","REMARKS":" ","TYPE":"Heritage","CREATED_US":" ","LAST_EDITE":" ","OWNERSHIP":" ","USES":" ","MHCC_NOC":" ","DATE_":" ","NOC_FOR":" ","STRUCTURE":" ","FEATURE":" ","Q":"Y","HER_NUMBER_2":"34/37","HERITAGE_NAME":"SHRI BHANDUPESHWAR KUND"},"geometry":{"type":"Polygon","coordinates":[[[72.94852034716821,19.145184317505368],[72.94878738095191,19.145989265424678],[72.94966990788451,19.145577413173896],[72.9496864724927,19.144817316258692],[72.94852034716821,19.145184317505368]]]}},{"type":"Feature","properties":{"layer":"DP_77","label":"Heritage building","confidence":"confirmed","HERITAGE_P":" ","GRADE":"III","VILLAGE":"VILE PARLE","VILLAGE_DI":"VILE PARLE","WARD":"K/E","REMARKS":" ","TYPE":"Heritage","CREATED_US":" ","LAST_EDITE":" ","OWNERSHIP":" ","USES":" ","MHCC_NOC":" ","DATE_":" ","NOC_FOR":" ","STRUCTURE":" ","FEATURE":" ","Q":"Y","HER_NUMBER_2":"201/254","HERITAGE_NAME":"DHOTRE NIWAS"},"geometry":{"type":"Polygon","coordinates":[[[72.84754759696453,19.10047399294003],[72.84738075536863,19.100601474910075],[72.84760807958315,19.10070180620702],[72.84754759696453,19.10047399294003]]]}},{"type":"Feature","properties":{"layer":"DP_77","label":"Heritage building","confidence":"confirmed","HERITAGE_P":" ","GRADE":"III","VILLAGE":"GIRGAON","VILLAGE_DI":"GIRGAON","WARD":"D","REMARKS":" ","TYPE":"Heritage","CREATED_US":" ","LAST_EDITE":" ","OWNERSHIP":" ","USES":" ","MHCC_NOC":" ","DATE_":" ","NOC_FOR":" ","STRUCTURE":" ","FEATURE":" ","Q":"Y","HER_NUMBER_2":"110/516","HERITAGE_NAME":"PERREIRA HOUSE/29B"},"geometry":{"type":"Polygon","coordinates":[[[72.82056862903694,18.956053221095452],[72.82074334268076,18.956067405885545],[72.82070078371765,18.95589962273693],[72.82056862903694,18.956053221095452]]]}},{"type":"Feature","properties":{"layer":"DP_77","label":"Heritage building","confidence":"confirmed","HERITAGE_P":" ","GRADE":"IIA","VILLAGE":"MATUNGA","VILLAGE_DI":"MATUNGA","WARD":"F/N","REMARKS":" ","TYPE":"Heritage","CREATED_US":" ","LAST_EDITE":" ","OWNERSHIP":" ","USES":" ","MHCC_NOC":" ","DATE_":" ","NOC_FOR":" ","STRUCTURE":" ","FEATURE":" ","Q":"Y","HER_NUMBER_2":"47/476","HERITAGE_NAME":"ISMAIL SANITORIUM PREMISES"},"geometry":{"type":"Polygon","coordinates":[[[72.86491020038373,19.024748664663164],[72.86478087727133,19.02584182757691],[72.86565514635627,19.02566461364166],[72.86562227226348,19.02532475096042],[72.86605021229511,19.02525581594776],[72.86598271065948,19.02419784707586],[72.86555060844472,19.02419840809263],[72.86556095640509,19.024527205603153],[72.86491020038373,19.024748664663164]]]}},{"type":"Feature","properties":{"layer":"DP_77","label":"Heritage building","confidence":"confirmed","HERITAGE_P":" ","GRADE":"III","VILLAGE":" ","VILLAGE_DI":" ","WARD":"B","REMARKS":" ","TYPE":" ","CREATED_US":" ","CREATED_DA":-2209161600000,"LAST_EDITE":" ","LAST_EDI_1":-2209161600000,"OWNERSHIP":" ","USES":" ","MHCC_NOC":" ","DATE_":" ","NOC_FOR":" ","STRUCTURE":" ","FEATURE":" ","Q":"Y","HER_NUMBER_2":"33/116","HERITAGE_NAME":"STONE PLAQUE ON HANCONCK BRIDGE"},"geometry":{"type":"Polygon","coordinates":[[[72.83842518900101,18.953344364973326],[72.83804941237366,18.95322564184331],[72.83804572369004,18.953361453950023],[72.83842518900101,18.953344364973326]]]}},{"type":"Feature","properties":{"layer":"DP_77","label":"Heritage building","confidence":"confirmed","HERITAGE_P":" ","GRADE":"IIB","VILLAGE":"BHULESHWAR","VILLAGE_DI":"BHULESHWAR","WARD":"C","REMARKS":" ","TYPE":"Heritage","CREATED_US":" ","LAST_EDITE":" ","OWNERSHIP":" ","USES":" ","MHCC_NOC":" ","DATE_":" ","NOC_FOR":" ","STRUCTURE":" ","FEATURE":" ","Q":"Y","HER_NUMBER_2":"60/199","HERITAGE_NAME":"SETH HIRCHAND GUMANJI DHARMASHALA"},"geometry":{"type":"Polygon","coordinates":[[[72.82588517165132,18.954857307785595],[72.82601130639722,18.954995063791035],[72.82610041792765,18.954738186237186],[72.82588517165132,18.954857307785595]]]}},{"type":"Feature","properties":{"layer":"DP_77","label":"Heritage building","confidence":"confirmed","HERITAGE_P":" ","GRADE":"IIA","VILLAGE":"FORT","VILLAGE_DI":"FORT","WARD":"A","REMARKS":" ","TYPE":"Heritage","CREATED_US":" ","LAST_EDITE":" ","OWNERSHIP":" ","USES":" ","MHCC_NOC":" ","DATE_":" ","NOC_FOR":" ","STRUCTURE":" ","FEATURE":" ","Q":"Y","HER_NUMBER_2":"75/86","HERITAGE_NAME":"KOT SHANTINATHJI JAIN DERASAR (JAIN TEMPLE)"},"geometry":{"type":"Polygon","coordinates":[[[72.8354777601985,18.934995752958905],[72.83549896130192,18.935093818299638],[72.83571414608573,18.934976489223317],[72.8354777601985,18.934995752958905]]]}},{"type":"Feature","properties":{"layer":"DP_77","label":"Heritage building","confidence":"confirmed","HERITAGE_P":" ","GRADE":"IIA","VILLAGE":" ","VILLAGE_DI":" ","WARD":"K/W","REMARKS":"AS PER NEW AGIARY LIST AT SR. NO. 46","TYPE":" ","CREATED_US":" ","CREATED_DA":-2209161600000,"LAST_EDITE":" ","LAST_EDI_1":-2209161600000,"OWNERSHIP":" ","USES":" ","MHCC_NOC":" ","DATE_":" ","NOC_FOR":" ","STRUCTURE":" ","FEATURE":" ","Q":"Y","HER_NUMBER_2":" ","HERITAGE_NAME":"BAI MOTIBAI MANEKJI WADIAADARIAN ( ADARIAN)"},"geometry":{"type":"Polygon","coordinates":[[[72.84465531695025,19.132216215554642],[72.84456759145756,19.132629805982944],[72.84523290938189,19.132884902698436],[72.8453423725233,19.132413082033672],[72.84465531695025,19.132216215554642]]]}},{"type":"Feature","properties":{"layer":"DP_77","label":"Heritage building","confidence":"confirmed","HERITAGE_P":" ","GRADE":"III","VILLAGE":"BYCULLA","VILLAGE_DI":"BYCULLA","WARD":"E","REMARKS":" ","TYPE":"Heritage","CREATED_US":" ","LAST_EDITE":" ","OWNERSHIP":" ","USES":" ","MHCC_NOC":" ","DATE_":" ","NOC_FOR":" ","STRUCTURE":" ","FEATURE":" ","Q":"Y","HER_NUMBER_2":"52/343","HERITAGE_NAME":"MEHER VILLA"},"geometry":{"type":"Polygon","coordinates":[[[72.82216815787079,18.973340273989777],[72.82249048908542,18.973393837246856],[72.82235794570362,18.973171001198164],[72.82216815787079,18.973340273989777]]]}},{"type":"Feature","properties":{"layer":"DP_77","label":"Heritage building","confidence":"confirmed","HERITAGE_P":" ","GRADE":"III","VILLAGE":"MAZAGAON","VILLAGE_DI":"MAZAGAON","WARD":"E","REMARKS":" ","TYPE":"Heritage","CREATED_US":" ","LAST_EDITE":" ","OWNERSHIP":" ","USES":" ","MHCC_NOC":" ","DATE_":" ","NOC_FOR":" ","STRUCTURE":" ","FEATURE":" ","Q":"Y","HER_NUMBER_2":"11/303","HERITAGE_NAME":"VICTORIA BUILDING"},"geometry":{"type":"Polygon","coordinates":[[[72.83477923219384,18.980739079917807],[72.8345849202582,18.98096717178533],[72.83482162078337,18.980911594123192],[72.83477923219384,18.980739079917807]]]}},{"type":"Feature","properties":{"layer":"DP_77","label":"Heritage building","confidence":"confirmed","HERITAGE_P":" ","GRADE":"III","VILLAGE":"BANDRA-C","VILLAGE_DI":"BANDRA-C","WARD":"H/W","REMARKS":" ","TYPE":"Heritage","CREATED_US":" ","LAST_EDITE":" ","OWNERSHIP":" ","USES":" ","MHCC_NOC":" ","DATE_":" ","NOC_FOR":" ","STRUCTURE":" ","FEATURE":" ","Q":"Y","HER_NUMBER_2":"583","HERITAGE_NAME":"VILLA NEXT TO TORRIFIEL"},"geometry":{"type":"Polygon","coordinates":[[[72.8219623000649,19.0593597076419],[72.82220609574799,19.059524425593963],[72.82247856590739,19.05930331619669],[72.8219623000649,19.0593597076419]]]}},{"type":"Feature","properties":{"layer":"DP_77","label":"Heritage building","confidence":"confirmed","HERITAGE_P":"FOUNTAIN","GRADE":"IIA","VILLAGE":"FORT","VILLAGE_DI":"FORT","WARD":"A","REMARKS":" ","TYPE":"Heritage","CREATED_US":" ","LAST_EDITE":" ","OWNERSHIP":" ","USES":" ","MHCC_NOC":" ","DATE_":" ","NOC_FOR":" ","STRUCTURE":" ","FEATURE":" ","Q":"Y","HER_NUMBER_2":"168/192","HERITAGE_NAME":"CENTRAL BANK BUILDING"},"geometry":{"type":"Polygon","coordinates":[[[72.83234774935046,18.931155576250422],[72.83187241737855,18.931338219924776],[72.831823092717,18.931569415643374],[72.83248406087307,18.931456852262755],[72.83256636181117,18.93112623844768],[72.83234774935046,18.931155576250422]]]}},{"type":"Feature","properties":{"layer":"DP_77","label":"Heritage building","confidence":"confirmed","HERITAGE_P":" ","GRADE":"III","VILLAGE":"VILE PARLE","VILLAGE_DI":"VILE PARLE","WARD":"K/W","REMARKS":" ","TYPE":"Heritage","CREATED_US":" ","LAST_EDITE":" ","OWNERSHIP":" ","USES":" ","MHCC_NOC":" ","DATE_":" ","NOC_FOR":" ","STRUCTURE":" ","FEATURE":" ","Q":"Y","HER_NUMBER_2":"129/160","HERITAGE_NAME":"Swastik Houses"},"geometry":{"type":"Polygon","coordinates":[[[72.83952596043433,19.103011374154008],[72.83983196103067,19.102930033589814],[72.83982065057134,19.102699299215065],[72.83946297888629,19.102673486847053],[72.83952596043433,19.103011374154008]]]}},{"type":"Feature","properties":{"layer":"DP_77","label":"Heritage building","confidence":"confirmed","HERITAGE_P":"GATEWAY","GRADE":"III","VILLAGE":"COLABA","VILLAGE_DI":" ","WARD":"A","REMARKS":" ","TYPE":"Heritage","CREATED_US":" ","LAST_EDITE":" ","OWNERSHIP":" ","USES":" ","MHCC_NOC":" ","DATE_":" ","NOC_FOR":" ","STRUCTURE":" ","FEATURE":" ","Q":"Y","HER_NUMBER_2":"163/185(c)","HERITAGE_NAME":"BUILDINGS ON SHREE BOMAN CAWASJI BOMAN BEHRAM MARG (FORMERLY KNOWN AS MEREWEATHER ROAD) WITH SPECIAL FOCUS ON c) ALEXANDRA HOUSE"},"geometry":{"type":"Polygon","coordinates":[[[72.83206297451842,18.920498381595564],[72.83210783057164,18.92071022103719],[72.83237115709859,18.920611916613296],[72.83232912124576,18.920395021168453],[72.83206297451842,18.920498381595564]]]}},{"type":"Feature","properties":{"layer":"DP_77","label":"Heritage building","confidence":"confirmed","HERITAGE_P":"MUSEUM","GRADE":"I","VILLAGE":"FORT","VILLAGE_DI":"FORT","WARD":"A","REMARKS":" ","TYPE":"Heritage","CREATED_US":" ","LAST_EDITE":" ","OWNERSHIP":" ","USES":" ","MHCC_NOC":" ","DATE_":" ","NOC_FOR":" ","STRUCTURE":" ","FEATURE":" ","Q":"Y","HER_NUMBER_2":"135/155","HERITAGE_NAME":"INSTITUTE OF SCIENCE"},"geometry":{"type":"Polygon","coordinates":[[[72.83115999358242,18.926674195648854],[72.83135226580703,18.926143676256554],[72.83109589175173,18.925788593653806],[72.83029647983473,18.925932905150955],[72.82987192214253,18.92646267725226],[72.82986206822841,18.926618008606496],[72.83115999358242,18.926674195648854]]]}},{"type":"Feature","properties":{"layer":"DP_77","label":"Heritage building","confidence":"confirmed","HERITAGE_P":" ","GRADE":"IIA","VILLAGE":"FORT","VILLAGE_DI":"FORT","WARD":"A","REMARKS":" ","TYPE":"Heritage","CREATED_US":" ","LAST_EDITE":" ","OWNERSHIP":" ","USES":" ","MHCC_NOC":" ","DATE_":" ","NOC_FOR":" ","STRUCTURE":" ","FEATURE":" ","Q":"Y","HER_NUMBER_2":"285/55","HERITAGE_NAME":"174, HORNBY BUILDING"},"geometry":{"type":"Polygon","coordinates":[[[72.83415876583729,18.937841873812737],[72.83380003015387,18.938063601896772],[72.83419932131923,18.93794352903815],[72.83415876583729,18.937841873812737]]]}},{"type":"Feature","properties":{"layer":"DP_77","label":"Heritage building","confidence":"confirmed","HERITAGE_P":" ","GRADE":"IIA","VILLAGE":"KLERABAD","VILLAGE_DI":"KLERABAD","WARD":"T","REMARKS":" ","TYPE":"Heritage","CREATED_US":" ","LAST_EDITE":" ","OWNERSHIP":" ","USES":" ","MHCC_NOC":" ","DATE_":" ","NOC_FOR":" ","STRUCTURE":" ","FEATURE":" ","Q":"Y","HER_NUMBER_2":"41/44","HERITAGE_NAME":"VIHAR DAM"},"geometry":{"type":"Polygon","coordinates":[[[72.90729240495088,19.13953555335724],[72.90971819512112,19.140185998980407],[72.90977763902211,19.14001548912028],[72.90736077732929,19.139352144330022],[72.90729240495088,19.13953555335724]]]}},{"type":"Feature","properties":{"layer":"DP_77","label":"Heritage building","confidence":"confirmed","HERITAGE_P":" ","GRADE":"I","VILLAGE":"WORLI","VILLAGE_DI":"WORLI","WARD":"G/S","REMARKS":" ","TYPE":"Heritage","CREATED_US":" ","LAST_EDITE":" ","OWNERSHIP":" ","USES":" ","MHCC_NOC":" ","DATE_":" ","NOC_FOR":" ","STRUCTURE":" ","FEATURE":" ","Q":"Y","HER_NUMBER_2":"24/588","HERITAGE_NAME":"WORLI FORT"},"geometry":{"type":"Polygon","coordinates":[[[72.81705917492265,19.023682950006535],[72.81674520894678,19.023618499870597],[72.81663609806655,19.02384388530633],[72.81690025951232,19.023966943118158],[72.81705917492265,19.023682950006535]]]}},{"type":"Feature","properties":{"layer":"DP_77","label":"Heritage building","confidence":"confirmed","HERITAGE_P":"KHOTACHI WADI PRECINCT","GRADE":"III","VILLAGE":"GIRGAUM","VILLAGE_DI":"GIRGAUM","WARD":"D","REMARKS":" ","TYPE":"Heritage","CREATED_US":" ","LAST_EDITE":" ","OWNERSHIP":" ","USES":" ","MHCC_NOC":" ","DATE_":" ","NOC_FOR":" ","STRUCTURE":" ","FEATURE":" ","Q":"Y","HER_NUMBER_2":"11/517","HERITAGE_NAME":"BLDG. NO. 30-C"},"geometry":{"type":"Polygon","coordinates":[[[72.8199674393254,18.95521425224969],[72.81992459494843,18.9553097703212],[72.82006280729094,18.955333378002063],[72.8199674393254,18.95521425224969]]]}},{"type":"Feature","properties":{"layer":"DP_77","label":"Heritage building","confidence":"confirmed","HERITAGE_P":" ","GRADE":"III","VILLAGE":"BANDRA-H","VILLAGE_DI":"BANDRA-H","WARD":"H/W","REMARKS":" ","TYPE":"Heritage","CREATED_US":" ","LAST_EDITE":" ","OWNERSHIP":" ","USES":" ","MHCC_NOC":" ","DATE_":" ","NOC_FOR":" ","STRUCTURE":" ","FEATURE":" ","Q":"Y","HER_NUMBER_2":"108/129","HERITAGE_NAME":"VILLA ZINDA"},"geometry":{"type":"Polygon","coordinates":[[[72.83842239293816,19.0756741396863],[72.83862602361535,19.07589296874038],[72.83871227172861,19.07569348801024],[72.83842239293816,19.0756741396863]]]}},{"type":"Feature","properties":{"layer":"DP_77","label":"Heritage building","confidence":"confirmed","HERITAGE_P":" ","GRADE":"III","VILLAGE":"MAHIM","VILLAGE_DI":"MAHIM","WARD":"G/N","REMARKS":" ","TYPE":" ","CREATED_US":" ","LAST_EDITE":" ","OWNERSHIP":" ","USES":" ","MHCC_NOC":" ","DATE_":" ","NOC_FOR":" ","STRUCTURE":" ","FEATURE":" ","Q":"Y","HER_NUMBER_2":"7/559","HERITAGE_NAME":"DHURU BUILDING & GROUP"},"geometry":{"type":"Polygon","coordinates":[[[72.8311877922867,19.018970027377804],[72.83080544834257,19.019115694898133],[72.8311486261867,19.019558076042998],[72.83112310558802,19.01991297902226],[72.83182875567059,19.01964105482847],[72.8311877922867,19.018970027377804]]]}},{"type":"Feature","properties":{"layer":"DP_77","label":"Heritage building","confidence":"confirmed","HERITAGE_P":" ","GRADE":"IIB","VILLAGE":"MALABAR HILL","VILLAGE_DI":"MALABAR HILL","WARD":"D","REMARKS":" ","TYPE":"Heritage","CREATED_US":" ","LAST_EDITE":" ","OWNERSHIP":" ","USES":" ","MHCC_NOC":" ","DATE_":" ","NOC_FOR":" ","STRUCTURE":" ","FEATURE":" ","Q":"Y","HER_NUMBER_2":"60/438","HERITAGE_NAME":"DUBASH MANSION (MOUNT NAPEAN)"},"geometry":{"type":"Polygon","coordinates":[[[72.80289700552068,18.960617249817265],[72.8020251361303,18.960517054967134],[72.8016822140499,18.96132198732437],[72.80189130273979,18.96159986048061],[72.80305042502529,18.961335770660003],[72.80329623902855,18.96100257125212],[72.80289700552068,18.960617249817265]]]}},{"type":"Feature","properties":{"layer":"DP_77","label":"Heritage building","confidence":"confirmed","HERITAGE_P":" ","GRADE":"III","VILLAGE":"MANDVI","VILLAGE_DI":"MANDVI","WARD":"B","REMARKS":" ","TYPE":"Heritage","CREATED_US":" ","LAST_EDITE":" ","OWNERSHIP":" ","USES":" ","MHCC_NOC":" ","DATE_":" ","NOC_FOR":" ","STRUCTURE":" ","FEATURE":" ","Q":"Y","HER_NUMBER_2":"10/89","HERITAGE_NAME":"FANCY MAHAL"},"geometry":{"type":"Polygon","coordinates":[[[72.83314967519965,18.954990303879345],[72.83322796673474,18.954865528106836],[72.83308080754394,18.95479509717734],[72.83314967519965,18.954990303879345]]]}},{"type":"Feature","properties":{"layer":"DP_77","label":"Heritage building","confidence":"confirmed","HERITAGE_P":" ","GRADE":"IIA","VILLAGE":"FORT","VILLAGE_DI":"FORT","WARD":"A","REMARKS":" ","TYPE":"Heritage","CREATED_US":" ","LAST_EDITE":" ","OWNERSHIP":" ","USES":" ","MHCC_NOC":" ","DATE_":" ","NOC_FOR":" ","STRUCTURE":" ","FEATURE":" ","Q":"Y","HER_NUMBER_2":"248/13","HERITAGE_NAME":"CRICKET CLUB PAVILION, CRICKET CLUB OF INDIA ( ORIGINAL MAIN BUILDING)"},"geometry":{"type":"Polygon","coordinates":[[[72.82382316601368,18.931382557088806],[72.82403742770613,18.93188506514583],[72.82514607217172,18.931451581703165],[72.82501565967388,18.930911590803294],[72.82382316601368,18.931382557088806]]]}},{"type":"Feature","properties":{"layer":"DP_77","label":"Heritage building","confidence":"confirmed","HERITAGE_P":" ","GRADE":"IIB","VILLAGE":"BANDRA-C","VILLAGE_DI":"BANDRA-C","WARD":"H/W","REMARKS":" ","TYPE":"Heritage","CREATED_US":" ","LAST_EDITE":" ","OWNERSHIP":" ","USES":" ","MHCC_NOC":" ","DATE_":" ","NOC_FOR":" ","STRUCTURE":" ","FEATURE":" ","Q":"Y","HER_NUMBER_2":"45/059","HERITAGE_NAME":"UNKNOWN PREMISES NO. 6"},"geometry":{"type":"Polygon","coordinates":[[[72.82627141295586,19.05813689328179],[72.82650819855768,19.058204897305842],[72.8266083810123,19.057996850374753],[72.82627141295586,19.05813689328179]]]}},{"type":"Feature","properties":{"layer":"DP_77","label":"Heritage building","confidence":"confirmed","HERITAGE_P":" ","GRADE":"III","VILLAGE":"BHULESHWAR","VILLAGE_DI":"BHULESHWAR","WARD":"C","REMARKS":" ","TYPE":"Heritage","CREATED_US":" ","LAST_EDITE":" ","OWNERSHIP":" ","USES":" ","MHCC_NOC":" ","DATE_":" ","NOC_FOR":" ","STRUCTURE":" ","FEATURE":" ","Q":"Y","HER_NUMBER_2":"71/209","HERITAGE_NAME":"JARIWALA BUILDING (75/1,SARDAR VALLABHAI PATEL ROAD)"},"geometry":{"type":"Polygon","coordinates":[[[72.83054694759578,18.95808360371535],[72.83073961094784,18.957891940932967],[72.83033354581197,18.957690273971956],[72.83026972590065,18.958039997042288],[72.83054694759578,18.95808360371535]]]}},{"type":"Feature","properties":{"layer":"DP_77","label":"Heritage building","confidence":"confirmed","HERITAGE_P":"HORNIMAN CIRCLE","GRADE":"I","VILLAGE":"FORT","VILLAGE_DI":"FORT","WARD":"A","REMARKS":" ","TYPE":"Heritage","CREATED_US":" ","LAST_EDITE":" ","OWNERSHIP":" ","USES":" ","MHCC_NOC":" ","DATE_":" ","NOC_FOR":" ","STRUCTURE":" ","FEATURE":" ","Q":"Y","HER_NUMBER_2":"207/234","HERITAGE_NAME":"THE ASIATIC SOCIETY OF BOMBAY & CENTRAL LIBRARY (OLD TOWN HALL)"},"geometry":{"type":"Polygon","coordinates":[[[72.8358843284457,18.93231943759545],[72.83657679835348,18.932309385331262],[72.83641456825742,18.9314409204634],[72.83571266611048,18.93133354118238],[72.8358843284457,18.93231943759545]]]}},{"type":"Feature","properties":{"layer":"DP_77","label":"Heritage building","confidence":"confirmed","HERITAGE_P":" ","GRADE":"II","VILLAGE":"BANDRA-F","VILLAGE_DI":"BANDRA-F","WARD":"H/W","REMARKS":" ","TYPE":"Heritage","CREATED_US":" ","LAST_EDITE":" ","OWNERSHIP":" ","USES":" ","MHCC_NOC":" ","DATE_":" ","NOC_FOR":" ","STRUCTURE":" ","FEATURE":" ","Q":"Y","HER_NUMBER_2":"616","HERITAGE_NAME":"TEHMI TERRACE"},"geometry":{"type":"Polygon","coordinates":[[[72.83010754945504,19.059639096022302],[72.83012379598715,19.05989269651948],[72.83052777496111,19.05991594755279],[72.83051536870539,19.059708244778033],[72.83010754945504,19.059639096022302]]]}},{"type":"Feature","properties":{"layer":"DP_77","label":"Heritage building","confidence":"confirmed","HERITAGE_P":"BALLARD PIER","GRADE":"IIA","VILLAGE":"FORT","VILLAGE_DI":"FORT","WARD":"A","REMARKS":" ","TYPE":"Heritage","CREATED_US":" ","LAST_EDITE":" ","OWNERSHIP":" ","USES":" ","MHCC_NOC":" ","DATE_":" ","NOC_FOR":" ","STRUCTURE":" ","FEATURE":" ","Q":"Y","HER_NUMBER_2":"218/248","HERITAGE_NAME":"WAKEFIELD HOUSE"},"geometry":{"type":"Polygon","coordinates":[[[72.84039458646009,18.934302242238594],[72.84025191466505,18.93424515476663],[72.84027979665419,18.93457835960965],[72.8405512335776,18.934410417499507],[72.84039458646009,18.934302242238594]]]}},{"type":"Feature","properties":{"layer":"DP_77","label":"Heritage building","confidence":"confirmed","HERITAGE_P":" ","GRADE":"III","VILLAGE":"BHULESHWAR","VILLAGE_DI":"BHULESHWAR","WARD":"C","REMARKS":" ","TYPE":"Heritage","CREATED_US":" ","LAST_EDITE":" ","OWNERSHIP":" ","USES":" ","MHCC_NOC":" ","DATE_":" ","NOC_FOR":" ","STRUCTURE":" ","FEATURE":" ","Q":"Y","HER_NUMBER_2":"306","HERITAGE_NAME":"GOAN INSTITUTE BUILDING"},"geometry":{"type":"Polygon","coordinates":[[[72.82418189823281,18.949816433134046],[72.82444112001338,18.9498710746506],[72.82427255563506,18.949725644412233],[72.82418189823281,18.949816433134046]]]}},{"type":"Feature","properties":{"layer":"DP_77","label":"Heritage building","confidence":"confirmed","HERITAGE_P":" ","GRADE":"III","VILLAGE":"MAZAGAON","VILLAGE_DI":"MAZAGAON","WARD":"E","REMARKS":" ","TYPE":"Heritage","CREATED_US":" ","LAST_EDITE":" ","OWNERSHIP":" ","USES":" ","MHCC_NOC":" ","DATE_":" ","NOC_FOR":" ","STRUCTURE":" ","FEATURE":" ","Q":"Y","HER_NUMBER_2":"12/304","HERITAGE_NAME":"PEARL HOTEL"},"geometry":{"type":"Polygon","coordinates":[[[72.83464442818004,18.98115426437381],[72.83489179744981,18.981081703751336],[72.83483426070616,18.980909642819206],[72.83464442818004,18.98115426437381]]]}},{"type":"Feature","properties":{"layer":"DP_77","label":"Heritage building","confidence":"confirmed","HERITAGE_P":" ","GRADE":"IIA","VILLAGE":"FORT","VILLAGE_DI":"FORT","WARD":"A","REMARKS":" ","TYPE":"Heritage","CREATED_US":" ","LAST_EDITE":" ","OWNERSHIP":" ","USES":" ","MHCC_NOC":" ","DATE_":" ","NOC_FOR":" ","STRUCTURE":" ","FEATURE":" ","Q":"Y","HER_NUMBER_2":"293/63","HERITAGE_NAME":"240, NAVSARI BUILDING"},"geometry":{"type":"Polygon","coordinates":[[[72.83299045320527,18.93592985527711],[72.83325439437478,18.9360091645376],[72.83340486673123,18.93577369356666],[72.83299045320527,18.93592985527711]]]}},{"type":"Feature","properties":{"layer":"DP_77","label":"Heritage building","confidence":"confirmed","GRADE":"IIA","WARD":"A","REMARKS":"ESPLANDE SUB PRECINCT","CREATED_US":" ","LAST_EDITE":" ","HER_NUMBER_2":"91/107","HERITAGE_NAME":"DR. DADABHAI NAWOROJEE ROAD STREET SCAPE"},"geometry":{"type":"Polygon","coordinates":[[[72.83109617803682,18.931826924915224],[72.83102770420427,18.933622267729923],[72.8317310913536,18.93370806585688],[72.83179375837459,18.93412094190416],[72.83225492274647,18.934732565167547],[72.8324549818922,18.934669768345366],[72.83403003596902,18.93874088763047],[72.83471421496499,18.939169214577852],[72.8351347516678,18.93819230435969],[72.83461973512121,18.937961252431908],[72.83482935688546,18.937545872824334],[72.83464866901915,18.93661311879201],[72.83442828106601,18.936633252439517],[72.83462246545076,18.936384870168318],[72.83449826560907,18.935865558208583],[72.83400090350511,18.93590292497812],[72.83398376013375,18.9354251197183],[72.83370500872267,18.935418152389285],[72.83372999244159,18.934913315037228],[72.83321704745526,18.934385998385938],[72.83296837983961,18.933599633986123],[72.83273642934753,18.93363039773439],[72.83227153410364,18.93150929149975],[72.83257469422058,18.93126597459986],[72.83187836815796,18.931130228716583],[72.83191176822754,18.930490123884002],[72.83165162382151,18.930445941431344],[72.83166185111835,18.929944223600703],[72.8322160479527,18.9288643726944],[72.83183488009941,18.928826672774573],[72.8318584466083,18.928663516630536],[72.83126792386807,18.92862550581631],[72.83109617803682,18.931826924915224]]]}},{"type":"Feature","properties":{"layer":"DP_77","label":"Heritage building","confidence":"confirmed","HERITAGE_P":"MUSEUM","GRADE":"I","VILLAGE":"FORT","VILLAGE_DI":"FORT","WARD":"A","REMARKS":" ","TYPE":"Heritage","CREATED_US":" ","LAST_EDITE":" ","OWNERSHIP":" ","USES":" ","MHCC_NOC":" ","DATE_":" ","NOC_FOR":" ","STRUCTURE":" ","FEATURE":" ","Q":"Y","HER_NUMBER_2":"192/219","HERITAGE_NAME":"WELLINGTON FOUNTAIN"},"geometry":{"type":"Polygon","coordinates":[[[72.83234567689856,18.925318518894244],[72.83223911810938,18.925446595740794],[72.83240066773196,18.92541722304777],[72.83234567689856,18.925318518894244]]]}},{"type":"Feature","properties":{"layer":"DP_77","label":"Heritage building","confidence":"confirmed","HERITAGE_P":"FOUNTAIN","GRADE":"III","VILLAGE":"FORT","VILLAGE_DI":"FORT","WARD":"A","REMARKS":" ","TYPE":"Heritage","CREATED_US":" ","LAST_EDITE":" ","OWNERSHIP":" ","USES":" ","MHCC_NOC":" ","DATE_":" ","NOC_FOR":" ","STRUCTURE":" ","FEATURE":" ","Q":"Y","HER_NUMBER_2":"226/256","HERITAGE_NAME":"BOMBAY LIFE BUILDING ( OLD ROYAL INSURANCE CO. BUILDING & TIMES OF INDIA BUILDING)"},"geometry":{"type":"Polygon","coordinates":[[[72.83238924641604,18.932015475429996],[72.83258306812941,18.93218348789813],[72.83257333990198,18.932004659455373],[72.83238924641604,18.932015475429996]]]}},{"type":"Feature","properties":{"layer":"DP_77","label":"Heritage building","confidence":"confirmed","HERITAGE_P":" ","GRADE":"IIB","VILLAGE":"MALABAR HILL","VILLAGE_DI":"MALABAR HILL","WARD":"D","REMARKS":" ","TYPE":"Heritage","CREATED_US":" ","LAST_EDITE":" ","OWNERSHIP":" ","USES":" ","MHCC_NOC":" ","DATE_":" ","NOC_FOR":" ","STRUCTURE":" ","FEATURE":" ","Q":"Y","HER_NUMBER_2":"9/366","HERITAGE_NAME":"JOHN WILSON EDUCATION SOCIETY'S COMPOUND"},"geometry":{"type":"Polygon","coordinates":[[[72.81148786427565,18.961457836655942],[72.8120320278599,18.96224155312376],[72.81275820382658,18.961804990789155],[72.81241624792372,18.96121443323952],[72.81148786427565,18.961457836655942]]]}},{"type":"Feature","properties":{"layer":"DP_77","label":"Heritage building","confidence":"confirmed","HERITAGE_P":" ","GRADE":" ","VILLAGE":" ","VILLAGE_DI":" ","WARD":"E","REMARKS":"MAP PURPOSE","TYPE":" ","CREATED_US":" ","CREATED_DA":-2209161600000,"LAST_EDITE":" ","LAST_EDI_1":-2209161600000,"OWNERSHIP":" ","USES":" ","MHCC_NOC":" ","DATE_":" ","NOC_FOR":" ","STRUCTURE":" ","FEATURE":" ","Q":"Y","HER_NUMBER_2":" ","HERITAGE_NAME":" "},"geometry":{"type":"Polygon","coordinates":[[[72.8402507149543,18.985927016285896],[72.8398912503218,18.985955016146608],[72.83990532239329,18.9861685910156],[72.84026439758144,18.986141890027195],[72.8402507149543,18.985927016285896]]]}},{"type":"Feature","properties":{"layer":"DP_77","label":"Heritage building","confidence":"confirmed","HERITAGE_P":" ","GRADE":"IIA","VILLAGE":"FORT","VILLAGE_DI":"FORT","WARD":"A","REMARKS":" ","TYPE":"Heritage","CREATED_US":" ","LAST_EDITE":" ","OWNERSHIP":" ","USES":" ","MHCC_NOC":" ","DATE_":" ","NOC_FOR":" ","STRUCTURE":" ","FEATURE":" ","Q":"Y","HER_NUMBER_2":"258/23","HERITAGE_NAME":"AC CEMENT BUILDING"},"geometry":{"type":"Polygon","coordinates":[[[72.8281408279808,18.93474294697436],[72.82767606063506,18.934801733577732],[72.82760335493754,18.935133202584193],[72.828189223353,18.935243384451034],[72.8281408279808,18.93474294697436]]]}},{"type":"Feature","properties":{"layer":"DP_77","label":"Heritage building","confidence":"confirmed","HERITAGE_P":" ","GRADE":"III","VILLAGE":"MATUNGA","VILLAGE_DI":"MATUNGA","WARD":"F/N","REMARKS":" ","TYPE":"Heritage","CREATED_US":" ","LAST_EDITE":" ","OWNERSHIP":" ","USES":" ","MHCC_NOC":" ","DATE_":" ","NOC_FOR":" ","STRUCTURE":" ","FEATURE":" ","Q":"Y","HER_NUMBER_2":"37/466","HERITAGE_NAME":"653-b, SOLPAPA COTTAGE/SHRINMINE COLLEGE"},"geometry":{"type":"Polygon","coordinates":[[[72.85357357972876,19.018682966568434],[72.85361946373908,19.018881805770846],[72.85386177716889,19.01883374681671],[72.85381682634039,19.018639425776886],[72.85357357972876,19.018682966568434]]]}},{"type":"Feature","properties":{"layer":"DP_77","label":"Heritage building","confidence":"confirmed","HERITAGE_P":" ","GRADE":"III","VILLAGE":" ","VILLAGE_DI":" ","WARD":"E","REMARKS":" ","TYPE":" ","CREATED_US":" ","CREATED_DA":-2209161600000,"LAST_EDITE":" ","LAST_EDI_1":-2209161600000,"OWNERSHIP":" ","USES":" ","MHCC_NOC":" ","DATE_":" ","NOC_FOR":" ","STRUCTURE":" ","FEATURE":" ","Q":"Y","HER_NUMBER_2":"69/360","HERITAGE_NAME":"REMIDIOUS BUILDING"},"geometry":{"type":"Polygon","coordinates":[[[72.84699959671057,18.96627465508586],[72.84713134801079,18.966342832284397],[72.84696317464561,18.9660937945007],[72.84699959671057,18.96627465508586]]]}},{"type":"Feature","properties":{"layer":"DP_77","label":"Heritage building","confidence":"confirmed","HERITAGE_P":" ","GRADE":"I","VILLAGE":"DHARAVI","VILLAGE_DI":"DHARAVI","WARD":"G/N","REMARKS":" ","TYPE":"Heritage","CREATED_US":" ","LAST_EDITE":" ","OWNERSHIP":" ","USES":" ","MHCC_NOC":" ","DATE_":" ","NOC_FOR":" ","STRUCTURE":" ","FEATURE":" ","Q":"Y","HER_NUMBER_2":"32/563","HERITAGE_NAME":"KALA KILLA"},"geometry":{"type":"Polygon","coordinates":[[[72.85979922937601,19.05083238936],[72.85951893215709,19.050890429711924],[72.85958598619713,19.05104503889061],[72.85979922937601,19.05083238936]]]}},{"type":"Feature","properties":{"layer":"DP_77","label":"Heritage building","confidence":"confirmed","HERITAGE_P":" ","GRADE":"III","VILLAGE":"FORT","VILLAGE_DI":"FORT","WARD":"A","REMARKS":" ","TYPE":"Heritage","CREATED_US":" ","LAST_EDITE":" ","OWNERSHIP":" ","USES":" ","MHCC_NOC":" ","DATE_":" ","NOC_FOR":" ","STRUCTURE":" ","FEATURE":" ","Q":"Y","HER_NUMBER_2":"249/14","HERITAGE_NAME":"MISTRI BHAVAN"},"geometry":{"type":"Polygon","coordinates":[[[72.82643971993599,18.93011178686606],[72.82668402290894,18.930015313381592],[72.82656092133752,18.92970802953203],[72.82628102583209,18.92975107629086],[72.82643971993599,18.93011178686606]]]}},{"type":"Feature","properties":{"layer":"DP_77","label":"Heritage building","confidence":"confirmed","HERITAGE_P":" ","GRADE":"IIA","VILLAGE":"FORT","VILLAGE_DI":"FORT","WARD":"A","REMARKS":" ","TYPE":"Heritage","CREATED_US":" ","LAST_EDITE":" ","OWNERSHIP":" ","USES":" ","MHCC_NOC":" ","DATE_":" ","NOC_FOR":" ","STRUCTURE":" ","FEATURE":" ","Q":"Y","HER_NUMBER_2":"307/77","HERITAGE_NAME":"EROS CINEMA"},"geometry":{"type":"Polygon","coordinates":[[[72.82810869773546,18.931808618974927],[72.8274310966754,18.931740745185987],[72.82783255314261,18.932286090806972],[72.82810869773546,18.931808618974927]]]}},{"type":"Feature","properties":{"layer":"DP_77","label":"Heritage building","confidence":"confirmed","HERITAGE_P":" ","GRADE":"III","VILLAGE":"BANDRA-C","VILLAGE_DI":"BANDRA-C","WARD":"H/W","REMARKS":" ","TYPE":"Heritage","CREATED_US":" ","LAST_EDITE":" ","OWNERSHIP":" ","USES":" ","MHCC_NOC":" ","DATE_":" ","NOC_FOR":" ","STRUCTURE":" ","FEATURE":" ","Q":"Y","HER_NUMBER_2":"35/047","HERITAGE_NAME":"EDVILLE"},"geometry":{"type":"Polygon","coordinates":[[[72.82688584745839,19.05843225250526],[72.82704518452874,19.058229873737993],[72.82681033223501,19.058218903468898],[72.82670336349037,19.058401090048868],[72.82688584745839,19.05843225250526]]]}},{"type":"Feature","properties":{"layer":"DP_77","label":"Heritage building","confidence":"confirmed","HERITAGE_P":" ","GRADE":"III","VILLAGE":" ","VILLAGE_DI":" ","WARD":"A","REMARKS":" ","TYPE":" ","CREATED_US":" ","CREATED_DA":-2209161600000,"LAST_EDITE":" ","LAST_EDI_1":-2209161600000,"OWNERSHIP":" ","USES":" ","MHCC_NOC":" ","DATE_":" ","NOC_FOR":" ","STRUCTURE":" ","FEATURE":" ","Q":"Y","HER_NUMBER_2":"239/1","HERITAGE_NAME":"ASHLEY HOUSE/SUMMERSET HOUSE"},"geometry":{"type":"Polygon","coordinates":[[[72.82095892731161,18.91120782684106],[72.82145150885479,18.910860105861325],[72.82136146868518,18.91064780441763],[72.82079417813702,18.910872531516674],[72.82095892731161,18.91120782684106]]]}},{"type":"Feature","properties":{"layer":"DP_77","label":"Heritage building","confidence":"confirmed","HERITAGE_P":" ","GRADE":"IIB","VILLAGE":"FORT","VILLAGE_DI":"FORT","WARD":"A","REMARKS":" ","TYPE":"Heritage","CREATED_US":" ","LAST_EDITE":" ","OWNERSHIP":" ","USES":" ","MHCC_NOC":" ","DATE_":" ","NOC_FOR":" ","STRUCTURE":" ","FEATURE":" ","Q":"Y","HER_NUMBER_2":"300/70","HERITAGE_NAME":"CROSS MAIDAN"},"geometry":{"type":"Polygon","coordinates":[[[72.8288558573804,18.933074964327016],[72.82880634644819,18.93456503010043],[72.83020450127022,18.934497470836924],[72.83004611113988,18.932916429343734],[72.8288558573804,18.933074964327016]],[[72.82990970383146,18.932984964344953],[72.82983930334576,18.93299336293015],[72.82984514958825,18.932950009821315],[72.82990970383146,18.932984964344953]]]}},{"type":"Feature","properties":{"layer":"DP_77","label":"Heritage building","confidence":"confirmed","HERITAGE_P":" ","GRADE":"IIA","VILLAGE":" ","VILLAGE_DI":" ","WARD":"D","REMARKS":"AS PER NEW AGIARY LIST SR NO. 27","TYPE":" ","CREATED_US":" ","CREATED_DA":-2209161600000,"LAST_EDITE":" ","LAST_EDI_1":-2209161600000,"OWNERSHIP":" ","USES":" ","MHCC_NOC":" ","DATE_":" ","NOC_FOR":" ","STRUCTURE":" ","FEATURE":" ","Q":"Y","HER_NUMBER_2":" ","HERITAGE_NAME":"SETH HORMOSJI DADABHOY SAHER AGIARY ( KADAMI ADARIAN)"},"geometry":{"type":"Polygon","coordinates":[[[72.80810213654942,18.97255200133892],[72.80835033912196,18.97234157829785],[72.80808472517404,18.972398199084168],[72.80788408240248,18.972111497086505],[72.80556953130477,18.973052070789922],[72.807196232045,18.972544036576327],[72.8077635856286,18.97288853218664],[72.80810213654942,18.97255200133892]]]}},{"type":"Feature","properties":{"layer":"DP_77","label":"Heritage building","confidence":"confirmed","HERITAGE_P":" ","GRADE":"III","VILLAGE":"MANDVI","VILLAGE_DI":"MANDVI","WARD":"B","REMARKS":" ","TYPE":"Heritage","CREATED_US":" ","LAST_EDITE":" ","OWNERSHIP":" ","USES":" ","MHCC_NOC":" ","DATE_":" ","NOC_FOR":" ","STRUCTURE":" ","FEATURE":" ","Q":"Y","HER_NUMBER_2":"49/134","HERITAGE_NAME":"MAHARASHTRA SAHAKARI GRAHAK BHAVAN"},"geometry":{"type":"Polygon","coordinates":[[[72.83751534034799,18.95712355402067],[72.83740431611172,18.957225453078625],[72.83758206397866,18.9572664609887],[72.83751534034799,18.95712355402067]]]}},{"type":"Feature","properties":{"layer":"DP_77","label":"Heritage building","confidence":"confirmed","HERITAGE_P":" ","GRADE":"III","VILLAGE":"BYCULLA","VILLAGE_DI":"BYCULLA","WARD":"E","REMARKS":" ","TYPE":"Heritage","CREATED_US":" ","LAST_EDITE":" ","OWNERSHIP":" ","USES":" ","MHCC_NOC":" ","DATE_":" ","NOC_FOR":" ","STRUCTURE":" ","FEATURE":" ","Q":"Y","HER_NUMBER_2":"39/330","HERITAGE_NAME":"MADANPURA MUNICIPAL SCHOOL"},"geometry":{"type":"Polygon","coordinates":[[[72.82651888228597,18.9730349525493],[72.8263047321447,18.97308003366007],[72.82641052952414,18.973403403559782],[72.82665395847316,18.973413884752528],[72.82651888228597,18.9730349525493]]]}},{"type":"Feature","properties":{"layer":"DP_77","label":"Heritage building","confidence":"confirmed","HERITAGE_P":"CANTONMENT","GRADE":"IIB","VILLAGE":"COLABA","VILLAGE_DI":"COLABA","WARD":"A","REMARKS":" ","TYPE":"Heritage","CREATED_US":" ","LAST_EDITE":" ","OWNERSHIP":" ","USES":" ","MHCC_NOC":" ","DATE_":" ","NOC_FOR":" ","STRUCTURE":" ","FEATURE":" ","Q":"Y","HER_NUMBER_2":"35/41(a)","HERITAGE_NAME":"a) NO.16, ROBERT ROAD BUNGLOW"},"geometry":{"type":"Polygon","coordinates":[[[72.81060777690558,18.898577215214946],[72.80999826626594,18.899003599369635],[72.81010855292152,18.899157038130852],[72.81069474736026,18.89891117590741],[72.81060777690558,18.898577215214946]]]}},{"type":"Feature","properties":{"layer":"DP_77","label":"Heritage building","confidence":"confirmed","HERITAGE_P":"BALLARD PIER","GRADE":"IIA","VILLAGE":"FORT","VILLAGE_DI":"FORT","WARD":"A","REMARKS":" ","TYPE":"Heritage","CREATED_US":" ","LAST_EDITE":" ","OWNERSHIP":" ","USES":" ","MHCC_NOC":" ","DATE_":" ","NOC_FOR":" ","STRUCTURE":" ","FEATURE":" ","Q":"Y","HER_NUMBER_2":"169/193(d)","HERITAGE_NAME":"d) NTC HOUSE"},"geometry":{"type":"Polygon","coordinates":[[[72.84085235384458,18.93472223112909],[72.840996721214,18.934648064607167],[72.84062407915994,18.93440346324654],[72.84053852821636,18.93455489943609],[72.84085235384458,18.93472223112909]]]}},{"type":"Feature","properties":{"layer":"DP_77","label":"Heritage building","confidence":"confirmed","HERITAGE_P":" ","GRADE":"III","VILLAGE":"MAHIM","VILLAGE_DI":"MAHIM","WARD":"G/N","REMARKS":" ","TYPE":"Heritage","CREATED_US":" ","LAST_EDITE":" ","OWNERSHIP":" ","USES":" ","MHCC_NOC":" ","DATE_":" ","NOC_FOR":" ","STRUCTURE":" ","FEATURE":" ","Q":"Y","HER_NUMBER_2":"28/557","HERITAGE_NAME":"BUNGALOW NO. 3"},"geometry":{"type":"Polygon","coordinates":[[[72.84469671045616,19.036622702857066],[72.84466469607565,19.03684613845066],[72.84497698733449,19.036761573585522],[72.84469671045616,19.036622702857066]]]}},{"type":"Feature","properties":{"layer":"DP_77","label":"Heritage building","confidence":"confirmed","HERITAGE_P":"HORNIMAN CIRCLE","GRADE":"III","VILLAGE":"FORT","VILLAGE_DI":"FORT","WARD":"A","REMARKS":" ","TYPE":"Heritage","CREATED_US":" ","LAST_EDITE":" ","OWNERSHIP":" ","USES":" ","MHCC_NOC":" ","DATE_":" ","NOC_FOR":" ","STRUCTURE":" ","FEATURE":" ","Q":"Y","HER_NUMBER_2":"205/232","HERITAGE_NAME":"105, APOLLO STREET (OLD WRITER'S HOUSE)"},"geometry":{"type":"Polygon","coordinates":[[[72.83413848869345,18.928527009945757],[72.83397100159281,18.92886818665408],[72.83425685157796,18.928759921412897],[72.83413848869345,18.928527009945757]]]}},{"type":"Feature","properties":{"layer":"DP_77","label":"Heritage building","confidence":"confirmed","HERITAGE_P":"CANTONMENT","GRADE":"IIB","VILLAGE":"COLABA","VILLAGE_DI":"COLABA","WARD":"A","REMARKS":" ","TYPE":"Heritage","CREATED_US":" ","LAST_EDITE":" ","OWNERSHIP":" ","USES":" ","MHCC_NOC":" ","DATE_":" ","NOC_FOR":" ","STRUCTURE":" ","FEATURE":" ","Q":"Y","HER_NUMBER_2":"41/47","HERITAGE_NAME":"STAFF SADAN"},"geometry":{"type":"Polygon","coordinates":[[[72.81067429275957,18.898053826594158],[72.81082479007995,18.898427303564528],[72.81111018053333,18.898369991410835],[72.81116516759296,18.89794085123268],[72.81067429275957,18.898053826594158]]]}},{"type":"Feature","properties":{"layer":"DP_77","label":"Heritage building","confidence":"confirmed","HERITAGE_P":" ","GRADE":"III","VILLAGE":"BANDRA-H","VILLAGE_DI":"BANDRA-H","WARD":"H/W","REMARKS":" ","TYPE":"Heritage","CREATED_US":" ","LAST_EDITE":" ","OWNERSHIP":" ","USES":" ","MHCC_NOC":" ","DATE_":" ","NOC_FOR":" ","STRUCTURE":" ","FEATURE":" ","Q":"Y","HER_NUMBER_2":"101/122","HERITAGE_NAME":"CYRILYN"},"geometry":{"type":"Polygon","coordinates":[[[72.83864179270812,19.075354594978574],[72.83878487096204,19.07515622501613],[72.83864140295827,19.07512788765171],[72.83864179270812,19.075354594978574]]]}},{"type":"Feature","properties":{"layer":"DP_77","label":"Heritage building","confidence":"confirmed","HERITAGE_P":" ","GRADE":"III","VILLAGE":"FORT","VILLAGE_DI":"FORT","WARD":"A","REMARKS":" ","TYPE":"Heritage","CREATED_US":" ","LAST_EDITE":" ","OWNERSHIP":" ","USES":" ","MHCC_NOC":" ","DATE_":" ","NOC_FOR":" ","STRUCTURE":" ","FEATURE":" ","Q":"Y","HER_NUMBER_2":"256/21","HERITAGE_NAME":"INDIAN MERCHANT CHAMBER"},"geometry":{"type":"Polygon","coordinates":[[[72.8270291133915,18.933654511695195],[72.8271193515016,18.933361959264477],[72.82680974442114,18.933337900174195],[72.82680005064559,18.933681331912656],[72.8270291133915,18.933654511695195]]]}},{"type":"Feature","properties":{"layer":"DP_77","label":"Heritage building","confidence":"confirmed","HERITAGE_P":" ","GRADE":"IIB","VILLAGE":" ","VILLAGE_DI":" ","WARD":"E","REMARKS":" ","TYPE":" ","CREATED_US":" ","CREATED_DA":-2209161600000,"LAST_EDITE":" ","LAST_EDI_1":-2209161600000,"OWNERSHIP":" ","USES":" ","MHCC_NOC":" ","DATE_":" ","NOC_FOR":" ","STRUCTURE":" ","FEATURE":" ","Q":"Y","HER_NUMBER_2":"537","HERITAGE_NAME":"MASSINA HOSPITAL COMPLEX"},"geometry":{"type":"Polygon","coordinates":[[[72.83640812247636,18.974472670320857],[72.83635298014211,18.97391045585014],[72.83580454388442,18.97380639792084],[72.83607670770755,18.97565074614158],[72.83640812247636,18.974472670320857]]]}},{"type":"Feature","properties":{"layer":"DP_77","label":"Heritage building","confidence":"confirmed","HERITAGE_P":"GATEWAY","GRADE":"III","VILLAGE":"COLABA","VILLAGE_DI":"COLABA","WARD":"A","REMARKS":" ","TYPE":"Heritage","CREATED_US":" ","LAST_EDITE":" ","OWNERSHIP":" ","USES":" ","MHCC_NOC":" ","DATE_":" ","NOC_FOR":" ","STRUCTURE":" ","FEATURE":" ","Q":"Y","HER_NUMBER_2":"163/185(i)","HERITAGE_NAME":"BUILDINGS ON SHREE BOMAN CAWASJI BOMAN BEHRAM MARG (FORMERLY KNOWN AS MEREWEATHER ROAD) WITH SPECIAL FOCUS ON i) FLORENCE HOUSE"},"geometry":{"type":"Polygon","coordinates":[[[72.83236871187053,18.922323321332794],[72.83264111635393,18.92246150559217],[72.83260075743782,18.922264674050616],[72.83236871187053,18.922323321332794]]]}},{"type":"Feature","properties":{"layer":"DP_77","label":"Heritage building","confidence":"confirmed","HERITAGE_P":" ","GRADE":"III","VILLAGE":"VILE PARLE","VILLAGE_DI":"VILE PARLE","WARD":"K/W","REMARKS":" ","TYPE":"Heritage","CREATED_US":" ","LAST_EDITE":" ","OWNERSHIP":" ","USES":" ","MHCC_NOC":" ","DATE_":" ","NOC_FOR":" ","STRUCTURE":" ","FEATURE":" ","Q":"Y","HER_NUMBER_2":"125/155","HERITAGE_NAME":"Green Lanos"},"geometry":{"type":"Polygon","coordinates":[[[72.84012327270774,19.10141621029219],[72.83994354299836,19.101212386674984],[72.83982610262308,19.10140135787661],[72.84012327270774,19.10141621029219]]]}},{"type":"Feature","properties":{"layer":"DP_77","label":"Heritage building","confidence":"confirmed","HERITAGE_P":" ","GRADE":"IIB","VILLAGE":" ","VILLAGE_DI":" ","WARD":"A","REMARKS":" ","TYPE":" ","CREATED_US":" ","CREATED_DA":-2209161600000,"LAST_EDITE":" ","LAST_EDI_1":-2209161600000,"OWNERSHIP":" ","USES":" ","MHCC_NOC":" ","DATE_":" ","NOC_FOR":" ","STRUCTURE":" ","FEATURE":" ","Q":"Y","HER_NUMBER_2":"303/73","HERITAGE_NAME":"STATUE OF GOPALKRISHNA GOKHALE C.I.E."},"geometry":{"type":"Polygon","coordinates":[[[72.82946446386264,18.93299424008142],[72.82936954578335,18.932954293635838],[72.82937681116017,18.9330236848767],[72.82946446386264,18.93299424008142]]]}},{"type":"Feature","properties":{"layer":"DP_77","label":"Heritage building","confidence":"confirmed","HERITAGE_P":"PROPOSED GAMDEVI PRECINCT","GRADE":"IIA","VILLAGE":"MALABAR HILL","VILLAGE_DI":"MALABAR HILL","WARD":"D","REMARKS":" ","TYPE":"Heritage","CREATED_US":" ","LAST_EDITE":" ","OWNERSHIP":" ","USES":" ","MHCC_NOC":" ","DATE_":" ","NOC_FOR":" ","STRUCTURE":" ","FEATURE":" ","Q":"Y","HER_NUMBER_2":"84/468","HERITAGE_NAME":"BUILDING BETWEEN R.T.I. & TATA SHOW ROOM(MODI SORABJI VACCHA GANDHI AGYARI)"},"geometry":{"type":"Polygon","coordinates":[[[72.81025954404039,18.95872931766252],[72.81019697180237,18.959498592817205],[72.81056537987078,18.95933579110371],[72.81025954404039,18.95872931766252]]]}},{"type":"Feature","properties":{"layer":"DP_77","label":"Heritage building","confidence":"confirmed","HERITAGE_P":" ","GRADE":"IIA","VILLAGE":"BYCULLA","VILLAGE_DI":"BYCULLA","WARD":"E","REMARKS":" ","TYPE":"Heritage","CREATED_US":" ","LAST_EDITE":" ","OWNERSHIP":" ","USES":" ","MHCC_NOC":" ","DATE_":" ","NOC_FOR":" ","STRUCTURE":" ","FEATURE":" ","Q":"Y","HER_NUMBER_2":"48/339","HERITAGE_NAME":"MOHD. HUSSAIN PLAY GROUND"},"geometry":{"type":"Polygon","coordinates":[[[72.82484390008757,18.971564920983706],[72.82370192666974,18.971880339685626],[72.82504266659626,18.972767888750298],[72.82519163203841,18.972722151816797],[72.82484390008757,18.971564920983706]]]}},{"type":"Feature","properties":{"layer":"DP_77","label":"Heritage building","confidence":"confirmed","HERITAGE_P":"BALLARD PIER","GRADE":"IIA","VILLAGE":"FORT","VILLAGE_DI":"FORT","WARD":"A","REMARKS":" ","TYPE":"Heritage","CREATED_US":" ","LAST_EDITE":" ","OWNERSHIP":" ","USES":" ","MHCC_NOC":" ","DATE_":" ","NOC_FOR":" ","STRUCTURE":" ","FEATURE":" ","Q":"Y","HER_NUMBER_2":"169/193(a)","HERITAGE_NAME":"a) SCINDIA HOUSE"},"geometry":{"type":"Polygon","coordinates":[[[72.84177182238437,18.9344839679137],[72.84162717426507,18.934530823393985],[72.84189587890944,18.934770867777818],[72.84201993758106,18.934663304321905],[72.84177182238437,18.9344839679137]]]}},{"type":"Feature","properties":{"layer":"DP_77","label":"Heritage building","confidence":"confirmed","HERITAGE_P":"ESPLANDE","GRADE":"IIA","VILLAGE":"FORT","VILLAGE_DI":"FORT","WARD":"A","REMARKS":" ","TYPE":"Heritage","CREATED_US":" ","LAST_EDITE":" ","OWNERSHIP":" ","USES":" ","MHCC_NOC":" ","DATE_":" ","NOC_FOR":" ","STRUCTURE":" ","FEATURE":" ","Q":"Y","HER_NUMBER_2":"100/116","HERITAGE_NAME":"STANDARD BUILDING"},"geometry":{"type":"Polygon","coordinates":[[[72.83194833567057,18.934336678113723],[72.83229632874449,18.93416427471804],[72.83212365877833,18.933916071845683],[72.83189699540543,18.93406760174221],[72.83194833567057,18.934336678113723]]]}},{"type":"Feature","properties":{"layer":"DP_77","label":"Heritage building","confidence":"confirmed","HERITAGE_P":" ","GRADE":"IIB","VILLAGE":"BANDRA-C","VILLAGE_DI":"BANDRA-C","WARD":"H/W","REMARKS":" ","TYPE":"Heritage","CREATED_US":" ","LAST_EDITE":" ","OWNERSHIP":" ","USES":" ","MHCC_NOC":" ","DATE_":" ","NOC_FOR":" ","STRUCTURE":" ","FEATURE":" ","Q":"Y","HER_NUMBER_2":"55/072","HERITAGE_NAME":"PEACE HAVEN"},"geometry":{"type":"Polygon","coordinates":[[[72.8239332578527,19.060177068252184],[72.82413782269406,19.060258984667136],[72.82415560865975,19.05995915042464],[72.82387836167514,19.06001360943757],[72.8239332578527,19.060177068252184]]]}},{"type":"Feature","properties":{"layer":"DP_77","label":"Heritage building","confidence":"confirmed","HERITAGE_P":" ","GRADE":"IIA","VILLAGE":" ","VILLAGE_DI":" ","WARD":"C","REMARKS":" ","TYPE":" ","CREATED_US":" ","CREATED_DA":-2209161600000,"LAST_EDITE":" ","LAST_EDI_1":-2209161600000,"OWNERSHIP":" ","USES":" ","MHCC_NOC":" ","DATE_":" ","NOC_FOR":" ","STRUCTURE":" ","FEATURE":" ","Q":"Y","HER_NUMBER_2":"149","HERITAGE_NAME":"COURT OF SMALL CAUSES"},"geometry":{"type":"Polygon","coordinates":[[[72.82973266301208,18.944744050165678],[72.82953296406738,18.945238972384118],[72.82974846554619,18.945581992425282],[72.83042791178767,18.945505519949844],[72.83051643431767,18.945215340683234],[72.82981965176286,18.94453414853312],[72.82973266301208,18.944744050165678]]]}},{"type":"Feature","properties":{"layer":"DP_77","label":"Heritage building","confidence":"confirmed","HERITAGE_P":" ","GRADE":"III","VILLAGE":"BANDRA-E","VILLAGE_DI":"BANDRA-E","WARD":"H/W","REMARKS":" ","TYPE":"Heritage","CREATED_US":" ","LAST_EDITE":" ","OWNERSHIP":" ","USES":" ","MHCC_NOC":" ","DATE_":" ","NOC_FOR":" ","STRUCTURE":" ","FEATURE":" ","Q":"Y","HER_NUMBER_2":"85/106","HERITAGE_NAME":"ABDUL KARIM ABDULLAH BUILDING"},"geometry":{"type":"Polygon","coordinates":[[[72.83708527034189,19.071283441209758],[72.83727260706596,19.07126127489862],[72.8372958548877,19.070910003806635],[72.83695780915608,19.070928265638962],[72.83708527034189,19.071283441209758]]]}},{"type":"Feature","properties":{"layer":"DP_77","label":"Heritage building","confidence":"confirmed","HERITAGE_P":" ","GRADE":"III","VILLAGE":"MATUNGA","VILLAGE_DI":"MATUNGA","WARD":"F/N","REMARKS":" ","TYPE":"Heritage","CREATED_US":" ","LAST_EDITE":" ","OWNERSHIP":" ","USES":" ","MHCC_NOC":" ","DATE_":" ","NOC_FOR":" ","STRUCTURE":" ","FEATURE":" ","Q":"Y","HER_NUMBER_2":"5/416","HERITAGE_NAME":"171,SUNOO LODGE"},"geometry":{"type":"Polygon","coordinates":[[[72.84709227263046,19.018709824261645],[72.84733877643703,19.018542565288886],[72.84718684251023,19.0183377366455],[72.84700391894076,19.01843318366547],[72.84709227263046,19.018709824261645]]]}},{"type":"Feature","properties":{"layer":"DP_77","label":"Heritage building","confidence":"confirmed","HERITAGE_P":" ","GRADE":"III","VILLAGE":"MANDVI","VILLAGE_DI":"MANDVI","WARD":"B","REMARKS":" ","TYPE":"Heritage","CREATED_US":" ","LAST_EDITE":" ","OWNERSHIP":" ","USES":" ","MHCC_NOC":" ","DATE_":" ","NOC_FOR":" ","STRUCTURE":" ","FEATURE":" ","Q":"Y","HER_NUMBER_2":"3c/84","HERITAGE_NAME":"BANDUKWALA MANSION"},"geometry":{"type":"Polygon","coordinates":[[[72.83422230604313,18.95144700991819],[72.83412853708236,18.951329373606022],[72.83405210111066,18.95140297218188],[72.83422230604313,18.95144700991819]]]}},{"type":"Feature","properties":{"layer":"DP_77","label":"Heritage building","confidence":"confirmed","HERITAGE_P":" ","GRADE":"III","VILLAGE":" ","VILLAGE_DI":" ","WARD":"E","REMARKS":" ","TYPE":" ","CREATED_US":" ","CREATED_DA":-2209161600000,"LAST_EDITE":" ","LAST_EDI_1":-2209161600000,"OWNERSHIP":" ","USES":" ","MHCC_NOC":" ","DATE_":" ","NOC_FOR":" ","STRUCTURE":" ","FEATURE":" ","Q":"Y","HER_NUMBER_2":"73/364","HERITAGE_NAME":"E.E.N.D. OFFICE QUARTERS,MUMBAI PORT TRUST"},"geometry":{"type":"Polygon","coordinates":[[[72.8479134695055,18.964829352273952],[72.84776039715065,18.964056617288655],[72.84680247713406,18.964153129703874],[72.84701326683768,18.96474651433361],[72.8479134695055,18.964829352273952]]]}},{"type":"Feature","properties":{"layer":"DP_77","label":"Heritage building","confidence":"confirmed","HERITAGE_P":" ","GRADE":"IIB","VILLAGE":"BYCULLA","VILLAGE_DI":"BYCULLA","WARD":"E","REMARKS":" ","TYPE":"Heritage","CREATED_US":" ","LAST_EDITE":" ","OWNERSHIP":" ","USES":" ","MHCC_NOC":" ","DATE_":" ","NOC_FOR":" ","STRUCTURE":" ","FEATURE":" ","Q":"Y","HER_NUMBER_2":"64/355","HERITAGE_NAME":"CHISTI  HINDUSTANI MASJID"},"geometry":{"type":"Polygon","coordinates":[[[72.83168457208784,18.975752070730817],[72.83168857314207,18.975964015420853],[72.83198519262012,18.9756438017541],[72.83168457208784,18.975752070730817]]]}},{"type":"Feature","properties":{"layer":"DP_77","label":"Heritage building","confidence":"confirmed","HERITAGE_P":" ","GRADE":"III","VILLAGE":"COLABA","VILLAGE_DI":"COLABA","WARD":"A","REMARKS":" ","TYPE":"Heritage","CREATED_US":" ","LAST_EDITE":" ","OWNERSHIP":" ","USES":" ","MHCC_NOC":" ","DATE_":" ","NOC_FOR":" ","STRUCTURE":" ","FEATURE":" ","Q":"Y","HER_NUMBER_2":"265/33","HERITAGE_NAME":"NAWROJI MANSION"},"geometry":{"type":"Polygon","coordinates":[[[72.82874502639025,18.922268939301222],[72.82885417267477,18.92240917663577],[72.8292412505435,18.922081868850903],[72.82909593385874,18.921853720584767],[72.82874502639025,18.922268939301222]]]}},{"type":"Feature","properties":{"layer":"DP_77","label":"Heritage building","confidence":"confirmed","HERITAGE_P":" ","GRADE":"IIA","VILLAGE":"COLABA","VILLAGE_DI":"COLABA","WARD":"A","REMARKS":" ","TYPE":"Heritage","CREATED_US":" ","LAST_EDITE":" ","OWNERSHIP":" ","USES":" ","MHCC_NOC":" ","DATE_":" ","NOC_FOR":" ","STRUCTURE":" ","FEATURE":" ","Q":"Y","HER_NUMBER_2":"308/78","HERITAGE_NAME":"REGAL CINEMA"},"geometry":{"type":"Polygon","coordinates":[[[72.83254024041956,18.924799993626426],[72.83276803463237,18.924534236608864],[72.8324906223947,18.924278062076084],[72.83229791318362,18.92462920028551],[72.83254024041956,18.924799993626426]]]}},{"type":"Feature","properties":{"layer":"DP_77","label":"Heritage building","confidence":"confirmed","HERITAGE_P":" ","GRADE":"IIA","VILLAGE":" ","VILLAGE_DI":" ","WARD":"E","REMARKS":" ","TYPE":" ","CREATED_US":" ","CREATED_DA":-2209161600000,"LAST_EDITE":" ","LAST_EDI_1":-2209161600000,"OWNERSHIP":" ","USES":" ","MHCC_NOC":" ","DATE_":" ","NOC_FOR":" ","STRUCTURE":" ","FEATURE":" ","Q":"Y","HER_NUMBER_2":"83/376","HERITAGE_NAME":"REHMATABAD MUGAL CEMETERY"},"geometry":{"type":"Polygon","coordinates":[[[72.84319639224454,18.975419756061235],[72.84416813895899,18.975578056438685],[72.84411015525039,18.974145738841383],[72.84194369424361,18.973986818978176],[72.84188953761927,18.974573013661736],[72.8423127461833,18.975552514194522],[72.84263909806211,18.9757531908914],[72.84248603995837,18.975593300109004],[72.84319639224454,18.975419756061235]]]}},{"type":"Feature","properties":{"layer":"DP_77","label":"Heritage building","confidence":"confirmed","HERITAGE_P":" ","GRADE":"III","VILLAGE":"EKSAR-S","VILLAGE_DI":"EKSAR-S","WARD":"R","REMARKS":" ","TYPE":"Heritage","CREATED_US":" ","LAST_EDITE":" ","OWNERSHIP":" ","USES":" ","MHCC_NOC":" ","DATE_":" ","NOC_FOR":" ","STRUCTURE":" ","FEATURE":" ","Q":"Y","HER_NUMBER_2":"164/210","HERITAGE_NAME":"KHOT BUNGLOW"},"geometry":{"type":"Polygon","coordinates":[[[72.85241689385312,19.228083568076112],[72.85257033947987,19.227425169418385],[72.8521547643042,19.22746281639694],[72.85210624144975,19.228070491839272],[72.85241689385312,19.228083568076112]]]}},{"type":"Feature","properties":{"layer":"DP_77","label":"Heritage building","confidence":"confirmed","HERITAGE_P":" ","GRADE":"III","VILLAGE":"BHULESHWAR","VILLAGE_DI":"BHULESHWAR","WARD":"C","REMARKS":" ","TYPE":"Heritage","CREATED_US":" ","LAST_EDITE":" ","OWNERSHIP":" ","USES":" ","MHCC_NOC":" ","DATE_":" ","NOC_FOR":" ","STRUCTURE":" ","FEATURE":" ","Q":"Y","HER_NUMBER_2":"48/191","HERITAGE_NAME":"SETH JEEVRAJ BAKULSHI BHATIA MAHAJANWADI"},"geometry":{"type":"Polygon","coordinates":[[[72.83042797547938,18.945645481607006],[72.83030504130512,18.94619810369314],[72.83052467154457,18.946239334684204],[72.83073916697154,18.945702726500578],[72.83042797547938,18.945645481607006]]]}},{"type":"Feature","properties":{"layer":"DP_77","label":"Heritage building","confidence":"confirmed","HERITAGE_P":" ","GRADE":"IIA","VILLAGE":" ","VILLAGE_DI":" ","WARD":"K/W","REMARKS":"AS PER NEW AGIARY LIST AT  SR. NO.45","TYPE":" ","CREATED_US":" ","CREATED_DA":-2209161600000,"LAST_EDITE":" ","LAST_EDI_1":-2209161600000,"OWNERSHIP":" ","USES":" ","MHCC_NOC":" ","DATE_":" ","NOC_FOR":" ","STRUCTURE":" ","FEATURE":" ","Q":"Y","HER_NUMBER_2":" ","HERITAGE_NAME":"SETH PIROJSHA ARDESHIR PATEL DAREMEHER ( PETL AGIARY) ( ADARIAN)"},"geometry":{"type":"Polygon","coordinates":[[[72.84466162748403,19.119754631759125],[72.84490929788745,19.12011549308292],[72.84535499519035,19.119841988162197],[72.84516901638456,19.119617308908847],[72.84466162748403,19.119754631759125]]]}},{"type":"Feature","properties":{"layer":"DP_77","label":"Heritage building","confidence":"confirmed","HERITAGE_P":"ESPLANDE","GRADE":"IIA","VILLAGE":"FORT","VILLAGE_DI":"FORT","WARD":"A","REMARKS":" ","TYPE":"Heritage","CREATED_US":" ","LAST_EDITE":" ","OWNERSHIP":" ","USES":" ","MHCC_NOC":" ","DATE_":" ","NOC_FOR":" ","STRUCTURE":" ","FEATURE":" ","Q":"Y","HER_NUMBER_2":"85/101","HERITAGE_NAME":"MAHANAGAR TELEPHONE NIGAM BLDG."},"geometry":{"type":"Polygon","coordinates":[[[72.83272305558175,18.936860560653212],[72.83280455089965,18.937065258935675],[72.83322143899116,18.93691125130366],[72.83314356386984,18.936626418386673],[72.83272305558175,18.936860560653212]]]}},{"type":"Feature","properties":{"layer":"DP_77","label":"Heritage building","confidence":"confirmed","HERITAGE_P":" ","GRADE":"III","VILLAGE":"BANDRA-B","VILLAGE_DI":"BANDRA-B","WARD":"H/W","REMARKS":" ","TYPE":"Heritage","CREATED_US":" ","LAST_EDITE":" ","OWNERSHIP":" ","USES":" ","MHCC_NOC":" ","DATE_":" ","NOC_FOR":" ","STRUCTURE":" ","FEATURE":" ","Q":"Y","HER_NUMBER_2":"577","HERITAGE_NAME":"B.S.M.CAMN CONVALESCENT HOME OF PARSEE WOMEN & CHILDREN"},"geometry":{"type":"Polygon","coordinates":[[[72.8194455053846,19.045445664589014],[72.82010052314412,19.045327232971516],[72.81996471226417,19.044818600666357],[72.81928477709556,19.044931700144147],[72.8194455053846,19.045445664589014]]]}},{"type":"Feature","properties":{"layer":"DP_77","label":"Heritage building","confidence":"confirmed","HERITAGE_P":"FOUNTAIN","GRADE":"IIA","VILLAGE":"FORT","VILLAGE_DI":"FORT","WARD":"A","REMARKS":" ","TYPE":"Heritage","CREATED_US":" ","LAST_EDITE":" ","OWNERSHIP":" ","USES":" ","MHCC_NOC":" ","DATE_":" ","NOC_FOR":" ","STRUCTURE":" ","FEATURE":" ","Q":"Y","HER_NUMBER_2":"222/252","HERITAGE_NAME":"ELPHINSTON BUILDING"},"geometry":{"type":"Polygon","coordinates":[[[72.83430229433093,18.932466209967103],[72.83386412784428,18.932329133168835],[72.83388734436946,18.932518651215492],[72.83430229433093,18.932466209967103]]]}},{"type":"Feature","properties":{"layer":"DP_77","label":"Heritage building","confidence":"confirmed","HERITAGE_P":"HORNIMAN CIRCLE","GRADE":"IIA","VILLAGE":"FORT","VILLAGE_DI":"FORT","WARD":"A","REMARKS":" ","TYPE":"Heritage","CREATED_US":" ","LAST_EDITE":" ","OWNERSHIP":" ","USES":" ","MHCC_NOC":" ","DATE_":" ","NOC_FOR":" ","STRUCTURE":" ","FEATURE":" ","Q":"Y","HER_NUMBER_2":"125/142","HERITAGE_NAME":"HORNIMAN CIRCLE WITH GARDEN AND SURROUNDING BUILDING, NAMELY"},"geometry":{"type":"Polygon","coordinates":[[[72.83493442192828,18.932506526184227],[72.83540606815829,18.932373668264194],[72.83557424403942,18.932052227520906],[72.8351939195673,18.93151558232042],[72.83467754274595,18.931614299226393],[72.83450087312897,18.931910941994676],[72.83455225848327,18.932252590234658],[72.83493442192828,18.932506526184227]]]}},{"type":"Feature","properties":{"layer":"DP_77","label":"Heritage building","confidence":"confirmed","HERITAGE_P":" ","GRADE":"IIA","VILLAGE":" ","VILLAGE_DI":" ","WARD":"B","REMARKS":" ","TYPE":" ","CREATED_US":" ","CREATED_DA":-2209161600000,"LAST_EDITE":" ","LAST_EDI_1":-2209161600000,"OWNERSHIP":" ","USES":" ","MHCC_NOC":" ","DATE_":" ","NOC_FOR":" ","STRUCTURE":" ","FEATURE":" ","Q":"Y","HER_NUMBER_2":"53/138","HERITAGE_NAME":"TRAFFIC BLDG., RED GATE"},"geometry":{"type":"Polygon","coordinates":[[[72.84262723453365,18.95428111332166],[72.84250913543337,18.954248274919063],[72.84253600594876,18.954402487728256],[72.84262723453365,18.95428111332166]]]}},{"type":"Feature","properties":{"layer":"DP_77","label":"Heritage building","confidence":"confirmed","HERITAGE_P":" ","GRADE":"I","VILLAGE":" ","VILLAGE_DI":" ","WARD":"K/W","REMARKS":" ","TYPE":" ","CREATED_US":" ","CREATED_DA":-2209161600000,"LAST_EDITE":" ","LAST_EDI_1":-2209161600000,"OWNERSHIP":" ","USES":" ","MHCC_NOC":" ","DATE_":" ","NOC_FOR":" ","STRUCTURE":" ","FEATURE":" ","Q":"Y","HER_NUMBER_2":"606","HERITAGE_NAME":"FORT OPP. BEACH IN VERSOVA"},"geometry":{"type":"Polygon","coordinates":[[[72.79464121568103,19.131639220625306],[72.79435873643318,19.132813652571027],[72.79493621461847,19.132881278928892],[72.79516015492317,19.132246022221945],[72.79496715961533,19.1317846054453],[72.79464121568103,19.131639220625306]]]}},{"type":"Feature","properties":{"layer":"DP_77","label":"Heritage building","confidence":"confirmed","HERITAGE_P":"HORNIMAN CIRCLE","GRADE":"IIA","VILLAGE":"FORT","VILLAGE_DI":"FORT","WARD":"A","REMARKS":" ","TYPE":"Heritage","CREATED_US":" ","LAST_EDITE":" ","OWNERSHIP":" ","USES":" ","MHCC_NOC":" ","DATE_":" ","NOC_FOR":" ","STRUCTURE":" ","FEATURE":" ","Q":"Y","HER_NUMBER_2":"71/82","HERITAGE_NAME":"STATE BANK OF INDIA BLDG."},"geometry":{"type":"Polygon","coordinates":[[[72.83429065105571,18.93134937826152],[72.83434087939587,18.931656162451336],[72.83478283764171,18.931329994468186],[72.83478897042417,18.93083896948974],[72.83421917965275,18.930840827341463],[72.83429065105571,18.93134937826152]]]}},{"type":"Feature","properties":{"layer":"DP_77","label":"Heritage building","confidence":"confirmed","HERITAGE_P":"MAJESTIC","GRADE":"III","VILLAGE":"FORT","VILLAGE_DI":"FORT","WARD":"A","REMARKS":" ","TYPE":"Heritage","CREATED_US":" ","LAST_EDITE":" ","OWNERSHIP":" ","USES":" ","MHCC_NOC":" ","DATE_":" ","NOC_FOR":" ","STRUCTURE":" ","FEATURE":" ","Q":"Y","HER_NUMBER_2":"171/195","HERITAGE_NAME":"RAFIA MANZIL"},"geometry":{"type":"Polygon","coordinates":[[[72.83055178272014,18.924371565453896],[72.83080417718668,18.92406552600587],[72.83060075757959,18.92390847791292],[72.8303231981789,18.92406124835964],[72.83055178272014,18.924371565453896]]]}},{"type":"Feature","properties":{"layer":"DP_77","label":"Heritage building","confidence":"confirmed","HERITAGE_P":" ","GRADE":"IIA","VILLAGE":"BHULESHWAR","VILLAGE_DI":"BHULESHWAR","WARD":"C","REMARKS":" ","TYPE":"Heritage","CREATED_US":" ","LAST_EDITE":" ","OWNERSHIP":" ","USES":" ","MHCC_NOC":" ","DATE_":" ","NOC_FOR":" ","STRUCTURE":" ","FEATURE":" ","Q":"Y","HER_NUMBER_2":"73/211","HERITAGE_NAME":"DURGADEVI UDYAN"},"geometry":{"type":"Polygon","coordinates":[[[72.82627411870968,18.96039357178341],[72.82628572234768,18.961545923775077],[72.82717851534663,18.961512405051135],[72.82718272523974,18.96046221569692],[72.82627411870968,18.96039357178341]]]}},{"type":"Feature","properties":{"layer":"DP_77","label":"Heritage building","confidence":"confirmed","HERITAGE_P":"GATEWAY","GRADE":"IIB","VILLAGE":"COLABA","VILLAGE_DI":"COLABA","WARD":"A","REMARKS":" ","TYPE":"Heritage","CREATED_US":" ","LAST_EDITE":" ","OWNERSHIP":" ","USES":" ","MHCC_NOC":" ","DATE_":" ","NOC_FOR":" ","STRUCTURE":" ","FEATURE":" ","Q":"Y","HER_NUMBER_2":"163/185(a)","HERITAGE_NAME":"BUILDINGS ON SHREE BOMAN CAWASJI BOMAN BEHRAM MARG (FORMERLY KNOWN AS MEREWEATHER ROAD) WITH SPECIAL FOCUS ON a) JAJI MANSION"},"geometry":{"type":"Polygon","coordinates":[[[72.83184720502324,18.920155223644933],[72.8320476982897,18.920204334062106],[72.83201875375254,18.919863187034984],[72.83184720502324,18.920155223644933]]]}},{"type":"Feature","properties":{"layer":"DP_77","label":"Heritage building","confidence":"confirmed","HERITAGE_P":"BAZARGATE","GRADE":"III","VILLAGE":"FORT","VILLAGE_DI":"FORT","WARD":"A","REMARKS":" ","TYPE":"Heritage","CREATED_US":" ","LAST_EDITE":" ","OWNERSHIP":" ","USES":" ","MHCC_NOC":" ","DATE_":" ","NOC_FOR":" ","STRUCTURE":" ","FEATURE":" ","Q":"Y","HER_NUMBER_2":"228/259","HERITAGE_NAME":"BLACKIE HOUSE"},"geometry":{"type":"Polygon","coordinates":[[[72.83628632015706,18.9383991414386],[72.8362988793987,18.938203939391112],[72.83604592367922,18.93831020384109],[72.83628632015706,18.9383991414386]]]}},{"type":"Feature","properties":{"layer":"DP_77","label":"Heritage building","confidence":"confirmed","HERITAGE_P":" ","GRADE":"III","VILLAGE":"BHULESHWAR","VILLAGE_DI":"BHULESHWAR","WARD":"C","REMARKS":" ","TYPE":"Heritage","CREATED_US":" ","LAST_EDITE":" ","OWNERSHIP":" ","USES":" ","MHCC_NOC":" ","DATE_":" ","NOC_FOR":" ","STRUCTURE":" ","FEATURE":" ","Q":"Y","HER_NUMBER_2":"17a/157","HERITAGE_NAME":"DEVJI KANJI BUILDING"},"geometry":{"type":"Polygon","coordinates":[[[72.82527399026951,18.9452613920681],[72.82547612809287,18.945330180709536],[72.82554466570437,18.945120213291073],[72.82527399026951,18.9452613920681]]]}},{"type":"Feature","properties":{"layer":"DP_77","label":"Heritage building","confidence":"confirmed","HERITAGE_P":" ","GRADE":"IIB","VILLAGE":"KANJUR","VILLAGE_DI":"KANJUR","WARD":"S","REMARKS":" ","TYPE":"Heritage","CREATED_US":" ","LAST_EDITE":" ","OWNERSHIP":" ","USES":" ","MHCC_NOC":" ","DATE_":" ","NOC_FOR":" ","STRUCTURE":" ","FEATURE":" ","Q":"Y","HER_NUMBER_2":"35/38","HERITAGE_NAME":"SALT COMMISSIONER'S OFFICE"},"geometry":{"type":"Polygon","coordinates":[[[72.93798456661567,19.140433896654812],[72.93775179338577,19.140445882026867],[72.9377995248758,19.140563188020543],[72.93798456661567,19.140433896654812]]]}},{"type":"Feature","properties":{"layer":"DP_77","label":"Heritage building","confidence":"confirmed","HERITAGE_P":" ","GRADE":"III","VILLAGE":"MALAD","VILLAGE_DI":"MALAD","WARD":"R","REMARKS":" ","TYPE":"Heritage","CREATED_US":" ","LAST_EDITE":" ","OWNERSHIP":" ","USES":" ","MHCC_NOC":" ","DATE_":" ","NOC_FOR":" ","STRUCTURE":" ","FEATURE":" ","Q":"Y","HER_NUMBER_2":"151/189","HERITAGE_NAME":"MODI BUNGLOW"},"geometry":{"type":"Polygon","coordinates":[[[72.84396385254624,19.20280805337598],[72.84401286616733,19.20312034399042],[72.84444372444952,19.20325284725314],[72.84437085387604,19.202628590002828],[72.84393128890468,19.202616113017147],[72.84396385254624,19.20280805337598]]]}},{"type":"Feature","properties":{"layer":"DP_77","label":"Heritage building","confidence":"confirmed","HERITAGE_P":" ","GRADE":"III","VILLAGE":"VILE PARLE-WEST","VILLAGE_DI":"VILE PARLE-WEST","WARD":"K/W","REMARKS":" ","TYPE":"Heritage","CREATED_US":" ","LAST_EDITE":" ","OWNERSHIP":" ","USES":" ","MHCC_NOC":" ","DATE_":" ","NOC_FOR":" ","STRUCTURE":" ","FEATURE":" ","Q":"Y","HER_NUMBER_2":"117/145","HERITAGE_NAME":"D’Souza House"},"geometry":{"type":"Polygon","coordinates":[[[72.84271698907068,19.09763236469059],[72.84299438864826,19.097455369722685],[72.84276109881154,19.097407707027823],[72.84271698907068,19.09763236469059]]]}},{"type":"Feature","properties":{"layer":"DP_77","label":"Heritage building","confidence":"confirmed","HERITAGE_P":" ","GRADE":"III","VILLAGE":"BANDRA-E","VILLAGE_DI":"BANDRA-E","WARD":"H/W","REMARKS":" ","TYPE":"Heritage","CREATED_US":" ","LAST_EDITE":" ","OWNERSHIP":" ","USES":" ","MHCC_NOC":" ","DATE_":" ","NOC_FOR":" ","STRUCTURE":" ","FEATURE":" ","Q":"Y","HER_NUMBER_2":"91/112","HERITAGE_NAME":"ZAVERI MANSION"},"geometry":{"type":"Polygon","coordinates":[[[72.83359048640364,19.07277447165009],[72.83399984896293,19.07285867820077],[72.83402517152663,19.072691429167296],[72.83359048640364,19.07277447165009]]]}},{"type":"Feature","properties":{"layer":"DP_77","label":"Heritage building","confidence":"confirmed","HERITAGE_P":" ","GRADE":"III","VILLAGE":"MALABAR HILL","VILLAGE_DI":"MALABAR HILL","WARD":"D","REMARKS":" ","TYPE":"Heritage","CREATED_US":" ","LAST_EDITE":" ","OWNERSHIP":" ","USES":" ","MHCC_NOC":" ","DATE_":" ","NOC_FOR":" ","STRUCTURE":" ","FEATURE":" ","Q":"Y","HER_NUMBER_2":"74/451","HERITAGE_NAME":"PREM NIWAS"},"geometry":{"type":"Polygon","coordinates":[[[72.80922914205044,18.96653428895543],[72.80998310457875,18.966433202488062],[72.80995219979351,18.96622061446896],[72.80922914205044,18.96653428895543]]]}},{"type":"Feature","properties":{"layer":"DP_77","label":"Heritage building","confidence":"confirmed","HERITAGE_P":" ","GRADE":"III","VILLAGE":"MALABAR HILL","VILLAGE_DI":"MALABAR HILL","WARD":"D","REMARKS":" ","TYPE":"Heritage","CREATED_US":" ","LAST_EDITE":" ","OWNERSHIP":" ","USES":" ","MHCC_NOC":" ","DATE_":" ","NOC_FOR":" ","STRUCTURE":" ","FEATURE":" ","Q":"Y","HER_NUMBER_2":"23/386","HERITAGE_NAME":"BIRLA HOUSE"},"geometry":{"type":"Polygon","coordinates":[[[72.79863773659042,18.953216023521154],[72.79845533617224,18.952933934285685],[72.79764985958508,18.95333309864965],[72.79834824226866,18.95429576608484],[72.79800763854418,18.953659932885525],[72.79863773659042,18.953216023521154]]]}},{"type":"Feature","properties":{"layer":"DP_77","label":"Heritage building","confidence":"confirmed","HERITAGE_P":" ","GRADE":"III","VILLAGE":"BANDRA-C","VILLAGE_DI":"BANDRA-C","WARD":"H/W","REMARKS":" ","TYPE":"Heritage","CREATED_US":" ","LAST_EDITE":" ","OWNERSHIP":" ","USES":" ","MHCC_NOC":" ","DATE_":" ","NOC_FOR":" ","STRUCTURE":" ","FEATURE":" ","Q":"Y","HER_NUMBER_2":"61/078","HERITAGE_NAME":"EL DORADO"},"geometry":{"type":"Polygon","coordinates":[[[72.82742673368077,19.06089258911473],[72.82748822714424,19.060687127261133],[72.82728708617408,19.060604335213856],[72.82742673368077,19.06089258911473]]]}},{"type":"Feature","properties":{"layer":"DP_77","label":"Heritage building","confidence":"confirmed","HERITAGE_P":"NEW PATKAR BLOCK","GRADE":"IIB","VILLAGE":"BANDRA-F","VILLAGE_DI":"BANDRA-F","WARD":"H/W","REMARKS":" ","TYPE":"Heritage","CREATED_US":" ","LAST_EDITE":" ","OWNERSHIP":" ","USES":" ","MHCC_NOC":" ","DATE_":" ","NOC_FOR":" ","STRUCTURE":" ","FEATURE":" ","Q":"Y","HER_NUMBER_2":"18/026","HERITAGE_NAME":"NEW PATKAR BLOCK"},"geometry":{"type":"Polygon","coordinates":[[[72.83879627695558,19.058262031173847],[72.83825734389261,19.05833732717585],[72.83879538919855,19.058455364032632],[72.83879627695558,19.058262031173847]]]}},{"type":"Feature","properties":{"layer":"DP_77","label":"Heritage building","confidence":"confirmed","HERITAGE_P":" ","GRADE":"III","VILLAGE":" ","VILLAGE_DI":" ","WARD":"E","REMARKS":" ","TYPE":" ","CREATED_US":" ","CREATED_DA":-2209161600000,"LAST_EDITE":" ","LAST_EDI_1":-2209161600000,"OWNERSHIP":" ","USES":" ","MHCC_NOC":" ","DATE_":" ","NOC_FOR":" ","STRUCTURE":" ","FEATURE":" ","Q":"Y","HER_NUMBER_2":"49-d/372","HERITAGE_NAME":"BUNGLOW 1-d,AMBEWADI"},"geometry":{"type":"Polygon","coordinates":[[[72.84307482465401,18.970654633461947],[72.84316042893877,18.970637449730294],[72.8430564343519,18.970566996022406],[72.84307482465401,18.970654633461947]]]}},{"type":"Feature","properties":{"layer":"DP_77","label":"Heritage building","confidence":"confirmed","HERITAGE_P":" ","GRADE":"III","VILLAGE":"BANDRA-C","VILLAGE_DI":"BANDRA-C","WARD":"H/W","REMARKS":" ","TYPE":"Heritage","CREATED_US":" ","LAST_EDITE":" ","OWNERSHIP":" ","USES":" ","MHCC_NOC":" ","DATE_":" ","NOC_FOR":" ","STRUCTURE":" ","FEATURE":" ","Q":"Y","HER_NUMBER_2":"585","HERITAGE_NAME":"131, CARTER ROAD"},"geometry":{"type":"Polygon","coordinates":[[[72.82187731496987,19.058873905882347],[72.82188035095233,19.059150626651554],[72.82236693069989,19.058971788619818],[72.82187731496987,19.058873905882347]]]}},{"type":"Feature","properties":{"layer":"DP_77","label":"Heritage building","confidence":"confirmed","HERITAGE_P":" ","GRADE":"III","VILLAGE":"MANDPESHWAR","VILLAGE_DI":"MANDPESHWAR","WARD":"R/N","REMARKS":" ","TYPE":"Heritage","CREATED_US":" ","LAST_EDITE":" ","OWNERSHIP":" ","USES":" ","MHCC_NOC":" ","DATE_":" ","NOC_FOR":" ","STRUCTURE":" ","FEATURE":" ","Q":"Y","HER_NUMBER_2":"171/219","HERITAGE_NAME":"OUR LADY OF THE IMMACULATE CONCEPTION, MT. POINSUR"},"geometry":{"type":"Polygon","coordinates":[[[72.85221075120216,19.24502298950992],[72.85360128470941,19.2449298063575],[72.85350359420362,19.244412713077892],[72.85224918839204,19.244663709304866],[72.85221075120216,19.24502298950992]]]}},{"type":"Feature","properties":{"layer":"DP_77","label":"Heritage building","confidence":"confirmed","HERITAGE_P":" ","GRADE":"IIB","VILLAGE":"MALABAR HILL","VILLAGE_DI":"MALABAR HILL","WARD":"D","REMARKS":" ","TYPE":"Heritage","CREATED_US":" ","LAST_EDITE":" ","OWNERSHIP":" ","USES":" ","MHCC_NOC":" ","DATE_":" ","NOC_FOR":" ","STRUCTURE":" ","FEATURE":" ","Q":"Y","HER_NUMBER_2":"33/398","HERITAGE_NAME":"SOPHIA COLLEGE"},"geometry":{"type":"Polygon","coordinates":[[[72.80691004026143,18.96987805698688],[72.80702682260096,18.970175051715014],[72.80753166702581,18.969936495953274],[72.80775891014342,18.970166213799786],[72.80801729110824,18.96999908747108],[72.80817481720783,18.969285859081495],[72.80776306224884,18.96905002748512],[72.8068863425588,18.96920064805418],[72.80691004026143,18.96987805698688]]]}},{"type":"Feature","properties":{"layer":"DP_77","label":"Heritage building","confidence":"confirmed","HERITAGE_P":" ","GRADE":"III","VILLAGE":"BANDRA-B","VILLAGE_DI":"BANDRA-B","WARD":"H/W","REMARKS":" ","TYPE":"Heritage","CREATED_US":" ","LAST_EDITE":" ","OWNERSHIP":" ","USES":" ","MHCC_NOC":" ","DATE_":" ","NOC_FOR":" ","STRUCTURE":" ","FEATURE":" ","Q":"Y","HER_NUMBER_2":"6/006","HERITAGE_NAME":"THE NOOK"},"geometry":{"type":"Polygon","coordinates":[[[72.8242399369436,19.050159669518212],[72.8242875682121,19.05030568023019],[72.82441710827229,19.05013984045014],[72.8242399369436,19.050159669518212]]]}},{"type":"Feature","properties":{"layer":"DP_77","label":"Heritage building","confidence":"confirmed","HERITAGE_P":" ","GRADE":"III","VILLAGE":"BORIVALI","VILLAGE_DI":"BORIVALI","WARD":"R","REMARKS":" ","TYPE":"Heritage","CREATED_US":" ","LAST_EDITE":" ","OWNERSHIP":" ","USES":" ","MHCC_NOC":" ","DATE_":" ","NOC_FOR":" ","STRUCTURE":" ","FEATURE":" ","Q":"Y","HER_NUMBER_2":"168/216","HERITAGE_NAME":"VASANTSEN DWARKADAS HOUSE"},"geometry":{"type":"Polygon","coordinates":[[[72.85353429564172,19.230498160745572],[72.85382134083503,19.230832189553407],[72.85382121589186,19.23041979657412],[72.85353439777475,19.230264653855976],[72.85353429564172,19.230498160745572]]]}},{"type":"Feature","properties":{"layer":"DP_77","label":"Heritage building","confidence":"confirmed","HERITAGE_P":" ","GRADE":"III","VILLAGE":" ","VILLAGE_DI":" ","WARD":"C","REMARKS":" ","TYPE":" ","CREATED_US":" ","CREATED_DA":-2209161600000,"LAST_EDITE":" ","LAST_EDI_1":-2209161600000,"OWNERSHIP":" ","USES":" ","MHCC_NOC":" ","DATE_":" ","NOC_FOR":" ","STRUCTURE":" ","FEATURE":" ","Q":"Y","HER_NUMBER_2":"17/156","HERITAGE_NAME":"SHAMALDAS GANDHI ROAD FRONT"},"geometry":{"type":"Polygon","coordinates":[[[72.82900798699724,18.946028518924617],[72.82792017409278,18.945444529960067],[72.82497475783381,18.944529004771276],[72.8248437894176,18.944697972247464],[72.82518691869724,18.9450378866989],[72.82756421545189,18.94565333339759],[72.82901882437548,18.946407004553837],[72.82922830034384,18.946177833391204],[72.82900798699724,18.946028518924617]]]}},{"type":"Feature","properties":{"layer":"DP_77","label":"Heritage building","confidence":"confirmed","HERITAGE_P":"MAJESTIC","GRADE":"IIB","VILLAGE":"COLABA","VILLAGE_DI":"COLABA","WARD":"A","REMARKS":" ","TYPE":"Heritage","CREATED_US":" ","LAST_EDITE":" ","OWNERSHIP":" ","USES":" ","MHCC_NOC":" ","DATE_":" ","NOC_FOR":" ","STRUCTURE":" ","FEATURE":" ","Q":"Y","HER_NUMBER_2":"63/73","HERITAGE_NAME":"BRADYS FLATS"},"geometry":{"type":"Polygon","coordinates":[[[72.82806719350997,18.92001071060807],[72.82914794399957,18.91917960171515],[72.82874348389042,18.918742635780916],[72.82766632452659,18.919558522068346],[72.82786730546819,18.920159991518137],[72.82806719350997,18.92001071060807]]]}},{"type":"Feature","properties":{"layer":"DP_77","label":"Heritage building","confidence":"confirmed","HERITAGE_P":"OLD CUFFE PARADE","GRADE":"IIB","VILLAGE":"COLABA","VILLAGE_DI":"COLABA","WARD":"A","REMARKS":" ","TYPE":"Heritage","CREATED_US":" ","LAST_EDITE":" ","OWNERSHIP":" ","USES":" ","MHCC_NOC":" ","DATE_":" ","NOC_FOR":" ","STRUCTURE":" ","FEATURE":" ","Q":"Y","HER_NUMBER_2":"54/62(a)","HERITAGE_NAME":"DUMAYNE ROAD COMPLEX a) JACKSON HOUSE"},"geometry":{"type":"Polygon","coordinates":[[[72.8240892126167,18.911502808931544],[72.8244070132382,18.91183107432302],[72.82479615107056,18.911572778367326],[72.82436008336444,18.911201733174835],[72.8240892126167,18.911502808931544]]]}},{"type":"Feature","properties":{"layer":"DP_77","label":"Heritage building","confidence":"confirmed","HERITAGE_P":" ","GRADE":"IIA","VILLAGE":"TARDEO","VILLAGE_DI":"TARDEO","WARD":"D","REMARKS":" ","TYPE":"Heritage","CREATED_US":" ","LAST_EDITE":" ","OWNERSHIP":" ","USES":" ","MHCC_NOC":" ","DATE_":" ","NOC_FOR":" ","STRUCTURE":" ","FEATURE":" ","Q":"Y","HER_NUMBER_2":"156/291","HERITAGE_NAME":"SETH HIRACHAND GUMANJI JAIN BOARDING SCHOOL"},"geometry":{"type":"Polygon","coordinates":[[[72.81828620220944,18.96544871308286],[72.81868298966889,18.96593130094698],[72.81883307931167,18.965805190736344],[72.81872856589345,18.965305079345097],[72.81828620220944,18.96544871308286]]]}},{"type":"Feature","properties":{"layer":"DP_77","label":"Heritage building","confidence":"confirmed","HERITAGE_P":"LUIS VILLA","GRADE":"IIB","VILLAGE":"BANDRA-F","VILLAGE_DI":"BANDRA-F","WARD":"H/W","REMARKS":" ","TYPE":"Heritage","CREATED_US":" ","LAST_EDITE":" ","OWNERSHIP":" ","USES":" ","MHCC_NOC":" ","DATE_":" ","NOC_FOR":" ","STRUCTURE":" ","FEATURE":" ","Q":"Y","HER_NUMBER_2":"25/036","HERITAGE_NAME":"LUIS VILLA"},"geometry":{"type":"Polygon","coordinates":[[[72.83465815116804,19.059295088413947],[72.83478220704438,19.059096076237932],[72.83462288843613,19.059064636086596],[72.83465815116804,19.059295088413947]]]}},{"type":"Feature","properties":{"layer":"DP_77","label":"Heritage building","confidence":"confirmed","HERITAGE_P":"CANTONMENT","GRADE":"IIB","VILLAGE":"COLABA","VILLAGE_DI":"COLABA","WARD":"A","REMARKS":" ","TYPE":"Heritage","CREATED_US":" ","LAST_EDITE":" ","OWNERSHIP":" ","USES":" ","MHCC_NOC":" ","DATE_":" ","NOC_FOR":" ","STRUCTURE":" ","FEATURE":" ","Q":"Y","HER_NUMBER_2":"43/51","HERITAGE_NAME":"UNITED SERVICES CLUB"},"geometry":{"type":"Polygon","coordinates":[[[72.80984823768327,18.89592083607561],[72.80941334938541,18.89580575309527],[72.80939368199542,18.896487400620273],[72.80963939177116,18.896917382981904],[72.80990384856102,18.896638698389463],[72.80984823768327,18.89592083607561]]]}},{"type":"Feature","properties":{"layer":"DP_77","label":"Heritage building","confidence":"confirmed","HERITAGE_P":"B M C","GRADE":"IIB","VILLAGE":"FORT","VILLAGE_DI":"FORT","WARD":"A","REMARKS":"DEAN'S BUNGLOW-I, A SCHOOL OF ART IIA, SCHOOL OF ARCH. IIB, SCHOOL OF COMMERCIAL ART IIA.","TYPE":"Heritage","CREATED_US":" ","LAST_EDITE":" ","OWNERSHIP":" ","USES":" ","MHCC_NOC":" ","DATE_":" ","NOC_FOR":" ","STRUCTURE":" ","FEATURE":" ","Q":"Y","HER_NUMBER_2":"109/125","HERITAGE_NAME":"SIR J.J. SCHOOL OF ARTS COMPLEX"},"geometry":{"type":"Polygon","coordinates":[[[72.83292638461377,18.945266056303694],[72.8337419810707,18.945997810042282],[72.8343847631316,18.942993865095794],[72.83385406191692,18.94284488218617],[72.83371861719996,18.94255263746403],[72.83324914343025,18.942606460332104],[72.83291567112697,18.944094311964296],[72.83309216496615,18.945115630444334],[72.83292638461377,18.945266056303694]]]}},{"type":"Feature","properties":{"layer":"DP_77","label":"Heritage building","confidence":"confirmed","HERITAGE_P":" ","GRADE":"III","VILLAGE":"MALABAR HILL","VILLAGE_DI":"MALABAR HILL","WARD":"D","REMARKS":" ","TYPE":"Heritage","CREATED_US":" ","LAST_EDITE":" ","OWNERSHIP":" ","USES":" ","MHCC_NOC":" ","DATE_":" ","NOC_FOR":" ","STRUCTURE":" ","FEATURE":" ","Q":"Y","HER_NUMBER_2":"147/261","HERITAGE_NAME":"SOHNI MANSION"},"geometry":{"type":"Polygon","coordinates":[[[72.80818872097547,18.96357399003063],[72.80794601169269,18.963675384103574],[72.80810295831104,18.96401669072398],[72.80830686081377,18.96392503585165],[72.80818872097547,18.96357399003063]]]}},{"type":"Feature","properties":{"layer":"DP_77","label":"Heritage building","confidence":"confirmed","HERITAGE_P":" ","GRADE":"III","VILLAGE":"VILE PARLE","VILLAGE_DI":"VILE PARLE","WARD":"K/E","REMARKS":" ","TYPE":"Heritage","CREATED_US":" ","LAST_EDITE":" ","OWNERSHIP":" ","USES":" ","MHCC_NOC":" ","DATE_":" ","NOC_FOR":" ","STRUCTURE":" ","FEATURE":" ","Q":"Y","HER_NUMBER_2":"208/262","HERITAGE_NAME":"SHREE NIKETAN"},"geometry":{"type":"Polygon","coordinates":[[[72.85079040468386,19.096577499609285],[72.85049062128418,19.096700844504696],[72.85055321416402,19.09692214759279],[72.8509112315142,19.096916563283486],[72.85079040468386,19.096577499609285]]]}},{"type":"Feature","properties":{"layer":"DP_77","label":"Heritage building","confidence":"confirmed","HERITAGE_P":" ","GRADE":"IIA","VILLAGE":"MANDVI","VILLAGE_DI":"MANDVI","WARD":"B","REMARKS":" ","TYPE":"Heritage","CREATED_US":" ","LAST_EDITE":" ","OWNERSHIP":" ","USES":" ","MHCC_NOC":" ","DATE_":" ","NOC_FOR":" ","STRUCTURE":" ","FEATURE":" ","Q":"Y","HER_NUMBER_2":"29c/111","HERITAGE_NAME":"DIAMOND JUBILEE HIGH SCHOOL FOR GIRLS"},"geometry":{"type":"Polygon","coordinates":[[[72.83651079541231,18.958223965043278],[72.83682955426045,18.958257084633004],[72.83684273541893,18.9579549667017],[72.83651079541231,18.958223965043278]]]}},{"type":"Feature","properties":{"layer":"DP_77","label":"Heritage building","confidence":"confirmed","HERITAGE_P":" ","GRADE":"III","VILLAGE":"KURLA - 2","VILLAGE_DI":"KURLA - 2","WARD":"L","REMARKS":" ","TYPE":"Heritage","CREATED_US":" ","LAST_EDITE":" ","OWNERSHIP":" ","USES":" ","MHCC_NOC":" ","DATE_":" ","NOC_FOR":" ","STRUCTURE":" ","FEATURE":" ","Q":"Y","HER_NUMBER_2":"07/08","HERITAGE_NAME":"PAREIRA HOUSE"},"geometry":{"type":"Polygon","coordinates":[[[72.88730378629687,19.08409321906038],[72.88720535169557,19.084218344489358],[72.88732997622137,19.084227359319073],[72.88730378629687,19.08409321906038]]]}},{"type":"Feature","properties":{"layer":"DP_77","label":"Heritage building","confidence":"confirmed","HERITAGE_P":"BALLARD PIER","GRADE":"I","VILLAGE":"FORT","VILLAGE_DI":"FORT","WARD":"A","REMARKS":" ","TYPE":"Heritage","CREATED_US":" ","LAST_EDITE":" ","OWNERSHIP":" ","USES":" ","MHCC_NOC":" ","DATE_":" ","NOC_FOR":" ","STRUCTURE":" ","FEATURE":" ","Q":"Y","HER_NUMBER_2":"193/220(b)","HERITAGE_NAME":"b) WAR MEMORIAL (MEMORIAL ERECTED BY THE BOMBAY PORT TRUST IN HONOUR OF PORT TRUST OFFICERS WHO DIED IN 1914-1918"},"geometry":{"type":"Polygon","coordinates":[[[72.84015062604479,18.934136374742366],[72.84018054049959,18.934035172661442],[72.8400932961388,18.934058098604545],[72.84015062604479,18.934136374742366]]]}},{"type":"Feature","properties":{"layer":"DP_77","label":"Heritage building","confidence":"confirmed","HERITAGE_P":" ","GRADE":"III","VILLAGE":"PAREL-SEWERI","VILLAGE_DI":"PAREL-SEWERI","WARD":"F/S","REMARKS":" ","TYPE":"Heritage","CREATED_US":" ","LAST_EDITE":" ","OWNERSHIP":" ","USES":" ","MHCC_NOC":" ","DATE_":" ","NOC_FOR":" ","STRUCTURE":" ","FEATURE":" ","Q":"Y","HER_NUMBER_2":"26/520","HERITAGE_NAME":"ISMAIL MANSIL"},"geometry":{"type":"Polygon","coordinates":[[[72.85199353690193,19.000412522811946],[72.85218804705575,19.00039274243557],[72.85219173801316,18.999797539168533],[72.85199353690193,19.000412522811946]]]}},{"type":"Feature","properties":{"layer":"DP_77","label":"Heritage building","confidence":"confirmed","HERITAGE_P":" ","GRADE":"III","VILLAGE":" ","VILLAGE_DI":" ","WARD":"E","REMARKS":" ","TYPE":" ","CREATED_US":" ","CREATED_DA":-2209161600000,"LAST_EDITE":" ","LAST_EDI_1":-2209161600000,"OWNERSHIP":" ","USES":" ","MHCC_NOC":" ","DATE_":" ","NOC_FOR":" ","STRUCTURE":" ","FEATURE":" ","Q":"Y","HER_NUMBER_2":"57/348","HERITAGE_NAME":"OFFICE OF ASSTT. POLICE COMMISSIONER/AGRIPADA"},"geometry":{"type":"Polygon","coordinates":[[[72.82599461418371,18.98084367258227],[72.82626395179118,18.980758582733237],[72.8261742237138,18.98054425971531],[72.82599461418371,18.98084367258227]]]}},{"type":"Feature","properties":{"layer":"DP_77","label":"Heritage building","confidence":"confirmed","HERITAGE_P":" ","GRADE":"III","VILLAGE":"FORT","VILLAGE_DI":"FORT","WARD":"C","REMARKS":" ","TYPE":"Heritage","CREATED_US":" ","LAST_EDITE":" ","OWNERSHIP":" ","USES":" ","MHCC_NOC":" ","DATE_":" ","NOC_FOR":" ","STRUCTURE":" ","FEATURE":" ","Q":"Y","HER_NUMBER_2":"13/152","HERITAGE_NAME":"GOVIND MAHAL"},"geometry":{"type":"Polygon","coordinates":[[[72.82393506983897,18.942720077797368],[72.82407298701324,18.942568450049386],[72.82373581021652,18.942286278690748],[72.82370641016789,18.942614738726505],[72.82393506983897,18.942720077797368]]]}},{"type":"Feature","properties":{"layer":"DP_77","label":"Heritage building","confidence":"confirmed","HERITAGE_P":" ","GRADE":"IIB","VILLAGE":"BANDRA-E","VILLAGE_DI":"BANDRA-E","WARD":"H/W","REMARKS":" ","TYPE":"Heritage","CREATED_US":" ","LAST_EDITE":" ","OWNERSHIP":" ","USES":" ","MHCC_NOC":" ","DATE_":" ","NOC_FOR":" ","STRUCTURE":" ","FEATURE":" ","Q":"Y","HER_NUMBER_2":"88/109","HERITAGE_NAME":"MORYA VILLA"},"geometry":{"type":"Polygon","coordinates":[[[72.83437831224948,19.070725186319972],[72.83468663860043,19.070825402763006],[72.83469192912717,19.07068297078181],[72.83437831224948,19.070725186319972]]]}},{"type":"Feature","properties":{"layer":"DP_77","label":"Heritage building","confidence":"confirmed","HERITAGE_P":" ","GRADE":"IIA","VILLAGE":"KLERABAD","VILLAGE_DI":"KLERABAD","WARD":"T","REMARKS":" ","TYPE":"Heritage","CREATED_US":" ","LAST_EDITE":" ","OWNERSHIP":" ","USES":" ","MHCC_NOC":" ","DATE_":" ","NOC_FOR":" ","STRUCTURE":" ","FEATURE":" ","Q":"Y","HER_NUMBER_2":"41/44","HERITAGE_NAME":"VIHAR DAM"},"geometry":{"type":"Polygon","coordinates":[[[72.89943789938789,19.141027658193103],[72.89924930718819,19.14100773053913],[72.89912209250194,19.14327187872819],[72.89994409021676,19.144516524776012],[72.90013148446546,19.144365013045885],[72.8994352911321,19.143473358592107],[72.8993212572976,19.14294627329251],[72.89943789938789,19.141027658193103]]]}},{"type":"Feature","properties":{"layer":"DP_77","label":"Heritage building","confidence":"confirmed","HERITAGE_P":" ","GRADE":"I","VILLAGE":" ","VILLAGE_DI":" ","WARD":"A","REMARKS":" ","TYPE":" ","CREATED_US":" ","CREATED_DA":-2209161600000,"LAST_EDITE":" ","LAST_EDI_1":-2209161600000,"OWNERSHIP":" ","USES":" ","MHCC_NOC":" ","DATE_":" ","NOC_FOR":" ","STRUCTURE":" ","FEATURE":" ","Q":"Y","HER_NUMBER_2":"1/1(v)","HERITAGE_NAME":"I.N.S. ANGRE (BOMBAY CASTLE & OTHER HISTORICAL/ASETHETICALLY IMPORTANT BUILDINGS AND FEATURES AT ANGRE) v) PORTUGUESE SUNDIAL"},"geometry":{"type":"Polygon","coordinates":[[[72.83842690878897,18.932408625040186],[72.83816968993375,18.932294974760246],[72.8383238178398,18.93261581926763],[72.83842690878897,18.932408625040186]]]}},{"type":"Feature","properties":{"layer":"DP_77","label":"Heritage building","confidence":"confirmed","HERITAGE_P":" ","GRADE":"IIA","VILLAGE":" ","VILLAGE_DI":" ","WARD":"A","REMARKS":"AS PER AGIARY LIST SR. NO. 13","TYPE":" ","CREATED_US":" ","CREATED_DA":-2209161600000,"LAST_EDITE":" ","LAST_EDI_1":-2209161600000,"OWNERSHIP":" ","USES":" ","MHCC_NOC":" ","DATE_":" ","NOC_FOR":" ","STRUCTURE":" ","FEATURE":" ","Q":"Y","HER_NUMBER_2":" ","HERITAGE_NAME":"SETH JAMSHEDJI JEEJEEBHOY GODAVARA OR GAMADIA AGIARY ADARIAN"},"geometry":{"type":"Polygon","coordinates":[[[72.8337516541618,18.934672697077012],[72.83374113963505,18.93461022933975],[72.83349487879828,18.934663995435486],[72.8337516541618,18.934672697077012]]]}},{"type":"Feature","properties":{"layer":"DP_77","label":"Heritage building","confidence":"confirmed","HERITAGE_P":" ","GRADE":"III","VILLAGE":"PAHADI-GOREGAON E","VILLAGE_DI":"PAHADI-GOREGAON E","WARD":"P/S","REMARKS":" ","TYPE":"Heritage","CREATED_US":" ","LAST_EDITE":" ","OWNERSHIP":" ","USES":" ","MHCC_NOC":" ","DATE_":" ","NOC_FOR":" ","STRUCTURE":" ","FEATURE":" ","Q":"Y","HER_NUMBER_2":"191/240","HERITAGE_NAME":"SAMANT HOUSE"},"geometry":{"type":"Polygon","coordinates":[[[72.8502967826476,19.164103561652592],[72.85001568146168,19.164116449757373],[72.8500014429242,19.16433951674075],[72.85045833680735,19.164360156351492],[72.8502967826476,19.164103561652592]]]}},{"type":"Feature","properties":{"layer":"DP_77","label":"Heritage building","confidence":"confirmed","HERITAGE_P":" ","GRADE":"III","VILLAGE":"FORT","VILLAGE_DI":"FORT","WARD":"C","REMARKS":" ","TYPE":"Heritage","CREATED_US":" ","LAST_EDITE":" ","OWNERSHIP":" ","USES":" ","MHCC_NOC":" ","DATE_":" ","NOC_FOR":" ","STRUCTURE":" ","FEATURE":" ","Q":"Y","HER_NUMBER_2":"12/151","HERITAGE_NAME":"PARIJAT"},"geometry":{"type":"Polygon","coordinates":[[[72.82361338999802,18.942785867023698],[72.82351652508846,18.942945359536093],[72.82381331137641,18.94317595282019],[72.82396746185813,18.942994112141292],[72.82361338999802,18.942785867023698]]]}},{"type":"Feature","properties":{"layer":"DP_77","label":"Heritage building","confidence":"confirmed","HERITAGE_P":" ","GRADE":"IIA","VILLAGE":"FORT","VILLAGE_DI":"FORT","WARD":"A","REMARKS":" ","TYPE":"Heritage","CREATED_US":" ","LAST_EDITE":" ","OWNERSHIP":" ","USES":" ","MHCC_NOC":" ","DATE_":" ","NOC_FOR":" ","STRUCTURE":" ","FEATURE":" ","Q":"Y","HER_NUMBER_2":"296/66","HERITAGE_NAME":"J. B. PETIT SCHOOL FOR GIRLS"},"geometry":{"type":"Polygon","coordinates":[[[72.8316880221396,18.934690091419128],[72.83164835890852,18.9348973776494],[72.83207225492818,18.934793447809316],[72.83178024118274,18.934288321590834],[72.8316880221396,18.934690091419128]]]}},{"type":"Feature","properties":{"layer":"DP_77","label":"Heritage building","confidence":"confirmed","HERITAGE_P":" ","GRADE":"IIA","VILLAGE":" ","VILLAGE_DI":" ","WARD":"A","REMARKS":" ","TYPE":" ","CREATED_US":" ","CREATED_DA":-2209161600000,"LAST_EDITE":" ","LAST_EDI_1":-2209161600000,"OWNERSHIP":" ","USES":" ","MHCC_NOC":" ","DATE_":" ","NOC_FOR":" ","STRUCTURE":" ","FEATURE":" ","Q":"Y","HER_NUMBER_2":"2/2(xviii-A)","HERITAGE_NAME":"NAVAL DOCKYARD (FROM  LION GATE TO OLD CUSTOM HOUSE WITH CLOCK TOWER OPP. GREAT WESTERN BUILDING) xviii-A) RESOURCE PLANING DIVISION, CASH OFFICE"},"geometry":{"type":"Polygon","coordinates":[[[72.83512550818155,18.926689349142496],[72.83517674969714,18.926650021922118],[72.83496874902913,18.926516662325813],[72.83512550818155,18.926689349142496]]]}},{"type":"Feature","properties":{"layer":"DP_77","label":"Heritage building","confidence":"confirmed","HERITAGE_P":" ","GRADE":"III","VILLAGE":" ","VILLAGE_DI":" ","WARD":"A","REMARKS":" ","TYPE":" ","CREATED_US":" ","CREATED_DA":-2209161600000,"LAST_EDITE":" ","LAST_EDI_1":-2209161600000,"OWNERSHIP":" ","USES":" ","MHCC_NOC":" ","DATE_":" ","NOC_FOR":" ","STRUCTURE":" ","FEATURE":" ","Q":"Y","HER_NUMBER_2":"19/21(xii)","HERITAGE_NAME":"INHS ASHWINI xii) P-3 COMMANDING OFFICER'S OFFICE"},"geometry":{"type":"Polygon","coordinates":[[[72.81491295291484,18.899866917938297],[72.81497840487091,18.899739667641626],[72.81481169759252,18.899747169994974],[72.81491295291484,18.899866917938297]]]}},{"type":"Feature","properties":{"layer":"DP_77","label":"Heritage building","confidence":"confirmed","HERITAGE_P":" ","GRADE":"III","VILLAGE":"MATUNGA","VILLAGE_DI":"MATUNGA","WARD":"F/N","REMARKS":" ","TYPE":"Heritage","CREATED_US":" ","LAST_EDITE":" ","OWNERSHIP":" ","USES":" ","MHCC_NOC":" ","DATE_":" ","NOC_FOR":" ","STRUCTURE":" ","FEATURE":" ","Q":"Y","HER_NUMBER_2":"38/467","HERITAGE_NAME":"681-A, PHARMJI BAMANJI JIJEEBHOY BLOCK"},"geometry":{"type":"Polygon","coordinates":[[[72.85312104444805,19.017429290978185],[72.8527240970577,19.017675464358852],[72.85290810595592,19.017953562307728],[72.85318436961188,19.017765973128114],[72.85312104444805,19.017429290978185]]]}},{"type":"Feature","properties":{"layer":"DP_77","label":"Heritage building","confidence":"confirmed","HERITAGE_P":"CANTONMENT","GRADE":"IIB","VILLAGE":"COLABA","VILLAGE_DI":"COLABA","WARD":"A","REMARKS":" ","TYPE":"Heritage","CREATED_US":" ","LAST_EDITE":" ","OWNERSHIP":" ","USES":" ","MHCC_NOC":" ","DATE_":" ","NOC_FOR":" ","STRUCTURE":" ","FEATURE":" ","Q":"Y","HER_NUMBER_2":"49/57","HERITAGE_NAME":"RESIDENCE OF BISHOP OF BOMBAY"},"geometry":{"type":"Polygon","coordinates":[[[72.81576122088437,18.90733514620355],[72.81604067698676,18.907613497962483],[72.81644244344281,18.90737436010934],[72.81616558290335,18.907105488408163],[72.81576122088437,18.90733514620355]]]}},{"type":"Feature","properties":{"layer":"DP_77","label":"Heritage building","confidence":"confirmed","HERITAGE_P":" ","GRADE":"IIB","VILLAGE":" ","VILLAGE_DI":" ","WARD":"C","REMARKS":" ","TYPE":" ","CREATED_US":" ","CREATED_DA":-2209161600000,"LAST_EDITE":" ","LAST_EDI_1":-2209161600000,"OWNERSHIP":" ","USES":" ","MHCC_NOC":" ","DATE_":" ","NOC_FOR":" ","STRUCTURE":" ","FEATURE":" ","Q":"Y","HER_NUMBER_2":"287 & 288","HERITAGE_NAME":"SHREE KRISHNA MANDIR COMPLEX (MOTTA MANDIR) & ANNAKOATA KOTHA (WRONGLY MENTIONED AS HARI BABA KI BUN"},"geometry":{"type":"Polygon","coordinates":[[[72.82891923377436,18.953919571444754],[72.82867247733157,18.953744020696252],[72.82833539512859,18.953942470739324],[72.8279902915325,18.95450377201073],[72.82860620237739,18.95490790352002],[72.82894429256558,18.954341159811683],[72.82891923377436,18.953919571444754]]]}},{"type":"Feature","properties":{"layer":"DP_77","label":"Heritage building","confidence":"confirmed","HERITAGE_P":" ","GRADE":"IIB","VILLAGE":"BHULESHWAR","VILLAGE_DI":"BHULESHWAR","WARD":"C","REMARKS":" ","TYPE":"Heritage","CREATED_US":" ","LAST_EDITE":" ","OWNERSHIP":" ","USES":" ","MHCC_NOC":" ","DATE_":" ","NOC_FOR":" ","STRUCTURE":" ","FEATURE":" ","Q":"Y","HER_NUMBER_2":"336(a)","HERITAGE_NAME":"DINA BUILDING"},"geometry":{"type":"Polygon","coordinates":[[[72.82511368338794,18.944400129447086],[72.82508634678736,18.944633442409245],[72.82519992825718,18.944397950938345],[72.82511368338794,18.944400129447086]]]}},{"type":"Feature","properties":{"layer":"DP_77","label":"Heritage building","confidence":"confirmed","HERITAGE_P":"OLD CUFFE PARADE","GRADE":"IIB","VILLAGE":"COLABA","VILLAGE_DI":"COLABA","WARD":"A","REMARKS":" ","TYPE":"Heritage","CREATED_US":" ","LAST_EDITE":" ","OWNERSHIP":" ","USES":" ","MHCC_NOC":" ","DATE_":" ","NOC_FOR":" ","STRUCTURE":" ","FEATURE":" ","Q":"Y","HER_NUMBER_2":"82/96(b)","HERITAGE_NAME":"TARAPOREWALLA MANSION (TARAPOREWALLA MANSION AND OTHER BLDGS. OF THE SAME PERIOD.)   b) KANWAL MANSION"},"geometry":{"type":"Polygon","coordinates":[[[72.8227236219066,18.914805944158978],[72.82241484538984,18.915020929580624],[72.82266447515396,18.915341401782648],[72.82295432272112,18.91517534928326],[72.8227236219066,18.914805944158978]]]}},{"type":"Feature","properties":{"layer":"DP_77","label":"Heritage building","confidence":"confirmed","HERITAGE_P":"CANTONMENT","GRADE":"IIB","VILLAGE":"COLABA","VILLAGE_DI":"COLABA","WARD":"A","REMARKS":" ","TYPE":"Heritage","CREATED_US":" ","LAST_EDITE":" ","OWNERSHIP":" ","USES":" ","MHCC_NOC":" ","DATE_":" ","NOC_FOR":" ","STRUCTURE":" ","FEATURE":" ","Q":"Y","HER_NUMBER_2":"17/19","HERITAGE_NAME":"JCO INFANTRY JCO'S MESS"},"geometry":{"type":"Polygon","coordinates":[[[72.81483944020152,18.90280820898316],[72.81448064499246,18.902909977938847],[72.81469317473855,18.903644096470476],[72.8155250432327,18.904131286856675],[72.81512537086954,18.902783050750603],[72.81483944020152,18.90280820898316]]]}},{"type":"Feature","properties":{"layer":"DP_77","label":"Heritage building","confidence":"confirmed","HERITAGE_P":" ","GRADE":"IIB","VILLAGE":"MALABAR HILL","VILLAGE_DI":"MALABAR HILL","WARD":"D","REMARKS":" ","TYPE":"Heritage","CREATED_US":" ","LAST_EDITE":" ","OWNERSHIP":" ","USES":" ","MHCC_NOC":" ","DATE_":" ","NOC_FOR":" ","STRUCTURE":" ","FEATURE":" ","Q":"Y","HER_NUMBER_2":"58/435","HERITAGE_NAME":"KILACHAND HOUSE"},"geometry":{"type":"Polygon","coordinates":[[[72.79633004549412,18.950875953081038],[72.79668824404938,18.951278837322985],[72.79730732663786,18.950986127551793],[72.7969668640923,18.95026044299155],[72.79633004549412,18.950875953081038]]]}},{"type":"Feature","properties":{"layer":"DP_77","label":"Heritage building","confidence":"confirmed","HERITAGE_P":"BALLARD PIER","GRADE":"IIA","VILLAGE":"FORT","VILLAGE_DI":"FORT","WARD":"A","REMARKS":" ","TYPE":"Heritage","CREATED_US":" ","LAST_EDITE":" ","OWNERSHIP":" ","USES":" ","MHCC_NOC":" ","DATE_":" ","NOC_FOR":" ","STRUCTURE":" ","FEATURE":" ","Q":"Y","HER_NUMBER_2":"123/141(6)","HERITAGE_NAME":"BUILDINGS OF BALLARD ESTATE, NAMELY 6) MAHINDRA HOUSE"},"geometry":{"type":"Polygon","coordinates":[[[72.83991292537667,18.93515550673159],[72.83955190882968,18.935232486065196],[72.83957688536779,18.9353608888091],[72.83991292537667,18.93515550673159]]]}},{"type":"Feature","properties":{"layer":"DP_77","label":"Heritage building","confidence":"confirmed","HERITAGE_P":" ","GRADE":"III","VILLAGE":"MATUNGA","VILLAGE_DI":"MATUNGA","WARD":"F/N","REMARKS":" ","TYPE":" ","CREATED_US":" ","LAST_EDITE":" ","OWNERSHIP":" ","USES":" ","MHCC_NOC":" ","DATE_":" ","NOC_FOR":" ","STRUCTURE":" ","FEATURE":" ","Q":"Y","HER_NUMBER_2":"45/474","HERITAGE_NAME":"WALCHANCD PRECINCT"},"geometry":{"type":"Polygon","coordinates":[[[72.8640793772855,19.02405084606829],[72.86395623890898,19.024287456029143],[72.86457389059782,19.024245355417804],[72.8640793772855,19.02405084606829]]]}},{"type":"Feature","properties":{"layer":"DP_77","label":"Heritage building","confidence":"confirmed","HERITAGE_P":"MAJESTIC","GRADE":"III","VILLAGE":"FORT","VILLAGE_DI":"FORT","WARD":"A","REMARKS":" ","TYPE":"Heritage","CREATED_US":" ","LAST_EDITE":" ","OWNERSHIP":" ","USES":" ","MHCC_NOC":" ","DATE_":" ","NOC_FOR":" ","STRUCTURE":" ","FEATURE":" ","Q":"Y","HER_NUMBER_2":"88/104","HERITAGE_NAME":"MAYO HOUSE"},"geometry":{"type":"Polygon","coordinates":[[[72.83002517166717,18.92441395331104],[72.82960436545343,18.924311913885905],[72.82958993965639,18.92446687201331],[72.83002517166717,18.92441395331104]]]}},{"type":"Feature","properties":{"layer":"DP_77","label":"Heritage building","confidence":"confirmed","HERITAGE_P":" ","GRADE":"III","VILLAGE":"VILE PARLE","VILLAGE_DI":"VILE PARLE","WARD":"K/W","REMARKS":" ","TYPE":"Heritage","CREATED_US":" ","LAST_EDITE":" ","OWNERSHIP":" ","USES":" ","MHCC_NOC":" ","DATE_":" ","NOC_FOR":" ","STRUCTURE":" ","FEATURE":" ","Q":"Y","HER_NUMBER_2":"130/161","HERITAGE_NAME":"Shastri Niwas"},"geometry":{"type":"Polygon","coordinates":[[[72.84282183880393,19.10305300348289],[72.84301416056142,19.103106131917244],[72.84304878175705,19.10285004384861],[72.84283157256378,19.102826579275135],[72.84282183880393,19.10305300348289]]]}},{"type":"Feature","properties":{"layer":"DP_77","label":"Heritage building","confidence":"confirmed","HERITAGE_P":" ","GRADE":"III","VILLAGE":"BHULESHWAR","VILLAGE_DI":"BHULESHWAR","WARD":"C","REMARKS":" ","TYPE":"Heritage","CREATED_US":" ","LAST_EDITE":" ","OWNERSHIP":" ","USES":" ","MHCC_NOC":" ","DATE_":" ","NOC_FOR":" ","STRUCTURE":" ","FEATURE":" ","Q":"Y","HER_NUMBER_2":"324","HERITAGE_NAME":"RATHI BHAVAN ( POONAM TEX)"},"geometry":{"type":"Polygon","coordinates":[[[72.82934738538836,18.94891471374004],[72.82934586869848,18.948823913090475],[72.82900049764746,18.948814599303685],[72.82934738538836,18.94891471374004]]]}},{"type":"Feature","properties":{"layer":"DP_77","label":"Heritage building","confidence":"confirmed","HERITAGE_P":" ","GRADE":"III","VILLAGE":"MAGATHANE","VILLAGE_DI":"MAGATHANE","WARD":"R","REMARKS":" ","TYPE":"Heritage","CREATED_US":" ","LAST_EDITE":" ","OWNERSHIP":" ","USES":" ","MHCC_NOC":" ","DATE_":" ","NOC_FOR":" ","STRUCTURE":" ","FEATURE":" ","Q":"Y","HER_NUMBER_2":"159/201","HERITAGE_NAME":"RUTTONSEE MOOLJEE BUNGLOW"},"geometry":{"type":"Polygon","coordinates":[[[72.85178633694497,19.21631184794765],[72.85267665900525,19.216181330779865],[72.85258655731302,19.215773035654863],[72.85122713140365,19.21592226781659],[72.8511781022538,19.216390270576237],[72.85178633694497,19.21631184794765]]]}},{"type":"Feature","properties":{"layer":"DP_77","label":"Heritage building","confidence":"confirmed","HERITAGE_P":" ","GRADE":"IIB","VILLAGE":"GHATKOPAR KIROL","VILLAGE_DI":"GHATKOPAR KIROL","WARD":"N","REMARKS":" ","TYPE":"Heritage","CREATED_US":" ","LAST_EDITE":" ","OWNERSHIP":" ","USES":" ","MHCC_NOC":" ","DATE_":" ","NOC_FOR":" ","STRUCTURE":" ","FEATURE":" ","Q":"Y","HER_NUMBER_2":"31/33","HERITAGE_NAME":"Bhimji Bhimji Wadi"},"geometry":{"type":"Polygon","coordinates":[[[72.90433494150335,19.080858477362497],[72.9044188193299,19.081048519880166],[72.90494532124731,19.08091677980539],[72.90487953791332,19.08074283195558],[72.90433494150335,19.080858477362497]]]}},{"type":"Feature","properties":{"layer":"DP_77","label":"Heritage building","confidence":"confirmed","HERITAGE_P":" ","GRADE":" ","VILLAGE":" ","VILLAGE_DI":" ","WARD":"E","REMARKS":"MAP PURPOSE","TYPE":" ","CREATED_US":" ","CREATED_DA":-2209161600000,"LAST_EDITE":" ","LAST_EDI_1":-2209161600000,"OWNERSHIP":" ","USES":" ","MHCC_NOC":" ","DATE_":" ","NOC_FOR":" ","STRUCTURE":" ","FEATURE":" ","Q":"Y","HER_NUMBER_2":" ","HERITAGE_NAME":" "},"geometry":{"type":"Polygon","coordinates":[[[72.83882818932182,18.98615748867347],[72.83855973697659,18.986174979895388],[72.83879630614568,18.98642893604541],[72.83882818932182,18.98615748867347]]]}},{"type":"Feature","properties":{"layer":"DP_77","label":"Heritage building","confidence":"confirmed","HERITAGE_P":" ","GRADE":"IIB","VILLAGE":"TARDEO","VILLAGE_DI":"TARDEO","WARD":"D","REMARKS":" ","TYPE":"Heritage","CREATED_US":" ","LAST_EDITE":" ","OWNERSHIP":" ","USES":" ","MHCC_NOC":" ","DATE_":" ","NOC_FOR":" ","STRUCTURE":" ","FEATURE":" ","Q":"Y","HER_NUMBER_2":"46/417","HERITAGE_NAME":"ADENWALLA BUNGLOW"},"geometry":{"type":"Polygon","coordinates":[[[72.8148776304371,18.96361300973924],[72.81361026810038,18.963706594767608],[72.81325001907479,18.96438260623216],[72.81460190973807,18.96420468246345],[72.8149064761643,18.96398654414413],[72.8148776304371,18.96361300973924]]]}},{"type":"Feature","properties":{"layer":"DP_77","label":"Heritage building","confidence":"confirmed","HERITAGE_P":" ","GRADE":"IIB","VILLAGE":" ","VILLAGE_DI":" ","WARD":"N","REMARKS":" ","TYPE":" ","CREATED_US":" ","CREATED_DA":-2209161600000,"LAST_EDITE":" ","LAST_EDI_1":-2209161600000,"OWNERSHIP":" ","USES":" ","MHCC_NOC":" ","DATE_":" ","NOC_FOR":" ","STRUCTURE":" ","FEATURE":" ","Q":"Y","HER_NUMBER_2":"26/28","HERITAGE_NAME":"M. P. SHAH BUNGALOW"},"geometry":{"type":"Polygon","coordinates":[[[72.90229650414008,19.084265367265445],[72.90264102717316,19.08424873277275],[72.9026354762076,19.083941441982137],[72.90231128238327,19.083881489350027],[72.90229650414008,19.084265367265445]]]}},{"type":"Feature","properties":{"layer":"DP_77","label":"Heritage building","confidence":"confirmed","HERITAGE_P":" ","GRADE":"IIB","VILLAGE":"BYCULLA","VILLAGE_DI":"BYCULLA","WARD":"E","REMARKS":" ","TYPE":" ","CREATED_US":" ","LAST_EDITE":" ","OWNERSHIP":" ","USES":" ","MHCC_NOC":" ","DATE_":" ","NOC_FOR":" ","STRUCTURE":" ","FEATURE":" ","Q":"Y","HER_NUMBER_2":"43/334","HERITAGE_NAME":"SAINT JOSEPH HOME & NURSERY PREMISES, ALL BUILDINGS"},"geometry":{"type":"Polygon","coordinates":[[[72.82638395546668,18.973850298502892],[72.82618228247517,18.97321613190639],[72.82593854966368,18.973108132976474],[72.82529976418512,18.972950733153212],[72.82485880647829,18.973374684764835],[72.82638395546668,18.973850298502892]]]}},{"type":"Feature","properties":{"layer":"DP_77","label":"Heritage building","confidence":"confirmed","HERITAGE_P":" ","GRADE":"III","VILLAGE":"BANDRA-C","VILLAGE_DI":"BANDRA-C","WARD":"H/W","REMARKS":" ","TYPE":" ","CREATED_US":" ","LAST_EDITE":" ","OWNERSHIP":" ","USES":" ","MHCC_NOC":" ","DATE_":" ","NOC_FOR":" ","STRUCTURE":" ","FEATURE":" ","Q":"Y","HER_NUMBER_2":"32/044","HERITAGE_NAME":"MONTE VILLA"},"geometry":{"type":"Polygon","coordinates":[[[72.82769509037223,19.058674238991784],[72.82781463565071,19.058472904681274],[72.82745396018913,19.058458531217635],[72.82769509037223,19.058674238991784]]]}},{"type":"Feature","properties":{"layer":"DP_77","label":"Heritage building","confidence":"confirmed","HERITAGE_P":" ","GRADE":"III","VILLAGE":"BHULESHWAR","VILLAGE_DI":"BHULESHWAR","WARD":"C","REMARKS":" ","TYPE":"Heritage","CREATED_US":" ","LAST_EDITE":" ","OWNERSHIP":" ","USES":" ","MHCC_NOC":" ","DATE_":" ","NOC_FOR":" ","STRUCTURE":" ","FEATURE":" ","Q":"Y","HER_NUMBER_2":"17g","HERITAGE_NAME":"DEVKARAN MANSION"},"geometry":{"type":"Polygon","coordinates":[[[72.83069747985559,18.947404351173027],[72.83150146575045,18.94813782869411],[72.83156740084672,18.94746703836511],[72.83085378983255,18.947183252459247],[72.83069747985559,18.947404351173027]]]}},{"type":"Feature","properties":{"layer":"DP_77","label":"Heritage building","confidence":"confirmed","HERITAGE_P":" ","GRADE":"III","VILLAGE":"BANDRA-C","VILLAGE_DI":"BANDRA-C","WARD":"H/W","REMARKS":" ","TYPE":"Heritage","CREATED_US":" ","LAST_EDITE":" ","OWNERSHIP":" ","USES":" ","MHCC_NOC":" ","DATE_":" ","NOC_FOR":" ","STRUCTURE":" ","FEATURE":" ","Q":"Y","HER_NUMBER_2":"34/046","HERITAGE_NAME":"UNKNOWN PREMISE NO. 3"},"geometry":{"type":"Polygon","coordinates":[[[72.82732308582241,19.0591695811075],[72.82699564880078,19.059063836293287],[72.82698572228131,19.059248698219385],[72.82732308582241,19.0591695811075]]]}},{"type":"Feature","properties":{"layer":"DP_77","label":"Heritage building","confidence":"confirmed","HERITAGE_P":" ","GRADE":"III","VILLAGE":"BHULESHWAR","VILLAGE_DI":"BHULESHWAR","WARD":"C","REMARKS":" ","TYPE":"Heritage","CREATED_US":" ","LAST_EDITE":" ","OWNERSHIP":" ","USES":" ","MHCC_NOC":" ","DATE_":" ","NOC_FOR":" ","STRUCTURE":" ","FEATURE":" ","Q":"Y","HER_NUMBER_2":"268","HERITAGE_NAME":"GODJI SWETAMBAR JAIN DERASAR"},"geometry":{"type":"Polygon","coordinates":[[[72.83098385222127,18.95411920588142],[72.8312670637685,18.953865994312352],[72.83095013573266,18.953558733899953],[72.83068737040263,18.95389066939687],[72.83098385222127,18.95411920588142]]]}},{"type":"Feature","properties":{"layer":"DP_77","label":"Heritage building","confidence":"confirmed","HERITAGE_P":" ","GRADE":"III","VILLAGE":"BANDRA-E","VILLAGE_DI":"BANDRA-E","WARD":"H/W","REMARKS":" ","TYPE":"Heritage","CREATED_US":" ","LAST_EDITE":" ","OWNERSHIP":" ","USES":" ","MHCC_NOC":" ","DATE_":" ","NOC_FOR":" ","STRUCTURE":" ","FEATURE":" ","Q":"Y","HER_NUMBER_2":"93/114","HERITAGE_NAME":"JANU KUNJ"},"geometry":{"type":"Polygon","coordinates":[[[72.834398615376,19.074340034375915],[72.83450010078583,19.074232133991885],[72.83437230247779,19.074180231079776],[72.834398615376,19.074340034375915]]]}},{"type":"Feature","properties":{"layer":"DP_77","label":"Heritage building","confidence":"confirmed","HERITAGE_P":" ","GRADE":"IIB","VILLAGE":"MALABAR HILL","VILLAGE_DI":"MALABAR HILL","WARD":"D","REMARKS":" ","TYPE":"Heritage","CREATED_US":" ","LAST_EDITE":" ","OWNERSHIP":" ","USES":" ","MHCC_NOC":" ","DATE_":" ","NOC_FOR":" ","STRUCTURE":" ","FEATURE":" ","Q":"Y","HER_NUMBER_2":"55","HERITAGE_NAME":"WILSON COLLEGE STUDENTS HOSTEL"},"geometry":{"type":"Polygon","coordinates":[[[72.80962894712592,18.956594227563606],[72.80975524972409,18.95695394716603],[72.81011584804324,18.95696585741505],[72.81010746326143,18.95652401557121],[72.80962894712592,18.956594227563606]]]}},{"type":"Feature","properties":{"layer":"DP_77","label":"Heritage building","confidence":"confirmed","HERITAGE_P":" ","GRADE":"IIA","VILLAGE":"MALABAR HILL","VILLAGE_DI":"MALABAR HILL","WARD":"D","REMARKS":" ALSO LISTED IN  NEW  AGIARY LIST AT SR NO 17 ( THE RESIDENTIAL BUILDING WITHIN THE COMPLEX COULD TO BE DEVELOPED IN HARMONY WITH THE ARCHITECTURE WITH AGIARI)","TYPE":"Heritage","CREATED_US":" ","LAST_EDITE":" ","OWNERSHIP":" ","USES":" ","MHCC_NOC":" ","DATE_":" ","NOC_FOR":" ","STRUCTURE":" ","FEATURE":" ","Q":"Y","HER_NUMBER_2":"47/419","HERITAGE_NAME":"SETHNA'S AGIARI"},"geometry":{"type":"Polygon","coordinates":[[[72.81267722291405,18.96618759137608],[72.81294361356298,18.965971840392505],[72.81271205052272,18.965666624778304],[72.81252318831571,18.96586497237967],[72.81267722291405,18.96618759137608]]]}},{"type":"Feature","properties":{"layer":"DP_77","label":"Heritage building","confidence":"confirmed","HERITAGE_P":" ","GRADE":"IIB","VILLAGE":"BHULESHWAR","VILLAGE_DI":"BHULESHWAR","WARD":"C","REMARKS":" ","TYPE":"Heritage","CREATED_US":" ","LAST_EDITE":" ","OWNERSHIP":" ","USES":" ","MHCC_NOC":" ","DATE_":" ","NOC_FOR":" ","STRUCTURE":" ","FEATURE":" ","Q":"Y","HER_NUMBER_2":"18/165","HERITAGE_NAME":"STUDENTS LIBRARY AND SCIENTIFIC SOCITETYS GIRLS HIGH SCHOOL."},"geometry":{"type":"Polygon","coordinates":[[[72.82263089513292,18.95000409899],[72.82244230051984,18.950078549719116],[72.82287955484158,18.95023519685194],[72.82263089513292,18.95000409899]]]}},{"type":"Feature","properties":{"layer":"DP_77","label":"Heritage building","confidence":"confirmed","HERITAGE_P":" ","GRADE":"IIB","VILLAGE":"BANDRA-A","VILLAGE_DI":"BANDRA-A","WARD":"H/W","REMARKS":" ","TYPE":"Heritage","CREATED_US":" ","LAST_EDITE":" ","OWNERSHIP":" ","USES":" ","MHCC_NOC":" ","DATE_":" ","NOC_FOR":" ","STRUCTURE":" ","FEATURE":" ","Q":"Y","HER_NUMBER_2":"613","HERITAGE_NAME":"INSTITUTION"},"geometry":{"type":"Polygon","coordinates":[[[72.83079014153665,19.054585989904755],[72.83114557959976,19.054569669849037],[72.8310976266529,19.054192755944438],[72.83083775273377,19.054151530870413],[72.83079014153665,19.054585989904755]]]}},{"type":"Feature","properties":{"layer":"DP_77","label":"Heritage building","confidence":"confirmed","HERITAGE_P":" ","GRADE":"III","VILLAGE":"MAZGAON","VILLAGE_DI":"MAZGAON","WARD":"E","REMARKS":" ","TYPE":" ","CREATED_US":" ","LAST_EDITE":" ","OWNERSHIP":" ","USES":" ","MHCC_NOC":" ","DATE_":" ","NOC_FOR":" ","STRUCTURE":" ","FEATURE":" ","Q":"Y","HER_NUMBER_2":"109/404","HERITAGE_NAME":"HUSSAIN MANSION"},"geometry":{"type":"Polygon","coordinates":[[[72.83590410378291,18.981021109977252],[72.83577807226573,18.98109306760204],[72.83587996556572,18.9812437583248],[72.83590410378291,18.981021109977252]]]}},{"type":"Feature","properties":{"layer":"DP_77","label":"Heritage building","confidence":"confirmed","HERITAGE_P":" ","GRADE":"IIA","VILLAGE":"MANDVI","VILLAGE_DI":"MANDVI","WARD":"B","REMARKS":" ","TYPE":" ","CREATED_US":" ","LAST_EDITE":" ","OWNERSHIP":" ","USES":" ","MHCC_NOC":" ","DATE_":" ","NOC_FOR":" ","STRUCTURE":" ","FEATURE":" ","Q":"Y","HER_NUMBER_2":"18/100","HERITAGE_NAME":"SITARAM SHENOY UDYAN"},"geometry":{"type":"Polygon","coordinates":[[[72.83839735474493,18.961369517399262],[72.83747933688582,18.961516104795326],[72.83757880579356,18.96187336044784],[72.83837590385862,18.961762421634504],[72.83839735474493,18.961369517399262]]]}},{"type":"Feature","properties":{"layer":"DP_77","label":"Heritage building","confidence":"confirmed","HERITAGE_P":" ","GRADE":"III","VILLAGE":"MALABAR HILL","VILLAGE_DI":"MALABAR HILL","WARD":"D","REMARKS":" ","TYPE":"Heritage","CREATED_US":" ","LAST_EDITE":" ","OWNERSHIP":" ","USES":" ","MHCC_NOC":" ","DATE_":" ","NOC_FOR":" ","STRUCTURE":" ","FEATURE":" ","Q":"Y","HER_NUMBER_2":"68/448","HERITAGE_NAME":"ROCKY HILL FLATS"},"geometry":{"type":"Polygon","coordinates":[[[72.79386890281927,18.947413380051568],[72.79311571580892,18.94724833477202],[72.79295268044349,18.947460309064013],[72.79279092134209,18.947854885823592],[72.79302601415785,18.948869940230622],[72.79410056858642,18.948604987433306],[72.79386890281927,18.947413380051568]]]}},{"type":"Feature","properties":{"layer":"DP_77","label":"Heritage building","confidence":"confirmed","HERITAGE_P":" ","GRADE":"IIA","VILLAGE":"GORAI","VILLAGE_DI":"GORAI","WARD":"R","REMARKS":" ","TYPE":"Heritage","CREATED_US":" ","LAST_EDITE":" ","OWNERSHIP":" ","USES":" ","MHCC_NOC":" ","DATE_":" ","NOC_FOR":" ","STRUCTURE":" ","FEATURE":" ","Q":"Y","HER_NUMBER_2":"181/229","HERITAGE_NAME":"HOLY MAGI CHURCH"},"geometry":{"type":"Polygon","coordinates":[[[72.78291998753451,19.240494390915632],[72.7831493264796,19.240141476822927],[72.78255645488046,19.240166885799344],[72.78242465948506,19.240483141273103],[72.78287289280067,19.240680561079316],[72.78291998753451,19.240494390915632]]]}},{"type":"Feature","properties":{"layer":"DP_77","label":"Heritage building","confidence":"confirmed","HERITAGE_P":"CANTONMENT","GRADE":"IIB","VILLAGE":"COLABA","VILLAGE_DI":"COLABA","WARD":"A","REMARKS":" ","TYPE":"Heritage","CREATED_US":" ","LAST_EDITE":" ","OWNERSHIP":" ","USES":" ","MHCC_NOC":" ","DATE_":" ","NOC_FOR":" ","STRUCTURE":" ","FEATURE":" ","Q":"Y","HER_NUMBER_2":"36/42","HERITAGE_NAME":"STAFF RESIDENTIAL BUNGLOWS"},"geometry":{"type":"Polygon","coordinates":[[[72.81120881514111,18.89933835968109],[72.81131140300222,18.899529372810488],[72.81197122567444,18.89930086925885],[72.81189190908873,18.899136229184027],[72.81120881514111,18.89933835968109]]]}},{"type":"Feature","properties":{"layer":"DP_77","label":"Heritage building","confidence":"confirmed","HERITAGE_P":" ","GRADE":"III","VILLAGE":"MANDVI","VILLAGE_DI":"MANDVI","WARD":"B","REMARKS":" ","TYPE":"Heritage","CREATED_US":" ","LAST_EDITE":" ","OWNERSHIP":" ","USES":" ","MHCC_NOC":" ","DATE_":" ","NOC_FOR":" ","STRUCTURE":" ","FEATURE":" ","Q":"Y","HER_NUMBER_2":"13/92","HERITAGE_NAME":"BOTAWALA BLDG."},"geometry":{"type":"Polygon","coordinates":[[[72.8323889068423,18.961099633830642],[72.832135782383,18.96110922434877],[72.83214180867974,18.96132587733553],[72.83246383967969,18.96136669287801],[72.8323889068423,18.961099633830642]]]}},{"type":"Feature","properties":{"layer":"DP_77","label":"Heritage building","confidence":"confirmed","HERITAGE_P":" ","GRADE":"IIA","VILLAGE":"FORT","VILLAGE_DI":"FORT","WARD":"A","REMARKS":"shown as garden in tikka","TYPE":"Heritage","CREATED_US":" ","LAST_EDITE":" ","OWNERSHIP":" ","USES":" ","MHCC_NOC":" ","DATE_":" ","NOC_FOR":" ","STRUCTURE":" ","FEATURE":" ","Q":"Y","HER_NUMBER_2":"255/20","HERITAGE_NAME":"MANTRALAYA MUNICIPAL PARK"},"geometry":{"type":"Polygon","coordinates":[[[72.82449640131404,18.928221398231546],[72.82483753276561,18.928781048224455],[72.82502999982347,18.928696770004734],[72.82535000317617,18.927838355198947],[72.82449640131404,18.928221398231546]]]}},{"type":"Feature","properties":{"layer":"DP_77","label":"Heritage building","confidence":"confirmed","HERITAGE_P":" ","GRADE":"III","VILLAGE":"KURLA - 4","VILLAGE_DI":"KURLA - 4","WARD":"L","REMARKS":" ","TYPE":"Heritage","CREATED_US":" ","LAST_EDITE":" ","OWNERSHIP":" ","USES":" ","MHCC_NOC":" ","DATE_":" ","NOC_FOR":" ","STRUCTURE":" ","FEATURE":" ","Q":"Y","HER_NUMBER_2":"56/59","HERITAGE_NAME":"HOME GUARDS OFFICE BUILDING"},"geometry":{"type":"Polygon","coordinates":[[[72.87695977458837,19.066072694462996],[72.87711271362811,19.065825775851355],[72.87678300018291,19.065954586851348],[72.87695977458837,19.066072694462996]]]}},{"type":"Feature","properties":{"layer":"DP_77","label":"Heritage building","confidence":"confirmed","HERITAGE_P":" ","GRADE":"IIB","VILLAGE":"PAREL-SEWERI","VILLAGE_DI":"PAREL-SEWERI","WARD":"F/S","REMARKS":" ","TYPE":"Heritage","CREATED_US":" ","LAST_EDITE":" ","OWNERSHIP":" ","USES":" ","MHCC_NOC":" ","DATE_":" ","NOC_FOR":" ","STRUCTURE":" ","FEATURE":" ","Q":"Y","HER_NUMBER_2":"17/494","HERITAGE_NAME":"RAILWAY QUARTERS"},"geometry":{"type":"Polygon","coordinates":[[[72.83688087748727,19.00296772949074],[72.83694204159514,19.003194855548216],[72.83828575474311,19.00224309692935],[72.83742503522878,19.002376879716014],[72.83730245278697,19.001995632452118],[72.83664821070502,19.00212615047694],[72.83688087748727,19.00296772949074]]]}},{"type":"Feature","properties":{"layer":"DP_77","label":"Heritage building","confidence":"confirmed","HERITAGE_P":" ","GRADE":"IIA","VILLAGE":"WORLI","VILLAGE_DI":"WORLI","WARD":"G/S","REMARKS":" ","TYPE":"Heritage","CREATED_US":" ","LAST_EDITE":" ","OWNERSHIP":" ","USES":" ","MHCC_NOC":" ","DATE_":" ","NOC_FOR":" ","STRUCTURE":" ","FEATURE":" ","Q":"Y","HER_NUMBER_2":"15/577","HERITAGE_NAME":"NIPPONZAN MYOHAJI BUDDHIST TEMPLE COMPLEX"},"geometry":{"type":"Polygon","coordinates":[[[72.81546773091556,19.000633529542164],[72.81576285587145,19.000935120926172],[72.81593694338825,19.00078319334025],[72.81566399764694,19.00046442883124],[72.81546773091556,19.000633529542164]]]}},{"type":"Feature","properties":{"layer":"DP_77","label":"Heritage building","confidence":"confirmed","HERITAGE_P":" ","GRADE":"III","VILLAGE":"MANDVI","VILLAGE_DI":"MANDVI","WARD":"B","REMARKS":" ","TYPE":" ","CREATED_US":" ","LAST_EDITE":" ","OWNERSHIP":" ","USES":" ","MHCC_NOC":" ","DATE_":" ","NOC_FOR":" ","STRUCTURE":" ","FEATURE":" ","Q":"Y","HER_NUMBER_2":"20/102","HERITAGE_NAME":"LUCKY BULDING"},"geometry":{"type":"Polygon","coordinates":[[[72.8391166983519,18.961529757400353],[72.83892103512925,18.961673699389895],[72.8390802522741,18.96174501764477],[72.8391166983519,18.961529757400353]]]}},{"type":"Feature","properties":{"layer":"DP_77","label":"Heritage building","confidence":"confirmed","HERITAGE_P":"OLD CUFFE PARADE","GRADE":"IIB","VILLAGE":"COLABA","VILLAGE_DI":"COLABA","WARD":"A","REMARKS":" ","TYPE":"Heritage","CREATED_US":" ","LAST_EDITE":" ","OWNERSHIP":" ","USES":" ","MHCC_NOC":" ","DATE_":" ","NOC_FOR":" ","STRUCTURE":" ","FEATURE":" ","Q":"Y","HER_NUMBER_2":"54/62(b)","HERITAGE_NAME":"DUMAYNE ROAD COMPLEX  b) DOUGAL HOUSE"},"geometry":{"type":"Polygon","coordinates":[[[72.82553719841701,18.909846477923235],[72.82519578295026,18.91017266932164],[72.82574002250958,18.910673711000324],[72.82607932490566,18.910275467913674],[72.82553719841701,18.909846477923235]]]}},{"type":"Feature","properties":{"layer":"DP_77","label":"Heritage building","confidence":"confirmed","HERITAGE_P":" ","GRADE":"IIB","VILLAGE":"MALABAR HILL","VILLAGE_DI":"MALABAR HILL","WARD":"D","REMARKS":" ","TYPE":"Heritage","CREATED_US":" ","LAST_EDITE":" ","OWNERSHIP":" ","USES":" ","MHCC_NOC":" ","DATE_":" ","NOC_FOR":" ","STRUCTURE":" ","FEATURE":" ","Q":"Y","HER_NUMBER_2":"10/367","HERITAGE_NAME":"TEJPAL HALL"},"geometry":{"type":"Polygon","coordinates":[[[72.80935145439625,18.96302263762948],[72.80923071436631,18.96272826473315],[72.80885165251043,18.962863878346067],[72.80903453709402,18.963230531862813],[72.80959283622005,18.963174322200288],[72.80935145439625,18.96302263762948]]]}},{"type":"Feature","properties":{"layer":"DP_77","label":"Heritage building","confidence":"confirmed","HERITAGE_P":" ","GRADE":"IIA","VILLAGE":" ","VILLAGE_DI":" ","WARD":"A","REMARKS":" ","TYPE":" ","CREATED_US":" ","CREATED_DA":-2209161600000,"LAST_EDITE":" ","LAST_EDI_1":-2209161600000,"OWNERSHIP":" ","USES":" ","MHCC_NOC":" ","DATE_":" ","NOC_FOR":" ","STRUCTURE":" ","FEATURE":" ","Q":"Y","HER_NUMBER_2":"2/2(xx)","HERITAGE_NAME":"NAVAL DOCKYARD (FROM  LION GATE TO OLD CUSTOM HOUSE WITH CLOCK TOWER OPP. GREAT WESTERN BUILDING) xx) TOILET BLOCK"},"geometry":{"type":"Polygon","coordinates":[[[72.83468026626336,18.926878754915915],[72.83448049136486,18.926765270431993],[72.83433403943313,18.926991223793387],[72.83453094788442,18.927108692703115],[72.83468026626336,18.926878754915915]]]}},{"type":"Feature","properties":{"layer":"DP_77","label":"Heritage building","confidence":"confirmed","HERITAGE_P":" ","GRADE":"III","VILLAGE":"MANDVI","VILLAGE_DI":"MANDVI","WARD":"B","REMARKS":" ","TYPE":"Heritage","CREATED_US":" ","LAST_EDITE":" ","OWNERSHIP":" ","USES":" ","MHCC_NOC":" ","DATE_":" ","NOC_FOR":" ","STRUCTURE":" ","FEATURE":" ","Q":"Y","HER_NUMBER_2":"45/128","HERITAGE_NAME":"240, YUSUF MEHRALI ROAD"},"geometry":{"type":"Polygon","coordinates":[[[72.83302769870267,18.952513175324658],[72.83318896534391,18.952639193306425],[72.83322228816125,18.95254333788017],[72.83302769870267,18.952513175324658]]]}},{"type":"Feature","properties":{"layer":"DP_77","label":"Heritage building","confidence":"confirmed","HERITAGE_P":" ","GRADE":"III","VILLAGE":"GIRGAUM","VILLAGE_DI":"GIRGAUM","WARD":"D","REMARKS":" ","TYPE":"Heritage","CREATED_US":" ","LAST_EDITE":" ","OWNERSHIP":" ","USES":" ","MHCC_NOC":" ","DATE_":" ","NOC_FOR":" ","STRUCTURE":" ","FEATURE":" ","Q":"Y","HER_NUMBER_2":"119/220","HERITAGE_NAME":"TARA BHAVAN"},"geometry":{"type":"Polygon","coordinates":[[[72.8244886216845,18.957416144833864],[72.82465885586134,18.957368533259004],[72.82462611394692,18.95731702818388],[72.8244886216845,18.957416144833864]]]}},{"type":"Feature","properties":{"layer":"DP_77","label":"Heritage building","confidence":"confirmed","HERITAGE_P":" ","GRADE":"IIA","VILLAGE":"SAAI","VILLAGE_DI":"SAAI","WARD":"T","REMARKS":" ","TYPE":"Heritage","CREATED_US":" ","LAST_EDITE":" ","OWNERSHIP":" ","USES":" ","MHCC_NOC":" ","DATE_":" ","NOC_FOR":" ","STRUCTURE":" ","FEATURE":" ","Q":"Y","HER_NUMBER_2":"42/45","HERITAGE_NAME":"VEHAR MAIN BUNGLOW"},"geometry":{"type":"Polygon","coordinates":[[[72.90044685301591,19.146030055615732],[72.90077341864355,19.14605768588102],[72.90075879256179,19.145722930338017],[72.90043813503273,19.1457252416246],[72.90044685301591,19.146030055615732]]]}},{"type":"Feature","properties":{"layer":"DP_77","label":"Heritage building","confidence":"confirmed","HERITAGE_P":" ","GRADE":" ","VILLAGE":"ANDHERI","VILLAGE_DI":"ANDHERI","WARD":"K/W","REMARKS":" ","TYPE":"Heritage","CREATED_US":" ","LAST_EDITE":" ","OWNERSHIP":" ","USES":" ","MHCC_NOC":" ","DATE_":" ","NOC_FOR":" ","STRUCTURE":" ","FEATURE":" ","Q":"Y","HER_NUMBER_2":" ","HERITAGE_NAME":" "},"geometry":{"type":"Polygon","coordinates":[[[72.84023033435771,19.12604614180594],[72.84037312801107,19.126068436388913],[72.84042236884589,19.12594446027383],[72.84023033435771,19.12604614180594]]]}},{"type":"Feature","properties":{"layer":"DP_77","label":"Heritage building","confidence":"confirmed","HERITAGE_P":"OVAL","GRADE":"IIA","VILLAGE":"FORT","VILLAGE_DI":"FORT","WARD":"A","REMARKS":" ","TYPE":"Heritage","CREATED_US":" ","LAST_EDITE":" ","OWNERSHIP":" ","USES":" ","MHCC_NOC":" ","DATE_":" ","NOC_FOR":" ","STRUCTURE":" ","FEATURE":" ","Q":"Y","HER_NUMBER_2":"236/630","HERITAGE_NAME":"LADY WILLINGDON BUILDING FOR THE PARSI AMBULANCE DIVISION"},"geometry":{"type":"Polygon","coordinates":[[[72.82965227469539,18.943042915564035],[72.82997343868644,18.942943020634306],[72.82983788985875,18.942751886883443],[72.82955045528753,18.94288539202433],[72.82965227469539,18.943042915564035]]]}},{"type":"Feature","properties":{"layer":"DP_77","label":"Heritage building","confidence":"confirmed","HERITAGE_P":" ","GRADE":"IIB","VILLAGE":"BANDRA-C","VILLAGE_DI":"BANDRA-C","WARD":"H/W","REMARKS":" ","TYPE":"Heritage","CREATED_US":" ","LAST_EDITE":" ","OWNERSHIP":" ","USES":" ","MHCC_NOC":" ","DATE_":" ","NOC_FOR":" ","STRUCTURE":" ","FEATURE":" ","Q":"Y","HER_NUMBER_2":"37/49","HERITAGE_NAME":"ST. ANDREWS HIGHSCHOOL"},"geometry":{"type":"Polygon","coordinates":[[[72.82828470393063,19.057207516684592],[72.8283444794768,19.05724238946426],[72.82834442895165,19.05721110755491],[72.82828470393063,19.057207516684592]]]}},{"type":"Feature","properties":{"layer":"DP_77","label":"Heritage building","confidence":"confirmed","HERITAGE_P":" ","GRADE":"III","VILLAGE":"MATUNGA","VILLAGE_DI":"MATUNGA","WARD":"F/N","REMARKS":" ","TYPE":"Heritage","CREATED_US":" ","LAST_EDITE":" ","OWNERSHIP":" ","USES":" ","MHCC_NOC":" ","DATE_":" ","NOC_FOR":" ","STRUCTURE":" ","FEATURE":" ","Q":"Y","HER_NUMBER_2":"19/446","HERITAGE_NAME":"764-d, MEHARBAI D. WADIA BUILDING"},"geometry":{"type":"Polygon","coordinates":[[[72.84913147748648,19.01733748095412],[72.84934689174281,19.017200963578947],[72.84922214076147,19.017018147400037],[72.84896615985122,19.01718086574221],[72.84913147748648,19.01733748095412]]]}},{"type":"Feature","properties":{"layer":"DP_77","label":"Heritage building","confidence":"confirmed","HERITAGE_P":" ","GRADE":"IIA","VILLAGE":"FORT","VILLAGE_DI":"FORT","WARD":"A","REMARKS":" ","TYPE":"Heritage","CREATED_US":" ","LAST_EDITE":" ","OWNERSHIP":" ","USES":" ","MHCC_NOC":" ","DATE_":" ","NOC_FOR":" ","STRUCTURE":" ","FEATURE":" ","Q":"Y","HER_NUMBER_2":"287/57","HERITAGE_NAME":"NATIONAL INSURANCE BLDG."},"geometry":{"type":"Polygon","coordinates":[[[72.8339215544142,18.937112883587247],[72.83351175659868,18.937263979522672],[72.83358181482406,18.93743991507013],[72.83399892714698,18.937352226696966],[72.8339215544142,18.937112883587247]]]}},{"type":"Feature","properties":{"layer":"DP_77","label":"Heritage building","confidence":"confirmed","HERITAGE_P":" ","GRADE":"III","VILLAGE":"BYCULLA","VILLAGE_DI":"BYCULLA","WARD":"E","REMARKS":" ","TYPE":"Heritage","CREATED_US":" ","LAST_EDITE":" ","OWNERSHIP":" ","USES":" ","MHCC_NOC":" ","DATE_":" ","NOC_FOR":" ","STRUCTURE":" ","FEATURE":" ","Q":"Y","HER_NUMBER_2":"49/340","HERITAGE_NAME":"NOOR HOUSE"},"geometry":{"type":"Polygon","coordinates":[[[72.82436874750132,18.971265275955044],[72.82445415868682,18.97154940905748],[72.82464804569578,18.97150725057398],[72.82460239999699,18.971244868111484],[72.82436874750132,18.971265275955044]]]}},{"type":"Feature","properties":{"layer":"DP_77","label":"Heritage building","confidence":"confirmed","HERITAGE_P":"MAJESTIC","GRADE":"III","VILLAGE":"COLABA","VILLAGE_DI":"COLABA","WARD":"A","REMARKS":" ","TYPE":"Heritage","CREATED_US":" ","LAST_EDITE":" ","OWNERSHIP":" ","USES":" ","MHCC_NOC":" ","DATE_":" ","NOC_FOR":" ","STRUCTURE":" ","FEATURE":" ","Q":"Y","HER_NUMBER_2":"62/72","HERITAGE_NAME":"RADIO CLUB"},"geometry":{"type":"Polygon","coordinates":[[[72.83196391777655,18.918218379980534],[72.83187569928482,18.91777486572301],[72.83157678522291,18.91784235387968],[72.83165829349782,18.918230030547605],[72.83196391777655,18.918218379980534]]]}},{"type":"Feature","properties":{"layer":"DP_77","label":"Heritage building","confidence":"confirmed","HERITAGE_P":" ","GRADE":"III","VILLAGE":"VILE PARLE","VILLAGE_DI":"VILE PARLE","WARD":"K/E","REMARKS":" ","TYPE":"Heritage","CREATED_US":" ","LAST_EDITE":" ","OWNERSHIP":" ","USES":" ","MHCC_NOC":" ","DATE_":" ","NOC_FOR":" ","STRUCTURE":" ","FEATURE":" ","Q":"Y","HER_NUMBER_2":"205/259","HERITAGE_NAME":"NANI NIWAS"},"geometry":{"type":"Polygon","coordinates":[[[72.84933505532555,19.09784915606781],[72.84904206344814,19.097823416771654],[72.84927059892568,19.097999951337336],[72.84933505532555,19.09784915606781]]]}},{"type":"Feature","properties":{"layer":"DP_77","label":"Heritage building","confidence":"confirmed","HERITAGE_P":" ","GRADE":"IIA","VILLAGE":"GIRGAUM","VILLAGE_DI":"GIRGAUM","WARD":"D","REMARKS":" ","TYPE":"Heritage","CREATED_US":" ","LAST_EDITE":" ","OWNERSHIP":" ","USES":" ","MHCC_NOC":" ","DATE_":" ","NOC_FOR":" ","STRUCTURE":" ","FEATURE":" ","Q":"Y","HER_NUMBER_2":"2/271","HERITAGE_NAME":"BHAUSAHEB J. INSTITUTES"},"geometry":{"type":"Polygon","coordinates":[[[72.81968176778788,18.95173301403327],[72.82007933568465,18.951584907456798],[72.81978521150303,18.951142189827593],[72.8194728009302,18.951364678138294],[72.81968176778788,18.95173301403327]]]}},{"type":"Feature","properties":{"layer":"DP_77","label":"Heritage building","confidence":"confirmed","HERITAGE_P":" ","GRADE":"III","VILLAGE":"MANDVI","VILLAGE_DI":"MANDVI","WARD":"B","REMARKS":" ","TYPE":"Heritage","CREATED_US":" ","LAST_EDITE":" ","OWNERSHIP":" ","USES":" ","MHCC_NOC":" ","DATE_":" ","NOC_FOR":" ","STRUCTURE":" ","FEATURE":" ","Q":"Y","HER_NUMBER_2":"29b/110","HERITAGE_NAME":"DAWOODBHOY FAZHALBHOY HIGH SCHOOL AND MUNICIPAL DISPENSARY"},"geometry":{"type":"Polygon","coordinates":[[[72.8374021625023,18.95859981158665],[72.83756609371835,18.958816081663063],[72.83757083004963,18.958508380410848],[72.8374021625023,18.95859981158665]]]}},{"type":"Feature","properties":{"layer":"DP_77","label":"Heritage building","confidence":"confirmed","HERITAGE_P":" ","GRADE":"III","VILLAGE":"MANDVI","VILLAGE_DI":"MANDVI","WARD":"B","REMARKS":" ","TYPE":"Heritage","CREATED_US":" ","LAST_EDITE":" ","OWNERSHIP":" ","USES":" ","MHCC_NOC":" ","DATE_":" ","NOC_FOR":" ","STRUCTURE":" ","FEATURE":" ","Q":"Y","HER_NUMBER_2":"5/86","HERITAGE_NAME":"RESHAMWALA BUILDING (ASIAN LODGE)"},"geometry":{"type":"Polygon","coordinates":[[[72.83374683529836,18.952676459676205],[72.8338343160665,18.952822426625932],[72.83399240975628,18.952616409972066],[72.83374683529836,18.952676459676205]]]}},{"type":"Feature","properties":{"layer":"DP_77","label":"Heritage building","confidence":"confirmed","HERITAGE_P":" ","GRADE":"I","VILLAGE":" ","VILLAGE_DI":" ","WARD":"A","REMARKS":" ","TYPE":" ","CREATED_US":" ","CREATED_DA":-2209161600000,"LAST_EDITE":" ","LAST_EDI_1":-2209161600000,"OWNERSHIP":" ","USES":" ","MHCC_NOC":" ","DATE_":" ","NOC_FOR":" ","STRUCTURE":" ","FEATURE":" ","Q":"Y","HER_NUMBER_2":"1/1(i)","HERITAGE_NAME":"I.N.S. ANGRE (BOMBAY CASTLE & OTHER HISTORICAL/ASETHETICALLY IMPORTANT BUILDINGS AND FEATURES AT ANGRE) i) WALLS & BASTIONS"},"geometry":{"type":"Polygon","coordinates":[[[72.83849947006553,18.931487806113118],[72.83792815499618,18.931037124013894],[72.83759509306289,18.931576339814907],[72.83836229394649,18.932163457809484],[72.83886311801133,18.931444200092262],[72.83849947006553,18.931487806113118]]]}},{"type":"Feature","properties":{"layer":"DP_77","label":"Heritage building","confidence":"confirmed","HERITAGE_P":" ","GRADE":"III","VILLAGE":"BANDRA-C","VILLAGE_DI":"BANDRA-C","WARD":"H/W","REMARKS":" ","TYPE":"Heritage","CREATED_US":" ","LAST_EDITE":" ","OWNERSHIP":" ","USES":" ","MHCC_NOC":" ","DATE_":" ","NOC_FOR":" ","STRUCTURE":" ","FEATURE":" ","Q":"Y","HER_NUMBER_2":"579","HERITAGE_NAME":"19/19-A, CARTER ROADS"},"geometry":{"type":"Polygon","coordinates":[[[72.8228952782471,19.06329542512286],[72.8229874246792,19.063405439032078],[72.8231666472657,19.063173509355043],[72.8228952782471,19.06329542512286]]]}},{"type":"Feature","properties":{"layer":"DP_77","label":"Heritage building","confidence":"confirmed","HERITAGE_P":" ","GRADE":"III","VILLAGE":"BANDRA-C","VILLAGE_DI":"BANDRA-C","WARD":"H/W","REMARKS":" ","TYPE":"Heritage","CREATED_US":" ","LAST_EDITE":" ","OWNERSHIP":" ","USES":" ","MHCC_NOC":" ","DATE_":" ","NOC_FOR":" ","STRUCTURE":" ","FEATURE":" ","Q":"Y","HER_NUMBER_2":"50/065","HERITAGE_NAME":"D'SILVA HOUSE"},"geometry":{"type":"Polygon","coordinates":[[[72.82470571656566,19.058867147701584],[72.82479641459302,19.05865723151921],[72.82455452349132,19.05864391539599],[72.82470571656566,19.058867147701584]]]}},{"type":"Feature","properties":{"layer":"DP_77","label":"Heritage building","confidence":"confirmed","HERITAGE_P":" ","GRADE":"III","VILLAGE":"PAREL-SHIVEDI","VILLAGE_DI":"PAREL-SHIVEDI","WARD":"F/S","REMARKS":" ","TYPE":" ","CREATED_US":" ","LAST_EDITE":" ","OWNERSHIP":" ","USES":" ","MHCC_NOC":" ","DATE_":" ","NOC_FOR":" ","STRUCTURE":" ","FEATURE":" ","Q":"Y","HER_NUMBER_2":"23/516","HERITAGE_NAME":"ZORASTRIAN COLONY"},"geometry":{"type":"Polygon","coordinates":[[[72.84729901740094,19.00101051820178],[72.84670649071361,19.00037208367152],[72.84662022841705,19.00092653215164],[72.84729901740094,19.00101051820178]]]}},{"type":"Feature","properties":{"layer":"DP_77","label":"Heritage building","confidence":"confirmed","HERITAGE_P":" ","GRADE":"III","VILLAGE":"BYCULLA","VILLAGE_DI":"BYCULLA","WARD":"E","REMARKS":" ","TYPE":"Heritage","CREATED_US":" ","LAST_EDITE":" ","OWNERSHIP":" ","USES":" ","MHCC_NOC":" ","DATE_":" ","NOC_FOR":" ","STRUCTURE":" ","FEATURE":" ","Q":"Y","HER_NUMBER_2":"32/324","HERITAGE_NAME":"MARIAMBHAI GULAM MOHAMMED TRUST BLDG."},"geometry":{"type":"Polygon","coordinates":[[[72.8290728893417,18.9694295424186],[72.8293652522961,18.96946573537676],[72.82949788341476,18.969272759246962],[72.8290728893417,18.9694295424186]]]}},{"type":"Feature","properties":{"layer":"DP_77","label":"Heritage building","confidence":"confirmed","HERITAGE_P":" ","GRADE":"III","VILLAGE":"FORT","VILLAGE_DI":"FORT","WARD":"A","REMARKS":" ","TYPE":"Heritage","CREATED_US":" ","LAST_EDITE":" ","OWNERSHIP":" ","USES":" ","MHCC_NOC":" ","DATE_":" ","NOC_FOR":" ","STRUCTURE":" ","FEATURE":" ","Q":"Y","HER_NUMBER_2":"273/42","HERITAGE_NAME":"RAJJAB MAHAL"},"geometry":{"type":"Polygon","coordinates":[[[72.82805211747903,18.92892622957691],[72.82764730455303,18.92891641692588],[72.82765419632013,18.929203953555557],[72.82803662755224,18.92919356565825],[72.82805211747903,18.92892622957691]]]}},{"type":"Feature","properties":{"layer":"DP_77","label":"Heritage building","confidence":"confirmed","HERITAGE_P":" ","GRADE":"IIA","VILLAGE":"FORT","VILLAGE_DI":"FORT","WARD":"A","REMARKS":" ","TYPE":"Heritage","CREATED_US":" ","LAST_EDITE":" ","OWNERSHIP":" ","USES":" ","MHCC_NOC":" ","DATE_":" ","NOC_FOR":" ","STRUCTURE":" ","FEATURE":" ","Q":"Y","HER_NUMBER_2":"292/62","HERITAGE_NAME":"230, GENERAL ASSSURANCE BUILDING"},"geometry":{"type":"Polygon","coordinates":[[[72.8331175440845,18.93625454521482],[72.83350748221598,18.935975553688483],[72.833052994385,18.93608108743802],[72.8331175440845,18.93625454521482]]]}},{"type":"Feature","properties":{"layer":"DP_77","label":"Heritage building","confidence":"confirmed","HERITAGE_P":" ","GRADE":"III","VILLAGE":"MATUNGA","VILLAGE_DI":"MATUNGA","WARD":"F/N","REMARKS":" ","TYPE":"Heritage","CREATED_US":" ","LAST_EDITE":" ","OWNERSHIP":" ","USES":" ","MHCC_NOC":" ","DATE_":" ","NOC_FOR":" ","STRUCTURE":" ","FEATURE":" ","Q":"Y","HER_NUMBER_2":"46/475","HERITAGE_NAME":"WALCHAND BUNGLOW"},"geometry":{"type":"Polygon","coordinates":[[[72.86459136208552,19.023134517922035],[72.86447891299679,19.022561414635085],[72.86484686064827,19.022441030039023],[72.86412140775082,19.0223996107178],[72.86419818150404,19.024032252959056],[72.8645732727841,19.024238036316248],[72.86485431047286,19.02396066185811],[72.86459136208552,19.023134517922035]]]}},{"type":"Feature","properties":{"layer":"DP_77","label":"Heritage building","confidence":"confirmed","HERITAGE_P":"BALLARD PIER","GRADE":"IIA","VILLAGE":"FORT","VILLAGE_DI":"FORT","WARD":"A","REMARKS":" ","TYPE":"Heritage","CREATED_US":" ","LAST_EDITE":" ","OWNERSHIP":" ","USES":" ","MHCC_NOC":" ","DATE_":" ","NOC_FOR":" ","STRUCTURE":" ","FEATURE":" ","Q":"Y","HER_NUMBER_2":"230/261 (c) & (d)","HERITAGE_NAME":"c) & d) RELIANCE HOUSE (FORMERLY KNOWN AS R.P.L. HOUSE) (C- SHAHI BAUG HOUSE, D- AHMEDABAD HOUS)"},"geometry":{"type":"Polygon","coordinates":[[[72.84098207675002,18.936056004805863],[72.84112609750458,18.935997150917757],[72.84099831785217,18.935788959324697],[72.84098207675002,18.936056004805863]]]}},{"type":"Feature","properties":{"layer":"DP_77","label":"Heritage building","confidence":"confirmed","HERITAGE_P":" ","GRADE":"III","VILLAGE":"BANDRA-B","VILLAGE_DI":"BANDRA-B","WARD":"H/W","REMARKS":" ","TYPE":"Heritage","CREATED_US":" ","LAST_EDITE":" ","OWNERSHIP":" ","USES":" ","MHCC_NOC":" ","DATE_":" ","NOC_FOR":" ","STRUCTURE":" ","FEATURE":" ","Q":"Y","HER_NUMBER_2":"10/011","HERITAGE_NAME":"EBRHAHIM MANZIL"},"geometry":{"type":"Polygon","coordinates":[[[72.82295272777264,19.051047190129413],[72.823571600969,19.05123497835608],[72.823465724315,19.050566846701972],[72.82289380370895,19.050706896624195],[72.82295272777264,19.051047190129413]]]}},{"type":"Feature","properties":{"layer":"DP_77","label":"Heritage building","confidence":"confirmed","HERITAGE_P":" ","GRADE":"III","VILLAGE":"KURLA - 2","VILLAGE_DI":"KURLA - 2","WARD":"L","REMARKS":" ","TYPE":"Heritage","CREATED_US":" ","LAST_EDITE":" ","OWNERSHIP":" ","USES":" ","MHCC_NOC":" ","DATE_":" ","NOC_FOR":" ","STRUCTURE":" ","FEATURE":" ","Q":"Y","HER_NUMBER_2":"55/58","HERITAGE_NAME":"SHIROLKAR NIWAS"},"geometry":{"type":"Polygon","coordinates":[[[72.88876410137216,19.083986751493807],[72.88906103303059,19.083993421019308],[72.88891504931684,19.08390048595309],[72.88876410137216,19.083986751493807]]]}},{"type":"Feature","properties":{"layer":"DP_77","label":"Heritage building","confidence":"confirmed","HERITAGE_P":" ","GRADE":"IIB","VILLAGE":"BANDRA-C","VILLAGE_DI":"BANDRA-C","WARD":"H/W","REMARKS":" ","TYPE":"Heritage","CREATED_US":" ","LAST_EDITE":" ","OWNERSHIP":" ","USES":" ","MHCC_NOC":" ","DATE_":" ","NOC_FOR":" ","STRUCTURE":" ","FEATURE":" ","Q":"Y","HER_NUMBER_2":"586","HERITAGE_NAME":"WESTERN RAILWAY PALI HILL ESTATE"},"geometry":{"type":"Polygon","coordinates":[[[72.82326454193804,19.06424738869691],[72.82326577478979,19.064363953579985],[72.82349763982927,19.064302383966496],[72.82326454193804,19.06424738869691]]]}},{"type":"Feature","properties":{"layer":"DP_77","label":"Heritage building","confidence":"confirmed","HERITAGE_P":" ","GRADE":"III","VILLAGE":"MANDVI","VILLAGE_DI":"MANDVI","WARD":"B","REMARKS":" ","TYPE":"Heritage","CREATED_US":" ","LAST_EDITE":" ","OWNERSHIP":" ","USES":" ","MHCC_NOC":" ","DATE_":" ","NOC_FOR":" ","STRUCTURE":" ","FEATURE":" ","Q":"Y","HER_NUMBER_2":"7/86a","HERITAGE_NAME":"DADA MANSION"},"geometry":{"type":"Polygon","coordinates":[[[72.83348929052238,18.95378715130123],[72.83347953603159,18.9539429344994],[72.83359182564595,18.953780741910233],[72.83348929052238,18.95378715130123]]]}},{"type":"Feature","properties":{"layer":"DP_77","label":"Heritage building","confidence":"confirmed","HERITAGE_P":" ","GRADE":"III","VILLAGE":"TARDEO","VILLAGE_DI":"TARDEO","WARD":"D","REMARKS":" ","TYPE":"Heritage","CREATED_US":" ","LAST_EDITE":" ","OWNERSHIP":" ","USES":" ","MHCC_NOC":" ","DATE_":" ","NOC_FOR":" ","STRUCTURE":" ","FEATURE":" ","Q":"Y","HER_NUMBER_2":"129/233","HERITAGE_NAME":"SAYYAD BUILDING"},"geometry":{"type":"Polygon","coordinates":[[[72.82148157451941,18.962125755943738],[72.82167049398562,18.962251473239906],[72.82147587551853,18.96198553016315],[72.82148157451941,18.962125755943738]]]}},{"type":"Feature","properties":{"layer":"DP_77","label":"Heritage building","confidence":"confirmed","HERITAGE_P":" ","GRADE":"IIB","VILLAGE":"VILE PARLE","VILLAGE_DI":"VILE PARLE","WARD":"K/W","REMARKS":" ","TYPE":"Heritage","CREATED_US":" ","LAST_EDITE":" ","OWNERSHIP":" ","USES":" ","MHCC_NOC":" ","DATE_":" ","NOC_FOR":" ","STRUCTURE":" ","FEATURE":" ","Q":"Y","HER_NUMBER_2":"122/152","HERITAGE_NAME":"Saroj Niwas"},"geometry":{"type":"Polygon","coordinates":[[[72.84109550186582,19.100462336117015],[72.84163183107422,19.100738070102466],[72.84160930176287,19.100387992926603],[72.84109550186582,19.100462336117015]]]}},{"type":"Feature","properties":{"layer":"DP_77","label":"Heritage building","confidence":"confirmed","HERITAGE_P":" ","GRADE":"III","VILLAGE":"BYCULLA","VILLAGE_DI":"BYCULLA","WARD":"E","REMARKS":" ","TYPE":"Heritage","CREATED_US":" ","LAST_EDITE":" ","OWNERSHIP":" ","USES":" ","MHCC_NOC":" ","DATE_":" ","NOC_FOR":" ","STRUCTURE":" ","FEATURE":" ","Q":"Y","HER_NUMBER_2":"55/346","HERITAGE_NAME":"AGRIPADA POLICE QUARTERS"},"geometry":{"type":"Polygon","coordinates":[[[72.82370398856266,18.977082943696367],[72.82393751298856,18.97724510241349],[72.82360999406446,18.976664461507955],[72.82370398856266,18.977082943696367]]]}},{"type":"Feature","properties":{"layer":"DP_77","label":"Heritage building","confidence":"confirmed","HERITAGE_P":" ","GRADE":"IIA","VILLAGE":" ","VILLAGE_DI":" ","WARD":"K/W","REMARKS":"AS PER NEW AGIARY LIST AT SR. NO. 47","TYPE":" ","CREATED_US":" ","CREATED_DA":-2209161600000,"LAST_EDITE":" ","LAST_EDI_1":-2209161600000,"OWNERSHIP":" ","USES":" ","MHCC_NOC":" ","DATE_":" ","NOC_FOR":" ","STRUCTURE":" ","FEATURE":" ","Q":"Y","HER_NUMBER_2":" ","HERITAGE_NAME":"MANCHARJI FARAMJI CAMA ATHOMAN INSTITUTE 9 SEMINARY) + B8"},"geometry":{"type":"Polygon","coordinates":[[[72.84314215534977,19.12207685146876],[72.84352426729092,19.12188775371449],[72.84326160331987,19.12120356518834],[72.84280987854962,19.12133209969391],[72.84274840016812,19.12180695977418],[72.84314215534977,19.12207685146876]]]}},{"type":"Feature","properties":{"layer":"DP_77","label":"Heritage building","confidence":"confirmed","HERITAGE_P":" ","GRADE":"III","VILLAGE":"GIRGAUM","VILLAGE_DI":"GIRGAUM","WARD":"D","REMARKS":" ","TYPE":"Heritage","CREATED_US":" ","LAST_EDITE":" ","OWNERSHIP":" ","USES":" ","MHCC_NOC":" ","DATE_":" ","NOC_FOR":" ","STRUCTURE":" ","FEATURE":" ","Q":"Y","HER_NUMBER_2":"6/337","HERITAGE_NAME":"LAUD MANSION"},"geometry":{"type":"Polygon","coordinates":[[[72.81903126572554,18.95212868302784],[72.81916689071642,18.952012772192326],[72.81891682105412,18.951801147914914],[72.81878369215148,18.951903450632802],[72.81903126572554,18.95212868302784]]]}},{"type":"Feature","properties":{"layer":"DP_77","label":"Heritage building","confidence":"confirmed","HERITAGE_P":" ","GRADE":"III","VILLAGE":"MATUNGA","VILLAGE_DI":"MATUNGA","WARD":"F/N","REMARKS":" ","TYPE":"Heritage","CREATED_US":" ","LAST_EDITE":" ","OWNERSHIP":" ","USES":" ","MHCC_NOC":" ","DATE_":" ","NOC_FOR":" ","STRUCTURE":" ","FEATURE":" ","Q":"Y","HER_NUMBER_2":"12/434","HERITAGE_NAME":"229-234, 244-246, RAM NARAYAN RUIA COLLEGE"},"geometry":{"type":"Polygon","coordinates":[[[72.84985684034821,19.023281005076772],[72.84970283228,19.02362015043652],[72.84989201788558,19.02442636569745],[72.85045278063696,19.02428532327913],[72.8503075899626,19.023673426037977],[72.85048484639374,19.02348428073738],[72.85024960399194,19.023111465134253],[72.84985684034821,19.023281005076772]]]}},{"type":"Feature","properties":{"layer":"DP_77","label":"Heritage building","confidence":"confirmed","HERITAGE_P":" ","GRADE":"III","VILLAGE":"BHULESHWAR","VILLAGE_DI":"BHULESHWAR","WARD":"C","REMARKS":" ","TYPE":"Heritage","CREATED_US":" ","LAST_EDITE":" ","OWNERSHIP":" ","USES":" ","MHCC_NOC":" ","DATE_":" ","NOC_FOR":" ","STRUCTURE":" ","FEATURE":" ","Q":"Y","HER_NUMBER_2":"305","HERITAGE_NAME":"ST. ANNES GIRLS HIGH SCHOOL"},"geometry":{"type":"Polygon","coordinates":[[[72.8241324731293,18.949781825435238],[72.82427255563506,18.949725644412233],[72.82397966231805,18.949458533739733],[72.82385927209252,18.94959771741239],[72.8241324731293,18.949781825435238]]]}},{"type":"Feature","properties":{"layer":"DP_77","label":"Heritage building","confidence":"confirmed","HERITAGE_P":"MARINE DRIVE PRECINCT","GRADE":"IIA","VILLAGE":"GIRGAUM","VILLAGE_DI":"GIRGAUM","WARD":"D","REMARKS":" ","TYPE":"Heritage","CREATED_US":" ","LAST_EDITE":" ","OWNERSHIP":" ","USES":" ","MHCC_NOC":" ","DATE_":" ","NOC_FOR":" ","STRUCTURE":" ","FEATURE":" ","Q":"Y","HER_NUMBER_2":"78/457","HERITAGE_NAME":"WILSON COLLEGE"},"geometry":{"type":"Polygon","coordinates":[[[72.81059985183973,18.956224611481467],[72.81027790575153,18.95621821821521],[72.81034912041964,18.95692400840093],[72.81183071758122,18.956396233314923],[72.81185174047936,18.95619246193446],[72.81059985183973,18.956224611481467]]]}},{"type":"Feature","properties":{"layer":"DP_77","label":"Heritage building","confidence":"confirmed","HERITAGE_P":" ","GRADE":"IIB","VILLAGE":"BANDRA-C","VILLAGE_DI":"BANDRA-C","WARD":"H/W","REMARKS":" ","TYPE":"Heritage","CREATED_US":" ","LAST_EDITE":" ","OWNERSHIP":" ","USES":" ","MHCC_NOC":" ","DATE_":" ","NOC_FOR":" ","STRUCTURE":" ","FEATURE":" ","Q":"Y","HER_NUMBER_2":"37/049","HERITAGE_NAME":"ST. ANDREWS HIGHSCHOOL"},"geometry":{"type":"Polygon","coordinates":[[[72.82780555507084,19.056576138307015],[72.82780116443571,19.056178509956652],[72.82679061306632,19.05613911302971],[72.826781997237,19.057159733437548],[72.82885386113439,19.057294485111925],[72.82887513948292,19.056964484211797],[72.82780555507084,19.056576138307015]]]}},{"type":"Feature","properties":{"layer":"DP_77","label":"Heritage building","confidence":"confirmed","HERITAGE_P":" ","GRADE":"IIB","VILLAGE":"MALABAR HILL","VILLAGE_DI":"MALABAR HILL","WARD":"D","REMARKS":" ","TYPE":"Heritage","CREATED_US":" ","LAST_EDITE":" ","OWNERSHIP":" ","USES":" ","MHCC_NOC":" ","DATE_":" ","NOC_FOR":" ","STRUCTURE":" ","FEATURE":" ","Q":"Y","HER_NUMBER_2":"71/449","HERITAGE_NAME":"NORTH END"},"geometry":{"type":"Polygon","coordinates":[[[72.81128119369603,18.97424190005127],[72.81191008787943,18.974333600696323],[72.81203270425986,18.973871727874194],[72.81146293711541,18.973644579303848],[72.81128119369603,18.97424190005127]]]}},{"type":"Feature","properties":{"layer":"DP_77","label":"Heritage building","confidence":"confirmed","HERITAGE_P":" ","GRADE":"III","VILLAGE":" ","VILLAGE_DI":" ","WARD":"D","REMARKS":" ","TYPE":" ","CREATED_US":" ","CREATED_DA":-2209161600000,"LAST_EDITE":" ","LAST_EDI_1":-2209161600000,"OWNERSHIP":" ","USES":" ","MHCC_NOC":" ","DATE_":" ","NOC_FOR":" ","STRUCTURE":" ","FEATURE":" ","Q":"Y","HER_NUMBER_2":"89/459","HERITAGE_NAME":"ORIENT CLUB"},"geometry":{"type":"Polygon","coordinates":[[[72.80943489354044,18.95645580573093],[72.80939788890667,18.956036027994088],[72.809162018698,18.95629873813127],[72.80943489354044,18.95645580573093]]]}},{"type":"Feature","properties":{"layer":"DP_77","label":"Heritage building","confidence":"confirmed","HERITAGE_P":" ","GRADE":"III","VILLAGE":"BHULESHWAR","VILLAGE_DI":"BHULESHWAR","WARD":"C","REMARKS":" ","TYPE":"Heritage","CREATED_US":" ","LAST_EDITE":" ","OWNERSHIP":" ","USES":" ","MHCC_NOC":" ","DATE_":" ","NOC_FOR":" ","STRUCTURE":" ","FEATURE":" ","Q":"Y","HER_NUMBER_2":"68/206","HERITAGE_NAME":"ABBA BUILDING (35,SARDAR VALLABHAI PATEL ROAD)"},"geometry":{"type":"Polygon","coordinates":[[[72.83074186451658,18.957886081687985],[72.83067549301796,18.95805866059582],[72.83108924108174,18.95807624968814],[72.83074186451658,18.957886081687985]]]}},{"type":"Feature","properties":{"layer":"DP_77","label":"Heritage building","confidence":"confirmed","HERITAGE_P":" ","GRADE":"IIA","VILLAGE":"MALABAR HILL","VILLAGE_DI":"MALABAR HILL","WARD":"D","REMARKS":" ","TYPE":"Heritage","CREATED_US":" ","LAST_EDITE":" ","OWNERSHIP":" ","USES":" ","MHCC_NOC":" ","DATE_":" ","NOC_FOR":" ","STRUCTURE":" ","FEATURE":" ","Q":"Y","HER_NUMBER_2":"64/442(b)","HERITAGE_NAME":"DHAKLESHWAR TEMPLE COMPLEX"},"geometry":{"type":"Polygon","coordinates":[[[72.80690901480521,18.97702520718012],[72.8071330921205,18.977087031592703],[72.80717747450404,18.976896907525003],[72.80690878366964,18.976752668221764],[72.80690901480521,18.97702520718012]]]}},{"type":"Feature","properties":{"layer":"DP_77","label":"Heritage building","confidence":"confirmed","HERITAGE_P":" ","GRADE":"III","VILLAGE":"VILE PARLE","VILLAGE_DI":"VILE PARLE","WARD":"K/W","REMARKS":" ","TYPE":"Heritage","CREATED_US":" ","LAST_EDITE":" ","OWNERSHIP":" ","USES":" ","MHCC_NOC":" ","DATE_":" ","NOC_FOR":" ","STRUCTURE":" ","FEATURE":" ","Q":"Y","HER_NUMBER_2":"120/149","HERITAGE_NAME":"Gandhi Vocational Training Institute"},"geometry":{"type":"Polygon","coordinates":[[[72.8429285943248,19.099343434946913],[72.84262675274277,19.099345710672704],[72.8426201824936,19.099720153593776],[72.84307743807821,19.09969644996886],[72.8429285943248,19.099343434946913]]]}},{"type":"Feature","properties":{"layer":"DP_77","label":"Heritage building","confidence":"confirmed","HERITAGE_P":" ","GRADE":"III","VILLAGE":"MATUNGA","VILLAGE_DI":"MATUNGA","WARD":"F/N","REMARKS":" ","TYPE":"Heritage","CREATED_US":" ","LAST_EDITE":" ","OWNERSHIP":" ","USES":" ","MHCC_NOC":" ","DATE_":" ","NOC_FOR":" ","STRUCTURE":" ","FEATURE":" ","Q":"Y","HER_NUMBER_2":"24/451","HERITAGE_NAME":"631-a ,MEHER VILLA"},"geometry":{"type":"Polygon","coordinates":[[[72.85157122167742,19.019354602273847],[72.85176198881041,19.01946159890863],[72.85194619941501,19.019176732362535],[72.8516409903276,19.019001512360663],[72.85140980491352,19.019131792579874],[72.85157122167742,19.019354602273847]]]}},{"type":"Feature","properties":{"layer":"DP_77","label":"Heritage building","confidence":"confirmed","HERITAGE_P":"FOUNTAIN","GRADE":"IIA","VILLAGE":"FORT","VILLAGE_DI":"FORT","WARD":"A","REMARKS":" ","TYPE":"Heritage","CREATED_US":" ","LAST_EDITE":" ","OWNERSHIP":" ","USES":" ","MHCC_NOC":" ","DATE_":" ","NOC_FOR":" ","STRUCTURE":" ","FEATURE":" ","Q":"Y","HER_NUMBER_2":"223/253","HERITAGE_NAME":"READYMONEY MANSION"},"geometry":{"type":"Polygon","coordinates":[[[72.8327889283768,18.93195479747158],[72.83259694770082,18.932149469770998],[72.83283019240508,18.932139550345195],[72.8327889283768,18.93195479747158]]]}},{"type":"Feature","properties":{"layer":"DP_77","label":"Heritage building","confidence":"confirmed","HERITAGE_P":" ","GRADE":"I","VILLAGE":" ","VILLAGE_DI":" ","WARD":"A","REMARKS":" ","TYPE":" ","CREATED_US":" ","CREATED_DA":-2209161600000,"LAST_EDITE":" ","LAST_EDI_1":-2209161600000,"OWNERSHIP":" ","USES":" ","MHCC_NOC":" ","DATE_":" ","NOC_FOR":" ","STRUCTURE":" ","FEATURE":" ","Q":"Y","HER_NUMBER_2":"1/1(iii)","HERITAGE_NAME":"I.N.S. ANGRE (BOMBAY CASTLE & OTHER HISTORICAL/ASETHETICALLY IMPORTANT BUILDINGS AND FEATURES AT ANGRE) iii) MAIN GATE "},"geometry":{"type":"Polygon","coordinates":[[[72.83815502788087,18.93226066410876],[72.83812028250831,18.93220734052365],[72.83809768052929,18.932237181972912],[72.83815502788087,18.93226066410876]]]}},{"type":"Feature","properties":{"layer":"DP_77","label":"Heritage building","confidence":"confirmed","HERITAGE_P":" ","GRADE":"III","VILLAGE":"MALABAR HILL","VILLAGE_DI":"MALABAR HILL","WARD":"D","REMARKS":" ","TYPE":"Heritage","CREATED_US":" ","LAST_EDITE":" ","OWNERSHIP":" ","USES":" ","MHCC_NOC":" ","DATE_":" ","NOC_FOR":" ","STRUCTURE":" ","FEATURE":" ","Q":"Y","HER_NUMBER_2":"149/263","HERITAGE_NAME":"SHREE MAHAVIRA JAIN VIDYALAYA"},"geometry":{"type":"Polygon","coordinates":[[[72.81038425710773,18.963072384020936],[72.80988667153859,18.96310891777431],[72.80999819346759,18.9634791183264],[72.81038425710773,18.963072384020936]]]}},{"type":"Feature","properties":{"layer":"DP_77","label":"Heritage building","confidence":"confirmed","HERITAGE_P":" ","GRADE":"IIA","VILLAGE":" ","VILLAGE_DI":" ","WARD":"D","REMARKS":"ALSO LISTED IN NEW  AGIARY LIST AT SR NO 24( MODI SORABJI VATCHHA GANDHI AGIARY ( KADMI ADARIAN) )","TYPE":" ","CREATED_US":" ","CREATED_DA":-2209161600000,"LAST_EDITE":" ","LAST_EDI_1":-2209161600000,"OWNERSHIP":" ","USES":" ","MHCC_NOC":" ","DATE_":" ","NOC_FOR":" ","STRUCTURE":" ","FEATURE":" ","Q":"Y","HER_NUMBER_2":"84/468","HERITAGE_NAME":"MODI SORABJI VACCHA GANDHI AGIARY"},"geometry":{"type":"Polygon","coordinates":[[[72.81019697180237,18.959498592817205],[72.81056537987078,18.95933579110371],[72.81028859091228,18.958693320588324],[72.81019697180237,18.959498592817205]]]}},{"type":"Feature","properties":{"layer":"DP_77","label":"Heritage building","confidence":"confirmed","HERITAGE_P":"FOUNTAIN","GRADE":"IIA","VILLAGE":"FORT","VILLAGE_DI":"FORT","WARD":"A","REMARKS":" ","TYPE":"Heritage","CREATED_US":" ","LAST_EDITE":" ","OWNERSHIP":" ","USES":" ","MHCC_NOC":" ","DATE_":" ","NOC_FOR":" ","STRUCTURE":" ","FEATURE":" ","Q":"Y","HER_NUMBER_2":"76/87","HERITAGE_NAME":"BANDOOKWALA BLDG."},"geometry":{"type":"Polygon","coordinates":[[[72.83353367377913,18.929158699527378],[72.83362287438737,18.929014019768037],[72.83346568096222,18.92895227064772],[72.83353367377913,18.929158699527378]]]}},{"type":"Feature","properties":{"layer":"DP_77","label":"Heritage building","confidence":"confirmed","HERITAGE_P":" ","GRADE":"IIB","VILLAGE":"BANDRA-C","VILLAGE_DI":"BANDRA-C","WARD":"H/W","REMARKS":" ","TYPE":"Heritage","CREATED_US":" ","LAST_EDITE":" ","OWNERSHIP":" ","USES":" ","MHCC_NOC":" ","DATE_":" ","NOC_FOR":" ","STRUCTURE":" ","FEATURE":" ","Q":"Y","HER_NUMBER_2":"60/77","HERITAGE_NAME":" FRANKLYN HOUSE"},"geometry":{"type":"Polygon","coordinates":[[[72.82686942060533,19.062199037176427],[72.82686003300695,19.0620357358777],[72.82634092477605,19.062084949055972],[72.82638149871339,19.062354371047597],[72.82686942060533,19.062199037176427]]]}},{"type":"Feature","properties":{"layer":"DP_77","label":"Heritage building","confidence":"confirmed","HERITAGE_P":"MARINE DRIVE PRECINCT","GRADE":"IIB","VILLAGE":"GIRGAUM","VILLAGE_DI":"GIRGAUM","WARD":"D","REMARKS":" ","TYPE":"Heritage","CREATED_US":" ","LAST_EDITE":" ","OWNERSHIP":" ","USES":" ","MHCC_NOC":" ","DATE_":" ","NOC_FOR":" ","STRUCTURE":" ","FEATURE":" ","Q":"Y","HER_NUMBER_2":"97/497","HERITAGE_NAME":"GANDHI BUILDING"},"geometry":{"type":"Polygon","coordinates":[[[72.81309849128965,18.95620294256538],[72.81317679457985,18.95631949270595],[72.81325102191356,18.956183994261735],[72.81309849128965,18.95620294256538]]]}},{"type":"Feature","properties":{"layer":"DP_77","label":"Heritage building","confidence":"confirmed","HERITAGE_P":" ","GRADE":"III","VILLAGE":"BANDRA-F","VILLAGE_DI":"BANDRA-F","WARD":"H/W","REMARKS":" ","TYPE":"Heritage","CREATED_US":" ","LAST_EDITE":" ","OWNERSHIP":" ","USES":" ","MHCC_NOC":" ","DATE_":" ","NOC_FOR":" ","STRUCTURE":" ","FEATURE":" ","Q":"Y","HER_NUMBER_2":"81/100","HERITAGE_NAME":"SAMANT HOUSE"},"geometry":{"type":"Polygon","coordinates":[[[72.8360657935817,19.059925795536792],[72.83657216848893,19.05991378943438],[72.8362825982701,19.05972382749052],[72.8360657935817,19.059925795536792]]]}},{"type":"Feature","properties":{"layer":"DP_77","label":"Heritage building","confidence":"confirmed","HERITAGE_P":" ","GRADE":"III","VILLAGE":"MALABAR HILL","VILLAGE_DI":"MALABAR HILL","WARD":"D","REMARKS":" ","TYPE":"Heritage","CREATED_US":" ","LAST_EDITE":" ","OWNERSHIP":" ","USES":" ","MHCC_NOC":" ","DATE_":" ","NOC_FOR":" ","STRUCTURE":" ","FEATURE":" ","Q":"Y","HER_NUMBER_2":"150/266","HERITAGE_NAME":"PIROJSHAW BUILDING"},"geometry":{"type":"Polygon","coordinates":[[[72.81059605381235,18.963493754532248],[72.81076316668195,18.963681961526785],[72.8109443286756,18.963526300683586],[72.81078257102745,18.963331334906105],[72.81059605381235,18.963493754532248]]]}},{"type":"Feature","properties":{"layer":"DP_77","label":"Heritage building","confidence":"confirmed","HERITAGE_P":"M. L. DAHANUKAR PRECINCT","GRADE":"III","VILLAGE":"MALABAR HILL","VILLAGE_DI":"MALABAR HILL","WARD":"D","REMARKS":" ","TYPE":"Heritage","CREATED_US":" ","LAST_EDITE":" ","OWNERSHIP":" ","USES":" ","MHCC_NOC":" ","DATE_":" ","NOC_FOR":" ","STRUCTURE":" ","FEATURE":" ","Q":"Y","HER_NUMBER_2":"45/415","HERITAGE_NAME":"EDDIE HOUSE"},"geometry":{"type":"Polygon","coordinates":[[[72.80971645657107,18.97513219553029],[72.80918395070996,18.975072828806123],[72.80917399157445,18.975259415629285],[72.80964168664853,18.975427689649557],[72.80971645657107,18.97513219553029]]]}},{"type":"Feature","properties":{"layer":"DP_77","label":"Heritage building","confidence":"confirmed","HERITAGE_P":" ","GRADE":"III","VILLAGE":"BANDRA-C","VILLAGE_DI":"BANDRA-C","WARD":"H/W","REMARKS":" ","TYPE":"Heritage","CREATED_US":" ","LAST_EDITE":" ","OWNERSHIP":" ","USES":" ","MHCC_NOC":" ","DATE_":" ","NOC_FOR":" ","STRUCTURE":" ","FEATURE":" ","Q":"Y","HER_NUMBER_2":"30/042","HERITAGE_NAME":"ROLNETTE"},"geometry":{"type":"Polygon","coordinates":[[[72.82802042567184,19.058268153647628],[72.82818528514748,19.05806299174656],[72.82784528677229,19.05805185505433],[72.82802042567184,19.058268153647628]]]}},{"type":"Feature","properties":{"layer":"DP_77","label":"Heritage building","confidence":"confirmed","HERITAGE_P":" ","GRADE":"IIB","VILLAGE":"BHULESHWAR","VILLAGE_DI":"BHULESHWAR","WARD":"C","REMARKS":" ","TYPE":"Heritage","CREATED_US":" ","LAST_EDITE":" ","OWNERSHIP":" ","USES":" ","MHCC_NOC":" ","DATE_":" ","NOC_FOR":" ","STRUCTURE":" ","FEATURE":" ","Q":"Y","HER_NUMBER_2":"52/195","HERITAGE_NAME":"BABU PANNALAL HIGH SCHOOL"},"geometry":{"type":"Polygon","coordinates":[[[72.8316384985895,18.95256956304783],[72.83181384919575,18.952749633576158],[72.83187995558514,18.95260204667932],[72.8316384985895,18.95256956304783]]]}},{"type":"Feature","properties":{"layer":"DP_77","label":"Heritage building","confidence":"confirmed","HERITAGE_P":" ","GRADE":"IIA","VILLAGE":"ERANGAL","VILLAGE_DI":"ERANGAL","WARD":"P/N","REMARKS":" ","TYPE":" ","CREATED_US":" ","LAST_EDITE":" ","OWNERSHIP":" ","USES":" ","MHCC_NOC":" ","DATE_":" ","NOC_FOR":" ","STRUCTURE":" ","FEATURE":" ","Q":"Y","HER_NUMBER_2":"177/225","HERITAGE_NAME":"ST.BONAVENTURE CHURCH"},"geometry":{"type":"Polygon","coordinates":[[[72.78433641097861,19.162924562603205],[72.78414616339938,19.163193710844833],[72.78477124221673,19.163259647516877],[72.78433641097861,19.162924562603205]]]}},{"type":"Feature","properties":{"layer":"DP_77","label":"Heritage building","confidence":"confirmed","HERITAGE_P":"MAJESTIC","GRADE":"III","VILLAGE":"COLABA","VILLAGE_DI":"COLABA","WARD":"A","REMARKS":" ","TYPE":"Heritage","CREATED_US":" ","LAST_EDITE":" ","OWNERSHIP":" ","USES":" ","MHCC_NOC":" ","DATE_":" ","NOC_FOR":" ","STRUCTURE":" ","FEATURE":" ","Q":"Y","HER_NUMBER_2":"179/205","HERITAGE_NAME":"BUCKLEY COURT"},"geometry":{"type":"Polygon","coordinates":[[[72.82988305283158,18.922934683086982],[72.82989711880462,18.922644369746852],[72.82961817786752,18.922798928743887],[72.82971522429686,18.923051199179575],[72.82988305283158,18.922934683086982]]]}},{"type":"Feature","properties":{"layer":"DP_77","label":"Heritage building","confidence":"confirmed","HERITAGE_P":" ","GRADE":"IIB","VILLAGE":" ","VILLAGE_DI":" ","WARD":"D","REMARKS":" ","TYPE":" ","CREATED_US":" ","CREATED_DA":-2209161600000,"LAST_EDITE":" ","LAST_EDI_1":-2209161600000,"OWNERSHIP":" ","USES":" ","MHCC_NOC":" ","DATE_":" ","NOC_FOR":" ","STRUCTURE":" ","FEATURE":" ","Q":"Y","HER_NUMBER_2":"42/412","HERITAGE_NAME":"BELLAVISTA COMPLEX : GATE,BUNGLOW & KANCHANJUNGA APARTMENTS"},"geometry":{"type":"Polygon","coordinates":[[[72.80735127010176,18.96504422845264],[72.8074229029324,18.965146141642702],[72.80742679858446,18.965046516307286],[72.80735127010176,18.96504422845264]]]}},{"type":"Feature","properties":{"layer":"DP_77","label":"Heritage building","confidence":"confirmed","HERITAGE_P":" ","GRADE":"IIA","VILLAGE":"BYCULLA","VILLAGE_DI":"BYCULLA","WARD":"E","REMARKS":" ","TYPE":"Heritage","CREATED_US":" ","LAST_EDITE":" ","OWNERSHIP":" ","USES":" ","MHCC_NOC":" ","DATE_":" ","NOC_FOR":" ","STRUCTURE":" ","FEATURE":" ","Q":"Y","HER_NUMBER_2":"3/296","HERITAGE_NAME":"TRAFFIC INSTITUTE, BYCULLA"},"geometry":{"type":"Polygon","coordinates":[[[72.83229574768222,18.967779399348245],[72.83260964045617,18.967777550781634],[72.83242893978762,18.967220864151216],[72.83223007357284,18.967220603104327],[72.83229574768222,18.967779399348245]]]}},{"type":"Feature","properties":{"layer":"DP_77","label":"Heritage building","confidence":"confirmed","HERITAGE_P":" ","GRADE":"III","VILLAGE":" ","VILLAGE_DI":" ","WARD":"A","REMARKS":" ","TYPE":" ","CREATED_US":" ","CREATED_DA":-2209161600000,"LAST_EDITE":" ","LAST_EDI_1":-2209161600000,"OWNERSHIP":" ","USES":" ","MHCC_NOC":" ","DATE_":" ","NOC_FOR":" ","STRUCTURE":" ","FEATURE":" ","Q":"Y","HER_NUMBER_2":"197/224","HERITAGE_NAME":"KUVAR HOUSE"},"geometry":{"type":"Polygon","coordinates":[[[72.82484394053539,18.915160238359853],[72.8251016807344,18.915154219456586],[72.82483562724761,18.914987486590203],[72.82484394053539,18.915160238359853]]]}},{"type":"Feature","properties":{"layer":"DP_77","label":"Heritage building","confidence":"confirmed","HERITAGE_P":" ","GRADE":"IIB","VILLAGE":"BHULESHWAR","VILLAGE_DI":"BHULESHWAR","WARD":"C","REMARKS":" ","TYPE":"Heritage","CREATED_US":" ","LAST_EDITE":" ","OWNERSHIP":" ","USES":" ","MHCC_NOC":" ","DATE_":" ","NOC_FOR":" ","STRUCTURE":" ","FEATURE":" ","Q":"Y","HER_NUMBER_2":"293","HERITAGE_NAME":"KRISHNA PERNAMI MANDIR"},"geometry":{"type":"Polygon","coordinates":[[[72.82834871959878,18.952982514726365],[72.82835114168543,18.95314544019215],[72.828453364048,18.953153402602464],[72.82834871959878,18.952982514726365]]]}},{"type":"Feature","properties":{"layer":"DP_77","label":"Heritage building","confidence":"confirmed","HERITAGE_P":" ","GRADE":"II","VILLAGE":"BANDRA-E","VILLAGE_DI":"BANDRA-E","WARD":"H/W","REMARKS":" ","TYPE":"Heritage","CREATED_US":" ","LAST_EDITE":" ","OWNERSHIP":" ","USES":" ","MHCC_NOC":" ","DATE_":" ","NOC_FOR":" ","STRUCTURE":" ","FEATURE":" ","Q":"Y","HER_NUMBER_2":"624","HERITAGE_NAME":"CHITRAKAR DHURANDHAR MARG"},"geometry":{"type":"Polygon","coordinates":[[[72.8335060138448,19.071714083933863],[72.83307862453749,19.071733911410988],[72.83309106080743,19.072070266175444],[72.83395667855349,19.071470121836917],[72.8335060138448,19.071714083933863]]]}},{"type":"Feature","properties":{"layer":"DP_77","label":"Heritage building","confidence":"confirmed","HERITAGE_P":" ","GRADE":"III","VILLAGE":"MAZAGAON","VILLAGE_DI":"MAZAGAON","WARD":"E","REMARKS":" ","TYPE":"Heritage","CREATED_US":" ","LAST_EDITE":" ","OWNERSHIP":" ","USES":" ","MHCC_NOC":" ","DATE_":" ","NOC_FOR":" ","STRUCTURE":" ","FEATURE":" ","Q":"Y","HER_NUMBER_2":"91","HERITAGE_NAME":"NESBIT HOUSE"},"geometry":{"type":"Polygon","coordinates":[[[72.83866100748608,18.969530102030312],[72.8389183609661,18.969557669829875],[72.83894154199707,18.969972438789153],[72.83923127287585,18.969926897445657],[72.83909863875434,18.968962207607635],[72.83872746009546,18.96894985944069],[72.83866100748608,18.969530102030312]]]}},{"type":"Feature","properties":{"layer":"DP_77","label":"Heritage building","confidence":"confirmed","HERITAGE_P":" ","GRADE":"IIB","VILLAGE":"SAAI","VILLAGE_DI":"SAAI","WARD":"T","REMARKS":" ","TYPE":"Heritage","CREATED_US":" ","LAST_EDITE":" ","OWNERSHIP":" ","USES":" ","MHCC_NOC":" ","DATE_":" ","NOC_FOR":" ","STRUCTURE":" ","FEATURE":" ","Q":"Y","HER_NUMBER_2":"44/47","HERITAGE_NAME":"VIHAR INFO STONE"},"geometry":{"type":"Polygon","coordinates":[[[72.89936177847419,19.140574101984026],[72.89949643961774,19.14057564114882],[72.89948875882054,19.140473154501937],[72.89936177847419,19.140574101984026]]]}},{"type":"Feature","properties":{"layer":"DP_77","label":"Heritage building","confidence":"confirmed","HERITAGE_P":"B M C","GRADE":"I","VILLAGE":"FORT","VILLAGE_DI":"FORT","WARD":"A","REMARKS":" ","TYPE":"Heritage","CREATED_US":" ","LAST_EDITE":" ","OWNERSHIP":" ","USES":" ","MHCC_NOC":" ","DATE_":" ","NOC_FOR":" ","STRUCTURE":" ","FEATURE":" ","Q":"Y","HER_NUMBER_2":"137/157","HERITAGE_NAME":"MUNICIPAL CORPORATION OF GREATER MUMBAI (MCGM)"},"geometry":{"type":"Polygon","coordinates":[[[72.83448508494325,18.940267082662608],[72.83382400102177,18.940597145074346],[72.8340507688867,18.941054120205578],[72.8345859546359,18.941123853526918],[72.834612204367,18.940130063837167],[72.83448508494325,18.940267082662608]]]}},{"type":"Feature","properties":{"layer":"DP_77","label":"Heritage building","confidence":"confirmed","HERITAGE_P":" ","GRADE":"IIA","VILLAGE":" ","VILLAGE_DI":" ","WARD":"E","REMARKS":" ","TYPE":" ","CREATED_US":" ","CREATED_DA":-2209161600000,"LAST_EDITE":" ","LAST_EDI_1":-2209161600000,"OWNERSHIP":" ","USES":" ","MHCC_NOC":" ","DATE_":" ","NOC_FOR":" ","STRUCTURE":" ","FEATURE":" ","Q":"Y","HER_NUMBER_2":"62/353","HERITAGE_NAME":"CHINCHPOKLI JEWISH CEMETERY"},"geometry":{"type":"Polygon","coordinates":[[[72.83261885744905,18.985999511350037],[72.83270673883658,18.984466817631873],[72.8321539778325,18.98420348654061],[72.83199465137244,18.98546043278688],[72.83261885744905,18.985999511350037]]]}},{"type":"Feature","properties":{"layer":"DP_77","label":"Heritage building","confidence":"confirmed","HERITAGE_P":" ","GRADE":"III","VILLAGE":" ","VILLAGE_DI":" ","WARD":"D","REMARKS":"AS PER  NEW AGIARY LIST AT SR NO. 26","TYPE":" ","CREATED_US":" ","CREATED_DA":-2209161600000,"LAST_EDITE":" ","LAST_EDI_1":-2209161600000,"OWNERSHIP":" ","USES":" ","MHCC_NOC":" ","DATE_":" ","NOC_FOR":" ","STRUCTURE":" ","FEATURE":" ","Q":"Y","HER_NUMBER_2":" ","HERITAGE_NAME":"BAI SOONABAI HIRJI JEEVANJI READYMONEY ( SOONAIJI)  AGIARY ( ADARIAN)"},"geometry":{"type":"Polygon","coordinates":[[[72.81074325797731,18.963964323694505],[72.8110052673502,18.96359166907645],[72.81062262670571,18.963800324879937],[72.81074325797731,18.963964323694505]]]}},{"type":"Feature","properties":{"layer":"DP_77","label":"Heritage building","confidence":"confirmed","HERITAGE_P":" ","GRADE":"III","VILLAGE":"MATUNGA","VILLAGE_DI":"MATUNGA","WARD":"F/N","REMARKS":" ","TYPE":" ","CREATED_US":" ","LAST_EDITE":" ","OWNERSHIP":" ","USES":" ","MHCC_NOC":" ","DATE_":" ","NOC_FOR":" ","STRUCTURE":" ","FEATURE":" ","Q":"Y","HER_NUMBER_2":"22/449","HERITAGE_NAME":"726,PHERMARJEE BUILDING NO.5"},"geometry":{"type":"Polygon","coordinates":[[[72.85074945826958,19.018290521177555],[72.85105345524309,19.018333214301716],[72.85094702886114,19.0180637445035],[72.85074945826958,19.018290521177555]]]}},{"type":"Feature","properties":{"layer":"DP_77","label":"Heritage building","confidence":"confirmed","HERITAGE_P":" ","GRADE":"IIA","VILLAGE":"BANDRA-C","VILLAGE_DI":"BANDRA-C","WARD":"H/W","REMARKS":" ","TYPE":"Heritage","CREATED_US":" ","LAST_EDITE":" ","OWNERSHIP":" ","USES":" ","MHCC_NOC":" ","DATE_":" ","NOC_FOR":" ","STRUCTURE":" ","FEATURE":" ","Q":"Y","HER_NUMBER_2":"73/090","HERITAGE_NAME":"ST. ANNES CHURCH"},"geometry":{"type":"Polygon","coordinates":[[[72.82637524230992,19.064604772532736],[72.82684940455962,19.064384207170686],[72.82613092685341,19.063762907558644],[72.825929587299,19.064425614604257],[72.82637524230992,19.064604772532736]]]}},{"type":"Feature","properties":{"layer":"DP_77","label":"Heritage building","confidence":"confirmed","HERITAGE_P":" ","GRADE":"IIB","VILLAGE":"BANDRA-F","VILLAGE_DI":"BANDRA-F","WARD":"H/W","REMARKS":" ","TYPE":"Heritage","CREATED_US":" ","LAST_EDITE":" ","OWNERSHIP":" ","USES":" ","MHCC_NOC":" ","DATE_":" ","NOC_FOR":" ","STRUCTURE":" ","FEATURE":" ","Q":"Y","HER_NUMBER_2":"24/035","HERITAGE_NAME":"PETIT BANDRA MUNCIPAL SCHOOL/ COMMUNITIES DEVELOPMENT TRUST"},"geometry":{"type":"Polygon","coordinates":[[[72.83405240188132,19.05715591021958],[72.83479396477948,19.05721518329982],[72.83483256333594,19.05647491197235],[72.834211561086,19.056421305606644],[72.83405240188132,19.05715591021958]]]}},{"type":"Feature","properties":{"layer":"DP_77","label":"Heritage building","confidence":"confirmed","HERITAGE_P":" ","GRADE":"III","VILLAGE":"LOWER PAREL","VILLAGE_DI":"LOWER PAREL","WARD":"G/S","REMARKS":" ","TYPE":"Heritage","CREATED_US":" ","LAST_EDITE":" ","OWNERSHIP":" ","USES":" ","MHCC_NOC":" ","DATE_":" ","NOC_FOR":" ","STRUCTURE":" ","FEATURE":" ","Q":"Y","HER_NUMBER_2":"6/567","HERITAGE_NAME":"CENTRAL JAIL PREMISES"},"geometry":{"type":"Polygon","coordinates":[[[72.82818813451736,18.982816245236087],[72.82777525633887,18.982332881262277],[72.82678508095364,18.983022513396236],[72.82847392735938,18.984927438514415],[72.82931466396882,18.984206744255157],[72.82818813451736,18.982816245236087]]]}},{"type":"Feature","properties":{"layer":"DP_77","label":"Heritage building","confidence":"confirmed","HERITAGE_P":" ","GRADE":"III","VILLAGE":"FORT","VILLAGE_DI":"FORT","WARD":"A","REMARKS":" ","TYPE":"Heritage","CREATED_US":" ","LAST_EDITE":" ","OWNERSHIP":" ","USES":" ","MHCC_NOC":" ","DATE_":" ","NOC_FOR":" ","STRUCTURE":" ","FEATURE":" ","Q":"Y","HER_NUMBER_2":"252/17","HERITAGE_NAME":"COMMONWEALTH BUILDING"},"geometry":{"type":"Polygon","coordinates":[[[72.82269467742863,18.929270775979756],[72.82298181141648,18.9297417177165],[72.82325840515306,18.92942096249591],[72.82306552557765,18.92904597283917],[72.82269467742863,18.929270775979756]]]}},{"type":"Feature","properties":{"layer":"DP_77","label":"Heritage building","confidence":"confirmed","HERITAGE_P":" ","GRADE":"III","VILLAGE":"FORT","VILLAGE_DI":" ","WARD":"A","REMARKS":" ","TYPE":"Heritage","CREATED_US":" ","LAST_EDITE":" ","OWNERSHIP":" ","USES":" ","MHCC_NOC":" ","DATE_":" ","NOC_FOR":" ","STRUCTURE":" ","FEATURE":" ","Q":"Y","HER_NUMBER_2":"260/27","HERITAGE_NAME":"SEKSERIA"},"geometry":{"type":"Polygon","coordinates":[[[72.82393586556236,18.94140698269315],[72.82423459840524,18.9415918308843],[72.8244230274642,18.941240959001544],[72.82407098316243,18.941142715695467],[72.82393586556236,18.94140698269315]]]}},{"type":"Feature","properties":{"layer":"DP_77","label":"Heritage building","confidence":"confirmed","HERITAGE_P":" ","GRADE":"III","VILLAGE":"BANDRA-H","VILLAGE_DI":"BANDRA-H","WARD":"H/W","REMARKS":" ","TYPE":"Heritage","CREATED_US":" ","LAST_EDITE":" ","OWNERSHIP":" ","USES":" ","MHCC_NOC":" ","DATE_":" ","NOC_FOR":" ","STRUCTURE":" ","FEATURE":" ","Q":"Y","HER_NUMBER_2":"106/127","HERITAGE_NAME":"VILLA LEOCADIA"},"geometry":{"type":"Polygon","coordinates":[[[72.8397617918835,19.07583524228074],[72.83950761916599,19.07606429581931],[72.83980372310903,19.07605516816685],[72.8397617918835,19.07583524228074]]]}},{"type":"Feature","properties":{"layer":"DP_77","label":"Heritage building","confidence":"confirmed","HERITAGE_P":" ","GRADE":"IIB","VILLAGE":"BANDRA-C","VILLAGE_DI":"BANDRA-C","WARD":"H/W","REMARKS":" ","TYPE":"Heritage","CREATED_US":" ","LAST_EDITE":" ","OWNERSHIP":" ","USES":" ","MHCC_NOC":" ","DATE_":" ","NOC_FOR":" ","STRUCTURE":" ","FEATURE":" ","Q":"Y","HER_NUMBER_2":"75/092","HERITAGE_NAME":"OCEAN SIDE"},"geometry":{"type":"Polygon","coordinates":[[[72.82296937923105,19.068566723492605],[72.82332413889326,19.068396339408622],[72.82285398645648,19.068416719161803],[72.82296937923105,19.068566723492605]]]}},{"type":"Feature","properties":{"layer":"DP_77","label":"Heritage building","confidence":"confirmed","HERITAGE_P":"GATEWAY","GRADE":"III","VILLAGE":"COLABA","VILLAGE_DI":"COLABA","WARD":"A","REMARKS":" ","TYPE":"Heritage","CREATED_US":" ","LAST_EDITE":" ","OWNERSHIP":" ","USES":" ","MHCC_NOC":" ","DATE_":" ","NOC_FOR":" ","STRUCTURE":" ","FEATURE":" ","Q":"Y","HER_NUMBER_2":"163/185(d)","HERITAGE_NAME":"BUILDINGS ON SHREE BOMAN CAWASJI BOMAN BEHRAM MARG (FORMERLY KNOWN AS MEREWEATHER ROAD) WITH SPECIAL FOCUS ON d) CHURCHIL CHAMBERS"},"geometry":{"type":"Polygon","coordinates":[[[72.83192717329932,18.920966849948083],[72.83186133868212,18.921229368998038],[72.83209481018147,18.921185521671585],[72.83192717329932,18.920966849948083]]]}},{"type":"Feature","properties":{"layer":"DP_77","label":"Heritage building","confidence":"confirmed","HERITAGE_P":" ","GRADE":"III","VILLAGE":"MALABAR HILL","VILLAGE_DI":"MALABAR HILL","WARD":"D","REMARKS":" ","TYPE":"Heritage","CREATED_US":" ","LAST_EDITE":" ","OWNERSHIP":" ","USES":" ","MHCC_NOC":" ","DATE_":" ","NOC_FOR":" ","STRUCTURE":" ","FEATURE":" ","Q":"Y","HER_NUMBER_2":"26/389","HERITAGE_NAME":"VARSH"},"geometry":{"type":"Polygon","coordinates":[[[72.79986977624547,18.9534211080685],[72.80042199725864,18.95292723485021],[72.79996953601956,18.952390654145407],[72.79934422547684,18.952890111789213],[72.79986977624547,18.9534211080685]]]}},{"type":"Feature","properties":{"layer":"DP_77","label":"Heritage building","confidence":"confirmed","HERITAGE_P":" ","GRADE":"I","VILLAGE":"BANDRA-C","VILLAGE_DI":"BANDRA-C","WARD":"H/W","REMARKS":" ","TYPE":"Heritage","CREATED_US":" ","LAST_EDITE":" ","OWNERSHIP":" ","USES":" ","MHCC_NOC":" ","DATE_":" ","NOC_FOR":" ","STRUCTURE":" ","FEATURE":" ","Q":"Y","HER_NUMBER_2":"578","HERITAGE_NAME":"CROSSES ON CROSS ROADS"},"geometry":{"type":"Polygon","coordinates":[[[72.8228408732857,19.067345083175137],[72.8228584981843,19.067304186409217],[72.82281343813862,19.067290270921156],[72.82279581228147,19.067331167670627],[72.8228408732857,19.067345083175137]]]}},{"type":"Feature","properties":{"layer":"DP_77","label":"Heritage building","confidence":"confirmed","HERITAGE_P":" ","GRADE":"IIB","VILLAGE":"BANDRA-C","VILLAGE_DI":"BANDRA-C","WARD":"H/W","REMARKS":" ","TYPE":"Heritage","CREATED_US":" ","LAST_EDITE":" ","OWNERSHIP":" ","USES":" ","MHCC_NOC":" ","DATE_":" ","NOC_FOR":" ","STRUCTURE":" ","FEATURE":" ","Q":"Y","HER_NUMBER_2":"586","HERITAGE_NAME":"WESTERN RAILWAY PALI HILL ESTATE"},"geometry":{"type":"Polygon","coordinates":[[[72.82361451515916,19.065055265946416],[72.82352472640808,19.064898015028326],[72.82346170706441,19.065029847781847],[72.82361451515916,19.065055265946416]]]}},{"type":"Feature","properties":{"layer":"DP_77","label":"Heritage building","confidence":"confirmed","HERITAGE_P":"MARINE DRIVE PRECINCT","GRADE":"III","VILLAGE":"GIRGAUM","VILLAGE_DI":"GIRGAUM","WARD":"D","REMARKS":" ","TYPE":"Heritage","CREATED_US":" ","LAST_EDITE":" ","OWNERSHIP":" ","USES":" ","MHCC_NOC":" ","DATE_":" ","NOC_FOR":" ","STRUCTURE":" ","FEATURE":" ","Q":"Y","HER_NUMBER_2":"109/514","HERITAGE_NAME":"BLDG. NO. 27C/DU ART HOUSE"},"geometry":{"type":"Polygon","coordinates":[[[72.82106466742847,18.95607120477728],[72.82086809851027,18.956203594373473],[72.82114514028231,18.95616223171741],[72.82106466742847,18.95607120477728]]]}},{"type":"Feature","properties":{"layer":"DP_77","label":"Heritage building","confidence":"confirmed","HERITAGE_P":" ","GRADE":"III","VILLAGE":"BHULESHWAR","VILLAGE_DI":"BHULESHWAR","WARD":"C","REMARKS":" ","TYPE":"Heritage","CREATED_US":" ","LAST_EDITE":" ","OWNERSHIP":" ","USES":" ","MHCC_NOC":" ","DATE_":" ","NOC_FOR":" ","STRUCTURE":" ","FEATURE":" ","Q":"Y","HER_NUMBER_2":"357","HERITAGE_NAME":"VALLABHDAS KANJI BUILDING"},"geometry":{"type":"Polygon","coordinates":[[[72.82937260836704,18.94621956201235],[72.82950919842283,18.946140358597077],[72.8294077974147,18.946068033318262],[72.82937260836704,18.94621956201235]]]}},{"type":"Feature","properties":{"layer":"DP_77","label":"Heritage building","confidence":"confirmed","HERITAGE_P":" ","GRADE":"IIA","VILLAGE":" ","VILLAGE_DI":" ","WARD":"D","REMARKS":"AS PER NEW AGIARY LIST AT SR. NO. 35","TYPE":" ","CREATED_US":" ","CREATED_DA":-2209161600000,"LAST_EDITE":" ","LAST_EDI_1":-2209161600000,"OWNERSHIP":" ","USES":" ","MHCC_NOC":" ","DATE_":" ","NOC_FOR":" ","STRUCTURE":" ","FEATURE":" ","Q":"Y","HER_NUMBER_2":" ","HERITAGE_NAME":"SETH BEHRAMJI CAWASJI BATLIWALA AGIARY (ADARIAN)"},"geometry":{"type":"Polygon","coordinates":[[[72.81420690010442,18.970050679118025],[72.81494044981366,18.970133661523004],[72.81496421234155,18.96977806332126],[72.81435640271405,18.969708102543265],[72.81420690010442,18.970050679118025]]]}},{"type":"Feature","properties":{"layer":"DP_77","label":"Heritage building","confidence":"confirmed","HERITAGE_P":" ","GRADE":"III","VILLAGE":"MAHIM","VILLAGE_DI":"MAHIM","WARD":"G/N","REMARKS":" ","TYPE":"Heritage","CREATED_US":" ","LAST_EDITE":" ","OWNERSHIP":" ","USES":" ","MHCC_NOC":" ","DATE_":" ","NOC_FOR":" ","STRUCTURE":" ","FEATURE":" ","Q":"Y","HER_NUMBER_2":"21/549","HERITAGE_NAME":"FERRIERA MANSION"},"geometry":{"type":"Polygon","coordinates":[[[72.84587542638583,19.035300477290576],[72.84585903712913,19.035543200407766],[72.84671403806976,19.035541704339344],[72.84673457148746,19.035335032383976],[72.84587542638583,19.035300477290576]]]}},{"type":"Feature","properties":{"layer":"DP_77","label":"Heritage building","confidence":"confirmed","HERITAGE_P":" ","GRADE":"IIA","VILLAGE":" ","VILLAGE_DI":" ","WARD":"A","REMARKS":" ","TYPE":" ","CREATED_US":" ","CREATED_DA":-2209161600000,"LAST_EDITE":" ","LAST_EDI_1":-2209161600000,"OWNERSHIP":" ","USES":" ","MHCC_NOC":" ","DATE_":" ","NOC_FOR":" ","STRUCTURE":" ","FEATURE":" ","Q":"Y","HER_NUMBER_2":"2/2(xvii)","HERITAGE_NAME":"NAVAL DOCKYARD (FROM  LION GATE TO OLD CUSTOM HOUSE WITH CLOCK TOWER OPP. GREAT WESTERN BUILDING) xvii) CENTER NO.17, RIGGING SHOP, FENDER WORKS MOD AND HP DEPT."},"geometry":{"type":"Polygon","coordinates":[[[72.83541999711842,18.926575019530617],[72.83555723029515,18.92665496329189],[72.83562189166291,18.92655125975928],[72.83541999711842,18.926575019530617]]]}},{"type":"Feature","properties":{"layer":"DP_77","label":"Heritage building","confidence":"confirmed","HERITAGE_P":" ","GRADE":"III","VILLAGE":"MANDVI","VILLAGE_DI":"MANDVI","WARD":"B","REMARKS":" ","TYPE":"Heritage","CREATED_US":" ","LAST_EDITE":" ","OWNERSHIP":" ","USES":" ","MHCC_NOC":" ","DATE_":" ","NOC_FOR":" ","STRUCTURE":" ","FEATURE":" ","Q":"Y","HER_NUMBER_2":"B-20","HERITAGE_NAME":"LUCKY BUILDING."},"geometry":{"type":"Polygon","coordinates":[[[72.83882882587929,18.96012403624621],[72.83901961191658,18.96033537605299],[72.83903096363804,18.96013599595671],[72.83882882587929,18.96012403624621]]]}},{"type":"Feature","properties":{"layer":"DP_77","label":"Heritage building","confidence":"confirmed","HERITAGE_P":" ","GRADE":"III","VILLAGE":"BHULESHWAR","VILLAGE_DI":"BHULESHWAR","WARD":"C","REMARKS":" ","TYPE":" ","CREATED_US":" ","LAST_EDITE":" ","OWNERSHIP":" ","USES":" ","MHCC_NOC":" ","DATE_":" ","NOC_FOR":" ","STRUCTURE":" ","FEATURE":" ","Q":"Y","HER_NUMBER_2":"329 & 28/174","HERITAGE_NAME":"BHANGWADI &HATTI BUILDING ( 446,KALBADEVI ROAD)"},"geometry":{"type":"Polygon","coordinates":[[[72.82881359321888,18.946845721456082],[72.82890461020514,18.946650065993065],[72.82879638422719,18.946632455702527],[72.82881359321888,18.946845721456082]]]}},{"type":"Feature","properties":{"layer":"DP_77","label":"Heritage building","confidence":"confirmed","HERITAGE_P":" ","GRADE":"III","VILLAGE":"BHULESHWAR","VILLAGE_DI":"BHULESHWAR","WARD":"C","REMARKS":" ","TYPE":"Heritage","CREATED_US":" ","LAST_EDITE":" ","OWNERSHIP":" ","USES":" ","MHCC_NOC":" ","DATE_":" ","NOC_FOR":" ","STRUCTURE":" ","FEATURE":" ","Q":"Y","HER_NUMBER_2":"31/176","HERITAGE_NAME":"KILACHAND MANSION"},"geometry":{"type":"Polygon","coordinates":[[[72.82853273796799,18.950473402295973],[72.82873235079352,18.950392904088243],[72.82852948655274,18.950296479211914],[72.82853273796799,18.950473402295973]]]}},{"type":"Feature","properties":{"layer":"DP_77","label":"Heritage building","confidence":"confirmed","HERITAGE_P":" ","GRADE":"IIA","VILLAGE":" ","VILLAGE_DI":" ","WARD":"M","REMARKS":" ","TYPE":" ","CREATED_US":" ","CREATED_DA":-2209161600000,"LAST_EDITE":" ","LAST_EDI_1":-2209161600000,"OWNERSHIP":" ","USES":" ","MHCC_NOC":" ","DATE_":" ","NOC_FOR":" ","STRUCTURE":" ","FEATURE":" ","Q":"Y","HER_NUMBER_2":"2","HERITAGE_NAME":"DEULWADI (Only 4 temples and their curtilage including Deepstambha."},"geometry":{"type":"Polygon","coordinates":[[[72.89808666654461,19.061218582358702],[72.8979144523727,19.060956004016138],[72.89763698845235,19.06099071315591],[72.89777086543725,19.061306873633242],[72.89808666654461,19.061218582358702]]]}},{"type":"Feature","properties":{"layer":"DP_77","label":"Heritage building","confidence":"confirmed","HERITAGE_P":" ","GRADE":"III","VILLAGE":"VILE PARLE","VILLAGE_DI":"VILE PARLE","WARD":"K/E","REMARKS":" ","TYPE":"Heritage","CREATED_US":" ","LAST_EDITE":" ","OWNERSHIP":" ","USES":" ","MHCC_NOC":" ","DATE_":" ","NOC_FOR":" ","STRUCTURE":" ","FEATURE":" ","Q":"Y","HER_NUMBER_2":"204/258","HERITAGE_NAME":"SHRI RAM SAI NIWAS"},"geometry":{"type":"Polygon","coordinates":[[[72.84775767465075,19.100011045359302],[72.84801244663434,19.09978543060681],[72.84776918411757,19.099778555763226],[72.84775767465075,19.100011045359302]]]}},{"type":"Feature","properties":{"layer":"DP_77","label":"Heritage building","confidence":"confirmed","HERITAGE_P":"NA","GRADE":"IIA","VILLAGE":"MAHIM","VILLAGE_DI":"MAHIM","WARD":"G/N","REMARKS":" ","TYPE":"Heritage","CREATED_US":" ","LAST_EDITE":" ","OWNERSHIP":"Trust  (Dadar KabutarkhanaTrust)","USES":"Open Space","MHCC_NOC":" ","DATE_":"1930","NOC_FOR":" ","STRUCTURE":" ","FEATURE":"Ornamental Cast Iron Fountain","Q":"Y","HER_NUMBER_2":"4/554","HERITAGE_NAME":"KABUTARKHANA &CAST IRON FOUNTAIN"},"geometry":{"type":"Polygon","coordinates":[[[72.84049183044196,19.018821870988827],[72.84042926543937,19.018999693932006],[72.84054133313415,19.018994093829868],[72.84049183044196,19.018821870988827]]]}},{"type":"Feature","properties":{"layer":"DP_77","label":"Heritage building","confidence":"confirmed","HERITAGE_P":"ESPLANDE","GRADE":"IIA","VILLAGE":"FORT","VILLAGE_DI":"FORT","WARD":"A","REMARKS":" ","TYPE":"Heritage","CREATED_US":" ","LAST_EDITE":" ","OWNERSHIP":" ","USES":" ","MHCC_NOC":" ","DATE_":" ","NOC_FOR":" ","STRUCTURE":" ","FEATURE":" ","Q":"Y","HER_NUMBER_2":"113/131","HERITAGE_NAME":"FREEMASONS HALL"},"geometry":{"type":"Polygon","coordinates":[[[72.83297033320152,18.93807627344906],[72.83340072328762,18.938368321923914],[72.83349870803526,18.938220643622085],[72.83297033320152,18.93807627344906]]]}},{"type":"Feature","properties":{"layer":"DP_77","label":"Heritage building","confidence":"confirmed","HERITAGE_P":"GATEWAY","GRADE":"IIA","VILLAGE":"FORT","VILLAGE_DI":"FORT","WARD":"A","REMARKS":" ","TYPE":"Heritage","CREATED_US":" ","LAST_EDITE":" ","OWNERSHIP":" ","USES":" ","MHCC_NOC":" ","DATE_":" ","NOC_FOR":" ","STRUCTURE":" ","FEATURE":" ","Q":"Y","HER_NUMBER_2":"78/90","HERITAGE_NAME":"OFFICES OF DEPT. OF ATOMIC ENERGY ( YACHT CLUB)"},"geometry":{"type":"Polygon","coordinates":[[[72.833701176407,18.923824587444784],[72.83439384703539,18.92442707675324],[72.83508662604169,18.923758995458293],[72.8343553157313,18.9232163650244],[72.833701176407,18.923824587444784]]]}},{"type":"Feature","properties":{"layer":"DP_77","label":"Heritage building","confidence":"confirmed","HERITAGE_P":" ","GRADE":"IIA","VILLAGE":"BHULESHWAR","VILLAGE_DI":"BHULESHWAR","WARD":"C","REMARKS":" ","TYPE":"Heritage","CREATED_US":" ","LAST_EDITE":" ","OWNERSHIP":" ","USES":" ","MHCC_NOC":" ","DATE_":" ","NOC_FOR":" ","STRUCTURE":" ","FEATURE":" ","Q":"Y","HER_NUMBER_2":"309","HERITAGE_NAME":"RAMJI CAWASJI INSTITUTE (OLD WELINGTON THEATRE)"},"geometry":{"type":"Polygon","coordinates":[[[72.82851162873318,18.94395704995279],[72.82885983637478,18.943418740474854],[72.82858452638891,18.94323489780175],[72.82833146168393,18.943623599973517],[72.82851162873318,18.94395704995279]]]}},{"type":"Feature","properties":{"layer":"DP_77","label":"Heritage building","confidence":"confirmed","HERITAGE_P":" ","GRADE":" IIA","VILLAGE":" ","VILLAGE_DI":" ","WARD":"D","REMARKS":"CHE/33410/DP DT.23.02.2017","TYPE":" ","CREATED_US":" ","CREATED_DA":-2209161600000,"LAST_EDITE":" ","LAST_EDI_1":-2209161600000,"OWNERSHIP":" ","USES":" ","MHCC_NOC":" ","DATE_":" ","NOC_FOR":" ","STRUCTURE":" ","FEATURE":" ","Q":"Y","HER_NUMBER_2":"96/495","HERITAGE_NAME":"PRINCESS TRIUMPHAL ARCH"},"geometry":{"type":"Polygon","coordinates":[[[72.8086277046258,18.976917051048474],[72.80863854135598,18.976990448857684],[72.8086642063227,18.97697761857713],[72.8086277046258,18.976917051048474]]]}},{"type":"Feature","properties":{"layer":"DP_77","label":"Heritage building","confidence":"confirmed","HERITAGE_P":" ","GRADE":"IIB","VILLAGE":" ","VILLAGE_DI":" ","WARD":"E","REMARKS":" ","TYPE":" ","CREATED_US":" ","CREATED_DA":-2209161600000,"LAST_EDITE":" ","LAST_EDI_1":-2209161600000,"OWNERSHIP":" ","USES":" ","MHCC_NOC":" ","DATE_":" ","NOC_FOR":" ","STRUCTURE":" ","FEATURE":" ","Q":"Y","HER_NUMBER_2":"61/352","HERITAGE_NAME":"KASTURBAHOSPITAL PREMISES"},"geometry":{"type":"Polygon","coordinates":[[[72.83086353158163,18.98540690972981],[72.83167597616028,18.98519205554444],[72.8318685623861,18.982987505312643],[72.83105443554318,18.982956128407515],[72.83064759098457,18.982225403713922],[72.82969878595964,18.982401549779784],[72.82943514535913,18.982069709848854],[72.8289256666378,18.982311419112854],[72.82865297010291,18.983024001765006],[72.83086353158163,18.98540690972981]]]}},{"type":"Feature","properties":{"layer":"DP_77","label":"Heritage building","confidence":"confirmed","HERITAGE_P":"GATEWAY","GRADE":"III","VILLAGE":"COLABA","VILLAGE_DI":"COLABA","WARD":"A","REMARKS":" ","TYPE":"Heritage","CREATED_US":" ","LAST_EDITE":" ","OWNERSHIP":" ","USES":" ","MHCC_NOC":" ","DATE_":" ","NOC_FOR":" ","STRUCTURE":" ","FEATURE":" ","Q":"Y","HER_NUMBER_2":"163/185(k)","HERITAGE_NAME":"BUILDINGS ON SHREE BOMAN CAWASJI BOMAN BEHRAM MARG (FORMERLY KNOWN AS MEREWEATHER ROAD) WITH SPECIAL FOCUS ON k) DEVIDAS MANSION (4, MEREWEATHER ROAD)"},"geometry":{"type":"Polygon","coordinates":[[[72.83236270451926,18.922880840213143],[72.83249536627795,18.923179981267168],[72.8328824921816,18.923057272943506],[72.83279915291855,18.922704622623577],[72.83227379578848,18.922721653087113],[72.83236270451926,18.922880840213143]]]}},{"type":"Feature","properties":{"layer":"DP_77","label":"Heritage building","confidence":"confirmed","HERITAGE_P":" ","GRADE":"IIA","VILLAGE":" ","VILLAGE_DI":" ","WARD":"D","REMARKS":"AS PER NEW AGIARY LIST AT SR NO. 34","TYPE":" ","CREATED_US":" ","CREATED_DA":-2209161600000,"LAST_EDITE":" ","LAST_EDI_1":-2209161600000,"OWNERSHIP":" ","USES":" ","MHCC_NOC":" ","DATE_":" ","NOC_FOR":" ","STRUCTURE":" ","FEATURE":" ","Q":"Y","HER_NUMBER_2":" ","HERITAGE_NAME":"SETH SHAPURJI SHORABJI KAPPAWALA AGIARY ( ADARIAN)"},"geometry":{"type":"Polygon","coordinates":[[[72.81565800688416,18.97190472335812],[72.81585457217659,18.971714745705153],[72.81553412242282,18.971649387153384],[72.81565800688416,18.97190472335812]]]}},{"type":"Feature","properties":{"layer":"DP_77","label":"Heritage building","confidence":"confirmed","HERITAGE_P":" ","GRADE":"IIA","VILLAGE":"LOWER PAREL","VILLAGE_DI":"LOWER PAREL","WARD":"G/S","REMARKS":" ","TYPE":"Heritage","CREATED_US":" ","LAST_EDITE":" ","OWNERSHIP":" ","USES":" ","MHCC_NOC":" ","DATE_":" ","NOC_FOR":" ","STRUCTURE":" ","FEATURE":" ","Q":"Y","HER_NUMBER_2":"2/434","HERITAGE_NAME":"HAJI ALI COMPLEX"},"geometry":{"type":"Polygon","coordinates":[[[72.80852722543119,18.982481989707566],[72.80853958726516,18.983076882700768],[72.80893193654836,18.983099036034517],[72.80902327256916,18.982568948316477],[72.80852722543119,18.982481989707566]]]}},{"type":"Feature","properties":{"layer":"DP_77","label":"Heritage building","confidence":"confirmed","HERITAGE_P":" ","GRADE":"IIB","VILLAGE":"MATUNGA","VILLAGE_DI":"MATUNGA","WARD":"F/N","REMARKS":" ","TYPE":"Heritage","CREATED_US":" ","LAST_EDITE":" ","OWNERSHIP":" ","USES":" ","MHCC_NOC":" ","DATE_":" ","NOC_FOR":" ","STRUCTURE":" ","FEATURE":" ","Q":"Y","HER_NUMBER_2":"39/468","HERITAGE_NAME":"605-606, PARSI GYMKHANA"},"geometry":{"type":"Polygon","coordinates":[[[72.85119420616809,19.02112744973017],[72.85121896213808,19.02057273513127],[72.85093964212876,19.020678338482348],[72.85061493707609,19.02029908226361],[72.85026707936407,19.020529354897125],[72.85074872885578,19.021416468617332],[72.85119420616809,19.02112744973017]]]}},{"type":"Feature","properties":{"layer":"DP_77","label":"Heritage building","confidence":"confirmed","HERITAGE_P":"CANTONMENT","GRADE":"IIA","VILLAGE":"COLABA","VILLAGE_DI":"COLABA","WARD":"A","REMARKS":" ","TYPE":"Heritage","CREATED_US":" ","LAST_EDITE":" ","OWNERSHIP":" ","USES":" ","MHCC_NOC":" ","DATE_":" ","NOC_FOR":" ","STRUCTURE":" ","FEATURE":" ","Q":"Y","HER_NUMBER_2":"32/38","HERITAGE_NAME":"AIR FORCE HOUSE"},"geometry":{"type":"Polygon","coordinates":[[[72.81227452882759,18.90016082246273],[72.81184948157963,18.900425857206873],[72.81213981565521,18.900894727679784],[72.81249335824596,18.900775599283133],[72.81227452882759,18.90016082246273]]]}},{"type":"Feature","properties":{"layer":"DP_77","label":"Heritage building","confidence":"confirmed","HERITAGE_P":"OVAL","GRADE":"I","VILLAGE":"FORT","VILLAGE_DI":"FORT","WARD":"A","REMARKS":" ","TYPE":"Heritage","CREATED_US":" ","LAST_EDITE":" ","OWNERSHIP":" ","USES":" ","MHCC_NOC":" ","DATE_":" ","NOC_FOR":" ","STRUCTURE":" ","FEATURE":" ","Q":"Y","HER_NUMBER_2":"65/75","HERITAGE_NAME":"OVAL MAIDAN"},"geometry":{"type":"Polygon","coordinates":[[[72.82831532452697,18.93109543196151],[72.82855697899444,18.932620083318035],[72.82943757177242,18.932555328629203],[72.82975034563698,18.93174139917276],[72.82952608364154,18.929943918982786],[72.82955993607355,18.927114297959218],[72.82900501312047,18.92646640835527],[72.82841052121114,18.926676214363017],[72.82819613582484,18.92713412345563],[72.82831532452697,18.93109543196151]]]}},{"type":"Feature","properties":{"layer":"DP_77","label":"Heritage building","confidence":"confirmed","HERITAGE_P":"OVAL","GRADE":"I","VILLAGE":"FORT","VILLAGE_DI":"FORT","WARD":"A","REMARKS":" ","TYPE":"Heritage","CREATED_US":" ","LAST_EDITE":" ","OWNERSHIP":" ","USES":" ","MHCC_NOC":" ","DATE_":" ","NOC_FOR":" ","STRUCTURE":" ","FEATURE":" ","Q":"Y","HER_NUMBER_2":"143/163","HERITAGE_NAME":"WESTERN RAILWAY HEAD QUARTERS (FORMERLY B.B. & RLY. H.Q.)"},"geometry":{"type":"Polygon","coordinates":[[[72.82800658657743,18.934699472714975],[72.82864747031367,18.934640041078755],[72.82867441514762,18.93344736598043],[72.82848118354013,18.933133509998395],[72.82820056020465,18.93325890983259],[72.82776641392253,18.934458645738054],[72.82800658657743,18.934699472714975]]]}},{"type":"Feature","properties":{"layer":"DP_77","label":"Heritage building","confidence":"confirmed","HERITAGE_P":" ","GRADE":"IIA","VILLAGE":"MANDVI","VILLAGE_DI":"MANDVI","WARD":"B","REMARKS":" ","TYPE":"Heritage","CREATED_US":" ","LAST_EDITE":" ","OWNERSHIP":" ","USES":" ","MHCC_NOC":" ","DATE_":" ","NOC_FOR":" ","STRUCTURE":" ","FEATURE":" ","Q":"Y","HER_NUMBER_2":"44/127","HERITAGE_NAME":"THE KESSOWJEE NAIK FOUNTAIN AND CLOCK TOWER"},"geometry":{"type":"Polygon","coordinates":[[[72.83740741338804,18.95454739350985],[72.83746343276661,18.954563026985195],[72.83742188261101,18.954454783847215],[72.83740741338804,18.95454739350985]]]}},{"type":"Feature","properties":{"layer":"DP_77","label":"Heritage building","confidence":"confirmed","HERITAGE_P":"MARINE DRIVE PRECINCT","GRADE":"IIB","VILLAGE":"MALABAR HILL","VILLAGE_DI":"MALABAR HILL","WARD":"D","REMARKS":" ","TYPE":"Heritage","CREATED_US":" ","LAST_EDITE":" ","OWNERSHIP":" ","USES":" ","MHCC_NOC":" ","DATE_":" ","NOC_FOR":" ","STRUCTURE":" ","FEATURE":" ","Q":"Y","HER_NUMBER_2":"88/479","HERITAGE_NAME":"WILSON COLLEGE & STUDENT HOSTEL"},"geometry":{"type":"Polygon","coordinates":[[[72.80976030026315,18.956968331486607],[72.81011584804324,18.95696585741505],[72.81010746326143,18.95652401557121],[72.80977251668224,18.956557898923887],[72.80976030026315,18.956968331486607]]]}},{"type":"Feature","properties":{"layer":"DP_77","label":"Heritage building","confidence":"confirmed","HERITAGE_P":" ","GRADE":"IIA","VILLAGE":"MALVANI","VILLAGE_DI":"MALVANI","WARD":"P/N","REMARKS":" ","TYPE":"Heritage","CREATED_US":" ","LAST_EDITE":" ","OWNERSHIP":" ","USES":" ","MHCC_NOC":" ","DATE_":" ","NOC_FOR":" ","STRUCTURE":" ","FEATURE":" ","Q":"Y","HER_NUMBER_2":"173/221","HERITAGE_NAME":"ST. ANTHONY CHURCH MALWANI"},"geometry":{"type":"Polygon","coordinates":[[[72.80835731407315,19.195880020231645],[72.80772135394926,19.19592605074523],[72.8077011765072,19.196362267002343],[72.80864718561878,19.196378185138478],[72.80853395635913,19.195861612383244],[72.80835731407315,19.195880020231645]]]}},{"type":"Feature","properties":{"layer":"DP_77","label":"Heritage building","confidence":"confirmed","HERITAGE_P":" ","GRADE":"IIA","VILLAGE":" ","VILLAGE_DI":" ","WARD":"A","REMARKS":" ","TYPE":" ","CREATED_US":" ","CREATED_DA":-2209161600000,"LAST_EDITE":" ","LAST_EDI_1":-2209161600000,"OWNERSHIP":" ","USES":" ","MHCC_NOC":" ","DATE_":" ","NOC_FOR":" ","STRUCTURE":" ","FEATURE":" ","Q":"Y","HER_NUMBER_2":"19/21(iii)","HERITAGE_NAME":"INHS ASHWINI iii)P-2-HAWAMAHAL"},"geometry":{"type":"Polygon","coordinates":[[[72.81438534612664,18.8986580469613],[72.81454560898797,18.898561436087014],[72.81422265574753,18.898602668146335],[72.81438534612664,18.8986580469613]]]}},{"type":"Feature","properties":{"layer":"DP_77","label":"Heritage building","confidence":"confirmed","HERITAGE_P":" ","GRADE":"IIB","VILLAGE":"LOWER PAREL","VILLAGE_DI":"LOWER PAREL","WARD":"G/S","REMARKS":" ","TYPE":"Heritage","CREATED_US":" ","LAST_EDITE":" ","OWNERSHIP":" ","USES":" ","MHCC_NOC":" ","DATE_":" ","NOC_FOR":" ","STRUCTURE":" ","FEATURE":" ","Q":"Y","HER_NUMBER_2":"10/571","HERITAGE_NAME":"HAJI SABOO SIDDICK MASJID AND MADARESA"},"geometry":{"type":"Polygon","coordinates":[[[72.8304390043351,18.993168704648514],[72.83043040327117,18.99338255421391],[72.83129071654504,18.993407639431233],[72.83114989734186,18.993188172832014],[72.8304390043351,18.993168704648514]]]}},{"type":"Feature","properties":{"layer":"DP_77","label":"Heritage building","confidence":"confirmed","HERITAGE_P":" ","GRADE":"IIA","VILLAGE":"FORT","VILLAGE_DI":"FORT","WARD":"A","REMARKS":" ","TYPE":"Heritage","CREATED_US":" ","LAST_EDITE":" ","OWNERSHIP":" ","USES":" ","MHCC_NOC":" ","DATE_":" ","NOC_FOR":" ","STRUCTURE":" ","FEATURE":" ","Q":"Y","HER_NUMBER_2":"257/22","HERITAGE_NAME":"SYDNEHAM COLLEGE"},"geometry":{"type":"Polygon","coordinates":[[[72.8258084603658,18.93548830661145],[72.82657995750553,18.935378133982685],[72.82654124002906,18.935126797569385],[72.82542462764675,18.935188661517014],[72.82540675465773,18.935544284874897],[72.8258084603658,18.93548830661145]]]}},{"type":"Feature","properties":{"layer":"DP_77","label":"Heritage building","confidence":"confirmed","HERITAGE_P":" ","GRADE":"III","VILLAGE":"MALABAR HILL","VILLAGE_DI":"MALABAR HILL","WARD":"D","REMARKS":" ","TYPE":"Heritage","CREATED_US":" ","LAST_EDITE":" ","OWNERSHIP":" ","USES":" ","MHCC_NOC":" ","DATE_":" ","NOC_FOR":" ","STRUCTURE":" ","FEATURE":" ","Q":"Y","HER_NUMBER_2":"51/425","HERITAGE_NAME":"COLUMBA HIGH SCHOOL"},"geometry":{"type":"Polygon","coordinates":[[[72.81255176244719,18.96121708851992],[72.81246960248997,18.96064896262838],[72.812060986741,18.960324934101113],[72.81119869409271,18.961049361769422],[72.81148786427565,18.961457836655942],[72.81255176244719,18.96121708851992]]]}},{"type":"Feature","properties":{"layer":"DP_77","label":"Heritage building","confidence":"confirmed","HERITAGE_P":"UNIVERSITY","GRADE":"I","VILLAGE":"FORT","VILLAGE_DI":"FORT","WARD":"A","REMARKS":" ","TYPE":"Heritage","CREATED_US":" ","LAST_EDITE":" ","OWNERSHIP":" ","USES":" ","MHCC_NOC":" ","DATE_":" ","NOC_FOR":" ","STRUCTURE":" ","FEATURE":" ","Q":"Y","HER_NUMBER_2":"66/76 (a) & (b)","HERITAGE_NAME":"UNIVERSITY OF MUMBAI a) SIR CAWASJEE JAHANGIR CONVONCATION HALL & b) UNIVERSITY LIBRARY  WITH RAJABAI TOWER., AND ANNEXE BLDG"},"geometry":{"type":"Polygon","coordinates":[[[72.82994568448241,18.930057812706618],[72.83108375956411,18.930073143316736],[72.83113598397723,18.928657917822882],[72.82983150107394,18.928610299470296],[72.82994568448241,18.930057812706618]]]}},{"type":"Feature","properties":{"layer":"DP_77","label":"Heritage building","confidence":"confirmed","HERITAGE_P":"GADRE PRECINCT","GRADE":"IIA","VILLAGE":"GIRGAUM","VILLAGE_DI":"GIRGAUM","WARD":"D","REMARKS":" ","TYPE":"Heritage","CREATED_US":" ","LAST_EDITE":" ","OWNERSHIP":" ","USES":" ","MHCC_NOC":" ","DATE_":" ","NOC_FOR":" ","STRUCTURE":" ","FEATURE":" ","Q":"Y","HER_NUMBER_2":"92/486","HERITAGE_NAME":"ST. THERESA'S CHURCH"},"geometry":{"type":"Polygon","coordinates":[[[72.81852042285163,18.95536237355771],[72.818220831887,18.955477463085447],[72.8183077881525,18.955609178584513],[72.81852042285163,18.95536237355771]]]}},{"type":"Feature","properties":{"layer":"DP_77","label":"Heritage building","confidence":"confirmed","HERITAGE_P":" ","GRADE":"III","VILLAGE":"TARDEO","VILLAGE_DI":"TARDEO","WARD":"D","REMARKS":" ","TYPE":"Heritage","CREATED_US":" ","LAST_EDITE":" ","OWNERSHIP":" ","USES":" ","MHCC_NOC":" ","DATE_":" ","NOC_FOR":" ","STRUCTURE":" ","FEATURE":" ","Q":"Y","HER_NUMBER_2":"41/411 i","HERITAGE_NAME":"MARZABAN ESTATE"},"geometry":{"type":"Polygon","coordinates":[[[72.81799777005463,18.967371392466227],[72.81831988136787,18.96809040189477],[72.81900570866925,18.966373448033544],[72.8182450136674,18.96673857708682],[72.81799777005463,18.967371392466227]]]}},{"type":"Feature","properties":{"layer":"DP_77","label":"Heritage building","confidence":"confirmed","HERITAGE_P":"CANTONMENT","GRADE":"IIB","VILLAGE":"COLABA","VILLAGE_DI":"COLABA","WARD":"A","REMARKS":" ","TYPE":"Heritage","CREATED_US":" ","LAST_EDITE":" ","OWNERSHIP":" ","USES":" ","MHCC_NOC":" ","DATE_":" ","NOC_FOR":" ","STRUCTURE":" ","FEATURE":" ","Q":"Y","HER_NUMBER_2":"27/30","HERITAGE_NAME":"EMBARCATION BUILDING (RED BRICK BLDG. WEST OF AFGHAN CHURCH)"},"geometry":{"type":"Polygon","coordinates":[[[72.81533293195066,18.90618144450293],[72.81534265737496,18.90670891364977],[72.81550009294554,18.906709002616335],[72.8155831786637,18.906256860155338],[72.81533293195066,18.90618144450293]]]}},{"type":"Feature","properties":{"layer":"DP_77","label":"Heritage building","confidence":"confirmed","HERITAGE_P":"ESPLANDE","GRADE":"IIA","VILLAGE":"FORT","VILLAGE_DI":"FORT","WARD":"A","REMARKS":" ","TYPE":"Heritage","CREATED_US":" ","LAST_EDITE":" ","OWNERSHIP":" ","USES":" ","MHCC_NOC":" ","DATE_":" ","NOC_FOR":" ","STRUCTURE":" ","FEATURE":" ","Q":"Y","HER_NUMBER_2":"156/177","HERITAGE_NAME":"OLD ORIENTAL INSURANCE BUILDING (ORIENTAL INSURANCE BLDG.)"},"geometry":{"type":"Polygon","coordinates":[[[72.83158131064899,18.933267470071463],[72.8314170287052,18.93358379608701],[72.8317310913536,18.93370806585688],[72.8318637199166,18.933620778799252],[72.83158131064899,18.933267470071463]]]}},{"type":"Feature","properties":{"layer":"DP_77","label":"Heritage building","confidence":"confirmed","HERITAGE_P":" ","GRADE":"IIB","VILLAGE":"VILE PARLE","VILLAGE_DI":"VILE PARLE","WARD":"K/W","REMARKS":" ","TYPE":"Heritage","CREATED_US":" ","LAST_EDITE":" ","OWNERSHIP":" ","USES":" ","MHCC_NOC":" ","DATE_":" ","NOC_FOR":" ","STRUCTURE":" ","FEATURE":" ","Q":"Y","HER_NUMBER_2":"126/156","HERITAGE_NAME":"Arunodaya"},"geometry":{"type":"Polygon","coordinates":[[[72.84020865895202,19.10160094772708],[72.84072470605915,19.10171443856828],[72.84079773683519,19.101379793414964],[72.840228532562,19.10137633287079],[72.84020865895202,19.10160094772708]]]}},{"type":"Feature","properties":{"layer":"DP_77","label":"Heritage building","confidence":"confirmed","HERITAGE_P":" ","GRADE":"III","VILLAGE":"BHULESHWAR","VILLAGE_DI":"BHULESHWAR","WARD":"C","REMARKS":" ","TYPE":"Heritage","CREATED_US":" ","LAST_EDITE":" ","OWNERSHIP":" ","USES":" ","MHCC_NOC":" ","DATE_":" ","NOC_FOR":" ","STRUCTURE":" ","FEATURE":" ","Q":"Y","HER_NUMBER_2":"42/186","HERITAGE_NAME":"SAGAR BUILDING"},"geometry":{"type":"Polygon","coordinates":[[[72.8307941330741,18.950554051904025],[72.83077850861596,18.950603832795125],[72.83088010104365,18.950557838321373],[72.8307941330741,18.950554051904025]]]}},{"type":"Feature","properties":{"layer":"DP_77","label":"Heritage building","confidence":"confirmed","HERITAGE_P":" ","GRADE":"III","VILLAGE":"BHULESHWAR","VILLAGE_DI":"BHULESHWAR","WARD":"C","REMARKS":" ","TYPE":"Heritage","CREATED_US":" ","LAST_EDITE":" ","OWNERSHIP":" ","USES":" ","MHCC_NOC":" ","DATE_":" ","NOC_FOR":" ","STRUCTURE":" ","FEATURE":" ","Q":"Y","HER_NUMBER_2":"46/190","HERITAGE_NAME":"CHANDABHOY BUILDING"},"geometry":{"type":"Polygon","coordinates":[[[72.83154048467753,18.94680547966812],[72.83176046093575,18.946875277115613],[72.83181321948956,18.946697714516503],[72.83154048467753,18.94680547966812]]]}},{"type":"Feature","properties":{"layer":"DP_77","label":"Heritage building","confidence":"confirmed","HERITAGE_P":"OLD CUFFE PARADE","GRADE":"IIB","VILLAGE":"COLABA","VILLAGE_DI":"COLABA","WARD":"A","REMARKS":" ","TYPE":"Heritage","CREATED_US":" ","LAST_EDITE":" ","OWNERSHIP":" ","USES":" ","MHCC_NOC":" ","DATE_":" ","NOC_FOR":" ","STRUCTURE":" ","FEATURE":" ","Q":"Y","HER_NUMBER_2":"82/96(a)","HERITAGE_NAME":"TARAPOREWALLA MANSION (TARAPOREWALLA MANSION AND OTHER BLDGS. OF THE SAME PERIOD.) a) FRONT PART (ORIGINAL)"},"geometry":{"type":"Polygon","coordinates":[[[72.82237043317423,18.91464899525155],[72.8221351609536,18.914695896230246],[72.82227705479986,18.91489477101505],[72.8224703092493,18.91483503125974],[72.82237043317423,18.91464899525155]]]}},{"type":"Feature","properties":{"layer":"DP_77","label":"Heritage building","confidence":"confirmed","HERITAGE_P":" ","GRADE":"III","VILLAGE":"KURLA - 2","VILLAGE_DI":"KURLA - 2","WARD":"L","REMARKS":" ","TYPE":"Heritage","CREATED_US":" ","LAST_EDITE":" ","OWNERSHIP":" ","USES":" ","MHCC_NOC":" ","DATE_":" ","NOC_FOR":" ","STRUCTURE":" ","FEATURE":" ","Q":"Y","HER_NUMBER_2":"53/56","HERITAGE_NAME":"ANNE TERRACE"},"geometry":{"type":"Polygon","coordinates":[[[72.88488051384785,19.08437683356324],[72.88491801692999,19.08408799454739],[72.88464378561844,19.084037623002093],[72.88455055221867,19.084212006930922],[72.88488051384785,19.08437683356324]]]}},{"type":"Feature","properties":{"layer":"DP_77","label":"Heritage building","confidence":"confirmed","HERITAGE_P":" ","GRADE":" ","VILLAGE":" ","VILLAGE_DI":" ","WARD":"F/S","REMARKS":" ","TYPE":" ","CREATED_US":" ","CREATED_DA":-2209161600000,"LAST_EDITE":" ","LAST_EDI_1":-2209161600000,"OWNERSHIP":" ","USES":" ","MHCC_NOC":" ","DATE_":" ","NOC_FOR":" ","STRUCTURE":" ","FEATURE":" ","Q":"Y","HER_NUMBER_2":"ASI SITE","HERITAGE_NAME":"BARADEVI MANDIR"},"geometry":{"type":"Polygon","coordinates":[[[72.84737564348202,19.00081739756248],[72.84737982864542,19.000833906435513],[72.84739128651427,19.000822090555474],[72.84737564348202,19.00081739756248]]]}},{"type":"Feature","properties":{"layer":"DP_77","label":"Heritage building","confidence":"confirmed","HERITAGE_P":" ","GRADE":"IIB","VILLAGE":"PAREL-SHIVEDI","VILLAGE_DI":"PAREL-SHIVEDI","WARD":"F/S","REMARKS":" ","TYPE":" ","CREATED_US":" ","LAST_EDITE":" ","OWNERSHIP":" ","USES":" ","MHCC_NOC":" ","DATE_":" ","NOC_FOR":" ","STRUCTURE":" ","FEATURE":" ","Q":"Y","HER_NUMBER_2":"6/547","HERITAGE_NAME":"K E M HOSPITAL & G.S. MEDICAL COLLEGE COMPLEX"},"geometry":{"type":"Polygon","coordinates":[[[72.84281828377019,19.000693898139275],[72.84260235949941,19.00020393377989],[72.84205013234357,18.999817598153207],[72.84045178777784,19.000482068414797],[72.84179338036151,19.003370002508575],[72.84349296878464,19.001958882383036],[72.84281828377019,19.000693898139275]]]}},{"type":"Feature","properties":{"layer":"DP_77","label":"Heritage building","confidence":"confirmed","HERITAGE_P":" ","GRADE":"IIA","VILLAGE":" ","VILLAGE_DI":" ","WARD":"A","REMARKS":" ","TYPE":" ","CREATED_US":" ","CREATED_DA":-2209161600000,"LAST_EDITE":" ","LAST_EDI_1":-2209161600000,"OWNERSHIP":" ","USES":" ","MHCC_NOC":" ","DATE_":" ","NOC_FOR":" ","STRUCTURE":" ","FEATURE":" ","Q":"Y","HER_NUMBER_2":"2/2(vi)","HERITAGE_NAME":"NAVAL DOCKYARD (FROM  LION GATE TO OLD CUSTOM HOUSE WITH CLOCK TOWER OPP. GREAT WESTERN BUILDING) vi) MAIN ADMINISTRATIVE BUILDING & WORKSHOP "},"geometry":{"type":"Polygon","coordinates":[[[72.83528197150761,18.927644407194894],[72.83427960278327,18.927062652439464],[72.8343892446388,18.92801076461444],[72.83528197150761,18.927644407194894]]]}},{"type":"Feature","properties":{"layer":"DP_77","label":"Heritage building","confidence":"confirmed","HERITAGE_P":"VICTORIA TERMINUS","GRADE":"IIB","VILLAGE":"FORT","VILLAGE_DI":"FORT","WARD":"A","REMARKS":" ","TYPE":"Heritage","CREATED_US":" ","LAST_EDITE":" ","OWNERSHIP":" ","USES":" ","MHCC_NOC":" ","DATE_":" ","NOC_FOR":" ","STRUCTURE":" ","FEATURE":" ","Q":"Y","HER_NUMBER_2":"184/210","HERITAGE_NAME":"ST. GEORGE'S HOSPITAL"},"geometry":{"type":"Polygon","coordinates":[[[72.83699973529659,18.94116128504237],[72.83714497271575,18.943000680723326],[72.83899383317578,18.943208707645358],[72.8381026828142,18.939402991342973],[72.8371645826021,18.9395259412863],[72.83699973529659,18.94116128504237]]]}},{"type":"Feature","properties":{"layer":"DP_77","label":"Heritage building","confidence":"confirmed","HERITAGE_P":" ","GRADE":"III","VILLAGE":"BHULESHWAR","VILLAGE_DI":"BHULESHWAR","WARD":"C","REMARKS":" ","TYPE":"Heritage","CREATED_US":" ","LAST_EDITE":" ","OWNERSHIP":" ","USES":" ","MHCC_NOC":" ","DATE_":" ","NOC_FOR":" ","STRUCTURE":" ","FEATURE":" ","Q":"Y","HER_NUMBER_2":"20/167","HERITAGE_NAME":"PEE KAY MANSION"},"geometry":{"type":"Polygon","coordinates":[[[72.82577023309626,18.948028469308888],[72.82595906947812,18.948070348123],[72.82582831953741,18.947985029283483],[72.82577023309626,18.948028469308888]]]}},{"type":"Feature","properties":{"layer":"DP_77","label":"Heritage building","confidence":"confirmed","HERITAGE_P":" ","GRADE":"IIA","VILLAGE":"BHULESHWAR","VILLAGE_DI":"BHULESHWAR","WARD":"C","REMARKS":"ALSO LISTED IN NEW AGIARY LIST AT SR. NO.4","TYPE":"Heritage","CREATED_US":" ","LAST_EDITE":" ","OWNERSHIP":" ","USES":" ","MHCC_NOC":" ","DATE_":" ","NOC_FOR":" ","STRUCTURE":" ","FEATURE":" ","Q":"Y","HER_NUMBER_2":"316","HERITAGE_NAME":"ZARTHOSJI ANJUMANNA ATASH BEHRAM ( ANJUMANNA ATASH BEHRAM)"},"geometry":{"type":"Polygon","coordinates":[[[72.82794814386628,18.94507794434398],[72.82745697807445,18.94482458228764],[72.82733144414955,18.944965187179235],[72.8278073892089,18.94523904048469],[72.82794814386628,18.94507794434398]]]}},{"type":"Feature","properties":{"layer":"DP_77","label":"Heritage building","confidence":"confirmed","HERITAGE_P":" ","GRADE":"III","VILLAGE":"FORT","VILLAGE_DI":"FORT","WARD":"A","REMARKS":" ","TYPE":"Heritage","CREATED_US":" ","LAST_EDITE":" ","OWNERSHIP":" ","USES":" ","MHCC_NOC":" ","DATE_":" ","NOC_FOR":" ","STRUCTURE":" ","FEATURE":" ","Q":"Y","HER_NUMBER_2":"306/76","HERITAGE_NAME":"NAGINDAS NARENDRA BHUVAN"},"geometry":{"type":"Polygon","coordinates":[[[72.83712843000198,18.937992086272946],[72.83736515187856,18.93799504678554],[72.83734769268897,18.9379385915573],[72.83712843000198,18.937992086272946]]]}},{"type":"Feature","properties":{"layer":"DP_77","label":"Heritage building","confidence":"confirmed","HERITAGE_P":" ","GRADE":"IIA","VILLAGE":" ","VILLAGE_DI":" ","WARD":"E","REMARKS":" ","TYPE":" ","CREATED_US":" ","CREATED_DA":-2209161600000,"LAST_EDITE":" ","LAST_EDI_1":-2209161600000,"OWNERSHIP":" ","USES":" ","MHCC_NOC":" ","DATE_":" ","NOC_FOR":" ","STRUCTURE":" ","FEATURE":" ","Q":"Y","HER_NUMBER_2":"84/375","HERITAGE_NAME":"MAZGAON BENNE ISRALE CEMTERY"},"geometry":{"type":"Polygon","coordinates":[[[72.840992622749,18.97393062696858],[72.84093677167981,18.974660598785544],[72.84036440144973,18.97475216602464],[72.84050495977796,18.975288160675042],[72.84215728405341,18.974996468599517],[72.84188953761927,18.974573013661736],[72.84191267699651,18.973984539799687],[72.840992622749,18.97393062696858]]]}},{"type":"Feature","properties":{"layer":"DP_77","label":"Heritage building","confidence":"confirmed","HERITAGE_P":" ","GRADE":"III","VILLAGE":"BORIVALI","VILLAGE_DI":"BORIVALI","WARD":"R/C","REMARKS":" ","TYPE":"Heritage","CREATED_US":" ","LAST_EDITE":" ","OWNERSHIP":" ","USES":" ","MHCC_NOC":" ","DATE_":" ","NOC_FOR":" ","STRUCTURE":" ","FEATURE":" ","Q":"Y","HER_NUMBER_2":"167/215","HERITAGE_NAME":"NAVLAKH BUNGALOW"},"geometry":{"type":"Polygon","coordinates":[[[72.85582370972314,19.232715180618175],[72.8563683132929,19.23269810240715],[72.8564563368472,19.232229004829414],[72.856102872018,19.23224125805698],[72.85582370972314,19.232715180618175]]]}},{"type":"Feature","properties":{"layer":"DP_77","label":"Heritage building","confidence":"confirmed","HERITAGE_P":"CANTONMENT","GRADE":"IIB","VILLAGE":"COLABA","VILLAGE_DI":"COLABA","WARD":"A","REMARKS":" ","TYPE":"Heritage","CREATED_US":" ","LAST_EDITE":" ","OWNERSHIP":" ","USES":" ","MHCC_NOC":" ","DATE_":" ","NOC_FOR":" ","STRUCTURE":" ","FEATURE":" ","Q":"Y","HER_NUMBER_2":"13/14","HERITAGE_NAME":"TRAINING SHIP ''JAWAHAR''"},"geometry":{"type":"Polygon","coordinates":[[[72.8168607495476,18.90267935264395],[72.81629525337246,18.902764125951666],[72.81629993640522,18.90300471627664],[72.81793860054269,18.90293207487878],[72.8168607495476,18.90267935264395]]]}},{"type":"Feature","properties":{"layer":"DP_77","label":"Heritage building","confidence":"confirmed","HERITAGE_P":" ","GRADE":"IIA","VILLAGE":"BANDRA-B","VILLAGE_DI":"BANDRA-B","WARD":"H/W","REMARKS":" ","TYPE":"Heritage","CREATED_US":" ","LAST_EDITE":" ","OWNERSHIP":" ","USES":" ","MHCC_NOC":" ","DATE_":" ","NOC_FOR":" ","STRUCTURE":" ","FEATURE":" ","Q":"Y","HER_NUMBER_2":"569","HERITAGE_NAME":"ISLAND ON B.J.ROAD \"Y\" JUNCTION"},"geometry":{"type":"Polygon","coordinates":[[[72.82140143553207,19.049943937736362],[72.82152635436442,19.05040479645914],[72.82154344080483,19.049906955454283],[72.82140143553207,19.049943937736362]]]}},{"type":"Feature","properties":{"layer":"DP_77","label":"Heritage building","confidence":"confirmed","HERITAGE_P":" ","GRADE":"III","VILLAGE":" ","VILLAGE_DI":" ","WARD":"D","REMARKS":" ","TYPE":" ","CREATED_US":" ","CREATED_DA":-2209161600000,"LAST_EDITE":" ","LAST_EDI_1":-2209161600000,"OWNERSHIP":" ","USES":" ","MHCC_NOC":" ","DATE_":" ","NOC_FOR":" ","STRUCTURE":" ","FEATURE":" ","Q":"Y","HER_NUMBER_2":"53/427","HERITAGE_NAME":"POST OFFICE COMPLEX"},"geometry":{"type":"Polygon","coordinates":[[[72.80418925449719,18.955585656415053],[72.80432496491684,18.955826993322088],[72.80469699914613,18.95557947726848],[72.80455797242293,18.955353948756727],[72.80418925449719,18.955585656415053]]]}},{"type":"Feature","properties":{"layer":"DP_77","label":"Heritage building","confidence":"confirmed","HERITAGE_P":" ","GRADE":"IIB","VILLAGE":"GIRGAUM","VILLAGE_DI":"GIRGAUM","WARD":"D","REMARKS":" ","TYPE":"Heritage","CREATED_US":" ","LAST_EDITE":" ","OWNERSHIP":" ","USES":" ","MHCC_NOC":" ","DATE_":" ","NOC_FOR":" ","STRUCTURE":" ","FEATURE":" ","Q":"Y","HER_NUMBER_2":"117/218","HERITAGE_NAME":"PITALE MARUTI MANDIR"},"geometry":{"type":"Polygon","coordinates":[[[72.82265116861441,18.958370434481488],[72.822712498635,18.95862499955546],[72.82284135833507,18.95855852323701],[72.82265116861441,18.958370434481488]]]}},{"type":"Feature","properties":{"layer":"DP_77","label":"Heritage building","confidence":"confirmed","HERITAGE_P":" ","GRADE":"IIB","VILLAGE":"MATUNGA","VILLAGE_DI":"MATUNGA","WARD":"F/N","REMARKS":" ","TYPE":"Heritage","CREATED_US":" ","LAST_EDITE":" ","OWNERSHIP":" ","USES":" ","MHCC_NOC":" ","DATE_":" ","NOC_FOR":" ","STRUCTURE":" ","FEATURE":" ","Q":"Y","HER_NUMBER_2":"16/442","HERITAGE_NAME":"414-415, BYRAMJEE JEEJEEBHOY HOME FOR CHILDREN COMPLEX"},"geometry":{"type":"Polygon","coordinates":[[[72.85365365921703,19.029170719978957],[72.85384107327972,19.029607204057378],[72.85470044325977,19.029676955848934],[72.85475503021401,19.029357292660457],[72.85365365921703,19.029170719978957]]]}},{"type":"Feature","properties":{"layer":"DP_77","label":"Heritage building","confidence":"confirmed","HERITAGE_P":" ","GRADE":"III","VILLAGE":"BANDRA-C","VILLAGE_DI":"BANDRA-C","WARD":"H/W","REMARKS":" ","TYPE":"Heritage","CREATED_US":" ","LAST_EDITE":" ","OWNERSHIP":" ","USES":" ","MHCC_NOC":" ","DATE_":" ","NOC_FOR":" ","STRUCTURE":" ","FEATURE":" ","Q":"Y","HER_NUMBER_2":"46/061","HERITAGE_NAME":"PARK MANOR"},"geometry":{"type":"Polygon","coordinates":[[[72.82534359691522,19.058162366295406],[72.82552928175619,19.057937208098867],[72.82519771581784,19.05791848384665],[72.82534359691522,19.058162366295406]]]}},{"type":"Feature","properties":{"layer":"DP_77","label":"Heritage building","confidence":"confirmed","HERITAGE_P":" ","GRADE":"IIA","VILLAGE":"SION","VILLAGE_DI":"SION","WARD":"F/N","REMARKS":" ","TYPE":"Heritage","CREATED_US":" ","LAST_EDITE":" ","OWNERSHIP":" ","USES":" ","MHCC_NOC":" ","DATE_":" ","NOC_FOR":" ","STRUCTURE":" ","FEATURE":" ","Q":"Y","HER_NUMBER_2":"49/481","HERITAGE_NAME":"SION TANK PREMISES"},"geometry":{"type":"Polygon","coordinates":[[[72.86635863800154,19.04774164086328],[72.866261217792,19.047046967592387],[72.86572253436117,19.047089064860266],[72.86567228939671,19.04782109848095],[72.86635863800154,19.04774164086328]]]}},{"type":"Feature","properties":{"layer":"DP_77","label":"Heritage building","confidence":"confirmed","HERITAGE_P":" ","GRADE":"IIA","VILLAGE":"BHULESHWAR","VILLAGE_DI":"BHULESHWAR","WARD":"C","REMARKS":" ","TYPE":"Heritage","CREATED_US":" ","LAST_EDITE":" ","OWNERSHIP":" ","USES":" ","MHCC_NOC":" ","DATE_":" ","NOC_FOR":" ","STRUCTURE":" ","FEATURE":" ","Q":"Y","HER_NUMBER_2":"285","HERITAGE_NAME":"SWAMINARAYAN TEMPLE"},"geometry":{"type":"Polygon","coordinates":[[[72.8301993968756,18.954075598780587],[72.83029445538193,18.953819989544087],[72.83009175645998,18.953973952916627],[72.8301993968756,18.954075598780587]]]}},{"type":"Feature","properties":{"layer":"DP_77","label":"Heritage building","confidence":"confirmed","HERITAGE_P":" ","GRADE":"III","VILLAGE":"BANDRA-E","VILLAGE_DI":"BANDRA-E","WARD":"H/W","REMARKS":" ","TYPE":"Heritage","CREATED_US":" ","LAST_EDITE":" ","OWNERSHIP":" ","USES":" ","MHCC_NOC":" ","DATE_":" ","NOC_FOR":" ","STRUCTURE":" ","FEATURE":" ","Q":"Y","HER_NUMBER_2":"99/120","HERITAGE_NAME":"MIDLANDS"},"geometry":{"type":"Polygon","coordinates":[[[72.83636135180943,19.075129754967246],[72.83657144225512,19.07494653078146],[72.83643084742101,19.074863719675736],[72.83636135180943,19.075129754967246]]]}},{"type":"Feature","properties":{"layer":"DP_77","label":"Heritage building","confidence":"confirmed","HERITAGE_P":" ","GRADE":"IIA","VILLAGE":"MALABAR HILL","VILLAGE_DI":"MALABAR HILL","WARD":"D","REMARKS":" ","TYPE":"Heritage","CREATED_US":" ","LAST_EDITE":" ","OWNERSHIP":" ","USES":" ","MHCC_NOC":" ","DATE_":" ","NOC_FOR":" ","STRUCTURE":" ","FEATURE":" ","Q":"Y","HER_NUMBER_2":"28/391","HERITAGE_NAME":"JINNA HOUSE"},"geometry":{"type":"Polygon","coordinates":[[[72.80162558776047,18.95326053968903],[72.80152396629332,18.952834073811363],[72.80073224133655,18.952984405430634],[72.8008720542786,18.953557928601295],[72.80141257719083,18.953544785490124],[72.80162558776047,18.95326053968903]]]}},{"type":"Feature","properties":{"layer":"DP_77","label":"Heritage building","confidence":"confirmed","HERITAGE_P":"BALLARD PIER","GRADE":"IIA","VILLAGE":"FORT","VILLAGE_DI":"FORT","WARD":"A","REMARKS":" ","TYPE":"Heritage","CREATED_US":" ","LAST_EDITE":" ","OWNERSHIP":" ","USES":" ","MHCC_NOC":" ","DATE_":" ","NOC_FOR":" ","STRUCTURE":" ","FEATURE":" ","Q":"Y","HER_NUMBER_2":"123/141(3)","HERITAGE_NAME":"BUILDINGS OF BALLARD ESTATE, NAMELY 3) VOLKART BUILDING"},"geometry":{"type":"Polygon","coordinates":[[[72.84063219330969,18.934926488486248],[72.84067974104508,18.93511801757712],[72.84098802888734,18.934989291028767],[72.84094097413512,18.934820597750146],[72.84063219330969,18.934926488486248]]]}},{"type":"Feature","properties":{"layer":"DP_77","label":"Heritage building","confidence":"confirmed","HERITAGE_P":" ","GRADE":"IIA","VILLAGE":" ","VILLAGE_DI":" ","WARD":"C","REMARKS":"AS PER NEW AGIARY LIST AT SR. NO. 33","TYPE":" ","CREATED_US":" ","CREATED_DA":-2209161600000,"LAST_EDITE":" ","LAST_EDI_1":-2209161600000,"OWNERSHIP":" ","USES":" ","MHCC_NOC":" ","DATE_":" ","NOC_FOR":" ","STRUCTURE":" ","FEATURE":" ","Q":"Y","HER_NUMBER_2":" ","HERITAGE_NAME":"CAWASJI MANECKJI ASHBURNER DAREMEHER (KADMI) (ADARIAL)"},"geometry":{"type":"Polygon","coordinates":[[[72.82553367985108,18.956663222538452],[72.82576490349103,18.956354319033746],[72.82548094441854,18.956109040524325],[72.82533583580668,18.95622466769407],[72.82553367985108,18.956663222538452]]]}},{"type":"Feature","properties":{"layer":"DP_77","label":"Heritage building","confidence":"confirmed","HERITAGE_P":" ","GRADE":"III","VILLAGE":"MALABAR HILL","VILLAGE_DI":"MALABAR HILL","WARD":"D","REMARKS":" ","TYPE":"Heritage","CREATED_US":" ","LAST_EDITE":" ","OWNERSHIP":" ","USES":" ","MHCC_NOC":" ","DATE_":" ","NOC_FOR":" ","STRUCTURE":" ","FEATURE":" ","Q":"Y","HER_NUMBER_2":"134/242","HERITAGE_NAME":"KAMANI HOUSE (NOW KNOW AS MARLBRO HOUSE)"},"geometry":{"type":"Polygon","coordinates":[[[72.80930848782745,18.97431557624056],[72.80977240594079,18.97456670232178],[72.80989571539267,18.97427381459895],[72.80930848782745,18.97431557624056]]]}},{"type":"Feature","properties":{"layer":"DP_77","label":"Heritage building","confidence":"confirmed","HERITAGE_P":" ","GRADE":"IIA","VILLAGE":"FORT","VILLAGE_DI":"FORT","WARD":"A","REMARKS":" ","TYPE":"Heritage","CREATED_US":" ","LAST_EDITE":" ","OWNERSHIP":" ","USES":" ","MHCC_NOC":" ","DATE_":" ","NOC_FOR":" ","STRUCTURE":" ","FEATURE":" ","Q":"Y","HER_NUMBER_2":"270/39","HERITAGE_NAME":"POLICE HEAD QUARTERS"},"geometry":{"type":"Polygon","coordinates":[[[72.83218142108564,18.945774747858312],[72.83196756022531,18.94599882768598],[72.8328972036272,18.946677197601904],[72.83322806963443,18.94684793289822],[72.83351484829072,18.94669971962021],[72.83377627132832,18.94601924228201],[72.83288594148206,18.945143016500918],[72.83218142108564,18.945774747858312]]]}},{"type":"Feature","properties":{"layer":"DP_77","label":"Heritage building","confidence":"confirmed","HERITAGE_P":" ","GRADE":"IIA","VILLAGE":"BHULESHWAR","VILLAGE_DI":"BHULESHWAR","WARD":"C","REMARKS":" ","TYPE":"Heritage","CREATED_US":" ","LAST_EDITE":" ","OWNERSHIP":" ","USES":" ","MHCC_NOC":" ","DATE_":" ","NOC_FOR":" ","STRUCTURE":" ","FEATURE":" ","Q":"Y","HER_NUMBER_2":"38/183","HERITAGE_NAME":"SONAWALA BUILDING (135,SHEIKH MEMON ROAD.)"},"geometry":{"type":"Polygon","coordinates":[[[72.83115949807716,18.95038375594858],[72.83130045509527,18.950458487222985],[72.83131639451364,18.950421048478336],[72.83115949807716,18.95038375594858]]]}},{"type":"Feature","properties":{"layer":"DP_77","label":"Heritage building","confidence":"confirmed","HERITAGE_P":" ","GRADE":"III","VILLAGE":"KOLEKALYAN","VILLAGE_DI":"KOLEKALYAN","WARD":"H/E","REMARKS":" ","TYPE":" ","CREATED_US":" ","LAST_EDITE":" ","OWNERSHIP":" ","USES":" ","MHCC_NOC":" ","DATE_":" ","NOC_FOR":" ","STRUCTURE":" ","FEATURE":" ","Q":"Y","HER_NUMBER_2":"268","HERITAGE_NAME":"OUR LADY OF EGYPT CHURCH, KALINA"},"geometry":{"type":"Polygon","coordinates":[[[72.86886484813817,19.079196441005507],[72.86981010053766,19.079176825491206],[72.86931101162503,19.078052444191194],[72.86834494629707,19.078371058978913],[72.86875145654079,19.079308512968034],[72.86886484813817,19.079196441005507]],[[72.86901549368643,19.07863367254316],[72.86907953293405,19.078330405291055],[72.86917316663275,19.078610251292314],[72.86901549368643,19.07863367254316]],[[72.86837400688796,19.07861148499729],[72.86841274582959,19.078507999715313],[72.86858915229396,19.078578978288007],[72.86837400688796,19.07861148499729]]]}},{"type":"Feature","properties":{"layer":"DP_77","label":"Heritage building","confidence":"confirmed","HERITAGE_P":" ","GRADE":"III","VILLAGE":"MAHIM","VILLAGE_DI":"MAHIM","WARD":"G/N","REMARKS":" ","TYPE":"Heritage","CREATED_US":" ","LAST_EDITE":" ","OWNERSHIP":" ","USES":" ","MHCC_NOC":" ","DATE_":" ","NOC_FOR":" ","STRUCTURE":" ","FEATURE":" ","Q":"Y","HER_NUMBER_2":"27/556","HERITAGE_NAME":"H.H. KHOJA AGA KHAN JAMAT KHANA"},"geometry":{"type":"Polygon","coordinates":[[[72.8401047475303,19.03680451309083],[72.83993000761623,19.036605966260055],[72.83988050384929,19.037064644873688],[72.8401047475303,19.03680451309083]]]}},{"type":"Feature","properties":{"layer":"DP_77","label":"Heritage building","confidence":"confirmed","HERITAGE_P":" ","GRADE":"IIB","VILLAGE":"NAHUR","VILLAGE_DI":"NAHUR","WARD":"S","REMARKS":" ","TYPE":"Heritage","CREATED_US":" ","LAST_EDITE":" ","OWNERSHIP":" ","USES":" ","MHCC_NOC":" ","DATE_":" ","NOC_FOR":" ","STRUCTURE":" ","FEATURE":" ","Q":"Y","HER_NUMBER_2":"36/39","HERITAGE_NAME":"NAHUR RAILWAY STRUCTURE"},"geometry":{"type":"Polygon","coordinates":[[[72.94788903914241,19.156094868275428],[72.9479382908649,19.156066818448657],[72.94785443362078,19.155851384925494],[72.94788903914241,19.156094868275428]]]}},{"type":"Feature","properties":{"layer":"DP_77","label":"Heritage building","confidence":"confirmed","HERITAGE_P":" ","GRADE":"III","VILLAGE":"TARDEO","VILLAGE_DI":"TARDEO","WARD":"D","REMARKS":" ","TYPE":"Heritage","CREATED_US":" ","LAST_EDITE":" ","OWNERSHIP":" ","USES":" ","MHCC_NOC":" ","DATE_":" ","NOC_FOR":" ","STRUCTURE":" ","FEATURE":" ","Q":"Y","HER_NUMBER_2":"132/273","HERITAGE_NAME":"ADIE MANSION"},"geometry":{"type":"Polygon","coordinates":[[[72.82102525335782,18.96199126047976],[72.82093211018669,18.961994158076315],[72.82094746209192,18.962169282574795],[72.82102525335782,18.96199126047976]]]}},{"type":"Feature","properties":{"layer":"DP_77","label":"Heritage building","confidence":"confirmed","HERITAGE_P":" ","GRADE":"III","VILLAGE":"MAZAGAON","VILLAGE_DI":"MAZAGAON","WARD":"E","REMARKS":" ","TYPE":"Heritage","CREATED_US":" ","LAST_EDITE":" ","OWNERSHIP":" ","USES":" ","MHCC_NOC":" ","DATE_":" ","NOC_FOR":" ","STRUCTURE":" ","FEATURE":" ","Q":"Y","HER_NUMBER_2":"99/394","HERITAGE_NAME":"GLORIA TERRACE"},"geometry":{"type":"Polygon","coordinates":[[[72.83592094198826,18.976161851928367],[72.83591176393013,18.976322667489807],[72.83613243417285,18.97618235684613],[72.83592094198826,18.976161851928367]]]}},{"type":"Feature","properties":{"layer":"DP_77","label":"Heritage building","confidence":"confirmed","HERITAGE_P":" ","GRADE":"III","VILLAGE":"BHULESHWAR","VILLAGE_DI":"BHULESHWAR","WARD":"C","REMARKS":" ","TYPE":"Heritage","CREATED_US":" ","LAST_EDITE":" ","OWNERSHIP":" ","USES":" ","MHCC_NOC":" ","DATE_":" ","NOC_FOR":" ","STRUCTURE":" ","FEATURE":" ","Q":"Y","HER_NUMBER_2":"25/172","HERITAGE_NAME":"POST AND TELEGRAPH OFFICE"},"geometry":{"type":"Polygon","coordinates":[[[72.82861091496999,18.945306594305514],[72.82877759354344,18.94503688712869],[72.82861064312638,18.944976136765796],[72.82861091496999,18.945306594305514]]]}},{"type":"Feature","properties":{"layer":"DP_77","label":"Heritage building","confidence":"confirmed","HERITAGE_P":" ","GRADE":"III","VILLAGE":"BANDRA-C","VILLAGE_DI":"BANDRA-C","WARD":"H/W","REMARKS":" ","TYPE":"Heritage","CREATED_US":" ","LAST_EDITE":" ","OWNERSHIP":" ","USES":" ","MHCC_NOC":" ","DATE_":" ","NOC_FOR":" ","STRUCTURE":" ","FEATURE":" ","Q":"Y","HER_NUMBER_2":"43/057","HERITAGE_NAME":"THE HERITAGE"},"geometry":{"type":"Polygon","coordinates":[[[72.82561656704625,19.057525695052078],[72.82589445760894,19.0573806394203],[72.8256928783102,19.057226477973778],[72.82561656704625,19.057525695052078]]]}},{"type":"Feature","properties":{"layer":"DP_77","label":"Heritage building","confidence":"confirmed","HERITAGE_P":" ","GRADE":"IIB","VILLAGE":"BANDRA-B","VILLAGE_DI":"BANDRA-B","WARD":"H/W","REMARKS":" ","TYPE":"Heritage","CREATED_US":" ","LAST_EDITE":" ","OWNERSHIP":" ","USES":" ","MHCC_NOC":" ","DATE_":" ","NOC_FOR":" ","STRUCTURE":" ","FEATURE":" ","Q":"Y","HER_NUMBER_2":"570","HERITAGE_NAME":"SISTER BUNGLOWS"},"geometry":{"type":"Polygon","coordinates":[[[72.82132654506574,19.049038408153482],[72.82158364019081,19.048980425676124],[72.82147595573004,19.048558577560357],[72.82125406763991,19.048759491647232],[72.82132654506574,19.049038408153482]]]}},{"type":"Feature","properties":{"layer":"DP_77","label":"Heritage building","confidence":"confirmed","HERITAGE_P":"BALLARD PIER","GRADE":"IIA","VILLAGE":"FORT","VILLAGE_DI":"FORT","WARD":"A","REMARKS":" ","TYPE":"Heritage","CREATED_US":" ","LAST_EDITE":" ","OWNERSHIP":" ","USES":" ","MHCC_NOC":" ","DATE_":" ","NOC_FOR":" ","STRUCTURE":" ","FEATURE":" ","Q":"Y","HER_NUMBER_2":"193/220(h)","HERITAGE_NAME":"h) MACKINON & MACKENZIE BUILDING"},"geometry":{"type":"Polygon","coordinates":[[[72.84211619348424,18.934159181749592],[72.84204015462717,18.933626492170767],[72.84175763473282,18.93368531702494],[72.84169411174727,18.934054640280507],[72.84211619348424,18.934159181749592]]]}},{"type":"Feature","properties":{"layer":"DP_77","label":"Heritage building","confidence":"confirmed","HERITAGE_P":"MARINE DRIVE PRECINCT","GRADE":"III","VILLAGE":"GIRGAUM","VILLAGE_DI":"GIRGAUM","WARD":"D","REMARKS":" ","TYPE":"Heritage","CREATED_US":" ","LAST_EDITE":" ","OWNERSHIP":" ","USES":" ","MHCC_NOC":" ","DATE_":" ","NOC_FOR":" ","STRUCTURE":" ","FEATURE":" ","Q":"Y","HER_NUMBER_2":"77/456","HERITAGE_NAME":"LA COZI MANSION"},"geometry":{"type":"Polygon","coordinates":[[[72.8122952894888,18.956137986661684],[72.81248564772756,18.956456864760476],[72.81269604799652,18.956388807616605],[72.81247411979983,18.95600004288165],[72.8122952894888,18.956137986661684]]]}},{"type":"Feature","properties":{"layer":"DP_77","label":"Heritage building","confidence":"confirmed","HERITAGE_P":" ","GRADE":"IIA","VILLAGE":"BYCULLA","VILLAGE_DI":"BYCULLA","WARD":"E","REMARKS":" ","TYPE":"Heritage","CREATED_US":" ","LAST_EDITE":" ","OWNERSHIP":" ","USES":" ","MHCC_NOC":" ","DATE_":" ","NOC_FOR":" ","STRUCTURE":" ","FEATURE":" ","Q":"Y","HER_NUMBER_2":"22/313","HERITAGE_NAME":"POCHAMMA DEVI MANDIR"},"geometry":{"type":"Polygon","coordinates":[[[72.82737018319803,18.965699438309244],[72.82746715131614,18.9656563587089],[72.82735190039519,18.965651716180734],[72.82737018319803,18.965699438309244]]]}},{"type":"Feature","properties":{"layer":"DP_77","label":"Heritage building","confidence":"confirmed","HERITAGE_P":"CANTONMENT","GRADE":"IIB","VILLAGE":"COLABA","VILLAGE_DI":"COLABA","WARD":"A","REMARKS":" ","TYPE":"Heritage","CREATED_US":" ","LAST_EDITE":" ","OWNERSHIP":" ","USES":" ","MHCC_NOC":" ","DATE_":" ","NOC_FOR":" ","STRUCTURE":" ","FEATURE":" ","Q":"Y","HER_NUMBER_2":"18/20","HERITAGE_NAME":"ARMY SCHOOL"},"geometry":{"type":"Polygon","coordinates":[[[72.81506212131382,18.90260950488913],[72.81471920981573,18.901804323736197],[72.81402778679987,18.901773307157814],[72.81421644749412,18.902619062891482],[72.81462908351652,18.90286787428112],[72.81506212131382,18.90260950488913]]]}},{"type":"Feature","properties":{"layer":"DP_77","label":"Heritage building","confidence":"confirmed","HERITAGE_P":"MARINE DRIVE PRECINCT","GRADE":"III","VILLAGE":"MALABAR HILL","VILLAGE_DI":"MALABAR HILL","WARD":"D","REMARKS":" ","TYPE":"Heritage","CREATED_US":" ","LAST_EDITE":" ","OWNERSHIP":" ","USES":" ","MHCC_NOC":" ","DATE_":" ","NOC_FOR":" ","STRUCTURE":" ","FEATURE":" ","Q":"Y","HER_NUMBER_2":"76/455","HERITAGE_NAME":"EDENWALA MANSION (SURESH MANSION)"},"geometry":{"type":"Polygon","coordinates":[[[72.8095543554472,18.956079010841883],[72.80942282375753,18.9564941215346],[72.81009187763094,18.95647709005198],[72.81005242020335,18.956205862282722],[72.8095543554472,18.956079010841883]]]}},{"type":"Feature","properties":{"layer":"DP_77","label":"Heritage building","confidence":"confirmed","HERITAGE_P":" ","GRADE":"III","VILLAGE":"BHULESHWAR","VILLAGE_DI":"BHULESHWAR","WARD":"C","REMARKS":" ","TYPE":"Heritage","CREATED_US":" ","LAST_EDITE":" ","OWNERSHIP":" ","USES":" ","MHCC_NOC":" ","DATE_":" ","NOC_FOR":" ","STRUCTURE":" ","FEATURE":" ","Q":"Y","HER_NUMBER_2":"339,340,341","HERITAGE_NAME":"MADHAVBAUG COMPLEX,GEETA PATHSHALA,LAXMINARAYAN TEMPLE"},"geometry":{"type":"Polygon","coordinates":[[[72.82717699337846,18.955130989761134],[72.82753811565884,18.9552927105327],[72.8280240753885,18.95460690268676],[72.82700416107562,18.9539598361616],[72.8261103627362,18.954968081388248],[72.82684919207729,18.955593748972532],[72.82717699337846,18.955130989761134]]]}},{"type":"Feature","properties":{"layer":"DP_77","label":"Heritage building","confidence":"confirmed","HERITAGE_P":" ","GRADE":"III","VILLAGE":"BANDRA-H","VILLAGE_DI":"BANDRA-H","WARD":"H/W","REMARKS":" ","TYPE":"Heritage","CREATED_US":" ","LAST_EDITE":" ","OWNERSHIP":" ","USES":" ","MHCC_NOC":" ","DATE_":" ","NOC_FOR":" ","STRUCTURE":" ","FEATURE":" ","Q":"Y","HER_NUMBER_2":"105/126","HERITAGE_NAME":"PATRONAGE"},"geometry":{"type":"Polygon","coordinates":[[[72.83953903399285,19.075615457606794],[72.83953145826464,19.075848522682374],[72.83975144891639,19.075835839133774],[72.83974268638124,19.07559739423464],[72.83953903399285,19.075615457606794]]]}},{"type":"Feature","properties":{"layer":"DP_77","label":"Heritage building","confidence":"confirmed","HERITAGE_P":" ","GRADE":"III","VILLAGE":"LOWER PAREL","VILLAGE_DI":"LOWER PAREL","WARD":"G/S","REMARKS":" ","TYPE":"Heritage","CREATED_US":" ","LAST_EDITE":" ","OWNERSHIP":" ","USES":" ","MHCC_NOC":" ","DATE_":" ","NOC_FOR":" ","STRUCTURE":" ","FEATURE":" ","Q":"Y","HER_NUMBER_2":"22/586","HERITAGE_NAME":"SHREE DATTA MANDIR"},"geometry":{"type":"Polygon","coordinates":[[[72.82547759852208,19.014349644372984],[72.82531509190898,19.014420395077646],[72.82548542081273,19.014542473936917],[72.82547759852208,19.014349644372984]]]}},{"type":"Feature","properties":{"layer":"DP_77","label":"Heritage building","confidence":"confirmed","HERITAGE_P":" ","GRADE":"IIA","VILLAGE":"MAHIM","VILLAGE_DI":"MAHIM","WARD":"G/N","REMARKS":" ","TYPE":"Heritage","CREATED_US":" ","LAST_EDITE":" ","OWNERSHIP":" ","USES":" ","MHCC_NOC":" ","DATE_":" ","NOC_FOR":" ","STRUCTURE":" ","FEATURE":" ","Q":"Y","HER_NUMBER_2":"34/565","HERITAGE_NAME":"SANE GURUJI PARK"},"geometry":{"type":"Polygon","coordinates":[[[72.82965571263473,19.015876143541707],[72.83058402951674,19.016484352896107],[72.831953625591,19.015600857353647],[72.83112457568626,19.015037551830062],[72.83062085774067,19.015722123270315],[72.82997135219289,19.01541254697883],[72.82965571263473,19.015876143541707]]]}},{"type":"Feature","properties":{"layer":"DP_77","label":"Heritage building","confidence":"confirmed","HERITAGE_P":"UNIVERSITY","GRADE":"I","VILLAGE":"FORT","VILLAGE_DI":"FORT","WARD":"A","REMARKS":" ","TYPE":"Heritage","CREATED_US":" ","LAST_EDITE":" ","OWNERSHIP":" ","USES":" ","MHCC_NOC":" ","DATE_":" ","NOC_FOR":" ","STRUCTURE":" ","FEATURE":" ","Q":"Y","HER_NUMBER_2":"127/144","HERITAGE_NAME":"FLORA FOUNTAIN"},"geometry":{"type":"Polygon","coordinates":[[[72.83141192343524,18.93251284859727],[72.83158320703279,18.93252482852355],[72.83154539109093,18.932421964779493],[72.83141192343524,18.93251284859727]]]}},{"type":"Feature","properties":{"layer":"DP_77","label":"Heritage building","confidence":"confirmed","HERITAGE_P":" ","GRADE":"IIA","VILLAGE":"KLERABAD","VILLAGE_DI":"KLERABAD","WARD":"T","REMARKS":" ","TYPE":"Heritage","CREATED_US":" ","LAST_EDITE":" ","OWNERSHIP":" ","USES":" ","MHCC_NOC":" ","DATE_":" ","NOC_FOR":" ","STRUCTURE":" ","FEATURE":" ","Q":"Y","HER_NUMBER_2":"41/44","HERITAGE_NAME":"VIHAR DAM"},"geometry":{"type":"Polygon","coordinates":[[[72.90473951125345,19.14048289352094],[72.90619611608474,19.139741344270146],[72.90610905453335,19.139571032924163],[72.9047415733182,19.14026786656896],[72.90473951125345,19.14048289352094]]]}},{"type":"Feature","properties":{"layer":"DP_77","label":"Heritage building","confidence":"confirmed","HERITAGE_P":" ","GRADE":"IIA","VILLAGE":"FORT","VILLAGE_DI":"FORT","WARD":"A","REMARKS":" ","TYPE":"Heritage","CREATED_US":" ","LAST_EDITE":" ","OWNERSHIP":" ","USES":" ","MHCC_NOC":" ","DATE_":" ","NOC_FOR":" ","STRUCTURE":" ","FEATURE":" ","Q":"Y","HER_NUMBER_2":"276/45","HERITAGE_NAME":"ISMAIL BUILDING"},"geometry":{"type":"Polygon","coordinates":[[[72.832270447402,18.932705332976724],[72.83229917701175,18.932461062914008],[72.83199351473338,18.932534230591653],[72.832270447402,18.932705332976724]]]}},{"type":"Feature","properties":{"layer":"DP_77","label":"Heritage building","confidence":"confirmed","HERITAGE_P":" ","GRADE":"IIB","VILLAGE":"MATUNGA","VILLAGE_DI":"MATUNGA","WARD":"F/N","REMARKS":" ","TYPE":"Heritage","CREATED_US":" ","LAST_EDITE":" ","OWNERSHIP":" ","USES":" ","MHCC_NOC":" ","DATE_":" ","NOC_FOR":" ","STRUCTURE":" ","FEATURE":" ","Q":"Y","HER_NUMBER_2":"13/435","HERITAGE_NAME":"235-237, 241-243, RAM NIRANJAN ANANDILAL PODDAR COLLEGE OF COMMERCE AND ECONOMOCS"},"geometry":{"type":"Polygon","coordinates":[[[72.85024437066375,19.02557627869202],[72.85065996236072,19.025106946690713],[72.85045278063696,19.02428532327913],[72.84992602183765,19.024417812872652],[72.85024437066375,19.02557627869202]]]}},{"type":"Feature","properties":{"layer":"DP_77","label":"Heritage building","confidence":"confirmed","HERITAGE_P":" ","GRADE":"IIB","VILLAGE":"PRINCESS DOCK","VILLAGE_DI":"PRINCESS DOCK","WARD":"B","REMARKS":" ","TYPE":"Heritage","CREATED_US":" ","LAST_EDITE":" ","OWNERSHIP":" ","USES":" ","MHCC_NOC":" ","DATE_":" ","NOC_FOR":" ","STRUCTURE":" ","FEATURE":" ","Q":"Y","HER_NUMBER_2":"30/113","HERITAGE_NAME":"JAFAR SULEMAN MUSAFIRKHANA AND STUDENTS HOSTEL"},"geometry":{"type":"Polygon","coordinates":[[[72.84111867934591,18.95707435231219],[72.8411934686819,18.957401674843496],[72.84163449691104,18.95738385485894],[72.84155831924338,18.95707486424819],[72.84111867934591,18.95707435231219]]]}},{"type":"Feature","properties":{"layer":"DP_77","label":"Heritage building","confidence":"confirmed","HERITAGE_P":"BALLARD PIER","GRADE":"IIA","VILLAGE":"FORT","VILLAGE_DI":"FORT","WARD":"A","REMARKS":" ","TYPE":"Heritage","CREATED_US":" ","LAST_EDITE":" ","OWNERSHIP":" ","USES":" ","MHCC_NOC":" ","DATE_":" ","NOC_FOR":" ","STRUCTURE":" ","FEATURE":" ","Q":"Y","HER_NUMBER_2":"217/247","HERITAGE_NAME":"KAISAR-I-HIND BUILDING"},"geometry":{"type":"Polygon","coordinates":[[[72.84036737218058,18.935782466608508],[72.84013458487892,18.935728934371163],[72.84017239345934,18.935953430381435],[72.84036737218058,18.935782466608508]]]}},{"type":"Feature","properties":{"layer":"DP_77","label":"Heritage building","confidence":"confirmed","HERITAGE_P":"CANTONMENT","GRADE":"IIB","VILLAGE":"COLABA","VILLAGE_DI":"COLABA","WARD":"A","REMARKS":" ","TYPE":"Heritage","CREATED_US":" ","LAST_EDITE":" ","OWNERSHIP":" ","USES":" ","MHCC_NOC":" ","DATE_":" ","NOC_FOR":" ","STRUCTURE":" ","FEATURE":" ","Q":"Y","HER_NUMBER_2":"40/46","HERITAGE_NAME":"KUMAR MANGALAM HOUSE (MARSHAL HOUSE)"},"geometry":{"type":"Polygon","coordinates":[[[72.81007837181915,18.897672688499977],[72.81031224578183,18.89804515333275],[72.81066167044914,18.897976848882852],[72.81062304221422,18.897779856467963],[72.81007837181915,18.897672688499977]]]}},{"type":"Feature","properties":{"layer":"DP_77","label":"Heritage building","confidence":"confirmed","HERITAGE_P":"CANTONMENT","GRADE":"IIA","VILLAGE":"COLABA","VILLAGE_DI":"COLABA","WARD":"A","REMARKS":" ","TYPE":"Heritage","CREATED_US":" ","LAST_EDITE":" ","OWNERSHIP":" ","USES":" ","MHCC_NOC":" ","DATE_":" ","NOC_FOR":" ","STRUCTURE":" ","FEATURE":" ","Q":"Y","HER_NUMBER_2":"30/36","HERITAGE_NAME":"COLABA HOUSE"},"geometry":{"type":"Polygon","coordinates":[[[72.81219129860074,18.90147540120266],[72.81236561081947,18.902012497867325],[72.81287886835392,18.901870287694795],[72.81268488973623,18.901310805657612],[72.81219129860074,18.90147540120266]]]}},{"type":"Feature","properties":{"layer":"DP_77","label":"Heritage building","confidence":"confirmed","HERITAGE_P":"MAJESTIC","GRADE":"IIA","VILLAGE":"COLABA","VILLAGE_DI":"COLABA","WARD":"A","REMARKS":" ","TYPE":"Heritage","CREATED_US":" ","LAST_EDITE":" ","OWNERSHIP":" ","USES":" ","MHCC_NOC":" ","DATE_":" ","NOC_FOR":" ","STRUCTURE":" ","FEATURE":" ","Q":"Y","HER_NUMBER_2":"180/206(i)","HERITAGE_NAME":"(i) HOLY NAME CATHEDRAL"},"geometry":{"type":"Polygon","coordinates":[[[72.83037973602586,18.923554805200865],[72.83055807454191,18.923691651471522],[72.83082786279479,18.923395908279634],[72.83051551435425,18.923113878823134],[72.83016737584717,18.9233964833572],[72.83037973602586,18.923554805200865]]]}},{"type":"Feature","properties":{"layer":"DP_77","label":"Heritage building","confidence":"confirmed","HERITAGE_P":" ","GRADE":"III","VILLAGE":"MALABAR HILL","VILLAGE_DI":"MALABAR HILL","WARD":"D","REMARKS":" ","TYPE":"Heritage","CREATED_US":" ","LAST_EDITE":" ","OWNERSHIP":" ","USES":" ","MHCC_NOC":" ","DATE_":" ","NOC_FOR":" ","STRUCTURE":" ","FEATURE":" ","Q":"Y","HER_NUMBER_2":"153/285","HERITAGE_NAME":"DILPAZIR"},"geometry":{"type":"Polygon","coordinates":[[[72.80480904876515,18.97075934207025],[72.80530490265954,18.970730847907866],[72.80528849635367,18.970533262779753],[72.80480308980859,18.970551497105323],[72.80480904876515,18.97075934207025]]]}},{"type":"Feature","properties":{"layer":"DP_77","label":"Heritage building","confidence":"confirmed","HERITAGE_P":" ","GRADE":"III","VILLAGE":"BHULESHWAR","VILLAGE_DI":"BHULESHWAR","WARD":"C","REMARKS":" ","TYPE":"Heritage","CREATED_US":" ","LAST_EDITE":" ","OWNERSHIP":" ","USES":" ","MHCC_NOC":" ","DATE_":" ","NOC_FOR":" ","STRUCTURE":" ","FEATURE":" ","Q":"Y","HER_NUMBER_2":"40/185","HERITAGE_NAME":"MANGALDAS CLOTH MARKET"},"geometry":{"type":"Polygon","coordinates":[[[72.83212571946159,18.947796003937302],[72.83167567290342,18.94813599444819],[72.83236870459713,18.948676011276987],[72.83282626675148,18.94799503777124],[72.83264382913556,18.947926841064934],[72.83292330217975,18.94782805932109],[72.83218113790737,18.947461619471678],[72.83212571946159,18.947796003937302]]]}},{"type":"Feature","properties":{"layer":"DP_77","label":"Heritage building","confidence":"confirmed","HERITAGE_P":" ","GRADE":"III","VILLAGE":"BHULESHWAR","VILLAGE_DI":"BHULESHWAR","WARD":"C","REMARKS":" ","TYPE":"Heritage","CREATED_US":" ","LAST_EDITE":" ","OWNERSHIP":" ","USES":" ","MHCC_NOC":" ","DATE_":" ","NOC_FOR":" ","STRUCTURE":" ","FEATURE":" ","Q":"Y","HER_NUMBER_2":"21/168","HERITAGE_NAME":"DR. CHOGALE BUILDING"},"geometry":{"type":"Polygon","coordinates":[[[72.82421060192829,18.950099681581396],[72.82414372190293,18.949870138749358],[72.82401799282289,18.949959165263053],[72.82421060192829,18.950099681581396]]]}},{"type":"Feature","properties":{"layer":"DP_77","label":"Heritage building","confidence":"confirmed","HERITAGE_P":" ","GRADE":"IIB","VILLAGE":"BYCULLA","VILLAGE_DI":"BYCULLA","WARD":"E","REMARKS":" ","TYPE":"Heritage","CREATED_US":" ","LAST_EDITE":" ","OWNERSHIP":" ","USES":" ","MHCC_NOC":" ","DATE_":" ","NOC_FOR":" ","STRUCTURE":" ","FEATURE":" ","Q":"Y","HER_NUMBER_2":"33/325","HERITAGE_NAME":"TAYLOR MEMORIAL METHODIST CHURCH"},"geometry":{"type":"Polygon","coordinates":[[[72.83081620377227,18.970474384303948],[72.83104825900095,18.970970026431157],[72.8313127533785,18.970686538928916],[72.83081620377227,18.970474384303948]]]}},{"type":"Feature","properties":{"layer":"DP_77","label":"Heritage building","confidence":"confirmed","HERITAGE_P":" ","GRADE":"III","VILLAGE":"FORT","VILLAGE_DI":"FORT","WARD":"A","REMARKS":" ","TYPE":"Heritage","CREATED_US":" ","LAST_EDITE":" ","OWNERSHIP":" ","USES":" ","MHCC_NOC":" ","DATE_":" ","NOC_FOR":" ","STRUCTURE":" ","FEATURE":" ","Q":"Y","HER_NUMBER_2":"243/8","HERITAGE_NAME":"RAM MAHAL"},"geometry":{"type":"Polygon","coordinates":[[[72.82611362663415,18.93019997789855],[72.82632342454012,18.93015762304162],[72.82621198965641,18.92978515116302],[72.8259244842583,18.92993323571627],[72.82611362663415,18.93019997789855]]]}},{"type":"Feature","properties":{"layer":"DP_77","label":"Heritage building","confidence":"confirmed","HERITAGE_P":" ","GRADE":"III","VILLAGE":"MAZAGAON","VILLAGE_DI":"MAZAGAON","WARD":"E","REMARKS":" ","TYPE":"Heritage","CREATED_US":" ","LAST_EDITE":" ","OWNERSHIP":" ","USES":" ","MHCC_NOC":" ","DATE_":" ","NOC_FOR":" ","STRUCTURE":" ","FEATURE":" ","Q":"Y","HER_NUMBER_2":"87/380","HERITAGE_NAME":"MAZAGAON MANSION"},"geometry":{"type":"Polygon","coordinates":[[[72.84051602160875,18.972148259747833],[72.84072761079508,18.97212290696632],[72.84070893396319,18.971973227324593],[72.84051602160875,18.972148259747833]]]}},{"type":"Feature","properties":{"layer":"DP_77","label":"Heritage building","confidence":"confirmed","HERITAGE_P":" ","GRADE":"IIB","VILLAGE":"BANDRA-C","VILLAGE_DI":"BANDRA-C","WARD":"H/W","REMARKS":" ","TYPE":"Heritage","CREATED_US":" ","LAST_EDITE":" ","OWNERSHIP":" ","USES":" ","MHCC_NOC":" ","DATE_":" ","NOC_FOR":" ","STRUCTURE":" ","FEATURE":" ","Q":"Y","HER_NUMBER_2":"76/093","HERITAGE_NAME":"HIGH TREES/ L & T HOUSE"},"geometry":{"type":"Polygon","coordinates":[[[72.82808953723224,19.068418383921358],[72.82829771427053,19.068475612855405],[72.82837268098613,19.06809465959618],[72.82793298008853,19.067842321410854],[72.82781526183736,19.06828941143252],[72.82808953723224,19.068418383921358]]]}},{"type":"Feature","properties":{"layer":"DP_77","label":"Heritage building","confidence":"confirmed","HERITAGE_P":" ","GRADE":"III","VILLAGE":"MULUND-E","VILLAGE_DI":"MULUND-E","WARD":"T","REMARKS":" ","TYPE":"Heritage","CREATED_US":" ","LAST_EDITE":" ","OWNERSHIP":" ","USES":" ","MHCC_NOC":" ","DATE_":" ","NOC_FOR":" ","STRUCTURE":" ","FEATURE":" ","Q":"Y","HER_NUMBER_2":"46/49","HERITAGE_NAME":"'L' BUILDING AT PALM ACRES"},"geometry":{"type":"Polygon","coordinates":[[[72.96066774559442,19.17532704580314],[72.96079406090807,19.174890551607835],[72.96041607364832,19.174892370416007],[72.96066774559442,19.17532704580314]]]}},{"type":"Feature","properties":{"layer":"DP_77","label":"Heritage building","confidence":"confirmed","HERITAGE_P":"OVAL","GRADE":"IIA","VILLAGE":"FORT","VILLAGE_DI":"FORT","WARD":"A","REMARKS":" ","TYPE":"Heritage","CREATED_US":" ","LAST_EDITE":" ","OWNERSHIP":" ","USES":" ","MHCC_NOC":" ","DATE_":" ","NOC_FOR":" ","STRUCTURE":" ","FEATURE":" ","Q":"Y","HER_NUMBER_2":"160/181","HERITAGE_NAME":"MADHAVDAS LAXMIDAS KOTHARI PYAAU"},"geometry":{"type":"Polygon","coordinates":[[[72.82974330448043,18.94240582504115],[72.82984281748278,18.94242469197014],[72.82977647428365,18.942241270974773],[72.82974330448043,18.94240582504115]]]}},{"type":"Feature","properties":{"layer":"DP_77","label":"Heritage building","confidence":"confirmed","HERITAGE_P":" ","GRADE":"IIB","VILLAGE":"BYCULLA","VILLAGE_DI":"BYCULLA","WARD":"E","REMARKS":" ","TYPE":"Heritage","CREATED_US":" ","LAST_EDITE":" ","OWNERSHIP":" ","USES":" ","MHCC_NOC":" ","DATE_":" ","NOC_FOR":" ","STRUCTURE":" ","FEATURE":" ","Q":"Y","HER_NUMBER_2":"40/331","HERITAGE_NAME":"SAINT ANDREW MARATHI CHURCH & SCHOOL"},"geometry":{"type":"Polygon","coordinates":[[[72.82693250108875,18.97362958184972],[72.82645095329009,18.973529665419914],[72.82652468154706,18.97377469705019],[72.82695832799168,18.973903282264676],[72.82693250108875,18.97362958184972]]]}},{"type":"Feature","properties":{"layer":"DP_77","label":"Heritage building","confidence":"confirmed","HERITAGE_P":"B M C","GRADE":"IIA","VILLAGE":"FORT","VILLAGE_DI":"FORT","WARD":"A","REMARKS":" ","TYPE":"Heritage","CREATED_US":" ","LAST_EDITE":" ","OWNERSHIP":" ","USES":" ","MHCC_NOC":" ","DATE_":" ","NOC_FOR":" ","STRUCTURE":" ","FEATURE":" ","Q":"Y","HER_NUMBER_2":"139/159","HERITAGE_NAME":"RESIDENCY MAGISTRATE COURT"},"geometry":{"type":"Polygon","coordinates":[[[72.83308865342073,18.94231896003445],[72.8331623923142,18.942512302205213],[72.83381945299163,18.942070559242996],[72.833204229832,18.941144963473917],[72.83260140440352,18.94152610103076],[72.83308865342073,18.94231896003445]]]}},{"type":"Feature","properties":{"layer":"DP_77","label":"Heritage building","confidence":"confirmed","HERITAGE_P":" ","GRADE":"IIB","VILLAGE":"MALABAR HILL","VILLAGE_DI":"MALABAR HILL","WARD":"D","REMARKS":" ","TYPE":"Heritage","CREATED_US":" ","LAST_EDITE":" ","OWNERSHIP":" ","USES":" ","MHCC_NOC":" ","DATE_":" ","NOC_FOR":" ","STRUCTURE":" ","FEATURE":" ","Q":"Y","HER_NUMBER_2":"61/439","HERITAGE_NAME":"LAXMI NIWAS"},"geometry":{"type":"Polygon","coordinates":[[[72.80189130273979,18.96159986048061],[72.8023409955565,18.961448583520557],[72.80203231528881,18.961226475092435],[72.80181814662585,18.961321364909097],[72.80189130273979,18.96159986048061]]]}},{"type":"Feature","properties":{"layer":"DP_77","label":"Heritage building","confidence":"confirmed","HERITAGE_P":" ","GRADE":"III","VILLAGE":"BHULESHWAR","VILLAGE_DI":"BHULESHWAR","WARD":"C","REMARKS":" ","TYPE":"Heritage","CREATED_US":" ","LAST_EDITE":" ","OWNERSHIP":" ","USES":" ","MHCC_NOC":" ","DATE_":" ","NOC_FOR":" ","STRUCTURE":" ","FEATURE":" ","Q":"Y","HER_NUMBER_2":"3/142","HERITAGE_NAME":"SHRI KRISHNA NIWAS"},"geometry":{"type":"Polygon","coordinates":[[[72.832065671032,18.95214363207643],[72.83183943979758,18.95227370037964],[72.83206519106325,18.95234864737486],[72.83222391620068,18.95219041947902],[72.832065671032,18.95214363207643]]]}},{"type":"Feature","properties":{"layer":"DP_77","label":"Heritage building","confidence":"confirmed","HERITAGE_P":" ","GRADE":"III","VILLAGE":"FORT","VILLAGE_DI":"FORT","WARD":"C","REMARKS":" ","TYPE":"Heritage","CREATED_US":" ","LAST_EDITE":" ","OWNERSHIP":" ","USES":" ","MHCC_NOC":" ","DATE_":" ","NOC_FOR":" ","STRUCTURE":" ","FEATURE":" ","Q":"Y","HER_NUMBER_2":"11/150","HERITAGE_NAME":"MEGHDOOT"},"geometry":{"type":"Polygon","coordinates":[[[72.82352931240877,18.94383018846253],[72.82371819732309,18.943574678019885],[72.82337745440475,18.943313701401415],[72.82328204594975,18.94368943766309],[72.82352931240877,18.94383018846253]]]}},{"type":"Feature","properties":{"layer":"DP_77","label":"Heritage building","confidence":"confirmed","HERITAGE_P":" ","GRADE":"IIA","VILLAGE":" ","VILLAGE_DI":" ","WARD":"D","REMARKS":"AS PER NEW AGIARY LIST AT SR NO. 30","TYPE":" ","CREATED_US":" ","CREATED_DA":-2209161600000,"LAST_EDITE":" ","LAST_EDI_1":-2209161600000,"OWNERSHIP":" ","USES":" ","MHCC_NOC":" ","DATE_":" ","NOC_FOR":" ","STRUCTURE":" ","FEATURE":" ","Q":"Y","HER_NUMBER_2":" ","HERITAGE_NAME":"SETH  MERWANJI MANEKJI PATEL AGIARY ( KADMI ADARIAN)"},"geometry":{"type":"Polygon","coordinates":[[[72.8190180752404,18.962630359513447],[72.81876846925552,18.9627794467637],[72.81908949615698,18.962783237680156],[72.8190180752404,18.962630359513447]]]}},{"type":"Feature","properties":{"layer":"DP_77","label":"Heritage building","confidence":"confirmed","HERITAGE_P":" ","GRADE":"III","VILLAGE":"MANDVI","VILLAGE_DI":"MANDVI","WARD":"B","REMARKS":" ","TYPE":"Heritage","CREATED_US":" ","LAST_EDITE":" ","OWNERSHIP":" ","USES":" ","MHCC_NOC":" ","DATE_":" ","NOC_FOR":" ","STRUCTURE":" ","FEATURE":" ","Q":"Y","HER_NUMBER_2":"3a/82","HERITAGE_NAME":"MASKATI HOUSE"},"geometry":{"type":"Polygon","coordinates":[[[72.83430080171401,18.951185299717352],[72.83436536918313,18.950950562454782],[72.83418919312821,18.950909427739337],[72.83430080171401,18.951185299717352]]]}},{"type":"Feature","properties":{"layer":"DP_77","label":"Heritage building","confidence":"confirmed","HERITAGE_P":" ","GRADE":"IIA","VILLAGE":" ","VILLAGE_DI":" ","WARD":"F/N","REMARKS":" ","TYPE":" ","CREATED_US":" ","CREATED_DA":-2209161600000,"LAST_EDITE":" ","LAST_EDI_1":-2209161600000,"OWNERSHIP":" ","USES":" ","MHCC_NOC":" ","DATE_":" ","NOC_FOR":" ","STRUCTURE":" ","FEATURE":" ","Q":"Y","HER_NUMBER_2":"8/430","HERITAGE_NAME":"WATER FOUNTAIN IN MEMORY OF DR. M.V. PARULKAR"},"geometry":{"type":"Polygon","coordinates":[[[72.84737327804206,19.021693107838708],[72.84740855147324,19.02175266616095],[72.84742899181241,19.021714570837705],[72.84737327804206,19.021693107838708]]]}},{"type":"Feature","properties":{"layer":"DP_77","label":"Heritage building","confidence":"confirmed","HERITAGE_P":"BAZARGATE","GRADE":"IIA","VILLAGE":"FORT","VILLAGE_DI":"FORT","WARD":"A","REMARKS":" ","TYPE":"Heritage","CREATED_US":" ","LAST_EDITE":" ","OWNERSHIP":" ","USES":" ","MHCC_NOC":" ","DATE_":" ","NOC_FOR":" ","STRUCTURE":" ","FEATURE":" ","Q":"Y","HER_NUMBER_2":"103/119","HERITAGE_NAME":"BADRI MAHAL "},"geometry":{"type":"Polygon","coordinates":[[[72.83444791841208,18.936421793311506],[72.83406391495781,18.936461542415657],[72.8341361927441,18.93667325119497],[72.8344310181844,18.93668768063502],[72.83444791841208,18.936421793311506]]]}},{"type":"Feature","properties":{"layer":"DP_77","label":"Heritage building","confidence":"confirmed","HERITAGE_P":"OPERA HOUSE PRECINCT","GRADE":"IIA","VILLAGE":"GIRGAUM","VILLAGE_DI":"GIRGAUM","WARD":"D","REMARKS":" ","TYPE":"Heritage","CREATED_US":" ","LAST_EDITE":" ","OWNERSHIP":" ","USES":" ","MHCC_NOC":" ","DATE_":" ","NOC_FOR":" ","STRUCTURE":" ","FEATURE":" ","Q":"Y","HER_NUMBER_2":"87/478","HERITAGE_NAME":"OPERA HOUSE"},"geometry":{"type":"Polygon","coordinates":[[[72.81567408332727,18.956443733118935],[72.81581683661987,18.955953342750384],[72.81548475575103,18.95591066389807],[72.81530224167255,18.956462810975946],[72.81567408332727,18.956443733118935]]]}},{"type":"Feature","properties":{"layer":"DP_77","label":"Heritage building","confidence":"confirmed","HERITAGE_P":"CANTONMENT","GRADE":"IIA","VILLAGE":"COLABA","VILLAGE_DI":"COLABA","WARD":"A","REMARKS":" ","TYPE":"Heritage","CREATED_US":" ","LAST_EDITE":" ","OWNERSHIP":" ","USES":" ","MHCC_NOC":" ","DATE_":" ","NOC_FOR":" ","STRUCTURE":" ","FEATURE":" ","Q":"Y","HER_NUMBER_2":"26/29","HERITAGE_NAME":"INS TRATA COMPLEX"},"geometry":{"type":"Polygon","coordinates":[[[72.81157441972056,18.89646920449042],[72.81194100917081,18.897029000396223],[72.81261499718943,18.89673812083445],[72.81318707039331,18.89736526625984],[72.81382769496497,18.89702818270741],[72.81164331388378,18.89517285335739],[72.81089961804155,18.895159411533715],[72.810275494992,18.894719477644585],[72.80991210519808,18.894016787933158],[72.80914698982353,18.89415541531623],[72.80903883571536,18.894772804307877],[72.80959351019614,18.89454796610727],[72.81014913553683,18.894693799232428],[72.8103523165578,18.894833180457965],[72.8103567079791,18.895343928294096],[72.81091338685339,18.89559771068426],[72.81157441972056,18.89646920449042]]]}},{"type":"Feature","properties":{"layer":"DP_77","label":"Heritage building","confidence":"confirmed","HERITAGE_P":" ","GRADE":"I","VILLAGE":" ","VILLAGE_DI":" ","WARD":"A","REMARKS":" ","TYPE":" ","CREATED_US":" ","CREATED_DA":-2209161600000,"LAST_EDITE":" ","LAST_EDI_1":-2209161600000,"OWNERSHIP":" ","USES":" ","MHCC_NOC":" ","DATE_":" ","NOC_FOR":" ","STRUCTURE":" ","FEATURE":" ","Q":"Y","HER_NUMBER_2":"111/127","HERITAGE_NAME":"FOUNTAIN ( Three) IN MAHATMA PHULE MARKET"},"geometry":{"type":"Polygon","coordinates":[[[72.83493430629142,18.947729536725962],[72.8349870889762,18.947721621046686],[72.83494588426632,18.947700875095034],[72.83493430629142,18.947729536725962]]]}},{"type":"Feature","properties":{"layer":"DP_77","label":"Heritage building","confidence":"confirmed","HERITAGE_P":"FOUNTAIN","GRADE":"IIA","VILLAGE":"FORT","VILLAGE_DI":"FORT","WARD":"A","REMARKS":" ","TYPE":"Heritage","CREATED_US":" ","LAST_EDITE":" ","OWNERSHIP":" ","USES":" ","MHCC_NOC":" ","DATE_":" ","NOC_FOR":" ","STRUCTURE":" ","FEATURE":" ","Q":"Y","HER_NUMBER_2":"151/172","HERITAGE_NAME":"STANDARD CHARTERED BANK BUILDING (GRINDLEYS BANK BLDG.)"},"geometry":{"type":"Polygon","coordinates":[[[72.83079561024235,18.930627755126952],[72.8311300426822,18.930624444102],[72.831134932178,18.93029338122974],[72.83073506976338,18.930287618995628],[72.83079561024235,18.930627755126952]]]}},{"type":"Feature","properties":{"layer":"DP_77","label":"Heritage building","confidence":"confirmed","HERITAGE_P":"FOUNTAIN","GRADE":"IIA","VILLAGE":"FORT","VILLAGE_DI":"FORT","WARD":"A","REMARKS":" ","TYPE":"Heritage","CREATED_US":" ","LAST_EDITE":" ","OWNERSHIP":" ","USES":" ","MHCC_NOC":" ","DATE_":" ","NOC_FOR":" ","STRUCTURE":" ","FEATURE":" ","Q":"Y","HER_NUMBER_2":"221/251","HERITAGE_NAME":"BRADY'S HOUSE"},"geometry":{"type":"Polygon","coordinates":[[[72.83356528165051,18.932361959451292],[72.83390338967612,18.932631111341056],[72.83376315184391,18.93233998445673],[72.83356528165051,18.932361959451292]]]}},{"type":"Feature","properties":{"layer":"DP_77","label":"Heritage building","confidence":"confirmed","HERITAGE_P":" ","GRADE":"I","VILLAGE":"VYARAVLI","VILLAGE_DI":"VYARAVLI","WARD":"K/E","REMARKS":" ","TYPE":"Heritage","CREATED_US":" ","LAST_EDITE":" ","OWNERSHIP":" ","USES":" ","MHCC_NOC":" ","DATE_":" ","NOC_FOR":" ","STRUCTURE":" ","FEATURE":" ","Q":"Y","HER_NUMBER_2":"195/244","HERITAGE_NAME":"MAHAKALI CAVES"},"geometry":{"type":"Polygon","coordinates":[[[72.87324416138213,19.130049883306427],[72.8731407825527,19.130251568633835],[72.87358901827398,19.13132803675812],[72.87433662604208,19.130964705183768],[72.87401854742501,19.130292541533812],[72.87372875975365,19.130380064247962],[72.87339415721964,19.12995655607454],[72.87324416138213,19.130049883306427]]]}},{"type":"Feature","properties":{"layer":"DP_77","label":"Heritage building","confidence":"confirmed","HERITAGE_P":"CANTONMENT","GRADE":"IIB","VILLAGE":"COLABA","VILLAGE_DI":"COLABA","WARD":"A","REMARKS":" ","TYPE":"Heritage","CREATED_US":" ","LAST_EDITE":" ","OWNERSHIP":" ","USES":" ","MHCC_NOC":" ","DATE_":" ","NOC_FOR":" ","STRUCTURE":" ","FEATURE":" ","Q":"Y","HER_NUMBER_2":"44/52","HERITAGE_NAME":"1) BACKBAY HOUSE NO.1"},"geometry":{"type":"Polygon","coordinates":[[[72.80878734185183,18.89738171990701],[72.80960488582193,18.897113303662],[72.80940247773252,18.896547144337443],[72.8087381367711,18.89652813822755],[72.80878734185183,18.89738171990701]]]}},{"type":"Feature","properties":{"layer":"DP_77","label":"Heritage building","confidence":"confirmed","HERITAGE_P":"GATEWAY","GRADE":"III","VILLAGE":"FORT","VILLAGE_DI":"FORT","WARD":"A","REMARKS":" ","TYPE":"Heritage","CREATED_US":" ","LAST_EDITE":" ","OWNERSHIP":" ","USES":" ","MHCC_NOC":" ","DATE_":" ","NOC_FOR":" ","STRUCTURE":" ","FEATURE":" ","Q":"Y","HER_NUMBER_2":"80/93","HERITAGE_NAME":"DHANRAJ MAHAL"},"geometry":{"type":"Polygon","coordinates":[[[72.83366303869113,18.923868687487143],[72.83338205853335,18.924207013440743],[72.83356952855048,18.92451001314624],[72.83389611433991,18.924166117789937],[72.83366303869113,18.923868687487143]]]}},{"type":"Feature","properties":{"layer":"DP_77","label":"Heritage building","confidence":"confirmed","HERITAGE_P":" ","GRADE":"III","VILLAGE":"GHATKOPAR KIROL","VILLAGE_DI":"GHATKOPAR KIROL","WARD":"N","REMARKS":" ","TYPE":"Heritage","CREATED_US":" ","LAST_EDITE":" ","OWNERSHIP":" ","USES":" ","MHCC_NOC":" ","DATE_":" ","NOC_FOR":" ","STRUCTURE":" ","FEATURE":" ","Q":"Y","HER_NUMBER_2":"32/34","HERITAGE_NAME":"Jeerawala Parshvanath Jain Temple"},"geometry":{"type":"Polygon","coordinates":[[[72.90610418067551,19.08201533426697],[72.90567224010371,19.08191901113987],[72.90582713486047,19.08234805422635],[72.90611212804495,19.082255805324504],[72.90610418067551,19.08201533426697]]]}},{"type":"Feature","properties":{"layer":"DP_77","label":"Heritage building","confidence":"confirmed","HERITAGE_P":" ","GRADE":"IIA","VILLAGE":"MANDVI","VILLAGE_DI":"MANDVI","WARD":"B","REMARKS":" ","TYPE":"Heritage","CREATED_US":" ","LAST_EDITE":" ","OWNERSHIP":" ","USES":" ","MHCC_NOC":" ","DATE_":" ","NOC_FOR":" ","STRUCTURE":" ","FEATURE":" ","Q":"Y","HER_NUMBER_2":"39/122","HERITAGE_NAME":"BALKRISHNA TEMPLE"},"geometry":{"type":"Polygon","coordinates":[[[72.83644925302289,18.95171571251046],[72.83628450055953,18.951895547815766],[72.8366295827846,18.951966317589548],[72.83644925302289,18.95171571251046]]]}},{"type":"Feature","properties":{"layer":"DP_77","label":"Heritage building","confidence":"confirmed","HERITAGE_P":" ","GRADE":"III","VILLAGE":"MATUNGA","VILLAGE_DI":"MATUNGA","WARD":"F/N","REMARKS":" ","TYPE":"Heritage","CREATED_US":" ","LAST_EDITE":" ","OWNERSHIP":" ","USES":" ","MHCC_NOC":" ","DATE_":" ","NOC_FOR":" ","STRUCTURE":" ","FEATURE":" ","Q":"Y","HER_NUMBER_2":"44/473","HERITAGE_NAME":"471-496, KHALSA COLLEGE"},"geometry":{"type":"Polygon","coordinates":[[[72.85592339793122,19.025784925529386],[72.85626854193943,19.02603301348469],[72.85676151577242,19.025712017004814],[72.85690959363777,19.02485441035213],[72.85608154456499,19.024519546873623],[72.85592339793122,19.025784925529386]]]}},{"type":"Feature","properties":{"layer":"DP_77","label":"Heritage building","confidence":"confirmed","HERITAGE_P":" ","GRADE":"III","VILLAGE":"MALABAR HILL","VILLAGE_DI":"MALABAR HILL","WARD":"D","REMARKS":" ","TYPE":"Heritage","CREATED_US":" ","LAST_EDITE":" ","OWNERSHIP":" ","USES":" ","MHCC_NOC":" ","DATE_":" ","NOC_FOR":" ","STRUCTURE":" ","FEATURE":" ","Q":"Y","HER_NUMBER_2":"18/379","HERITAGE_NAME":"ADISHWAR JAIN TEMPLE"},"geometry":{"type":"Polygon","coordinates":[[[72.79868601196546,18.949095908747346],[72.79907090573299,18.949231974908383],[72.79894317063027,18.948978074512596],[72.79868601196546,18.949095908747346]]]}},{"type":"Feature","properties":{"layer":"DP_77","label":"Heritage building","confidence":"confirmed","HERITAGE_P":" ","GRADE":"III","VILLAGE":"MALABAR HILL","VILLAGE_DI":"MALABAR HILL","WARD":"D","REMARKS":" ","TYPE":"Heritage","CREATED_US":" ","LAST_EDITE":" ","OWNERSHIP":" ","USES":" ","MHCC_NOC":" ","DATE_":" ","NOC_FOR":" ","STRUCTURE":" ","FEATURE":" ","Q":"Y","HER_NUMBER_2":"19/380","HERITAGE_NAME":"DIL-KHUSH"},"geometry":{"type":"Polygon","coordinates":[[[72.7988191502574,18.949375262740865],[72.79866143025221,18.949503532472548],[72.79878975029474,18.94971297782408],[72.7988191502574,18.949375262740865]]]}},{"type":"Feature","properties":{"layer":"DP_77","label":"Heritage building","confidence":"confirmed","HERITAGE_P":" ","GRADE":"IIA","VILLAGE":"BYCULLA","VILLAGE_DI":"BYCULLA","WARD":"E","REMARKS":" ","TYPE":"Heritage","CREATED_US":" ","LAST_EDITE":" ","OWNERSHIP":" ","USES":" ","MHCC_NOC":" ","DATE_":" ","NOC_FOR":" ","STRUCTURE":" ","FEATURE":" ","Q":"Y","HER_NUMBER_2":"44/335","HERITAGE_NAME":"BABY GARDEN"},"geometry":{"type":"Polygon","coordinates":[[[72.82425348201959,18.973648340485873],[72.82447059474052,18.973587955814136],[72.82404304979751,18.973187956543928],[72.82392703178796,18.973379682435365],[72.82425348201959,18.973648340485873]]]}},{"type":"Feature","properties":{"layer":"DP_77","label":"Heritage building","confidence":"confirmed","HERITAGE_P":" ","GRADE":"III","VILLAGE":" ","VILLAGE_DI":" ","WARD":"A","REMARKS":" ","TYPE":" ","CREATED_US":" ","CREATED_DA":-2209161600000,"LAST_EDITE":" ","LAST_EDI_1":-2209161600000,"OWNERSHIP":" ","USES":" ","MHCC_NOC":" ","DATE_":" ","NOC_FOR":" ","STRUCTURE":" ","FEATURE":" ","Q":"Y","HER_NUMBER_2":"278/47","HERITAGE_NAME":"RELIANCE BUILDING"},"geometry":{"type":"Polygon","coordinates":[[[72.83353842846009,18.935370086897162],[72.83368910881347,18.93529935667887],[72.83368257378562,18.935252900572415],[72.83353842846009,18.935370086897162]]]}},{"type":"Feature","properties":{"layer":"DP_77","label":"Heritage building","confidence":"confirmed","HERITAGE_P":"BALLARD PIER","GRADE":"IIA","VILLAGE":"FORT","VILLAGE_DI":"FORT","WARD":"A","REMARKS":" ","TYPE":"Heritage","CREATED_US":" ","LAST_EDITE":" ","OWNERSHIP":" ","USES":" ","MHCC_NOC":" ","DATE_":" ","NOC_FOR":" ","STRUCTURE":" ","FEATURE":" ","Q":"Y","HER_NUMBER_2":"230/261(b)","HERITAGE_NAME":"b) KRUPANIDHI"},"geometry":{"type":"Polygon","coordinates":[[[72.84169579242825,18.935305135957393],[72.84156515253889,18.93510033662269],[72.84142363594316,18.935270987415013],[72.84169579242825,18.935305135957393]]]}},{"type":"Feature","properties":{"layer":"DP_77","label":"Heritage building","confidence":"confirmed","HERITAGE_P":"GATEWAY","GRADE":"III","VILLAGE":"COLABA","VILLAGE_DI":"COLABA","WARD":"A","REMARKS":" ","TYPE":"Heritage","CREATED_US":" ","LAST_EDITE":" ","OWNERSHIP":" ","USES":" ","MHCC_NOC":" ","DATE_":" ","NOC_FOR":" ","STRUCTURE":" ","FEATURE":" ","Q":"Y","HER_NUMBER_2":"122/140","HERITAGE_NAME":"CURZON HOUSE"},"geometry":{"type":"Polygon","coordinates":[[[72.83239675992475,18.92045426942538],[72.83270680462188,18.920327571412805],[72.83260419605152,18.92010375325712],[72.83226885442612,18.920238193778925],[72.83239675992475,18.92045426942538]]]}},{"type":"Feature","properties":{"layer":"DP_77","label":"Heritage building","confidence":"confirmed","HERITAGE_P":" ","GRADE":"III","VILLAGE":"BHULESHWAR","VILLAGE_DI":"BHULESHWAR","WARD":"C","REMARKS":" ","TYPE":"Heritage","CREATED_US":" ","LAST_EDITE":" ","OWNERSHIP":" ","USES":" ","MHCC_NOC":" ","DATE_":" ","NOC_FOR":" ","STRUCTURE":" ","FEATURE":" ","Q":"Y","HER_NUMBER_2":"70/208","HERITAGE_NAME":"GHADIALI BUILDING (66,SARDAR VALLABHAI PATEL ROAD)"},"geometry":{"type":"Polygon","coordinates":[[[72.83024173461907,18.959965247200717],[72.830362971073,18.95997233326144],[72.83023204041127,18.959878913177445],[72.83024173461907,18.959965247200717]]]}},{"type":"Feature","properties":{"layer":"DP_77","label":"Heritage building","confidence":"confirmed","HERITAGE_P":" ","GRADE":"IIA","VILLAGE":" ","VILLAGE_DI":" ","WARD":"T","REMARKS":" ","TYPE":"Heritage","CREATED_US":" ","LAST_EDITE":" ","OWNERSHIP":" ","USES":" ","MHCC_NOC":" ","DATE_":" ","NOC_FOR":" ","STRUCTURE":" ","FEATURE":" ","Q":"Y","HER_NUMBER_2":"43/46","HERITAGE_NAME":"VIHAR INLET TOWER"},"geometry":{"type":"Polygon","coordinates":[[[72.89970634124616,19.140142485401327],[72.89961861518587,19.14029324387218],[72.89974007603928,19.140307009554256],[72.89970634124616,19.140142485401327]]]}},{"type":"Feature","properties":{"layer":"DP_77","label":"Heritage building","confidence":"confirmed","HERITAGE_P":"MARINE DRIVE PRECINCT","GRADE":"III","VILLAGE":"GIRGAUM","VILLAGE_DI":"GIRGAUM","WARD":"D","REMARKS":" ","TYPE":"Heritage","CREATED_US":" ","LAST_EDITE":" ","OWNERSHIP":" ","USES":" ","MHCC_NOC":" ","DATE_":" ","NOC_FOR":" ","STRUCTURE":" ","FEATURE":" ","Q":"Y","HER_NUMBER_2":"82/462","HERITAGE_NAME":"ZAVERI HOUSE"},"geometry":{"type":"Polygon","coordinates":[[[72.81250914376726,18.95705511604998],[72.81207027552865,18.956748679500517],[72.81214269298094,18.957132213470814],[72.81250914376726,18.95705511604998]]]}},{"type":"Feature","properties":{"layer":"DP_77","label":"Heritage building","confidence":"confirmed","HERITAGE_P":" ","GRADE":"I","VILLAGE":"BANDRA-A","VILLAGE_DI":"BANDRA-A","WARD":"H/W","REMARKS":" ","TYPE":"Heritage","CREATED_US":" ","LAST_EDITE":" ","OWNERSHIP":" ","USES":" ","MHCC_NOC":" ","DATE_":" ","NOC_FOR":" ","STRUCTURE":" ","FEATURE":" ","Q":"Y","HER_NUMBER_2":"631","HERITAGE_NAME":"BANDRA RAILWAY STATION"},"geometry":{"type":"Polygon","coordinates":[[[72.84008939062399,19.054748544495588],[72.83998110000564,19.05534773035017],[72.84060072261177,19.05553422479893],[72.84082964933287,19.054837868294484],[72.84008939062399,19.054748544495588]]]}},{"type":"Feature","properties":{"layer":"DP_77","label":"Heritage building","confidence":"confirmed","HERITAGE_P":" ","GRADE":"III","VILLAGE":"MAHIM","VILLAGE_DI":"MAHIM","WARD":"G/N","REMARKS":" ","TYPE":"Heritage","CREATED_US":" ","LAST_EDITE":" ","OWNERSHIP":" ","USES":" ","MHCC_NOC":" ","DATE_":" ","NOC_FOR":" ","STRUCTURE":" ","FEATURE":" ","Q":"Y","HER_NUMBER_2":"29/559","HERITAGE_NAME":"HEARTS EASE"},"geometry":{"type":"Polygon","coordinates":[[[72.84118294418674,19.041268320129305],[72.84132089105363,19.04118680766804],[72.84119323100244,19.041068014195602],[72.84118294418674,19.041268320129305]]]}},{"type":"Feature","properties":{"layer":"DP_77","label":"Heritage building","confidence":"confirmed","HERITAGE_P":" ","GRADE":"IIB","VILLAGE":"MALABAR HILL","VILLAGE_DI":"MALABAR HILL","WARD":"D","REMARKS":" ","TYPE":"Heritage","CREATED_US":" ","LAST_EDITE":" ","OWNERSHIP":" ","USES":" ","MHCC_NOC":" ","DATE_":" ","NOC_FOR":" ","STRUCTURE":" ","FEATURE":" ","Q":"Y","HER_NUMBER_2":"44/414","HERITAGE_NAME":"KAMALA MANSION (JINDAL MANSION)"},"geometry":{"type":"Polygon","coordinates":[[[72.80960908322476,18.973689457874304],[72.80981507084635,18.973520524470953],[72.80941528788539,18.973362989675085],[72.80960908322476,18.973689457874304]]]}},{"type":"Feature","properties":{"layer":"DP_77","label":"Heritage building","confidence":"confirmed","HERITAGE_P":"B M C","GRADE":"IIB","VILLAGE":"FORT","VILLAGE_DI":"FORT","WARD":"A","REMARKS":" ","TYPE":"Heritage","CREATED_US":" ","LAST_EDITE":" ","OWNERSHIP":" ","USES":" ","MHCC_NOC":" ","DATE_":" ","NOC_FOR":" ","STRUCTURE":" ","FEATURE":" ","Q":"Y","HER_NUMBER_2":"130/150","HERITAGE_NAME":"ST. XAVIER'S HIGH SCHOOL"},"geometry":{"type":"Polygon","coordinates":[[[72.83078614118108,18.944896220277112],[72.83132495141402,18.944227151704816],[72.83101379121624,18.94402280442793],[72.83071907973175,18.944184238904768],[72.83019851969135,18.943801693700767],[72.82990542297155,18.944257091533686],[72.83078614118108,18.944896220277112]]]}},{"type":"Feature","properties":{"layer":"DP_77","label":"Heritage building","confidence":"confirmed","HERITAGE_P":"BALLARD PIER","GRADE":"IIA","VILLAGE":"FORT","VILLAGE_DI":"FORT","WARD":"A","REMARKS":" ","TYPE":"Heritage","CREATED_US":" ","LAST_EDITE":" ","OWNERSHIP":" ","USES":" ","MHCC_NOC":" ","DATE_":" ","NOC_FOR":" ","STRUCTURE":" ","FEATURE":" ","Q":"Y","HER_NUMBER_2":"193/220(e)","HERITAGE_NAME":"e) DARABSHAW HOUSE"},"geometry":{"type":"Polygon","coordinates":[[[72.84057701634366,18.933952463397095],[72.84038807533673,18.933992686210424],[72.84064932674617,18.934203432906568],[72.84057701634366,18.933952463397095]]]}},{"type":"Feature","properties":{"layer":"DP_77","label":"Heritage building","confidence":"confirmed","HERITAGE_P":" ","GRADE":"III","VILLAGE":"BHULESHWAR","VILLAGE_DI":"BHULESHWAR","WARD":"C","REMARKS":" ","TYPE":"Heritage","CREATED_US":" ","LAST_EDITE":" ","OWNERSHIP":" ","USES":" ","MHCC_NOC":" ","DATE_":" ","NOC_FOR":" ","STRUCTURE":" ","FEATURE":" ","Q":"Y","HER_NUMBER_2":"69/207","HERITAGE_NAME":"44,SARDAR VALLABHHAI PATEL ROAD"},"geometry":{"type":"Polygon","coordinates":[[[72.8307766211877,18.95837695698306],[72.83097719037366,18.95842962488377],[72.83099583112175,18.958301719533363],[72.8307766211877,18.95837695698306]]]}},{"type":"Feature","properties":{"layer":"DP_77","label":"Heritage building","confidence":"confirmed","HERITAGE_P":" ","GRADE":"III","VILLAGE":"MANDVI","VILLAGE_DI":"MANDVI","WARD":"B","REMARKS":" ","TYPE":"Heritage","CREATED_US":" ","LAST_EDITE":" ","OWNERSHIP":" ","USES":" ","MHCC_NOC":" ","DATE_":" ","NOC_FOR":" ","STRUCTURE":" ","FEATURE":" ","Q":"Y","HER_NUMBER_2":"41/124","HERITAGE_NAME":"SANTOSH CHAND BUILDING"},"geometry":{"type":"Polygon","coordinates":[[[72.83582363506159,18.951136002000766],[72.8356959641988,18.951037152158737],[72.8356875839575,18.95113457398488],[72.83582363506159,18.951136002000766]]]}},{"type":"Feature","properties":{"layer":"DP_77","label":"Heritage building","confidence":"confirmed","HERITAGE_P":" ","GRADE":"IIA","VILLAGE":"MATUNGA","VILLAGE_DI":"MATUNGA","WARD":"F/N","REMARKS":" ","TYPE":"Heritage","CREATED_US":" ","LAST_EDITE":" ","OWNERSHIP":" ","USES":" ","MHCC_NOC":" ","DATE_":" ","NOC_FOR":" ","STRUCTURE":" ","FEATURE":" ","Q":"Y","HER_NUMBER_2":"41/470","HERITAGE_NAME":"WADIA PARK"},"geometry":{"type":"Polygon","coordinates":[[[72.85033048248525,19.017418222590873],[72.85118786499665,19.01701493959408],[72.85111257878977,19.01680607786077],[72.85022403884778,19.01720796748485],[72.85033048248525,19.017418222590873]]]}},{"type":"Feature","properties":{"layer":"DP_77","label":"Heritage building","confidence":"confirmed","HERITAGE_P":" ","GRADE":"I","VILLAGE":" ","VILLAGE_DI":" ","WARD":"F/S","REMARKS":"CHE/33410/DP DT.23.02.2017","TYPE":" ","CREATED_US":" ","CREATED_DA":-2209161600000,"LAST_EDITE":" ","LAST_EDI_1":-2209161600000,"OWNERSHIP":" ","USES":" ","MHCC_NOC":" ","DATE_":" ","NOC_FOR":" ","STRUCTURE":" ","FEATURE":" ","Q":"Y","HER_NUMBER_2":"29/526","HERITAGE_NAME":"SEWEREE FORT"},"geometry":{"type":"Polygon","coordinates":[[[72.86022789392439,19.00087372419788],[72.86017444566058,19.000283956013533],[72.85995904753874,19.000596552375065],[72.86022789392439,19.00087372419788]]]}},{"type":"Feature","properties":{"layer":"DP_77","label":"Heritage building","confidence":"confirmed","HERITAGE_P":" ","GRADE":"III","VILLAGE":"MALABAR HILL","VILLAGE_DI":"MALABAR HILL","WARD":"D","REMARKS":" ","TYPE":"Heritage","CREATED_US":" ","LAST_EDITE":" ","OWNERSHIP":" ","USES":" ","MHCC_NOC":" ","DATE_":" ","NOC_FOR":" ","STRUCTURE":" ","FEATURE":" ","Q":"Y","HER_NUMBER_2":"30/395","HERITAGE_NAME":"LINCOLN HOUSE"},"geometry":{"type":"Polygon","coordinates":[[[72.80288482363116,18.970003136830684],[72.8036987144503,18.96983043082607],[72.80362744769528,18.969150743161396],[72.80265083308102,18.96936085726044],[72.80288482363116,18.970003136830684]]]}},{"type":"Feature","properties":{"layer":"DP_77","label":"Heritage building","confidence":"confirmed","HERITAGE_P":"HORNIMAN CIRCLE","GRADE":"III","VILLAGE":"FORT","VILLAGE_DI":"FORT","WARD":"A","REMARKS":" ","TYPE":"Heritage","CREATED_US":" ","LAST_EDITE":" ","OWNERSHIP":" ","USES":" ","MHCC_NOC":" ","DATE_":" ","NOC_FOR":" ","STRUCTURE":" ","FEATURE":" ","Q":"Y","HER_NUMBER_2":"210/237","HERITAGE_NAME":"GRESHAM ASSURANCE HOUSE"},"geometry":{"type":"Polygon","coordinates":[[[72.83685121651769,18.934322129764414],[72.83688351846982,18.934070129355543],[72.83667240753468,18.93399941198828],[72.8365889929711,18.93417310118841],[72.83685121651769,18.934322129764414]]]}},{"type":"Feature","properties":{"layer":"DP_77","label":"Heritage building","confidence":"confirmed","HERITAGE_P":" ","GRADE":"IIA","VILLAGE":"BYCULLA","VILLAGE_DI":"BYCULLA","WARD":"E","REMARKS":" ","TYPE":"Heritage","CREATED_US":" ","LAST_EDITE":" ","OWNERSHIP":" ","USES":" ","MHCC_NOC":" ","DATE_":" ","NOC_FOR":" ","STRUCTURE":" ","FEATURE":" ","Q":"Y","HER_NUMBER_2":"38/329","HERITAGE_NAME":"MAGEN HASSIDIM SYNAGOGUE"},"geometry":{"type":"Polygon","coordinates":[[[72.82662547093142,18.975502482792834],[72.82709199483918,18.975586144071002],[72.82701675312047,18.97540280067004],[72.82662547093142,18.975502482792834]]]}},{"type":"Feature","properties":{"layer":"DP_77","label":"Heritage building","confidence":"confirmed","HERITAGE_P":" ","GRADE":"IIB","VILLAGE":"BANDRA-B","VILLAGE_DI":"BANDRA-B","WARD":"H/W","REMARKS":" ","TYPE":"Heritage","CREATED_US":" ","LAST_EDITE":" ","OWNERSHIP":" ","USES":" ","MHCC_NOC":" ","DATE_":" ","NOC_FOR":" ","STRUCTURE":" ","FEATURE":" ","Q":"Y","HER_NUMBER_2":"14/015","HERITAGE_NAME":"RITUSAMHAR"},"geometry":{"type":"Polygon","coordinates":[[[72.82504078277022,19.054562742196325],[72.82553117448907,19.054644363589794],[72.82573340473425,19.054394777237803],[72.82490591840484,19.05416837853789],[72.82504078277022,19.054562742196325]]]}},{"type":"Feature","properties":{"layer":"DP_77","label":"Heritage building","confidence":"confirmed","HERITAGE_P":" ","GRADE":"III","VILLAGE":"BYCULLA","VILLAGE_DI":"BYCULLA","WARD":"E","REMARKS":" ","TYPE":"Heritage","CREATED_US":" ","LAST_EDITE":" ","OWNERSHIP":" ","USES":" ","MHCC_NOC":" ","DATE_":" ","NOC_FOR":" ","STRUCTURE":" ","FEATURE":" ","Q":"Y","HER_NUMBER_2":"59/350","HERITAGE_NAME":"ASHIDBAI BUILDING"},"geometry":{"type":"Polygon","coordinates":[[[72.82750641087529,18.980751476560965],[72.82793397520541,18.980648266807886],[72.82789243331234,18.98049558983824],[72.82750641087529,18.980751476560965]]]}},{"type":"Feature","properties":{"layer":"DP_77","label":"Heritage building","confidence":"confirmed","HERITAGE_P":" ","GRADE":"IIA","VILLAGE":"FORT","VILLAGE_DI":"FORT","WARD":"A","REMARKS":" ","TYPE":"Heritage","CREATED_US":" ","LAST_EDITE":" ","OWNERSHIP":" ","USES":" ","MHCC_NOC":" ","DATE_":" ","NOC_FOR":" ","STRUCTURE":" ","FEATURE":" ","Q":"Y","HER_NUMBER_2":"298/68","HERITAGE_NAME":"9, WALLACE STREET/ COMMERCIAL UNION HOUSE"},"geometry":{"type":"Polygon","coordinates":[[[72.83280455089965,18.937065258935675],[72.83294941204441,18.93732893363946],[72.8333565335381,18.93718107935203],[72.833258900588,18.936929528417277],[72.83280455089965,18.937065258935675]]]}},{"type":"Feature","properties":{"layer":"DP_77","label":"Heritage building","confidence":"confirmed","HERITAGE_P":"FOUNTAIN","GRADE":"IIA","VILLAGE":"FORT","VILLAGE_DI":"FORT","WARD":"A","REMARKS":" ","TYPE":"Heritage","CREATED_US":" ","LAST_EDITE":" ","OWNERSHIP":" ","USES":" ","MHCC_NOC":" ","DATE_":" ","NOC_FOR":" ","STRUCTURE":" ","FEATURE":" ","Q":"Y","HER_NUMBER_2":"154/175","HERITAGE_NAME":"HONGKONG BANK BLDG."},"geometry":{"type":"Polygon","coordinates":[[[72.83079003825283,18.931131051790484],[72.83106057454509,18.931681320294818],[72.83111486420498,18.931231966893115],[72.83079003825283,18.931131051790484]]]}},{"type":"Feature","properties":{"layer":"DP_77","label":"Heritage building","confidence":"confirmed","HERITAGE_P":" ","GRADE":"III","VILLAGE":"BANDRA-B","VILLAGE_DI":"BANDRA-B","WARD":"H/W","REMARKS":" ","TYPE":" ","CREATED_US":" ","LAST_EDITE":" ","OWNERSHIP":" ","USES":" ","MHCC_NOC":" ","DATE_":" ","NOC_FOR":" ","STRUCTURE":" ","FEATURE":" ","Q":"Y","HER_NUMBER_2":"623","HERITAGE_NAME":"CHARLETTE VILLA"},"geometry":{"type":"Polygon","coordinates":[[[72.82706784137704,19.053233465463475],[72.82722337339354,19.052876160218364],[72.82704449475409,19.052853137791978],[72.82706784137704,19.053233465463475]]]}},{"type":"Feature","properties":{"layer":"DP_77","label":"Heritage building","confidence":"confirmed","HERITAGE_P":" ","GRADE":"III","VILLAGE":"KURLA - 4","VILLAGE_DI":"KURLA - 4","WARD":"L","REMARKS":" ","TYPE":"Heritage","CREATED_US":" ","LAST_EDITE":" ","OWNERSHIP":" ","USES":" ","MHCC_NOC":" ","DATE_":" ","NOC_FOR":" ","STRUCTURE":" ","FEATURE":" ","Q":"Y","HER_NUMBER_2":"06/07","HERITAGE_NAME":"SARVESHWAR MAHADEV TEMPLE"},"geometry":{"type":"Polygon","coordinates":[[[72.87380488479202,19.061936097163382],[72.87407379977712,19.061746690670343],[72.87385766054476,19.06149840930555],[72.87360622659541,19.061703548783377],[72.87380488479202,19.061936097163382]]]}},{"type":"Feature","properties":{"layer":"DP_77","label":"Heritage building","confidence":"confirmed","HERITAGE_P":" ","GRADE":"IIB","VILLAGE":"MALABAR HILL","VILLAGE_DI":"MALABAR HILL","WARD":"D","REMARKS":" ","TYPE":"Heritage","CREATED_US":" ","LAST_EDITE":" ","OWNERSHIP":" ","USES":" ","MHCC_NOC":" ","DATE_":" ","NOC_FOR":" ","STRUCTURE":" ","FEATURE":" ","Q":"Y","HER_NUMBER_2":"52/426","HERITAGE_NAME":"ALL SAINTS CHURCH"},"geometry":{"type":"Polygon","coordinates":[[[72.80353188558132,18.955627880318506],[72.80309860813516,18.95592057877653],[72.8032451050777,18.956087550897237],[72.80353668327533,18.9560759216602],[72.8037201677611,18.955628750997985],[72.80353188558132,18.955627880318506]]]}},{"type":"Feature","properties":{"layer":"DP_77","label":"Heritage building","confidence":"confirmed","HERITAGE_P":" ","GRADE":"III","VILLAGE":"MALABAR HILL","VILLAGE_DI":"MALABAR HILL","WARD":"D","REMARKS":" ","TYPE":"Heritage","CREATED_US":" ","LAST_EDITE":" ","OWNERSHIP":" ","USES":" ","MHCC_NOC":" ","DATE_":" ","NOC_FOR":" ","STRUCTURE":" ","FEATURE":" ","Q":"Y","HER_NUMBER_2":"31/396","HERITAGE_NAME":"ROCKY ISLE (VASUDE'S RESIDENCE WITH TEMPLE"},"geometry":{"type":"Polygon","coordinates":[[[72.80523701328659,18.975158153360702],[72.80523968078242,18.975314671224336],[72.8054894049891,18.97523802419887],[72.80523701328659,18.975158153360702]]]}},{"type":"Feature","properties":{"layer":"DP_77","label":"Heritage building","confidence":"confirmed","HERITAGE_P":" ","GRADE":"III","VILLAGE":"MAZAGAON","VILLAGE_DI":"MAZAGAON","WARD":"E","REMARKS":" ","TYPE":"Heritage","CREATED_US":" ","LAST_EDITE":" ","OWNERSHIP":" ","USES":" ","MHCC_NOC":" ","DATE_":" ","NOC_FOR":" ","STRUCTURE":" ","FEATURE":" ","Q":"Y","HER_NUMBER_2":"80/373","HERITAGE_NAME":"LION'S DEN"},"geometry":{"type":"Polygon","coordinates":[[[72.8422351578642,18.97074835369985],[72.8425651431231,18.97082952800935],[72.84255220423495,18.970730269451415],[72.8422351578642,18.97074835369985]]]}},{"type":"Feature","properties":{"layer":"DP_77","label":"Heritage building","confidence":"confirmed","HERITAGE_P":" ","GRADE":"III","VILLAGE":" ","VILLAGE_DI":" ","WARD":"C","REMARKS":" ","TYPE":" ","CREATED_US":" ","CREATED_DA":-2209161600000,"LAST_EDITE":" ","LAST_EDI_1":-2209161600000,"OWNERSHIP":" ","USES":" ","MHCC_NOC":" ","DATE_":" ","NOC_FOR":" ","STRUCTURE":" ","FEATURE":" ","Q":"Y","HER_NUMBER_2":"55/197","HERITAGE_NAME":"128,132,CAVAL STREET"},"geometry":{"type":"Polygon","coordinates":[[[72.82714579768746,18.949726575264712],[72.82721268625608,18.94978819290987],[72.82726045615584,18.949689251908172],[72.82714579768746,18.949726575264712]]]}},{"type":"Feature","properties":{"layer":"DP_77","label":"Heritage building","confidence":"confirmed","HERITAGE_P":"BALLARD PIER","GRADE":"IIA","VILLAGE":"FORT","VILLAGE_DI":"FORT","WARD":"A","REMARKS":" ","TYPE":"Heritage","CREATED_US":" ","LAST_EDITE":" ","OWNERSHIP":" ","USES":" ","MHCC_NOC":" ","DATE_":" ","NOC_FOR":" ","STRUCTURE":" ","FEATURE":" ","Q":"Y","HER_NUMBER_2":"215/245","HERITAGE_NAME":"VIDESH DAAK BHAVAN ( IRWIN HOUSE-OFFICE OF CONTROLLER OF FOREIGN MAILS)"},"geometry":{"type":"Polygon","coordinates":[[[72.84016634792216,18.934974173249117],[72.83996475193108,18.93494648071603],[72.84000187193575,18.93526884466405],[72.84016634792216,18.934974173249117]]]}},{"type":"Feature","properties":{"layer":"DP_77","label":"Heritage building","confidence":"confirmed","HERITAGE_P":" ","GRADE":"IIB","VILLAGE":"LOWER PAREL","VILLAGE_DI":"LOWER PAREL","WARD":"G/S","REMARKS":" ","TYPE":"Heritage","CREATED_US":" ","LAST_EDITE":" ","OWNERSHIP":" ","USES":" ","MHCC_NOC":" ","DATE_":" ","NOC_FOR":" ","STRUCTURE":" ","FEATURE":" ","Q":"Y","HER_NUMBER_2":"17/580","HERITAGE_NAME":"HOLY CROSS CHURCH"},"geometry":{"type":"Polygon","coordinates":[[[72.83191756815711,19.005594242032306],[72.83145314030406,19.005655859877827],[72.83153211232256,19.005850453014396],[72.83222628052732,19.005756090694867],[72.83191756815711,19.005594242032306]]]}},{"type":"Feature","properties":{"layer":"DP_77","label":"Heritage building","confidence":"confirmed","HERITAGE_P":" ","GRADE":"III","VILLAGE":"BANDRA-E","VILLAGE_DI":"BANDRA-E","WARD":"H/W","REMARKS":" ","TYPE":"Heritage","CREATED_US":" ","LAST_EDITE":" ","OWNERSHIP":" ","USES":" ","MHCC_NOC":" ","DATE_":" ","NOC_FOR":" ","STRUCTURE":" ","FEATURE":" ","Q":"Y","HER_NUMBER_2":"95/116","HERITAGE_NAME":"KASHI NIWAS"},"geometry":{"type":"Polygon","coordinates":[[[72.83597552157173,19.073361291502334],[72.83635177336863,19.073469399051763],[72.83633983738147,19.073312921498623],[72.83597552157173,19.073361291502334]]]}},{"type":"Feature","properties":{"layer":"DP_77","label":"Heritage building","confidence":"confirmed","HERITAGE_P":"ESPLANDE","GRADE":"IIA","VILLAGE":"FORT","VILLAGE_DI":"FORT","WARD":"A","REMARKS":" ","TYPE":"Heritage","CREATED_US":" ","LAST_EDITE":" ","OWNERSHIP":" ","USES":" ","MHCC_NOC":" ","DATE_":" ","NOC_FOR":" ","STRUCTURE":" ","FEATURE":" ","Q":"Y","HER_NUMBER_2":"117/135","HERITAGE_NAME":"CHURCH OF ST. ANDREW & ST. COLUMBA"},"geometry":{"type":"Polygon","coordinates":[[[72.83324925834509,18.938822610480287],[72.83341969261741,18.938577104760245],[72.83325511627783,18.93847657818573],[72.83299448399934,18.938664780910717],[72.83324925834509,18.938822610480287]]]}},{"type":"Feature","properties":{"layer":"DP_77","label":"Heritage building","confidence":"confirmed","HERITAGE_P":"BALLARD PIER","GRADE":"IIA","VILLAGE":"FORT","VILLAGE_DI":"FORT","WARD":"A","REMARKS":" ","TYPE":"Heritage","CREATED_US":" ","LAST_EDITE":" ","OWNERSHIP":" ","USES":" ","MHCC_NOC":" ","DATE_":" ","NOC_FOR":" ","STRUCTURE":" ","FEATURE":" ","Q":"Y","HER_NUMBER_2":"123/141(9)","HERITAGE_NAME":"BUILDINGS OF BALLARD ESTATE, NAMELY 9) VOLTAS HOUSE"},"geometry":{"type":"Polygon","coordinates":[[[72.84084313644954,18.935476964294452],[72.8409687823529,18.935276377514732],[72.84080554011743,18.93528816242397],[72.84084313644954,18.935476964294452]]]}},{"type":"Feature","properties":{"layer":"DP_77","label":"Heritage building","confidence":"confirmed","HERITAGE_P":"9999","GRADE":"IIB","VILLAGE":"BYCULLA","VILLAGE_DI":"BYCULLA","WARD":"E","REMARKS":" ","TYPE":"Heritage","CREATED_US":" ","LAST_EDITE":" ","OWNERSHIP":" ","USES":" ","MHCC_NOC":" ","DATE_":" ","NOC_FOR":" ","STRUCTURE":" ","FEATURE":" ","Q":"Y","HER_NUMBER_2":"527","HERITAGE_NAME":"J.J. HOSPITAL COMPLEX"},"geometry":{"type":"Polygon","coordinates":[[[72.83647137533227,18.965546483767444],[72.8364659703201,18.96475122720749],[72.837349096993,18.96451778621705],[72.83695402366526,18.962820853254755],[72.83587126150368,18.962828983756914],[72.83442785161152,18.962211594627313],[72.83221748797229,18.962100110474097],[72.83261823616785,18.96555090342296],[72.83569792331194,18.965385145614356],[72.83582206112138,18.96622773544229],[72.83598867146125,18.966233844509446],[72.8364668828894,18.965925489913634],[72.83647137533227,18.965546483767444]]]}},{"type":"Feature","properties":{"layer":"DP_77","label":"Heritage building","confidence":"confirmed","HERITAGE_P":" ","GRADE":"III","VILLAGE":"VILE PARLE","VILLAGE_DI":"VILE PARLE","WARD":"K/E","REMARKS":" ","TYPE":"Heritage","CREATED_US":" ","LAST_EDITE":" ","OWNERSHIP":" ","USES":" ","MHCC_NOC":" ","DATE_":" ","NOC_FOR":" ","STRUCTURE":" ","FEATURE":" ","Q":"Y","HER_NUMBER_2":"203/256","HERITAGE_NAME":"GANESH BHAVAN"},"geometry":{"type":"Polygon","coordinates":[[[72.84868985200859,19.1000385034625],[72.84869665912815,19.09988005997163],[72.84852364332804,19.09990647985684],[72.84868985200859,19.1000385034625]]]}},{"type":"Feature","properties":{"layer":"DP_77","label":"Heritage building","confidence":"confirmed","HERITAGE_P":" ","GRADE":"III","VILLAGE":"BYCULLA","VILLAGE_DI":"BYCULLA","WARD":"E","REMARKS":" ","TYPE":"Heritage","CREATED_US":" ","LAST_EDITE":" ","OWNERSHIP":" ","USES":" ","MHCC_NOC":" ","DATE_":" ","NOC_FOR":" ","STRUCTURE":" ","FEATURE":" ","Q":"Y","HER_NUMBER_2":"21/312","HERITAGE_NAME":"THE RETREAT, ALL BUILDINGS"},"geometry":{"type":"Polygon","coordinates":[[[72.82565816748892,18.967964003470588],[72.8258985059218,18.96889221729538],[72.82620120065599,18.96873956548955],[72.82621870273042,18.968313578076703],[72.82609427507933,18.967858214526473],[72.82565816748892,18.967964003470588]]]}},{"type":"Feature","properties":{"layer":"DP_77","label":"Heritage building","confidence":"confirmed","HERITAGE_P":" ","GRADE":"IIA","VILLAGE":"BANDRA-A","VILLAGE_DI":"BANDRA-A","WARD":"H/W","REMARKS":" ","TYPE":" ","CREATED_US":" ","LAST_EDITE":" ","OWNERSHIP":" ","USES":" ","MHCC_NOC":" ","DATE_":" ","NOC_FOR":" ","STRUCTURE":" ","FEATURE":" ","Q":"Y","HER_NUMBER_2":"611","HERITAGE_NAME":"BANDRA MOSK"},"geometry":{"type":"Polygon","coordinates":[[[72.83848491196522,19.051636479602625],[72.83844960005901,19.0519422816805],[72.8387730812499,19.05183466119845],[72.83877330605219,19.051637518657106],[72.83848491196522,19.051636479602625]]]}},{"type":"Feature","properties":{"layer":"DP_77","label":"Heritage building","confidence":"confirmed","HERITAGE_P":" ","GRADE":"III","VILLAGE":"MAHIM","VILLAGE_DI":"MAHIM","WARD":"G/N","REMARKS":" ","TYPE":"Heritage","CREATED_US":" ","LAST_EDITE":" ","OWNERSHIP":" ","USES":" ","MHCC_NOC":" ","DATE_":" ","NOC_FOR":" ","STRUCTURE":" ","FEATURE":" ","Q":"Y","HER_NUMBER_2":"15/536","HERITAGE_NAME":"KITTE BHANDARI BUILDING"},"geometry":{"type":"Polygon","coordinates":[[[72.83921268102716,19.023799536630065],[72.83899491741619,19.023929929702927],[72.83910048422761,19.024047670300828],[72.83921268102716,19.023799536630065]]]}},{"type":"Feature","properties":{"layer":"DP_77","label":"Heritage building","confidence":"confirmed","HERITAGE_P":"FOUNTAIN","GRADE":"IIA","VILLAGE":"FORT","VILLAGE_DI":"FORT","WARD":"A","REMARKS":" ","TYPE":"Heritage","CREATED_US":" ","LAST_EDITE":" ","OWNERSHIP":" ","USES":" ","MHCC_NOC":" ","DATE_":" ","NOC_FOR":" ","STRUCTURE":" ","FEATURE":" ","Q":"Y","HER_NUMBER_2":"152/173","HERITAGE_NAME":"BANK OF INDIA BLDG."},"geometry":{"type":"Polygon","coordinates":[[[72.83070314673564,18.930628672753134],[72.83079003825283,18.931131051790484],[72.83111580689601,18.93113256594667],[72.83112679797175,18.93074026109688],[72.83070314673564,18.930628672753134]]]}},{"type":"Feature","properties":{"layer":"DP_77","label":"Heritage building","confidence":"confirmed","HERITAGE_P":" ","GRADE":"III","VILLAGE":"MAZAGAON","VILLAGE_DI":"MAZAGAON","WARD":"E","REMARKS":" ","TYPE":"Heritage","CREATED_US":" ","CREATED_DA":-2209161600000,"LAST_EDITE":" ","LAST_EDI_1":-2209161600000,"OWNERSHIP":" ","USES":" ","MHCC_NOC":" ","DATE_":" ","NOC_FOR":" ","STRUCTURE":" ","FEATURE":" ","Q":"Y","HER_NUMBER_2":"6/299","HERITAGE_NAME":"BAI JERBAI BAUG - ALL BUILDINGS"},"geometry":{"type":"Polygon","coordinates":[[[72.83400950710589,18.97431447260011],[72.83392898940114,18.974913344731686],[72.8348891894563,18.975025597281174],[72.83486102544093,18.975510301611692],[72.83526615820087,18.9755774022092],[72.83534646929036,18.974622177475112],[72.83400950710589,18.97431447260011]]]}},{"type":"Feature","properties":{"layer":"DP_77","label":"Heritage building","confidence":"confirmed","HERITAGE_P":" ","GRADE":"I","VILLAGE":"MAHIM","VILLAGE_DI":"MAHIM","WARD":"G/N","REMARKS":" ","TYPE":"Heritage","CREATED_US":" ","LAST_EDITE":" ","OWNERSHIP":" ","USES":" ","MHCC_NOC":" ","DATE_":" ","NOC_FOR":" ","STRUCTURE":" ","FEATURE":" ","Q":"Y","HER_NUMBER_2":"10/563","HERITAGE_NAME":"MAHIM FORT"},"geometry":{"type":"Polygon","coordinates":[[[72.83805419822166,19.04228985144822],[72.8383155833664,19.04239566986175],[72.83849381297146,19.0419533927634],[72.83802980588926,19.04157908364351],[72.8377625644649,19.042114443881072],[72.83791748434238,19.042402192920736],[72.83805419822166,19.04228985144822]]]}},{"type":"Feature","properties":{"layer":"DP_77","label":"Heritage building","confidence":"confirmed","HERITAGE_P":" ","GRADE":"III","VILLAGE":"BHULESHWAR","VILLAGE_DI":"BHULESHWAR","WARD":"C","REMARKS":" ","TYPE":"Heritage","CREATED_US":" ","LAST_EDITE":" ","OWNERSHIP":" ","USES":" ","MHCC_NOC":" ","DATE_":" ","NOC_FOR":" ","STRUCTURE":" ","FEATURE":" ","Q":"Y","HER_NUMBER_2":"330","HERITAGE_NAME":"SHREE ADISHWAR JAIN TEMPLE"},"geometry":{"type":"Polygon","coordinates":[[[72.83113643440271,18.953891136857226],[72.83124333097574,18.953794532526473],[72.83110810465995,18.953680046089993],[72.83113643440271,18.953891136857226]]]}},{"type":"Feature","properties":{"layer":"DP_77","label":"Heritage building","confidence":"confirmed","HERITAGE_P":" ","GRADE":"IIB","VILLAGE":"VILE PARLE","VILLAGE_DI":"VILE PARLE","WARD":"K/E","REMARKS":" ","TYPE":"Heritage","CREATED_US":" ","LAST_EDITE":" ","OWNERSHIP":" ","USES":" ","MHCC_NOC":" ","DATE_":" ","NOC_FOR":" ","STRUCTURE":" ","FEATURE":" ","Q":"Y","HER_NUMBER_2":"210/265","HERITAGE_NAME":"VAHAN VATI BUILDING"},"geometry":{"type":"Polygon","coordinates":[[[72.84355009820557,19.094401849138173],[72.84377998768376,19.094291901808003],[72.84362462936632,19.09417330739816],[72.84355009820557,19.094401849138173]]]}},{"type":"Feature","properties":{"layer":"DP_77","label":"Heritage building","confidence":"confirmed","HERITAGE_P":" ","GRADE":"IIA","VILLAGE":"MAZAGAON","VILLAGE_DI":"MAZAGAON","WARD":"E","REMARKS":" ","TYPE":"Heritage","CREATED_US":" ","LAST_EDITE":" ","OWNERSHIP":" ","USES":" ","MHCC_NOC":" ","DATE_":" ","NOC_FOR":" ","STRUCTURE":" ","FEATURE":" ","Q":"Y","HER_NUMBER_2":"94-b/388","HERITAGE_NAME":"ST. MARY SCHOOL- NORTH & EAST  WING (ST. ANNIE;S CHURCH , ST. MARY;S SCHOOL PREMISES)"},"geometry":{"type":"Polygon","coordinates":[[[72.83592886200681,18.97027554435777],[72.83599154994177,18.970795406539228],[72.83675469272107,18.970634983280647],[72.83647136403955,18.969546911961856],[72.83599782906597,18.969832007076224],[72.83592886200681,18.97027554435777]]]}},{"type":"Feature","properties":{"layer":"DP_77","label":"Heritage building","confidence":"confirmed","HERITAGE_P":"B M C","GRADE":"IIA","VILLAGE":"FORT","VILLAGE_DI":"FORT","WARD":"A","REMARKS":" ","TYPE":"Heritage","CREATED_US":" ","LAST_EDITE":" ","OWNERSHIP":" ","USES":" ","MHCC_NOC":" ","DATE_":" ","NOC_FOR":" ","STRUCTURE":" ","FEATURE":" ","Q":"Y","HER_NUMBER_2":"107/123","HERITAGE_NAME":"TIMES OF INDIA BLDG."},"geometry":{"type":"Polygon","coordinates":[[[72.83395803832208,18.941986675674563],[72.83440929618487,18.942071989612707],[72.83457910373009,18.941234184588197],[72.83401534677031,18.94118052338077],[72.83395803832208,18.941986675674563]]]}},{"type":"Feature","properties":{"layer":"DP_77","label":"Heritage building","confidence":"confirmed","HERITAGE_P":"GATEWAY","GRADE":"III","VILLAGE":"COLABA","VILLAGE_DI":"COLABA","WARD":"A","REMARKS":" ","TYPE":"Heritage","CREATED_US":" ","LAST_EDITE":" ","OWNERSHIP":" ","USES":" ","MHCC_NOC":" ","DATE_":" ","NOC_FOR":" ","STRUCTURE":" ","FEATURE":" ","Q":"Y","HER_NUMBER_2":"58/67","HERITAGE_NAME":"MAHINDRA & MAHINDRA BIDG."},"geometry":{"type":"Polygon","coordinates":[[[72.832720558734,18.923677987617218],[72.83312157215867,18.92377327723954],[72.83290083960031,18.923568926919515],[72.832720558734,18.923677987617218]]]}},{"type":"Feature","properties":{"layer":"DP_77","label":"Heritage building","confidence":"confirmed","HERITAGE_P":" ","GRADE":"IIB","VILLAGE":"MANDVI","VILLAGE_DI":"MANDVI","WARD":"B","REMARKS":" ","TYPE":"Heritage","CREATED_US":" ","LAST_EDITE":" ","OWNERSHIP":" ","USES":" ","MHCC_NOC":" ","DATE_":" ","NOC_FOR":" ","STRUCTURE":" ","FEATURE":" ","Q":"Y","HER_NUMBER_2":"34/117","HERITAGE_NAME":"NAGDEVI STREET MASJID"},"geometry":{"type":"Polygon","coordinates":[[[72.83436954664094,18.949042846150856],[72.83441932596095,18.94890026275521],[72.8341356297228,18.949005996686452],[72.83436954664094,18.949042846150856]]]}},{"type":"Feature","properties":{"layer":"DP_77","label":"Heritage building","confidence":"confirmed","HERITAGE_P":" ","GRADE":"III","VILLAGE":"BANDRA-C","VILLAGE_DI":"BANDRA-C","WARD":"H/W","REMARKS":" ","TYPE":"Heritage","CREATED_US":" ","LAST_EDITE":" ","OWNERSHIP":" ","USES":" ","MHCC_NOC":" ","DATE_":" ","NOC_FOR":" ","STRUCTURE":" ","FEATURE":" ","Q":"Y","HER_NUMBER_2":"579","HERITAGE_NAME":"19/19-A, CARTER ROADS"},"geometry":{"type":"Polygon","coordinates":[[[72.82284813464291,19.063677119409277],[72.82322301071638,19.063681419542846],[72.82319819064557,19.063106806671655],[72.82276426866846,19.063113431523707],[72.82284813464291,19.063677119409277]]]}},{"type":"Feature","properties":{"layer":"DP_77","label":"Heritage building","confidence":"confirmed","HERITAGE_P":" ","GRADE":"IIB","VILLAGE":"PAREL-SEWERI","VILLAGE_DI":"PAREL-SEWERI","WARD":"F/S","REMARKS":" ","TYPE":"Heritage","CREATED_US":" ","LAST_EDITE":" ","OWNERSHIP":" ","USES":" ","MHCC_NOC":" ","DATE_":" ","NOC_FOR":" ","STRUCTURE":" ","FEATURE":" ","Q":"Y","HER_NUMBER_2":"25/519","HERITAGE_NAME":"CHRISTIAN CEMETERY"},"geometry":{"type":"Polygon","coordinates":[[[72.85194363253214,19.004955193983864],[72.85273089736863,19.004940784639054],[72.85239954425522,19.002576044186334],[72.85263520990023,19.002448995609004],[72.85254483013405,19.001902445349092],[72.85215564396623,19.00058493672205],[72.85114295191798,19.000420292235162],[72.85119707217592,19.000830424157094],[72.8508271672161,19.001209290936657],[72.8509479268966,19.00175587939601],[72.85045384436368,19.001860110627657],[72.85024098391855,19.004091538192085],[72.85093025435154,19.004159265055247],[72.85099832232687,19.005034552119493],[72.85194363253214,19.004955193983864]]]}},{"type":"Feature","properties":{"layer":"DP_77","label":"Heritage building","confidence":"confirmed","HERITAGE_P":" ","GRADE":"III","VILLAGE":"BHULESHWAR","VILLAGE_DI":"BHULESHWAR","WARD":"C","REMARKS":" ","TYPE":"Heritage","CREATED_US":" ","LAST_EDITE":" ","OWNERSHIP":" ","USES":" ","MHCC_NOC":" ","DATE_":" ","NOC_FOR":" ","STRUCTURE":" ","FEATURE":" ","Q":"Y","HER_NUMBER_2":"274","HERITAGE_NAME":"LARGE ORDINARY STRUCTURE FOR DRINKING WATER, BEST SUB STAION, A GARBAGE DUMP YARD AND COM"},"geometry":{"type":"Polygon","coordinates":[[[72.83144050490665,18.95275205213308],[72.83139574542255,18.95284660178032],[72.831449673788,18.952853517739292],[72.83144050490665,18.95275205213308]]]}},{"type":"Feature","properties":{"layer":"DP_77","label":"Heritage building","confidence":"confirmed","HERITAGE_P":" ","GRADE":"III","VILLAGE":"MANDVI","VILLAGE_DI":"MANDVI","WARD":"B","REMARKS":" ","TYPE":"Heritage","CREATED_US":" ","LAST_EDITE":" ","OWNERSHIP":" ","USES":" ","MHCC_NOC":" ","DATE_":" ","NOC_FOR":" ","STRUCTURE":" ","FEATURE":" ","Q":"Y","HER_NUMBER_2":"B-29","HERITAGE_NAME":"SARDAR VALLABHBHAI PATEL ROAD FRONT (SANDHURST ROAD FRONT)"},"geometry":{"type":"Polygon","coordinates":[[[72.83484511609377,18.958073711691913],[72.83498687350843,18.957976669031297],[72.83468264920171,18.957574489649144],[72.83381440952309,18.9575255743073],[72.83393277328271,18.95817634414438],[72.83446775520024,18.958227728579764],[72.83393298376814,18.959320332283884],[72.8344722445975,18.95996271942897],[72.83478885925703,18.959929606051823],[72.83442104042642,18.959105544153736],[72.83497403315563,18.95872559000615],[72.83484511609377,18.958073711691913]]]}},{"type":"Feature","properties":{"layer":"DP_77","label":"Heritage building","confidence":"confirmed","HERITAGE_P":" ","GRADE":"IIA","VILLAGE":"FORT","VILLAGE_DI":"FORT","WARD":"A","REMARKS":" ","TYPE":"Heritage","CREATED_US":" ","LAST_EDITE":" ","OWNERSHIP":" ","USES":" ","MHCC_NOC":" ","DATE_":" ","NOC_FOR":" ","STRUCTURE":" ","FEATURE":" ","Q":"Y","HER_NUMBER_2":"290/60","HERITAGE_NAME":"222, KODAK HOUSE"},"geometry":{"type":"Polygon","coordinates":[[[72.83327949076985,18.936650374930075],[72.83375052138811,18.93660266388222],[72.83369135406016,18.936425150263695],[72.83327949076985,18.936650374930075]]]}},{"type":"Feature","properties":{"layer":"DP_77","label":"Heritage building","confidence":"confirmed","HERITAGE_P":"ESPLANDE","GRADE":"IIA","VILLAGE":"FORT","VILLAGE_DI":"FORT","WARD":"A","REMARKS":" ","TYPE":"Heritage","CREATED_US":" ","LAST_EDITE":" ","OWNERSHIP":" ","USES":" ","MHCC_NOC":" ","DATE_":" ","NOC_FOR":" ","STRUCTURE":" ","FEATURE":" ","Q":"Y","HER_NUMBER_2":"97/113","HERITAGE_NAME":"J.N. PETIT INSTITUTE (JAMSHEDJI NESARWANJI PETIT INSTITUTE)"},"geometry":{"type":"Polygon","coordinates":[[[72.83223660718035,18.934708414674915],[72.83263691065592,18.934612662231785],[72.83233872353016,18.934412012624293],[72.83212241271872,18.934558167403],[72.83223660718035,18.934708414674915]]]}},{"type":"Feature","properties":{"layer":"DP_77","label":"Heritage building","confidence":"confirmed","HERITAGE_P":" ","GRADE":"III","VILLAGE":"MAHIM","VILLAGE_DI":"MAHIM","WARD":"G/N","REMARKS":" ","TYPE":"Heritage","CREATED_US":" ","LAST_EDITE":" ","OWNERSHIP":" ","USES":" ","MHCC_NOC":" ","DATE_":" ","NOC_FOR":" ","STRUCTURE":" ","FEATURE":" ","Q":"Y","HER_NUMBER_2":"14/534","HERITAGE_NAME":"PARK VIEW"},"geometry":{"type":"Polygon","coordinates":[[[72.83746291083847,19.02435222659061],[72.83739198997131,19.024117299481137],[72.83725147532368,19.024174659584464],[72.83746291083847,19.02435222659061]]]}},{"type":"Feature","properties":{"layer":"DP_77","label":"Heritage building","confidence":"confirmed","HERITAGE_P":" ","GRADE":"IIA","VILLAGE":"POISAR","VILLAGE_DI":"POISAR","WARD":"R","REMARKS":" ","TYPE":"Heritage","CREATED_US":" ","LAST_EDITE":" ","OWNERSHIP":" ","USES":" ","MHCC_NOC":" ","DATE_":" ","NOC_FOR":" ","STRUCTURE":" ","FEATURE":" ","Q":"Y","HER_NUMBER_2":"156/198","HERITAGE_NAME":"OUR LADY OF REMEDY CHURCH"},"geometry":{"type":"Polygon","coordinates":[[[72.85094245591684,19.214655954980408],[72.850949357117,19.214907020071603],[72.85161679078793,19.214707827990072],[72.85132480390095,19.213891743320886],[72.85094245591684,19.214655954980408]]]}},{"type":"Feature","properties":{"layer":"DP_77","label":"Heritage building","confidence":"confirmed","HERITAGE_P":" ","GRADE":"III","VILLAGE":"MALABAR HILL","VILLAGE_DI":"MALABAR HILL","WARD":"D","REMARKS":" ","TYPE":"Heritage","CREATED_US":" ","LAST_EDITE":" ","OWNERSHIP":" ","USES":" ","MHCC_NOC":" ","DATE_":" ","NOC_FOR":" ","STRUCTURE":" ","FEATURE":" ","Q":"Y","HER_NUMBER_2":"148/262","HERITAGE_NAME":"OLD BOTAWALA BUILDING"},"geometry":{"type":"Polygon","coordinates":[[[72.80944043758454,18.963787014680936],[72.80966301798561,18.964022153762865],[72.80968221749856,18.9637809923618],[72.80944043758454,18.963787014680936]]]}},{"type":"Feature","properties":{"layer":"DP_77","label":"Heritage building","confidence":"confirmed","HERITAGE_P":" ","GRADE":"III","VILLAGE":"BANDRA-C","VILLAGE_DI":"BANDRA-C","WARD":"H/W","REMARKS":" ","TYPE":"Heritage","CREATED_US":" ","LAST_EDITE":" ","OWNERSHIP":" ","USES":" ","MHCC_NOC":" ","DATE_":" ","NOC_FOR":" ","STRUCTURE":" ","FEATURE":" ","Q":"Y","HER_NUMBER_2":"28/040","HERITAGE_NAME":"D'SOUZA HOUSE"},"geometry":{"type":"Polygon","coordinates":[[[72.82859858053301,19.058553297141973],[72.82865906181343,19.05838648991757],[72.82828549267316,19.05834837434923],[72.82825026321244,19.058517464998772],[72.82859858053301,19.058553297141973]]]}},{"type":"Feature","properties":{"layer":"DP_77","label":"Heritage building","confidence":"confirmed","HERITAGE_P":" ","GRADE":"IIA","VILLAGE":"BYCULLA","VILLAGE_DI":"BYCULLA","WARD":"E","REMARKS":" ","TYPE":" ","CREATED_US":" ","LAST_EDITE":" ","OWNERSHIP":" ","USES":" ","MHCC_NOC":" ","DATE_":" ","NOC_FOR":" ","STRUCTURE":" ","FEATURE":" ","Q":"Y","HER_NUMBER_2":"28/320","HERITAGE_NAME":"DATTA MANDIR"},"geometry":{"type":"Polygon","coordinates":[[[72.82681596070783,18.96426876887357],[72.82684297006186,18.96416244467228],[72.82674037220657,18.96418895456877],[72.82681596070783,18.96426876887357]]]}},{"type":"Feature","properties":{"layer":"DP_77","label":"Heritage building","confidence":"confirmed","HERITAGE_P":" ","GRADE":"IIA","VILLAGE":"ANDHERI","VILLAGE_DI":"ANDHERI","WARD":"K/W","REMARKS":"NOTIFIED BY GOV ON 02.02.2008","TYPE":"Heritage","CREATED_US":" ","LAST_EDITE":" ","OWNERSHIP":" ","USES":" ","MHCC_NOC":" ","DATE_":" ","NOC_FOR":" ","STRUCTURE":" ","FEATURE":" ","Q":"Y","HER_NUMBER_2":"GOV. NOTIFIED","HERITAGE_NAME":"GILBERT HILL"},"geometry":{"type":"Polygon","coordinates":[[[72.84058588789311,19.120914590364773],[72.84052177267586,19.120737563114478],[72.84100391029405,19.12063574262869],[72.84016553939715,19.119878029685168],[72.83981255048415,19.120074268555076],[72.83965085758315,19.11981701025577],[72.83940369114318,19.119893746639068],[72.83968221164216,19.120148384008438],[72.83948094565663,19.120600451791468],[72.83910639917117,19.120689791111218],[72.83890449638628,19.120025200542155],[72.83834613315156,19.11985845568637],[72.83789342279495,19.12001374872297],[72.8386637499451,19.121217669407944],[72.84058588789311,19.120914590364773]]]}},{"type":"Feature","properties":{"layer":"DP_77","label":"Heritage building","confidence":"confirmed","HERITAGE_P":" ","GRADE":"III","VILLAGE":"MALAD","VILLAGE_DI":"MALAD","WARD":"R","REMARKS":" ","TYPE":"Heritage","CREATED_US":" ","LAST_EDITE":" ","OWNERSHIP":" ","USES":" ","MHCC_NOC":" ","DATE_":" ","NOC_FOR":" ","STRUCTURE":" ","FEATURE":" ","Q":"Y","HER_NUMBER_2":"153/191","HERITAGE_NAME":"DALAL NIWAS"},"geometry":{"type":"Polygon","coordinates":[[[72.84394574441943,19.203603268565427],[72.84411104171257,19.203726134954078],[72.84420959266498,19.203343829244485],[72.8439382881866,19.203349400018144],[72.84394574441943,19.203603268565427]]]}},{"type":"Feature","properties":{"layer":"DP_77","label":"Heritage building","confidence":"confirmed","HERITAGE_P":" ","GRADE":"IIA","VILLAGE":" ","VILLAGE_DI":" ","WARD":"A","REMARKS":" ","TYPE":" ","CREATED_US":" ","CREATED_DA":-2209161600000,"LAST_EDITE":" ","LAST_EDI_1":-2209161600000,"OWNERSHIP":" ","USES":" ","MHCC_NOC":" ","DATE_":" ","NOC_FOR":" ","STRUCTURE":" ","FEATURE":" ","Q":"Y","HER_NUMBER_2":"25/28","HERITAGE_NAME":"MARBLE FOUNTAIN"},"geometry":{"type":"Polygon","coordinates":[[[72.81247100617274,18.897974387345403],[72.81248352438958,18.89805775882396],[72.8125812500271,18.898058540142127],[72.81247100617274,18.897974387345403]]]}},{"type":"Feature","properties":{"layer":"DP_77","label":"Heritage building","confidence":"confirmed","HERITAGE_P":" ","GRADE":"III","VILLAGE":"BANDRA-C","VILLAGE_DI":"BANDRA-C","WARD":"H/W","REMARKS":" ","TYPE":"Heritage","CREATED_US":" ","LAST_EDITE":" ","OWNERSHIP":" ","USES":" ","MHCC_NOC":" ","DATE_":" ","NOC_FOR":" ","STRUCTURE":" ","FEATURE":" ","Q":"Y","HER_NUMBER_2":"39/051","HERITAGE_NAME":"PEARL VILLA"},"geometry":{"type":"Polygon","coordinates":[[[72.8274228886489,19.054899886527437],[72.82771369649207,19.055236949641774],[72.82771941415918,19.054871221102157],[72.8274228886489,19.054899886527437]]]}},{"type":"Feature","properties":{"layer":"DP_77","label":"Heritage building","confidence":"confirmed","HERITAGE_P":"ESPLANDE","GRADE":"IIA","VILLAGE":"FORT","VILLAGE_DI":"FORT","WARD":"A","REMARKS":" ","TYPE":"Heritage","CREATED_US":" ","LAST_EDITE":" ","OWNERSHIP":" ","USES":" ","MHCC_NOC":" ","DATE_":" ","NOC_FOR":" ","STRUCTURE":" ","FEATURE":" ","Q":"Y","HER_NUMBER_2":"120/138","HERITAGE_NAME":"DEUTSCHE BANK (TATA PALACE)"},"geometry":{"type":"Polygon","coordinates":[[[72.83278592465787,18.938573784193082],[72.8328965003148,18.93825440080407],[72.8323861444596,18.938252595273863],[72.83278592465787,18.938573784193082]]]}},{"type":"Feature","properties":{"layer":"DP_77","label":"Heritage building","confidence":"confirmed","HERITAGE_P":" ","GRADE":"III","VILLAGE":"BHULESHWAR","VILLAGE_DI":"BHULESHWAR","WARD":"C","REMARKS":" ","TYPE":"Heritage","CREATED_US":" ","LAST_EDITE":" ","OWNERSHIP":" ","USES":" ","MHCC_NOC":" ","DATE_":" ","NOC_FOR":" ","STRUCTURE":" ","FEATURE":" ","Q":"Y","HER_NUMBER_2":"34/179","HERITAGE_NAME":"MADHAV RAM BUILDING"},"geometry":{"type":"Polygon","coordinates":[[[72.82983454998936,18.951268690081406],[72.82994432595447,18.951726794871018],[72.8300727804058,18.951694264201397],[72.82983454998936,18.951268690081406]]]}},{"type":"Feature","properties":{"layer":"DP_77","label":"Heritage building","confidence":"confirmed","HERITAGE_P":" ","GRADE":"IIA","VILLAGE":" ","VILLAGE_DI":" ","WARD":"A","REMARKS":" ","TYPE":" ","CREATED_US":" ","CREATED_DA":-2209161600000,"LAST_EDITE":" ","LAST_EDI_1":-2209161600000,"OWNERSHIP":" ","USES":" ","MHCC_NOC":" ","DATE_":" ","NOC_FOR":" ","STRUCTURE":" ","FEATURE":" ","Q":"Y","HER_NUMBER_2":"2/2(xi)","HERITAGE_NAME":"NAVAL DOCKYARD (FROM  LION GATE TO OLD CUSTOM HOUSE WITH CLOCK TOWER OPP. GREAT WESTERN BUILDING) xi) DOCKYARD APPRENTICE SCHOOL"},"geometry":{"type":"Polygon","coordinates":[[[72.83457878504042,18.92627426054869],[72.83483882058417,18.92621438125035],[72.83457449711717,18.925902887311956],[72.83441533553501,18.925981215893092],[72.83457878504042,18.92627426054869]]]}},{"type":"Feature","properties":{"layer":"DP_77","label":"Heritage building","confidence":"confirmed","HERITAGE_P":" ","GRADE":"III","VILLAGE":"MAHIM","VILLAGE_DI":"MAHIM","WARD":"G/N","REMARKS":" ","TYPE":"Heritage","CREATED_US":" ","LAST_EDITE":" ","OWNERSHIP":" ","USES":" ","MHCC_NOC":" ","DATE_":" ","NOC_FOR":" ","STRUCTURE":" ","FEATURE":" ","Q":"Y","HER_NUMBER_2":"22/550","HERITAGE_NAME":"JULEKHA HOUSE"},"geometry":{"type":"Polygon","coordinates":[[[72.83887499049632,19.03588343490783],[72.83873674010894,19.035927406614565],[72.83888679040834,19.035968435700966],[72.83887499049632,19.03588343490783]]]}},{"type":"Feature","properties":{"layer":"DP_77","label":"Heritage building","confidence":"confirmed","HERITAGE_P":" ","GRADE":"II","VILLAGE":"BANDRA-E","VILLAGE_DI":"BANDRA-E","WARD":"H/W","REMARKS":" ","TYPE":"Heritage","CREATED_US":" ","LAST_EDITE":" ","OWNERSHIP":" ","USES":" ","MHCC_NOC":" ","DATE_":" ","NOC_FOR":" ","STRUCTURE":" ","FEATURE":" ","Q":"Y","HER_NUMBER_2":"624","HERITAGE_NAME":"CHITRAKAR DHURANDHAR MARG"},"geometry":{"type":"Polygon","coordinates":[[[72.83247992054767,19.0726254973509],[72.83246927168966,19.072801022545722],[72.83304132646667,19.072853273301597],[72.83301095374367,19.072479137926816],[72.83247992054767,19.0726254973509]]]}},{"type":"Feature","properties":{"layer":"DP_77","label":"Heritage building","confidence":"confirmed","HERITAGE_P":" ","GRADE":"IIA","VILLAGE":" ","VILLAGE_DI":" ","WARD":"A","REMARKS":" ","TYPE":" ","CREATED_US":" ","CREATED_DA":-2209161600000,"LAST_EDITE":" ","LAST_EDI_1":-2209161600000,"OWNERSHIP":" ","USES":" ","MHCC_NOC":" ","DATE_":" ","NOC_FOR":" ","STRUCTURE":" ","FEATURE":" ","Q":"Y","HER_NUMBER_2":"124/141(a)(11)","HERITAGE_NAME":"BUILDING ON K. DUBHASH MARG NAMELY  11) TRADE WINGS"},"geometry":{"type":"Polygon","coordinates":[[[72.83214241978777,18.92793934400294],[72.8324363490611,18.927960582612155],[72.83247751148058,18.927687286747254],[72.83214241978777,18.92793934400294]]]}},{"type":"Feature","properties":{"layer":"DP_77","label":"Heritage building","confidence":"confirmed","HERITAGE_P":" ","GRADE":"IIB","VILLAGE":"BYCULLA","VILLAGE_DI":"BYCULLA","WARD":"E","REMARKS":" ","TYPE":" ","CREATED_US":" ","LAST_EDITE":" ","OWNERSHIP":" ","USES":" ","MHCC_NOC":" ","DATE_":" ","NOC_FOR":" ","STRUCTURE":" ","FEATURE":" ","Q":"Y","HER_NUMBER_2":"6/337","HERITAGE_NAME":"THE METHODIST KINDERGARTEN SCHOOL"},"geometry":{"type":"Polygon","coordinates":[[[72.82333715750237,18.971555024673044],[72.82272968711311,18.971721579834306],[72.8227484018463,18.971989787939897],[72.82331055681266,18.971880017845248],[72.82333715750237,18.971555024673044]]]}},{"type":"Feature","properties":{"layer":"DP_77","label":"Heritage building","confidence":"confirmed","HERITAGE_P":" ","GRADE":"IIA","VILLAGE":" ","VILLAGE_DI":" ","WARD":"E","REMARKS":" ","TYPE":" ","CREATED_US":" ","CREATED_DA":-2209161600000,"LAST_EDITE":" ","LAST_EDI_1":-2209161600000,"OWNERSHIP":" ","USES":" ","MHCC_NOC":" ","DATE_":" ","NOC_FOR":" ","STRUCTURE":" ","FEATURE":" ","Q":"Y","HER_NUMBER_2":"85/378","HERITAGE_NAME":"SIR ADMJI PEERBHOY KABRASTHAN"},"geometry":{"type":"Polygon","coordinates":[[[72.84051177162509,18.97531110348843],[72.84066917976716,18.976088872809054],[72.84250931666372,18.97577741056574],[72.84216635926086,18.97502953803117],[72.84051177162509,18.97531110348843]]]}},{"type":"Feature","properties":{"layer":"DP_77","label":"Heritage building","confidence":"confirmed","HERITAGE_P":" ","GRADE":"IIA","VILLAGE":" ","VILLAGE_DI":" ","WARD":"C","REMARKS":"ALSO LISTED  IN NEW  AGIARY LIST AT SR NO 22","TYPE":" ","CREATED_US":" ","CREATED_DA":-2209161600000,"LAST_EDITE":" ","LAST_EDI_1":-2209161600000,"OWNERSHIP":" ","USES":" ","MHCC_NOC":" ","DATE_":" ","NOC_FOR":" ","STRUCTURE":" ","FEATURE":" ","Q":"Y","HER_NUMBER_2":"361","HERITAGE_NAME":"1) SETH RUSTOMJI SORABJI INDAWALLA & AVABAI ARDESHIR KHARSHETJI WADIA AGIARI & 2)FIRE TEMPLE"},"geometry":{"type":"Polygon","coordinates":[[[72.8277392642575,18.944268783557327],[72.82773002066206,18.94442337895015],[72.82791671004803,18.94403915624014],[72.8277392642575,18.944268783557327]]]}},{"type":"Feature","properties":{"layer":"DP_77","label":"Heritage building","confidence":"confirmed","HERITAGE_P":" ","GRADE":"III","VILLAGE":"MANDVI","VILLAGE_DI":"MANDVI","WARD":"B","REMARKS":" ","TYPE":"Heritage","CREATED_US":" ","LAST_EDITE":" ","OWNERSHIP":" ","USES":" ","MHCC_NOC":" ","DATE_":" ","NOC_FOR":" ","STRUCTURE":" ","FEATURE":" ","Q":"Y","HER_NUMBER_2":"12/91","HERITAGE_NAME":"HARUN MANZIL"},"geometry":{"type":"Polygon","coordinates":[[[72.83228955127755,18.95872238103984],[72.83237626552629,18.958367083435004],[72.83217590755089,18.958348640359137],[72.83204744704021,18.95860892599835],[72.83228955127755,18.95872238103984]]]}},{"type":"Feature","properties":{"layer":"DP_77","label":"Heritage building","confidence":"confirmed","HERITAGE_P":" ","GRADE":"III","VILLAGE":"BANDRA-C","VILLAGE_DI":"BANDRA-C","WARD":"H/W","REMARKS":" ","TYPE":"Heritage","CREATED_US":" ","LAST_EDITE":" ","OWNERSHIP":" ","USES":" ","MHCC_NOC":" ","DATE_":" ","NOC_FOR":" ","STRUCTURE":" ","FEATURE":" ","Q":"Y","HER_NUMBER_2":"69/86","HERITAGE_NAME":"HATFIELD HOUSE"},"geometry":{"type":"Polygon","coordinates":[[[72.8283889040616,19.064134309035435],[72.82818920192918,19.06361534693912],[72.82767366462058,19.06361080717713],[72.82765001298968,19.06423179063027],[72.8283889040616,19.064134309035435]]]}},{"type":"Feature","properties":{"layer":"DP_77","label":"Heritage building","confidence":"confirmed","HERITAGE_P":" ","GRADE":"IIA","VILLAGE":" ","VILLAGE_DI":" ","WARD":"A","REMARKS":" ","TYPE":" ","CREATED_US":" ","CREATED_DA":-2209161600000,"LAST_EDITE":" ","LAST_EDI_1":-2209161600000,"OWNERSHIP":" ","USES":" ","MHCC_NOC":" ","DATE_":" ","NOC_FOR":" ","STRUCTURE":" ","FEATURE":" ","Q":"Y","HER_NUMBER_2":"19/21(i)","HERITAGE_NAME":"INHS ASHWINI i) P-1-MAIN ADMN. BLDG. AND BANYAN TREE"},"geometry":{"type":"Polygon","coordinates":[[[72.81560367613844,18.900725605470758],[72.81533110916972,18.899993638656035],[72.81560474075184,18.900002831741247],[72.81557257652202,18.89983041847405],[72.81538392500602,18.89967588202829],[72.81507722940025,18.89981245916724],[72.81519318746597,18.900705471032143],[72.81560367613844,18.900725605470758]]]}},{"type":"Feature","properties":{"layer":"DP_77","label":"Heritage building","confidence":"confirmed","HERITAGE_P":" ","GRADE":"III","VILLAGE":"BHULESHWAR","VILLAGE_DI":"BHULESHWAR","WARD":"C","REMARKS":" ","TYPE":"Heritage","CREATED_US":" ","LAST_EDITE":" ","OWNERSHIP":" ","USES":" ","MHCC_NOC":" ","DATE_":" ","NOC_FOR":" ","STRUCTURE":" ","FEATURE":" ","Q":"Y","HER_NUMBER_2":"338","HERITAGE_NAME":"NHAVA HOUSE & NAWAB HOUSE"},"geometry":{"type":"Polygon","coordinates":[[[72.8259785281824,18.943818982565716],[72.82614333990516,18.943742417649162],[72.82572359134485,18.94337805308169],[72.82555577858673,18.94367721542719],[72.8259785281824,18.943818982565716]]]}},{"type":"Feature","properties":{"layer":"DP_77","label":"Heritage building","confidence":"confirmed","HERITAGE_P":" ","GRADE":"III","VILLAGE":"MATUNGA","VILLAGE_DI":"MATUNGA","WARD":"F/N","REMARKS":" ","TYPE":"Heritage","CREATED_US":" ","LAST_EDITE":" ","OWNERSHIP":" ","USES":" ","MHCC_NOC":" ","DATE_":" ","NOC_FOR":" ","STRUCTURE":" ","FEATURE":" ","Q":"Y","HER_NUMBER_2":"33/462","HERITAGE_NAME":"672, SHEREWAR"},"geometry":{"type":"Polygon","coordinates":[[[72.85465358925394,19.01830499398546],[72.85470031435882,19.018537254548193],[72.85486077706915,19.018462588440453],[72.85465358925394,19.01830499398546]]]}},{"type":"Feature","properties":{"layer":"DP_77","label":"Heritage building","confidence":"confirmed","HERITAGE_P":" ","GRADE":"III","VILLAGE":"FORT","VILLAGE_DI":"FORT","WARD":"A","REMARKS":" ","TYPE":"Heritage","CREATED_US":" ","LAST_EDITE":" ","OWNERSHIP":" ","USES":" ","MHCC_NOC":" ","DATE_":" ","NOC_FOR":" ","STRUCTURE":" ","FEATURE":" ","Q":"Y","HER_NUMBER_2":"268/37","HERITAGE_NAME":"FIRUZARA"},"geometry":{"type":"Polygon","coordinates":[[[72.82752576984947,18.926011956250974],[72.82749945916201,18.92630831107513],[72.82793957300032,18.92617932369225],[72.82793739801522,18.926000571153683],[72.82752576984947,18.926011956250974]]]}},{"type":"Feature","properties":{"layer":"DP_77","label":"Heritage building","confidence":"confirmed","HERITAGE_P":" ","GRADE":"IIB","VILLAGE":"MANDVI","VILLAGE_DI":"MANDVI","WARD":"B","REMARKS":" ","TYPE":"Heritage","CREATED_US":" ","LAST_EDITE":" ","OWNERSHIP":" ","USES":" ","MHCC_NOC":" ","DATE_":" ","NOC_FOR":" ","STRUCTURE":" ","FEATURE":" ","Q":"Y","HER_NUMBER_2":"37/120","HERITAGE_NAME":"SAAT TAAD MASJID"},"geometry":{"type":"Polygon","coordinates":[[[72.83685317923519,18.951922963364602],[72.83692948690334,18.951820813559628],[72.83663928063473,18.95191458358381],[72.83685317923519,18.951922963364602]]]}},{"type":"Feature","properties":{"layer":"DP_77","label":"Heritage building","confidence":"confirmed","HERITAGE_P":" ","GRADE":"III","VILLAGE":"BANDRA-B","VILLAGE_DI":"BANDRA-B","WARD":"H/W","REMARKS":" ","TYPE":"Heritage","CREATED_US":" ","LAST_EDITE":" ","OWNERSHIP":" ","USES":" ","MHCC_NOC":" ","DATE_":" ","NOC_FOR":" ","STRUCTURE":" ","FEATURE":" ","Q":"Y","HER_NUMBER_2":"1/001","HERITAGE_NAME":"MOUNT MARY CONVENT HIGHSCHOOL"},"geometry":{"type":"Polygon","coordinates":[[[72.82304031966461,19.045785371432565],[72.82235715948796,19.046180472060808],[72.82230061315727,19.04717142895596],[72.8225251318181,19.046754236545407],[72.8237672737992,19.04681627353871],[72.8246280216069,19.04741024289022],[72.82404606434334,19.046774657929213],[72.82315827956485,19.04661754629082],[72.82304031966461,19.045785371432565]]]}},{"type":"Feature","properties":{"layer":"DP_77","label":"Heritage building","confidence":"confirmed","HERITAGE_P":" ","GRADE":"IIA","VILLAGE":" ","VILLAGE_DI":" ","WARD":"A","REMARKS":" ","TYPE":" ","CREATED_US":" ","CREATED_DA":-2209161600000,"LAST_EDITE":" ","LAST_EDI_1":-2209161600000,"OWNERSHIP":" ","USES":" ","MHCC_NOC":" ","DATE_":" ","NOC_FOR":" ","STRUCTURE":" ","FEATURE":" ","Q":"Y","HER_NUMBER_2":"2/2(iv)","HERITAGE_NAME":"NAVAL DOCKYARD (FROM  LION GATE TO OLD CUSTOM HOUSE WITH CLOCK TOWER OPP. GREAT WESTERN BUILDING) iv) LION GATE"},"geometry":{"type":"Polygon","coordinates":[[[72.83407481606464,18.92671225192438],[72.83423244694805,18.926682566408],[72.83402602894472,18.926567572260733],[72.83407481606464,18.92671225192438]]]}},{"type":"Feature","properties":{"layer":"DP_77","label":"Heritage building","confidence":"confirmed","HERITAGE_P":" ","GRADE":"III","VILLAGE":"BHULESHWAR","VILLAGE_DI":"BHULESHWAR","WARD":"C","REMARKS":" ","TYPE":"Heritage","CREATED_US":" ","LAST_EDITE":" ","OWNERSHIP":" ","USES":" ","MHCC_NOC":" ","DATE_":" ","NOC_FOR":" ","STRUCTURE":" ","FEATURE":" ","Q":"Y","HER_NUMBER_2":"334","HERITAGE_NAME":"SATYANARAYAN TEMPLE"},"geometry":{"type":"Polygon","coordinates":[[[72.82896755745425,18.956264622421436],[72.82903416675188,18.95619813097211],[72.8288941302933,18.956109666300012],[72.82896755745425,18.956264622421436]]]}},{"type":"Feature","properties":{"layer":"DP_77","label":"Heritage building","confidence":"confirmed","HERITAGE_P":" ","GRADE":"IIB","VILLAGE":"LOWER PAREL","VILLAGE_DI":"LOWER PAREL","WARD":"G/S","REMARKS":" ","TYPE":"Heritage","CREATED_US":" ","LAST_EDITE":" ","OWNERSHIP":" ","USES":" ","MHCC_NOC":" ","DATE_":" ","NOC_FOR":" ","STRUCTURE":" ","FEATURE":" ","Q":"Y","HER_NUMBER_2":"23/587","HERITAGE_NAME":"SHREE PRABHADEVI MANDIR COMPLEX"},"geometry":{"type":"Polygon","coordinates":[[[72.82753679207102,19.01412826209881],[72.82734393721098,19.01414310793306],[72.82734491912466,19.01442306345868],[72.82753679207102,19.01412826209881]]]}},{"type":"Feature","properties":{"layer":"DP_77","label":"Heritage building","confidence":"confirmed","HERITAGE_P":"NAVAL DOCK","GRADE":"IIB","VILLAGE":"FORT","VILLAGE_DI":"FORT","WARD":"A","REMARKS":" ","TYPE":"Heritage","CREATED_US":" ","LAST_EDITE":" ","OWNERSHIP":" ","USES":" ","MHCC_NOC":" ","DATE_":" ","NOC_FOR":" ","STRUCTURE":" ","FEATURE":" ","Q":"Y","HER_NUMBER_2":"208/235","HERITAGE_NAME":"THE MINT"},"geometry":{"type":"Polygon","coordinates":[[[72.83809625825947,18.932398494652492],[72.83787595628547,18.932088743027016],[72.83665514968762,18.932794917050373],[72.83727376174873,18.934385473374398],[72.83898624912422,18.93391674355246],[72.83898105979321,18.932679641028354],[72.83809625825947,18.932398494652492]]]}},{"type":"Feature","properties":{"layer":"DP_77","label":"Heritage building","confidence":"confirmed","HERITAGE_P":"ESPLANDE","GRADE":"IIA","VILLAGE":"FORT","VILLAGE_DI":"FORT","WARD":"A","REMARKS":" ","TYPE":"Heritage","CREATED_US":" ","LAST_EDITE":" ","OWNERSHIP":" ","USES":" ","MHCC_NOC":" ","DATE_":" ","NOC_FOR":" ","STRUCTURE":" ","FEATURE":" ","Q":"Y","HER_NUMBER_2":"102/118","HERITAGE_NAME":"JEEVAN UDYOG BUILDING ( KHADI EMPORIUM)"},"geometry":{"type":"Polygon","coordinates":[[[72.83266409866789,18.93516939060958],[72.83289282157347,18.935114246540834],[72.83257348266605,18.934773582147557],[72.83266409866789,18.93516939060958]]]}},{"type":"Feature","properties":{"layer":"DP_77","label":"Heritage building","confidence":"confirmed","HERITAGE_P":" ","GRADE":"IIB","VILLAGE":" ","VILLAGE_DI":" ","WARD":"A","REMARKS":" ","TYPE":" ","CREATED_US":" ","CREATED_DA":-2209161600000,"LAST_EDITE":" ","LAST_EDI_1":-2209161600000,"OWNERSHIP":" ","USES":" ","MHCC_NOC":" ","DATE_":" ","NOC_FOR":" ","STRUCTURE":" ","FEATURE":" ","Q":"Y","HER_NUMBER_2":"304/74","HERITAGE_NAME":"STATUE OF HORMASJEE CAWASJEE DINSHAW OF ADEN"},"geometry":{"type":"Polygon","coordinates":[[[72.82975474417272,18.93297792047471],[72.82976171687905,18.9329242291923],[72.82966725155114,18.9329464252465],[72.82975474417272,18.93297792047471]]]}},{"type":"Feature","properties":{"layer":"DP_77","label":"Heritage building","confidence":"confirmed","HERITAGE_P":" ","GRADE":"I","VILLAGE":" ","VILLAGE_DI":" ","WARD":"A","REMARKS":" ","TYPE":" ","CREATED_US":" ","CREATED_DA":-2209161600000,"LAST_EDITE":" ","LAST_EDI_1":-2209161600000,"OWNERSHIP":" ","USES":" ","MHCC_NOC":" ","DATE_":" ","NOC_FOR":" ","STRUCTURE":" ","FEATURE":" ","Q":"Y","HER_NUMBER_2":"2/2(v)","HERITAGE_NAME":"NAVAL DOCKYARD (FROM  LION GATE TO OLD CUSTOM HOUSE WITH CLOCK TOWER OPP. GREAT WESTERN BUILDING) v) REMNANTS OF OLD FORT WALL "},"geometry":{"type":"Polygon","coordinates":[[[72.83748654372333,18.93038959850106],[72.83826829769102,18.930794993999662],[72.83792280729102,18.93043350431931],[72.83748654372333,18.93038959850106]]]}},{"type":"Feature","properties":{"layer":"DP_77","label":"Heritage building","confidence":"confirmed","HERITAGE_P":" ","GRADE":"III","VILLAGE":"MATUNGA","VILLAGE_DI":"MATUNGA","WARD":"F/N","REMARKS":" ","TYPE":"Heritage","CREATED_US":" ","LAST_EDITE":" ","OWNERSHIP":" ","USES":" ","MHCC_NOC":" ","DATE_":" ","NOC_FOR":" ","STRUCTURE":" ","FEATURE":" ","Q":"Y","HER_NUMBER_2":"15/437","HERITAGE_NAME":"275, J. K. HOUSE"},"geometry":{"type":"Polygon","coordinates":[[[72.85147032555186,19.025547345934392],[72.85151307063143,19.025883514406303],[72.85168450010694,19.02573409081911],[72.85147032555186,19.025547345934392]]]}},{"type":"Feature","properties":{"layer":"DP_77","label":"Heritage building","confidence":"confirmed","HERITAGE_P":" ","GRADE":"III","VILLAGE":"FORT","VILLAGE_DI":"FORT","WARD":"A","REMARKS":" ","TYPE":"Heritage","CREATED_US":" ","LAST_EDITE":" ","OWNERSHIP":" ","USES":" ","MHCC_NOC":" ","DATE_":" ","NOC_FOR":" ","STRUCTURE":" ","FEATURE":" ","Q":"Y","HER_NUMBER_2":"263/30","HERITAGE_NAME":"SAINATH NIWAS"},"geometry":{"type":"Polygon","coordinates":[[[72.84051530957497,18.948327498200346],[72.84080159870088,18.948831180206373],[72.84068067070247,18.948290807473434],[72.84051530957497,18.948327498200346]]]}},{"type":"Feature","properties":{"layer":"DP_77","label":"Heritage building","confidence":"confirmed","HERITAGE_P":"CANTONMENT","GRADE":"IIB","VILLAGE":"COLABA","VILLAGE_DI":"COLABA","WARD":"A","REMARKS":" ","TYPE":"Heritage","CREATED_US":" ","LAST_EDITE":" ","OWNERSHIP":" ","USES":" ","MHCC_NOC":" ","DATE_":" ","NOC_FOR":" ","STRUCTURE":" ","FEATURE":" ","Q":"Y","HER_NUMBER_2":"7/7","HERITAGE_NAME":"JACOB HOUSE (OPP. ASSAYE BUILDINGS)"},"geometry":{"type":"Polygon","coordinates":[[[72.81951017183916,18.909640715643896],[72.82002033451367,18.910172619566442],[72.82036955224139,18.909884844559446],[72.8198396758231,18.909252814363814],[72.81951017183916,18.909640715643896]]]}},{"type":"Feature","properties":{"layer":"DP_77","label":"Heritage building","confidence":"confirmed","HERITAGE_P":" ","GRADE":"III","VILLAGE":"MATUNGA","VILLAGE_DI":"MATUNGA","WARD":"F/N","REMARKS":" ","TYPE":"Heritage","CREATED_US":" ","LAST_EDITE":" ","OWNERSHIP":" ","USES":" ","MHCC_NOC":" ","DATE_":" ","NOC_FOR":" ","STRUCTURE":" ","FEATURE":" ","Q":"Y","HER_NUMBER_2":"26/453","HERITAGE_NAME":"640 b, KHOSHED VILLA"},"geometry":{"type":"Polygon","coordinates":[[[72.85183045151706,19.018853044577046],[72.85214967850867,19.01909785202922],[72.85225884656161,19.018934799369823],[72.85183045151706,19.018853044577046]]]}},{"type":"Feature","properties":{"layer":"DP_77","label":"Heritage building","confidence":"confirmed","HERITAGE_P":"MARINE DRIVE PRECINCT","GRADE":"III","VILLAGE":"GIRGAUM","VILLAGE_DI":"GIRGAUM","WARD":"D","REMARKS":" ","TYPE":"Heritage","CREATED_US":" ","LAST_EDITE":" ","OWNERSHIP":" ","USES":" ","MHCC_NOC":" ","DATE_":" ","NOC_FOR":" ","STRUCTURE":" ","FEATURE":" ","Q":"Y","HER_NUMBER_2":"83/463","HERITAGE_NAME":"MANI BHUVAN (HEMDEV HOUSE)"},"geometry":{"type":"Polygon","coordinates":[[[72.8115648009108,18.957633798520014],[72.81174030977654,18.95754170420384],[72.81162444602607,18.95733070600344],[72.8115648009108,18.957633798520014]]]}},{"type":"Feature","properties":{"layer":"DP_77","label":"Heritage building","confidence":"confirmed","GRADE":"IIB","WARD":"A","HER_NUMBER_2":"311/81","HERITAGE_NAME":"INDIRA DOCK"},"geometry":{"type":"Polygon","coordinates":[[[72.84353221388041,18.93122954760048],[72.84266055141075,18.93108677005787],[72.84219050663272,18.933172095843997],[72.8399446228376,18.933662690998947],[72.83993098011742,18.933855079232547],[72.84189127582555,18.93344071956019],[72.84239904916699,18.933618164508122],[72.84243283768511,18.93431896342891],[72.84192914947515,18.935284793869076],[72.83974509184974,18.93795320251429],[72.83806684109047,18.93835087232728],[72.84100818459379,18.950231736173503],[72.84584396603591,18.949207043548128],[72.84508611247637,18.946091183359936],[72.8457253878716,18.945953232157407],[72.84575486965689,18.943954638855327],[72.84365916430822,18.93552106121987],[72.84338197511316,18.935404042826615],[72.84295076280468,18.935717684815423],[72.84376859818077,18.931296880924748],[72.84353221388041,18.93122954760048]]]}},{"type":"Feature","properties":{"layer":"DP_77","label":"Heritage building","confidence":"confirmed","HERITAGE_P":" ","GRADE":"IIB","VILLAGE":"TULSI","VILLAGE_DI":"TULSI","WARD":"T","REMARKS":" ","TYPE":"Heritage","CREATED_US":" ","LAST_EDITE":" ","OWNERSHIP":" ","USES":" ","MHCC_NOC":" ","DATE_":" ","NOC_FOR":" ","STRUCTURE":" ","FEATURE":" ","Q":"Y","HER_NUMBER_2":"49/52","HERITAGE_NAME":"TULSI FILTRATION PLANT"},"geometry":{"type":"Polygon","coordinates":[[[72.91572500255589,19.185803223733494],[72.91604853465803,19.18587859773943],[72.916260188505,19.18525006045087],[72.91591348078688,19.185217442221113],[72.91572500255589,19.185803223733494]]]}},{"type":"Feature","properties":{"layer":"DP_77","label":"Heritage building","confidence":"confirmed","HERITAGE_P":" ","GRADE":"IIB","VILLAGE":" ","VILLAGE_DI":" ","WARD":"D","REMARKS":"CHE/33410/DP DT.23.02.2017","TYPE":" ","CREATED_US":" ","CREATED_DA":-2209161600000,"LAST_EDITE":" ","LAST_EDI_1":-2209161600000,"OWNERSHIP":" ","USES":" ","MHCC_NOC":" ","DATE_":" ","NOC_FOR":" ","STRUCTURE":" ","FEATURE":" ","Q":"Y","HER_NUMBER_2":"125/229","HERITAGE_NAME":"DONHATTI (TWO ELEPHENTS)"},"geometry":{"type":"Polygon","coordinates":[[[72.81739947892659,18.958301832557275],[72.81743806317655,18.958400504917],[72.81750114700982,18.95837712854125],[72.81739947892659,18.958301832557275]]]}},{"type":"Feature","properties":{"layer":"DP_77","label":"Heritage building","confidence":"confirmed","HERITAGE_P":" ","GRADE":"III","VILLAGE":"BANDRA-C","VILLAGE_DI":"BANDRA-C","WARD":"H/W","REMARKS":" ","TYPE":"Heritage","CREATED_US":" ","LAST_EDITE":" ","OWNERSHIP":" ","USES":" ","MHCC_NOC":" ","DATE_":" ","NOC_FOR":" ","STRUCTURE":" ","FEATURE":" ","Q":"Y","HER_NUMBER_2":"64/081","HERITAGE_NAME":"DOMUS JOSEPHI"},"geometry":{"type":"Polygon","coordinates":[[[72.82675115880197,19.05976780670816],[72.82669281346006,19.060155586213998],[72.82684765642017,19.06015687971344],[72.82675115880197,19.05976780670816]]]}},{"type":"Feature","properties":{"layer":"DP_77","label":"Heritage building","confidence":"confirmed","HERITAGE_P":" ","GRADE":"III","VILLAGE":"BHULESHWAR","VILLAGE_DI":"BHULESHWAR","WARD":"C","REMARKS":" ","TYPE":"Heritage","CREATED_US":" ","LAST_EDITE":" ","OWNERSHIP":" ","USES":" ","MHCC_NOC":" ","DATE_":" ","NOC_FOR":" ","STRUCTURE":" ","FEATURE":" ","Q":"Y","HER_NUMBER_2":"354","HERITAGE_NAME":"BAULA BUILDING"},"geometry":{"type":"Polygon","coordinates":[[[72.82743893126063,18.958481804603213],[72.82759464949898,18.958476416289084],[72.82743235605493,18.95823087595457],[72.82743893126063,18.958481804603213]]]}},{"type":"Feature","properties":{"layer":"DP_77","label":"Heritage building","confidence":"confirmed","HERITAGE_P":" ","GRADE":"III","VILLAGE":"MALAD-NORTH","VILLAGE_DI":"MALAD-NORTH","WARD":"P/N","REMARKS":" ","TYPE":" ","CREATED_US":" ","LAST_EDITE":" ","OWNERSHIP":" ","USES":" ","MHCC_NOC":" ","DATE_":" ","NOC_FOR":" ","STRUCTURE":" ","FEATURE":" ","Q":"Y","HER_NUMBER_2":"150/188","HERITAGE_NAME":"VIJAY MAHAL"},"geometry":{"type":"Polygon","coordinates":[[[72.85026655812418,19.199622513955],[72.85029984400704,19.199897864520906],[72.8504847008538,19.199888419398633],[72.85026655812418,19.199622513955]]]}},{"type":"Feature","properties":{"layer":"DP_77","label":"Heritage building","confidence":"confirmed","HERITAGE_P":" ","GRADE":"III","VILLAGE":"BANDRA-C","VILLAGE_DI":"BANDRA-C","WARD":"H/W","REMARKS":" ","TYPE":"Heritage","CREATED_US":" ","LAST_EDITE":" ","OWNERSHIP":" ","USES":" ","MHCC_NOC":" ","DATE_":" ","NOC_FOR":" ","STRUCTURE":" ","FEATURE":" ","Q":"Y","HER_NUMBER_2":"62/079","HERITAGE_NAME":"MENDONKA VILLA"},"geometry":{"type":"Polygon","coordinates":[[[72.82748000752859,19.060870048381126],[72.82769592873953,19.060588486837524],[72.8274991184413,19.06059654144291],[72.82748000752859,19.060870048381126]]]}},{"type":"Feature","properties":{"layer":"DP_77","label":"Heritage building","confidence":"confirmed","HERITAGE_P":" ","GRADE":"IIB","VILLAGE":"FORT","VILLAGE_DI":"FORT","WARD":"A","REMARKS":" ","TYPE":"Heritage","CREATED_US":" ","LAST_EDITE":" ","OWNERSHIP":" ","USES":" ","MHCC_NOC":" ","DATE_":" ","NOC_FOR":" ","STRUCTURE":" ","FEATURE":" ","Q":"Y","HER_NUMBER_2":"251/16","HERITAGE_NAME":"MANTRALAYA"},"geometry":{"type":"Polygon","coordinates":[[[72.82730149636224,18.92664899298895],[72.82629590939736,18.92721983586369],[72.82652671317612,18.927815007258236],[72.82752209303413,18.9274912524066],[72.82730149636224,18.92664899298895]]]}},{"type":"Feature","properties":{"layer":"DP_77","label":"Heritage building","confidence":"confirmed","HERITAGE_P":"CANTONMENT","GRADE":"IIB","VILLAGE":"COLABA","VILLAGE_DI":"COLABA","WARD":"A","REMARKS":" ","TYPE":"Heritage","CREATED_US":" ","LAST_EDITE":" ","OWNERSHIP":" ","USES":" ","MHCC_NOC":" ","DATE_":" ","NOC_FOR":" ","STRUCTURE":" ","FEATURE":" ","Q":"Y","HER_NUMBER_2":"46/54","HERITAGE_NAME":"NO.5 MAUDE LANE"},"geometry":{"type":"Polygon","coordinates":[[[72.81045086754953,18.903031148995368],[72.81045012620334,18.903212153997774],[72.81097619823036,18.90332379292449],[72.81110014114584,18.902878708695088],[72.81056408533266,18.902847248141068],[72.81045086754953,18.903031148995368]]]}},{"type":"Feature","properties":{"layer":"DP_77","label":"Heritage building","confidence":"confirmed","HERITAGE_P":" ","GRADE":"IIB","VILLAGE":"BHULESHWAR","VILLAGE_DI":"BHULESHWAR","WARD":"C","REMARKS":" ","TYPE":"Heritage","CREATED_US":" ","LAST_EDITE":" ","OWNERSHIP":" ","USES":" ","MHCC_NOC":" ","DATE_":" ","NOC_FOR":" ","STRUCTURE":" ","FEATURE":" ","Q":"Y","HER_NUMBER_2":"315","HERITAGE_NAME":"AIDUN BUILDING"},"geometry":{"type":"Polygon","coordinates":[[[72.828176274372,18.944061133163267],[72.82844640141896,18.94420078711185],[72.8284635415757,18.944042569016442],[72.828176274372,18.944061133163267]]]}},{"type":"Feature","properties":{"layer":"DP_77","label":"Heritage building","confidence":"confirmed","HERITAGE_P":" ","GRADE":"IIB","VILLAGE":"MALABAR CUMBALA HILL","VILLAGE_DI":"MALABAR CUMBALA HILL","WARD":"D","REMARKS":" ","TYPE":" ","CREATED_US":" ","LAST_EDITE":" ","OWNERSHIP":" ","USES":" ","MHCC_NOC":" ","DATE_":" ","NOC_FOR":" ","STRUCTURE":" ","FEATURE":" ","Q":"Y","HER_NUMBER_2":"72/449","HERITAGE_NAME":"BUNGLOW AT NO.5"},"geometry":{"type":"Polygon","coordinates":[[[72.81181344468912,18.974379139201584],[72.81126971385898,18.974280087323994],[72.81115317992763,18.974671456075523],[72.8117313337826,18.97485233495171],[72.81181344468912,18.974379139201584]]]}},{"type":"Feature","properties":{"layer":"DP_77","label":"Heritage building","confidence":"confirmed","HERITAGE_P":" ","GRADE":"IIA","VILLAGE":"BHULESHWAR","VILLAGE_DI":"BHULESHWAR","WARD":"C","REMARKS":" ","TYPE":"Heritage","CREATED_US":" ","LAST_EDITE":" ","OWNERSHIP":" ","USES":" ","MHCC_NOC":" ","DATE_":" ","NOC_FOR":" ","STRUCTURE":" ","FEATURE":" ","Q":"Y","HER_NUMBER_2":"65/203,65a/204","HERITAGE_NAME":"SHRI VENKATESH (BALAJI) DEVSTHAN,VENKATESH BUILDING"},"geometry":{"type":"Polygon","coordinates":[[[72.82534899869908,18.951922824074057],[72.82558658540223,18.951786607971023],[72.82507250387731,18.9516249642773],[72.82505250905093,18.951946422472634],[72.82534899869908,18.951922824074057]]]}},{"type":"Feature","properties":{"layer":"DP_77","label":"Heritage building","confidence":"confirmed","HERITAGE_P":" ","GRADE":"III","VILLAGE":"BHULESHWAR","VILLAGE_DI":"BHULESHWAR","WARD":"C","REMARKS":" ","TYPE":" ","CREATED_US":" ","LAST_EDITE":" ","OWNERSHIP":" ","USES":" ","MHCC_NOC":" ","DATE_":" ","NOC_FOR":" ","STRUCTURE":" ","FEATURE":" ","Q":"Y","HER_NUMBER_2":"39/184","HERITAGE_NAME":"BANK OF INDIA"},"geometry":{"type":"Polygon","coordinates":[[[72.83135168719745,18.950715822785483],[72.8315985245115,18.950881369018795],[72.83166091080129,18.95071945807086],[72.83135168719745,18.950715822785483]]]}},{"type":"Feature","properties":{"layer":"DP_77","label":"Heritage building","confidence":"confirmed","HERITAGE_P":" ","GRADE":"III","VILLAGE":"MALABAR CUMBALA HILL","VILLAGE_DI":"MALABAR CUMBALA HILL","WARD":"D","REMARKS":" ","TYPE":" ","CREATED_US":" ","LAST_EDITE":" ","OWNERSHIP":" ","USES":" ","MHCC_NOC":" ","DATE_":" ","NOC_FOR":" ","STRUCTURE":" ","FEATURE":" ","Q":"Y","HER_NUMBER_2":"139/249","HERITAGE_NAME":"NADIRSHA DINSHA BLDG.NO.2"},"geometry":{"type":"Polygon","coordinates":[[[72.80928314896408,18.95848807304134],[72.80912719178167,18.95856581760058],[72.8094052349891,18.959127815848074],[72.80973094051765,18.959073921303897],[72.80928314896408,18.95848807304134]]]}},{"type":"Feature","properties":{"layer":"DP_77","label":"Heritage building","confidence":"confirmed","HERITAGE_P":"GATEWAY","GRADE":"IIA","VILLAGE":"COLABA","VILLAGE_DI":"COLABA","WARD":"A","REMARKS":" ","TYPE":"Heritage","CREATED_US":" ","LAST_EDITE":" ","OWNERSHIP":" ","USES":" ","MHCC_NOC":" ","DATE_":" ","NOC_FOR":" ","STRUCTURE":" ","FEATURE":" ","Q":"Y","HER_NUMBER_2":"185/211(e)","HERITAGE_NAME":"e) EVELYN HOUSE"},"geometry":{"type":"Polygon","coordinates":[[[72.83221160000923,18.92013900620433],[72.83257449613247,18.919995541522308],[72.83253428736514,18.91964923265894],[72.83203455187042,18.919856055161016],[72.83221160000923,18.92013900620433]]]}},{"type":"Feature","properties":{"layer":"DP_77","label":"Heritage building","confidence":"confirmed","HERITAGE_P":" ","GRADE":"III","VILLAGE":"MAZAGAON","VILLAGE_DI":"MAZAGAON","WARD":"E","REMARKS":" ","TYPE":"Heritage","CREATED_US":" ","LAST_EDITE":" ","OWNERSHIP":" ","USES":" ","MHCC_NOC":" ","DATE_":" ","NOC_FOR":" ","STRUCTURE":" ","FEATURE":" ","Q":"Y","HER_NUMBER_2":"98/393","HERITAGE_NAME":"BALAJI HOSPITAL"},"geometry":{"type":"Polygon","coordinates":[[[72.83517724648343,18.97711774755073],[72.83518797588599,18.977472384032787],[72.83556491792497,18.977447960777415],[72.83555533688762,18.977059418493063],[72.83517724648343,18.97711774755073]]]}},{"type":"Feature","properties":{"layer":"DP_77","label":"Heritage building","confidence":"confirmed","HERITAGE_P":" ","GRADE":"III","VILLAGE":"BANDRA-F","VILLAGE_DI":"BANDRA-F","WARD":"H/W","REMARKS":" ","TYPE":"Heritage","CREATED_US":" ","LAST_EDITE":" ","OWNERSHIP":" ","USES":" ","MHCC_NOC":" ","DATE_":" ","NOC_FOR":" ","STRUCTURE":" ","FEATURE":" ","Q":"Y","HER_NUMBER_2":"615","HERITAGE_NAME":"THE DAWN"},"geometry":{"type":"Polygon","coordinates":[[[72.83606449534898,19.05893694392118],[72.83604246455107,19.059280364828616],[72.83633687929284,19.05940319095024],[72.8363292183087,19.05895533715008],[72.83606449534898,19.05893694392118]]]}},{"type":"Feature","properties":{"layer":"DP_77","label":"Heritage building","confidence":"confirmed","HERITAGE_P":" ","GRADE":"III","VILLAGE":"MALABAR HILL","VILLAGE_DI":"MALABAR HILL","WARD":"D","REMARKS":" ","TYPE":"Heritage","CREATED_US":" ","LAST_EDITE":" ","OWNERSHIP":" ","USES":" ","MHCC_NOC":" ","DATE_":" ","NOC_FOR":" ","STRUCTURE":" ","FEATURE":" ","Q":"Y","HER_NUMBER_2":"140/250","HERITAGE_NAME":"MULCHAND BHAVAN"},"geometry":{"type":"Polygon","coordinates":[[[72.80739109337743,18.95467365581017],[72.80723972996022,18.95472141681282],[72.80757125256602,18.9549275867588],[72.80739109337743,18.95467365581017]]]}},{"type":"Feature","properties":{"layer":"DP_77","label":"Heritage building","confidence":"confirmed","HERITAGE_P":" ","GRADE":"II","VILLAGE":"BANDRA-B","VILLAGE_DI":"BANDRA-B","WARD":"H/W","REMARKS":" ","TYPE":"Heritage","CREATED_US":" ","LAST_EDITE":" ","OWNERSHIP":" ","USES":" ","MHCC_NOC":" ","DATE_":" ","NOC_FOR":" ","STRUCTURE":" ","FEATURE":" ","Q":"Y","HER_NUMBER_2":"564","HERITAGE_NAME":"i)KEKEE MANZIL & OTHER VILLAS ON BANDSTANDS ii) GODIVALL'S BUNGLOW"},"geometry":{"type":"Polygon","coordinates":[[[72.82021667301682,19.047022986774753],[72.82043141779529,19.0474912648834],[72.8207230150633,19.04739856369121],[72.8206428984599,19.046996013551556],[72.82021667301682,19.047022986774753]]]}},{"type":"Feature","properties":{"layer":"DP_77","label":"Heritage building","confidence":"confirmed","HERITAGE_P":" ","GRADE":"III","VILLAGE":"BHULESHWAR","VILLAGE_DI":"BHULESHWAR","WARD":"C","REMARKS":" ","TYPE":"Heritage","CREATED_US":" ","LAST_EDITE":" ","OWNERSHIP":" ","USES":" ","MHCC_NOC":" ","DATE_":" ","NOC_FOR":" ","STRUCTURE":" ","FEATURE":" ","Q":"Y","HER_NUMBER_2":"362","HERITAGE_NAME":"SUKHANAND DHARMSHALA"},"geometry":{"type":"Polygon","coordinates":[[[72.82615317141095,18.954381660264627],[72.82593837928307,18.954481528019684],[72.82642318354058,18.954486549757764],[72.82615317141095,18.954381660264627]]]}},{"type":"Feature","properties":{"layer":"DP_77","label":"Heritage building","confidence":"confirmed","HERITAGE_P":" ","GRADE":"IIB","VILLAGE":"ANDHERI","VILLAGE_DI":"ANDHERI","WARD":"K/W","REMARKS":" ","TYPE":"Heritage","CREATED_US":" ","LAST_EDITE":" ","OWNERSHIP":" ","USES":" ","MHCC_NOC":" ","DATE_":" ","NOC_FOR":" ","STRUCTURE":" ","FEATURE":" ","Q":"Y","HER_NUMBER_2":"136/171","HERITAGE_NAME":"M.F.Cama Athornan Institute"},"geometry":{"type":"Polygon","coordinates":[[[72.8425254362261,19.1198388467755],[72.84236722818699,19.12012434025322],[72.84252631666934,19.121966371724067],[72.84264502638875,19.12253761204266],[72.84302386482837,19.122919330361043],[72.84355462844705,19.122348955360707],[72.84385082828237,19.121074338118717],[72.84447247943184,19.121166529080995],[72.84385780935618,19.12031436146653],[72.84378118240187,19.12062788393293],[72.84287276321767,19.120499224744133],[72.84294113533565,19.119912656345793],[72.8425254362261,19.1198388467755]]]}},{"type":"Feature","properties":{"layer":"DP_77","label":"Heritage building","confidence":"confirmed","HERITAGE_P":" ","GRADE":"IIB","VILLAGE":" ","VILLAGE_DI":" ","WARD":"E","REMARKS":" ","TYPE":" ","CREATED_US":" ","CREATED_DA":-2209161600000,"LAST_EDITE":" ","LAST_EDI_1":-2209161600000,"OWNERSHIP":" ","USES":" ","MHCC_NOC":" ","DATE_":" ","NOC_FOR":" ","STRUCTURE":" ","FEATURE":" ","Q":"Y","HER_NUMBER_2":"31/323","HERITAGE_NAME":"LEAGUE OF MERCY CHILDREN'S HOME"},"geometry":{"type":"Polygon","coordinates":[[[72.82963013694727,18.968930454855357],[72.82995058812894,18.968793741268243],[72.82957724828161,18.968756709544582],[72.82963013694727,18.968930454855357]]]}},{"type":"Feature","properties":{"layer":"DP_77","label":"Heritage building","confidence":"confirmed","HERITAGE_P":"ESPLANDE","GRADE":"III","VILLAGE":"FORT","VILLAGE_DI":"FORT","WARD":"A","REMARKS":" ","TYPE":"Heritage","CREATED_US":" ","LAST_EDITE":" ","OWNERSHIP":" ","USES":" ","MHCC_NOC":" ","DATE_":" ","NOC_FOR":" ","STRUCTURE":" ","FEATURE":" ","Q":"Y","HER_NUMBER_2":"231/262","HERITAGE_NAME":"APEEJAY CHAMBERS"},"geometry":{"type":"Polygon","coordinates":[[[72.83264439642673,18.937873007962715],[72.83300743211595,18.93758198640127],[72.83253700131384,18.937630442977436],[72.83264439642673,18.937873007962715]]]}},{"type":"Feature","properties":{"layer":"DP_77","label":"Heritage building","confidence":"confirmed","HERITAGE_P":"HORNIMAN CIRCLE","GRADE":"IIA","VILLAGE":"FORT","VILLAGE_DI":"FORT","WARD":"A","REMARKS":" ","TYPE":"Heritage","CREATED_US":" ","LAST_EDITE":" ","OWNERSHIP":" ","USES":" ","MHCC_NOC":" ","DATE_":" ","NOC_FOR":" ","STRUCTURE":" ","FEATURE":" ","Q":"Y","HER_NUMBER_2":"70/81","HERITAGE_NAME":"EAST & WEST BUILDING"},"geometry":{"type":"Polygon","coordinates":[[[72.83398591307349,18.93006594462298],[72.83420104809744,18.930207629356225],[72.8341915923888,18.930015618183614],[72.83398591307349,18.93006594462298]]]}},{"type":"Feature","properties":{"layer":"DP_77","label":"Heritage building","confidence":"confirmed","HERITAGE_P":" ","GRADE":"IIB","VILLAGE":"BHULESHWAR","VILLAGE_DI":"BHULESHWAR","WARD":"C","REMARKS":" ","TYPE":"Heritage","CREATED_US":" ","LAST_EDITE":" ","OWNERSHIP":" ","USES":" ","MHCC_NOC":" ","DATE_":" ","NOC_FOR":" ","STRUCTURE":" ","FEATURE":" ","Q":"Y","HER_NUMBER_2":"336B","HERITAGE_NAME":"CEMETERY"},"geometry":{"type":"Polygon","coordinates":[[[72.8221143666763,18.94871008874168],[72.822726804104,18.949129306662144],[72.82349837120803,18.948153464339487],[72.823899256118,18.948263387084122],[72.82423972479556,18.947914656233312],[72.82478216337452,18.94807001765903],[72.82520710217985,18.94751599217958],[72.82450595291121,18.947214780465046],[72.82425454986928,18.946796056360096],[72.82524234530293,18.945065141469783],[72.82470817812181,18.944986456414],[72.8221143666763,18.94871008874168]]]}},{"type":"Feature","properties":{"layer":"DP_77","label":"Heritage building","confidence":"confirmed","HERITAGE_P":" ","GRADE":"IIA","VILLAGE":"BHULESHWAR","VILLAGE_DI":"BHULESHWAR","WARD":"C","REMARKS":" ","TYPE":"Heritage","CREATED_US":" ","LAST_EDITE":" ","OWNERSHIP":" ","USES":" ","MHCC_NOC":" ","DATE_":" ","NOC_FOR":" ","STRUCTURE":" ","FEATURE":" ","Q":"Y","HER_NUMBER_2":"8/147","HERITAGE_NAME":"WILSON COLLEGE GYMKHANA GROUND"},"geometry":{"type":"Polygon","coordinates":[[[72.8217391603987,18.94821388351603],[72.82235174419637,18.94761677596572],[72.82156630088481,18.947078866977048],[72.8210408204842,18.947710706217087],[72.8217391603987,18.94821388351603]]]}},{"type":"Feature","properties":{"layer":"DP_77","label":"Heritage building","confidence":"confirmed","HERITAGE_P":"B M C","GRADE":"IIB","VILLAGE":"FORT","VILLAGE_DI":"FORT","WARD":"A","REMARKS":" ","TYPE":"Heritage","CREATED_US":" ","LAST_EDITE":" ","OWNERSHIP":" ","USES":" ","MHCC_NOC":" ","DATE_":" ","NOC_FOR":" ","STRUCTURE":" ","FEATURE":" ","Q":"Y","HER_NUMBER_2":"108/124","HERITAGE_NAME":"AKBAR PEERBHOY POLYTECHNIC"},"geometry":{"type":"Polygon","coordinates":[[[72.83386690141552,18.94268511435085],[72.83383526002898,18.942841053978636],[72.83437908171314,18.94294575245762],[72.83440514271142,18.942772830331215],[72.83386690141552,18.94268511435085]]]}},{"type":"Feature","properties":{"layer":"DP_77","label":"Heritage building","confidence":"confirmed","HERITAGE_P":" ","GRADE":"IIB","VILLAGE":"MALABAR HILL","VILLAGE_DI":"MALABAR HILL","WARD":"D","REMARKS":" ","TYPE":"Heritage","CREATED_US":" ","LAST_EDITE":" ","OWNERSHIP":" ","USES":" ","MHCC_NOC":" ","DATE_":" ","NOC_FOR":" ","STRUCTURE":" ","FEATURE":" ","Q":"Y","HER_NUMBER_2":"24/387","HERITAGE_NAME":"RUIA HOUSE"},"geometry":{"type":"Polygon","coordinates":[[[72.79893861575141,18.953828485740583],[72.7987140335185,18.95333185404792],[72.798009797529,18.953658609999273],[72.79841438787751,18.954266541739237],[72.79893861575141,18.953828485740583]]]}},{"type":"Feature","properties":{"layer":"DP_77","label":"Heritage building","confidence":"confirmed","HERITAGE_P":" ","GRADE":"IIA","VILLAGE":" ","VILLAGE_DI":" ","WARD":"A","REMARKS":" ","TYPE":" ","CREATED_US":" ","CREATED_DA":-2209161600000,"LAST_EDITE":" ","LAST_EDI_1":-2209161600000,"OWNERSHIP":" ","USES":" ","MHCC_NOC":" ","DATE_":" ","NOC_FOR":" ","STRUCTURE":" ","FEATURE":" ","Q":"Y","HER_NUMBER_2":"2/2(x)","HERITAGE_NAME":"NAVAL DOCKYARD (FROM  LION GATE TO OLD CUSTOM HOUSE WITH CLOCK TOWER OPP. GREAT WESTERN BUILDING) x) CENTRE NO. 64/STATION NO. 1- MAIN POWER HOUSE"},"geometry":{"type":"Polygon","coordinates":[[[72.83563720847769,18.927131652268088],[72.83548031007652,18.926933673720388],[72.83540160374851,18.927005539490807],[72.83563720847769,18.927131652268088]]]}},{"type":"Feature","properties":{"layer":"DP_77","label":"Heritage building","confidence":"confirmed","HERITAGE_P":" ","GRADE":"IIA","VILLAGE":" ","VILLAGE_DI":" ","WARD":"R","REMARKS":" ","TYPE":" ","CREATED_US":" ","CREATED_DA":-2209161600000,"LAST_EDITE":" ","LAST_EDI_1":-2209161600000,"OWNERSHIP":" ","USES":" ","MHCC_NOC":" ","DATE_":" ","NOC_FOR":" ","STRUCTURE":" ","FEATURE":" ","Q":"Y","HER_NUMBER_2":"182/230","HERITAGE_NAME":"SACRED HEART CHAPEL,CULVEM"},"geometry":{"type":"Polygon","coordinates":[[[72.78173311020808,19.236784842317903],[72.78211582860796,19.236801675561004],[72.78194453394069,19.236187400673796],[72.78121319137716,19.2362684206142],[72.78108247721464,19.23685023882664],[72.78173311020808,19.236784842317903]]]}},{"type":"Feature","properties":{"layer":"DP_77","label":"Heritage building","confidence":"confirmed","HERITAGE_P":" ","GRADE":"IIA","VILLAGE":" ","VILLAGE_DI":" ","WARD":"A","REMARKS":" ","TYPE":" ","CREATED_US":" ","CREATED_DA":-2209161600000,"LAST_EDITE":" ","LAST_EDI_1":-2209161600000,"OWNERSHIP":" ","USES":" ","MHCC_NOC":" ","DATE_":" ","NOC_FOR":" ","STRUCTURE":" ","FEATURE":" ","Q":"Y","HER_NUMBER_2":"181/206(ii)","HERITAGE_NAME":"(ii) HOLY NAME SCHOOL"},"geometry":{"type":"Polygon","coordinates":[[[72.83058191908329,18.92300485476396],[72.83087514003803,18.92275355210029],[72.83034475184729,18.92295804156088],[72.8307461607625,18.923250658094354],[72.83058191908329,18.92300485476396]]]}},{"type":"Feature","properties":{"layer":"DP_77","label":"Heritage building","confidence":"confirmed","HERITAGE_P":" ","GRADE":"IIA","VILLAGE":"FORT","VILLAGE_DI":"FORT","WARD":"A","REMARKS":" ","TYPE":"Heritage","CREATED_US":" ","LAST_EDITE":" ","OWNERSHIP":" ","USES":" ","MHCC_NOC":" ","DATE_":" ","NOC_FOR":" ","STRUCTURE":" ","FEATURE":" ","Q":"Y","HER_NUMBER_2":"283/53","HERITAGE_NAME":"146, MAHENDRA CHAMBER"},"geometry":{"type":"Polygon","coordinates":[[[72.8341802004227,18.93835229894078],[72.83454098616967,18.93906756008431],[72.83432132946301,18.938310778560897],[72.8341802004227,18.93835229894078]]]}},{"type":"Feature","properties":{"layer":"DP_77","label":"Heritage building","confidence":"confirmed","HERITAGE_P":" ","GRADE":"IIB","VILLAGE":" ","VILLAGE_DI":" ","WARD":"C","REMARKS":" ","TYPE":" ","CREATED_US":" ","CREATED_DA":-2209161600000,"LAST_EDITE":" ","LAST_EDI_1":-2209161600000,"OWNERSHIP":" ","USES":" ","MHCC_NOC":" ","DATE_":" ","NOC_FOR":" ","STRUCTURE":" ","FEATURE":" ","Q":"Y","HER_NUMBER_2":"15/154","HERITAGE_NAME":"KAREL WADI HARI MASJID"},"geometry":{"type":"Polygon","coordinates":[[[72.82072734432631,18.950207357852282],[72.82047368263538,18.950496726686424],[72.82075599128913,18.95069113349058],[72.82102805560723,18.950468743757863],[72.82072734432631,18.950207357852282]]]}},{"type":"Feature","properties":{"layer":"DP_77","label":"Heritage building","confidence":"confirmed","HERITAGE_P":" ","GRADE":"III","VILLAGE":"MATUNGA","VILLAGE_DI":"MATUNGA","WARD":"F/N","REMARKS":" ","TYPE":"Heritage","CREATED_US":" ","LAST_EDITE":" ","OWNERSHIP":" ","USES":" ","MHCC_NOC":" ","DATE_":" ","NOC_FOR":" ","STRUCTURE":" ","FEATURE":" ","Q":"Y","HER_NUMBER_2":"20/447","HERITAGE_NAME":"762, AHURA"},"geometry":{"type":"Polygon","coordinates":[[[72.84992466210467,19.01781075577277],[72.85011098198581,19.017598831534006],[72.84993186763785,19.017496285729518],[72.84974842531565,19.017634820689285],[72.84992466210467,19.01781075577277]]]}},{"type":"Feature","properties":{"layer":"DP_77","label":"Heritage building","confidence":"confirmed","HERITAGE_P":"MAJESTIC","GRADE":"IIA","VILLAGE":"COLABA","VILLAGE_DI":"COLABA","WARD":"A","REMARKS":" ","TYPE":"Heritage","CREATED_US":" ","LAST_EDITE":" ","OWNERSHIP":" ","USES":" ","MHCC_NOC":" ","DATE_":" ","NOC_FOR":" ","STRUCTURE":" ","FEATURE":" ","Q":"Y","HER_NUMBER_2":"200/227","HERITAGE_NAME":"MAJESTIC HOSTEL"},"geometry":{"type":"Polygon","coordinates":[[[72.83175895156008,18.923981244002864],[72.83134216854059,18.924247740120933],[72.8318354907217,18.924634942697143],[72.83175895156008,18.923981244002864]]]}},{"type":"Feature","properties":{"layer":"DP_77","label":"Heritage building","confidence":"confirmed","HERITAGE_P":" ","GRADE":"III","VILLAGE":"MANDVI","VILLAGE_DI":"MANDVI","WARD":"B","REMARKS":" ","TYPE":"Heritage","CREATED_US":" ","LAST_EDITE":" ","OWNERSHIP":" ","USES":" ","MHCC_NOC":" ","DATE_":" ","NOC_FOR":" ","STRUCTURE":" ","FEATURE":" ","Q":"Y","HER_NUMBER_2":"3d/85","HERITAGE_NAME":"EBY CASTTLE"},"geometry":{"type":"Polygon","coordinates":[[[72.8340635798046,18.951907897919746],[72.83387134881733,18.952269282026382],[72.83398620738105,18.952298208302054],[72.8340635798046,18.951907897919746]]]}},{"type":"Feature","properties":{"layer":"DP_77","label":"Heritage building","confidence":"confirmed","HERITAGE_P":" ","GRADE":"IIB","VILLAGE":"BANDRA-E","VILLAGE_DI":"BANDRA-E","WARD":"H/W","REMARKS":" ","TYPE":"Heritage","CREATED_US":" ","LAST_EDITE":" ","OWNERSHIP":" ","USES":" ","MHCC_NOC":" ","DATE_":" ","NOC_FOR":" ","STRUCTURE":" ","FEATURE":" ","Q":"Y","HER_NUMBER_2":"98/119","HERITAGE_NAME":"MOHAMMADI MANZIL"},"geometry":{"type":"Polygon","coordinates":[[[72.83748183658125,19.07468414469999],[72.83716110744271,19.07473417082716],[72.83749337916005,19.074948379185763],[72.83748183658125,19.07468414469999]]]}},{"type":"Feature","properties":{"layer":"DP_77","label":"Heritage building","confidence":"confirmed","HERITAGE_P":" ","GRADE":"I","VILLAGE":"BANDRA-B","VILLAGE_DI":"BANDRA-B","WARD":"HW","REMARKS":" ","TYPE":"Heritage","CREATED_US":" ","LAST_EDITE":" ","OWNERSHIP":" ","USES":" ","MHCC_NOC":" ","DATE_":" ","NOC_FOR":" ","STRUCTURE":" ","FEATURE":" ","Q":"Y","HER_NUMBER_2":"566","HERITAGE_NAME":"CASTELLA DE AGUADA"},"geometry":{"type":"Polygon","coordinates":[[[72.81842036479094,19.04204923261303],[72.81925495769634,19.042348199719772],[72.81819501007811,19.04187557644669],[72.81842036479094,19.04204923261303]]]}},{"type":"Feature","properties":{"layer":"DP_77","label":"Heritage building","confidence":"confirmed","HERITAGE_P":" ","GRADE":"III","VILLAGE":"MAHIM","VILLAGE_DI":"MAHIM","WARD":"G/N","REMARKS":" ","TYPE":"Heritage","CREATED_US":" ","LAST_EDITE":" ","OWNERSHIP":" ","USES":" ","MHCC_NOC":" ","DATE_":" ","NOC_FOR":" ","STRUCTURE":" ","FEATURE":" ","Q":"Y","HER_NUMBER_2":"33/564","HERITAGE_NAME":"MARIANELLA"},"geometry":{"type":"Polygon","coordinates":[[[72.84610276118782,19.039280471984306],[72.84598080738282,19.039341130876913],[72.84609320639848,19.039416938639246],[72.84610276118782,19.039280471984306]]]}},{"type":"Feature","properties":{"layer":"DP_77","label":"Heritage building","confidence":"confirmed","HERITAGE_P":" ","GRADE":"III","VILLAGE":"BANDRA-G","VILLAGE_DI":"BANDRA-G","WARD":"H/W","REMARKS":" ","TYPE":"Heritage","CREATED_US":" ","LAST_EDITE":" ","OWNERSHIP":" ","USES":" ","MHCC_NOC":" ","DATE_":" ","NOC_FOR":" ","STRUCTURE":" ","FEATURE":" ","Q":"Y","HER_NUMBER_2":"103/124","HERITAGE_NAME":"SYCAMORE"},"geometry":{"type":"Polygon","coordinates":[[[72.83533112331487,19.075462096245104],[72.8357926070418,19.075584001789878],[72.83580449899475,19.0752985795775],[72.83533112331487,19.075462096245104]]]}},{"type":"Feature","properties":{"layer":"DP_77","label":"Heritage building","confidence":"confirmed","HERITAGE_P":" ","GRADE":"IIB","VILLAGE":"BHULESHWAR","VILLAGE_DI":"BHULESHWAR","WARD":"C","REMARKS":" ","TYPE":"Heritage","CREATED_US":" ","LAST_EDITE":" ","OWNERSHIP":" ","USES":" ","MHCC_NOC":" ","DATE_":" ","NOC_FOR":" ","STRUCTURE":" ","FEATURE":" ","Q":"Y","HER_NUMBER_2":"17e/161","HERITAGE_NAME":"BAI MANEKJI GAMADIA GIRLS HIGH SCHOOL"},"geometry":{"type":"Polygon","coordinates":[[[72.82663169112375,18.94538357953559],[72.82672447466756,18.94559366934947],[72.8268177817248,18.94545374126561],[72.82663169112375,18.94538357953559]]]}},{"type":"Feature","properties":{"layer":"DP_77","label":"Heritage building","confidence":"confirmed","HERITAGE_P":" ","GRADE":"III","VILLAGE":" ","VILLAGE_DI":" ","WARD":"E","REMARKS":" ","TYPE":" ","CREATED_US":" ","CREATED_DA":-2209161600000,"LAST_EDITE":" ","LAST_EDI_1":-2209161600000,"OWNERSHIP":" ","USES":" ","MHCC_NOC":" ","DATE_":" ","NOC_FOR":" ","STRUCTURE":" ","FEATURE":" ","Q":"Y","HER_NUMBER_2":"526","HERITAGE_NAME":"BOMBAY CENTRAL STATION"},"geometry":{"type":"Polygon","coordinates":[[[72.81990079345539,18.96945686286006],[72.81906567795721,18.969443737531385],[72.81908737184479,18.9697703893871],[72.81981759484994,18.969712597516313],[72.81990079345539,18.96945686286006]]]}},{"type":"Feature","properties":{"layer":"DP_77","label":"Heritage building","confidence":"confirmed","HERITAGE_P":" ","GRADE":"IIA","VILLAGE":"TULSI","VILLAGE_DI":"TULSI","WARD":"T","REMARKS":" ","TYPE":"Heritage","CREATED_US":" ","LAST_EDITE":" ","OWNERSHIP":" ","USES":" ","MHCC_NOC":" ","DATE_":" ","NOC_FOR":" ","STRUCTURE":" ","FEATURE":" ","Q":"Y","HER_NUMBER_2":"50/53","HERITAGE_NAME":"TULSI FOREST BUNGALOW"},"geometry":{"type":"Polygon","coordinates":[[[72.91960613874164,19.19536504160175],[72.91932194063158,19.195419326459515],[72.91936917326287,19.195594852982612],[72.91960613874164,19.19536504160175]]]}},{"type":"Feature","properties":{"layer":"DP_77","label":"Heritage building","confidence":"confirmed","HERITAGE_P":" ","GRADE":"III","VILLAGE":"MALABAR HILL","VILLAGE_DI":"MALABAR HILL","WARD":"D","REMARKS":" ","TYPE":"Heritage","CREATED_US":" ","LAST_EDITE":" ","OWNERSHIP":" ","USES":" ","MHCC_NOC":" ","DATE_":" ","NOC_FOR":" ","STRUCTURE":" ","FEATURE":" ","Q":"Y","HER_NUMBER_2":"12/370","HERITAGE_NAME":"125, CUMBALLA HILL (CONTRACTOR'S RESIDENCE)"},"geometry":{"type":"Polygon","coordinates":[[[72.80697911593609,18.963337399616446],[72.80686727931985,18.964035761754033],[72.80701209518692,18.964022698417917],[72.80697911593609,18.963337399616446]]]}},{"type":"Feature","properties":{"layer":"DP_77","label":"Heritage building","confidence":"confirmed","HERITAGE_P":" ","GRADE":"IIB","VILLAGE":" ","VILLAGE_DI":" ","WARD":"D","REMARKS":" ","TYPE":" ","CREATED_US":" ","CREATED_DA":-2209161600000,"LAST_EDITE":" ","LAST_EDI_1":-2209161600000,"OWNERSHIP":" ","USES":" ","MHCC_NOC":" ","DATE_":" ","NOC_FOR":" ","STRUCTURE":" ","FEATURE":" ","Q":"Y","HER_NUMBER_2":"29/394","HERITAGE_NAME":"PARSI GENERAL HOSPITAL (GATE)"},"geometry":{"type":"Polygon","coordinates":[[[72.80378343413027,18.969010205791207],[72.80386718017219,18.969228570226946],[72.80391153821249,18.968986870494053],[72.80378343413027,18.969010205791207]]]}},{"type":"Feature","properties":{"layer":"DP_77","label":"Heritage building","confidence":"confirmed","HERITAGE_P":" ","GRADE":"IIB","VILLAGE":"BANDRA-C","VILLAGE_DI":"BANDRA-C","WARD":"H/W","REMARKS":" ","TYPE":"Heritage","CREATED_US":" ","LAST_EDITE":" ","OWNERSHIP":" ","USES":" ","MHCC_NOC":" ","DATE_":" ","NOC_FOR":" ","STRUCTURE":" ","FEATURE":" ","Q":"Y","HER_NUMBER_2":"72/089","HERITAGE_NAME":"KAMLA HOUSE"},"geometry":{"type":"Polygon","coordinates":[[[72.82707028089229,19.063970240454918],[72.82678365721779,19.064248648801478],[72.82695990267153,19.064592447038486],[72.82759609892186,19.0644267221838],[72.82707028089229,19.063970240454918]]]}},{"type":"Feature","properties":{"layer":"DP_77","label":"Heritage building","confidence":"confirmed","HERITAGE_P":" ","GRADE":"IIB","VILLAGE":" ","VILLAGE_DI":" ","WARD":"D","REMARKS":" ","TYPE":" ","CREATED_US":" ","CREATED_DA":-2209161600000,"LAST_EDITE":" ","LAST_EDI_1":-2209161600000,"OWNERSHIP":" ","USES":" ","MHCC_NOC":" ","DATE_":" ","NOC_FOR":" ","STRUCTURE":" ","FEATURE":" ","Q":"Y","HER_NUMBER_2":"42/412","HERITAGE_NAME":"BELLAVISTA COMPLEX : GATE,BUNGLOW & KANCHANJUNGA APARTMENTS"},"geometry":{"type":"Polygon","coordinates":[[[72.80730788510333,18.965062720938132],[72.80737945903063,18.965172475432414],[72.8074229029324,18.965146141642702],[72.80730788510333,18.965062720938132]]]}},{"type":"Feature","properties":{"layer":"DP_77","label":"Heritage building","confidence":"confirmed","HERITAGE_P":" ","GRADE":"III","VILLAGE":"LOWER PAREL","VILLAGE_DI":"LOWER PAREL","WARD":"G/S","REMARKS":" ","TYPE":"Heritage","CREATED_US":" ","LAST_EDITE":" ","OWNERSHIP":" ","USES":" ","MHCC_NOC":" ","DATE_":" ","NOC_FOR":" ","STRUCTURE":" ","FEATURE":" ","Q":"Y","HER_NUMBER_2":"11/572","HERITAGE_NAME":"PATEL BUILDING"},"geometry":{"type":"Polygon","coordinates":[[[72.8308220257167,18.998780476312046],[72.83083644679743,18.99914263299882],[72.83096290962965,18.99889888711257],[72.8308220257167,18.998780476312046]]]}},{"type":"Feature","properties":{"layer":"DP_77","label":"Heritage building","confidence":"confirmed","HERITAGE_P":" ","GRADE":"III","VILLAGE":"COLABA","VILLAGE_DI":"COLABA","WARD":"A","REMARKS":" ","TYPE":"Heritage","CREATED_US":" ","LAST_EDITE":" ","OWNERSHIP":" ","USES":" ","MHCC_NOC":" ","DATE_":" ","NOC_FOR":" ","STRUCTURE":" ","FEATURE":" ","Q":"Y","HER_NUMBER_2":"266/34","HERITAGE_NAME":"MONEERA LODGE"},"geometry":{"type":"Polygon","coordinates":[[[72.83133339194737,18.923794011540625],[72.83168031914106,18.923684224256107],[72.83163465408951,18.923481323905275],[72.83120836413185,18.92356855677357],[72.83133339194737,18.923794011540625]]]}},{"type":"Feature","properties":{"layer":"DP_77","label":"Heritage building","confidence":"confirmed","HERITAGE_P":" ","GRADE":"III","VILLAGE":"BANDRA-C","VILLAGE_DI":"BANDRA-C","WARD":"H/W","REMARKS":" ","TYPE":"Heritage","CREATED_US":" ","LAST_EDITE":" ","OWNERSHIP":" ","USES":" ","MHCC_NOC":" ","DATE_":" ","NOC_FOR":" ","STRUCTURE":" ","FEATURE":" ","Q":"Y","HER_NUMBER_2":"31/043","HERITAGE_NAME":"OSOKOZI"},"geometry":{"type":"Polygon","coordinates":[[[72.8277516047097,19.05847039288746],[72.82783366757512,19.058258823172874],[72.8274652919881,19.05824515304351],[72.82745522897814,19.05843463717926],[72.8277516047097,19.05847039288746]]]}},{"type":"Feature","properties":{"layer":"DP_77","label":"Heritage building","confidence":"confirmed","HERITAGE_P":"HORNIMAN CIRCLE","GRADE":"IIA","VILLAGE":"FORT","VILLAGE_DI":"FORT","WARD":"A","REMARKS":" ","TYPE":"Heritage","CREATED_US":" ","LAST_EDITE":" ","OWNERSHIP":" ","USES":" ","MHCC_NOC":" ","DATE_":" ","NOC_FOR":" ","STRUCTURE":" ","FEATURE":" ","Q":"Y","HER_NUMBER_2":"125/142(a)","HERITAGE_NAME":"HORNIMAN CIRCLE WITH GARDEN AND SURROUNDING BUILDINGS, NAMELY a) ZOROASTRIAN TRUST BLDG."},"geometry":{"type":"Polygon","coordinates":[[[72.83549054179538,18.9326867294949],[72.83524207098655,18.932841661319586],[72.83538597419495,18.933134896774153],[72.83554521015523,18.93311555188538],[72.83549054179538,18.9326867294949]]]}},{"type":"Feature","properties":{"layer":"DP_77","label":"Heritage building","confidence":"confirmed","HERITAGE_P":" ","GRADE":"IIB","VILLAGE":"KANDIVALI","VILLAGE_DI":"KANDIVALI","WARD":"R","REMARKS":" ","TYPE":"Heritage","CREATED_US":" ","LAST_EDITE":" ","OWNERSHIP":" ","USES":" ","MHCC_NOC":" ","DATE_":" ","NOC_FOR":" ","STRUCTURE":" ","FEATURE":" ","Q":"Y","HER_NUMBER_2":"152/190","HERITAGE_NAME":"PODDAR HOUSE/ BOMI BUILDING"},"geometry":{"type":"Polygon","coordinates":[[[72.84155250977552,19.204641604667497],[72.84170849632022,19.20507578893681],[72.8421609042611,19.205045273316312],[72.84203575274711,19.204451036494962],[72.84154699401857,19.204445876559006],[72.84155250977552,19.204641604667497]]]}},{"type":"Feature","properties":{"layer":"DP_77","label":"Heritage building","confidence":"confirmed","HERITAGE_P":"MAJESTIC","GRADE":"IIA","VILLAGE":"FORT","VILLAGE_DI":"FORT","WARD":"A","REMARKS":" ","TYPE":"Heritage","CREATED_US":" ","LAST_EDITE":" ","OWNERSHIP":" ","USES":" ","MHCC_NOC":" ","DATE_":" ","NOC_FOR":" ","STRUCTURE":" ","FEATURE":" ","Q":"Y","HER_NUMBER_2":"131/151","HERITAGE_NAME":"INDIAN MERCANTILE MANSION (MERCANTILE HOUSE)"},"geometry":{"type":"Polygon","coordinates":[[[72.8315483546253,18.925273396916218],[72.8318671773518,18.925329283403396],[72.83195924747858,18.924942625184617],[72.83165775305332,18.924864755512523],[72.8315483546253,18.925273396916218]]]}},{"type":"Feature","properties":{"layer":"DP_77","label":"Heritage building","confidence":"confirmed","HERITAGE_P":" ","GRADE":"IIA & I","VILLAGE":"BANDRA-B","VILLAGE_DI":"BANDRA-B","WARD":"H/W","REMARKS":" ","TYPE":"Heritage","CREATED_US":" ","LAST_EDITE":" ","OWNERSHIP":" ","USES":" ","MHCC_NOC":" ","DATE_":" ","NOC_FOR":" ","STRUCTURE":" ","FEATURE":" ","Q":"Y","HER_NUMBER_2":"607","HERITAGE_NAME":"ST.ANDREW'S CHURCH COMPLEX AND CROSS"},"geometry":{"type":"Polygon","coordinates":[[[72.82438119530626,19.055254433629887],[72.8251675031744,19.05515454550343],[72.82530597134853,19.054835456401193],[72.82439064440251,19.0542815744237],[72.82378041113827,19.054293386395514],[72.82438119530626,19.055254433629887]]]}},{"type":"Feature","properties":{"layer":"DP_77","label":"Heritage building","confidence":"confirmed","HERITAGE_P":" ","GRADE":"IIB","VILLAGE":"MANDVI","VILLAGE_DI":"MANDVI","WARD":"B","REMARKS":" ","TYPE":"Heritage","CREATED_US":" ","LAST_EDITE":" ","OWNERSHIP":" ","USES":" ","MHCC_NOC":" ","DATE_":" ","NOC_FOR":" ","STRUCTURE":" ","FEATURE":" ","Q":"Y","HER_NUMBER_2":"279","HERITAGE_NAME":"GATE OF MERCY SYNAGOGUE (SHAARE HARAHAMAN)"},"geometry":{"type":"Polygon","coordinates":[[[72.83598116377821,18.952361529295178],[72.83626208986269,18.952334878185557],[72.83605235028506,18.95224071203338],[72.83598116377821,18.952361529295178]]]}},{"type":"Feature","properties":{"layer":"DP_77","label":"Heritage building","confidence":"confirmed","HERITAGE_P":" ","GRADE":"III","VILLAGE":"MAZGAON","VILLAGE_DI":"MAZGAON","WARD":"E","REMARKS":" ","TYPE":" ","CREATED_US":" ","LAST_EDITE":" ","OWNERSHIP":" ","USES":" ","MHCC_NOC":" ","DATE_":" ","NOC_FOR":" ","STRUCTURE":" ","FEATURE":" ","Q":"Y","HER_NUMBER_2":"79/368","HERITAGE_NAME":"AMBEWADI PRECINCT"},"geometry":{"type":"Polygon","coordinates":[[[72.84300667476316,18.969873284828438],[72.84254384236667,18.969818593746375],[72.84250360814256,18.97119107991419],[72.8432683334757,18.97107383462729],[72.84300667476316,18.969873284828438]]]}},{"type":"Feature","properties":{"layer":"DP_77","label":"Heritage building","confidence":"confirmed","HERITAGE_P":" ","GRADE":"IIB","VILLAGE":"BANDRA-E","VILLAGE_DI":"BANDRA-E","WARD":"H/W","REMARKS":" ","TYPE":"Heritage","CREATED_US":" ","LAST_EDITE":" ","OWNERSHIP":" ","USES":" ","MHCC_NOC":" ","DATE_":" ","NOC_FOR":" ","STRUCTURE":" ","FEATURE":" ","Q":"Y","HER_NUMBER_2":"605","HERITAGE_NAME":"SACRED HEART CHURCH"},"geometry":{"type":"Polygon","coordinates":[[[72.83867724035083,19.07383841396084],[72.8376785324534,19.0737739097443],[72.83781146917852,19.075049695716707],[72.8387537191311,19.074994518088985],[72.83867724035083,19.07383841396084]],[[72.8386638525477,19.074599807059137],[72.83868728414562,19.07484209834178],[72.83862135407816,19.074844319477318],[72.8386638525477,19.074599807059137]],[[72.83854426506066,19.074430745700134],[72.83852929927038,19.074156957025743],[72.83847109965345,19.074563113750425],[72.83854426506066,19.074430745700134]],[[72.8380199216329,19.074725138549763],[72.8383961402233,19.07463157730827],[72.83843935722653,19.074792738389956],[72.8380199216329,19.074725138549763]]]}},{"type":"Feature","properties":{"layer":"DP_77","label":"Heritage building","confidence":"confirmed","HERITAGE_P":"FOUNTAIN","GRADE":"III","VILLAGE":"FORT","VILLAGE_DI":"FORT","WARD":"A","REMARKS":" ","TYPE":"Heritage","CREATED_US":" ","LAST_EDITE":" ","OWNERSHIP":" ","USES":" ","MHCC_NOC":" ","DATE_":" ","NOC_FOR":" ","STRUCTURE":" ","FEATURE":" ","Q":"Y","HER_NUMBER_2":"94/110","HERITAGE_NAME":"ALICE BUILDING STONE ARCH."},"geometry":{"type":"Polygon","coordinates":[[[72.83252930359619,18.93392364542319],[72.83254202631798,18.933852113106855],[72.83241295735483,18.93367066066795],[72.83252930359619,18.93392364542319]]]}},{"type":"Feature","properties":{"layer":"DP_77","label":"Heritage building","confidence":"confirmed","HERITAGE_P":" ","GRADE":"IIA","VILLAGE":"FORT","VILLAGE_DI":"FORT","WARD":"A","REMARKS":" ","TYPE":"Heritage","CREATED_US":" ","LAST_EDITE":" ","OWNERSHIP":" ","USES":" ","MHCC_NOC":" ","DATE_":" ","NOC_FOR":" ","STRUCTURE":" ","FEATURE":" ","Q":"Y","HER_NUMBER_2":"310/80","HERITAGE_NAME":"JERU MAHAL"},"geometry":{"type":"Polygon","coordinates":[[[72.83165510520395,18.928650026299014],[72.83153501511173,18.928784192165725],[72.8318584466083,18.928663516630536],[72.83165510520395,18.928650026299014]]]}},{"type":"Feature","properties":{"layer":"DP_77","label":"Heritage building","confidence":"confirmed","HERITAGE_P":"ESPLANDE","GRADE":"IIA","VILLAGE":"FORT","VILLAGE_DI":"FORT","WARD":"A","REMARKS":" ","TYPE":"Heritage","CREATED_US":" ","LAST_EDITE":" ","OWNERSHIP":" ","USES":" ","MHCC_NOC":" ","DATE_":" ","NOC_FOR":" ","STRUCTURE":" ","FEATURE":" ","Q":"Y","HER_NUMBER_2":"158/179","HERITAGE_NAME":"CATHEDRAL & JOHN CONNON JR. SCHOOL"},"geometry":{"type":"Polygon","coordinates":[[[72.83142723787022,18.934410486527643],[72.83123828967419,18.934552635331002],[72.83157470825682,18.934703553878347],[72.831644882647,18.934433939901353],[72.83142723787022,18.934410486527643]]]}},{"type":"Feature","properties":{"layer":"DP_77","label":"Heritage building","confidence":"confirmed","HERITAGE_P":" ","GRADE":"IIA","VILLAGE":"BYCULLA","VILLAGE_DI":"BYCULLA","WARD":"E","REMARKS":" ","TYPE":"Heritage","CREATED_US":" ","LAST_EDITE":" ","OWNERSHIP":" ","USES":" ","MHCC_NOC":" ","DATE_":" ","NOC_FOR":" ","STRUCTURE":" ","FEATURE":" ","Q":"Y","HER_NUMBER_2":"42/333","HERITAGE_NAME":"J. MAIDAN"},"geometry":{"type":"Polygon","coordinates":[[[72.82726873464578,18.974786905562958],[72.82746956419882,18.97474286581337],[72.82754738797613,18.97419293689135],[72.82674235362069,18.974087472561987],[72.82696401587994,18.974863603162664],[72.82726873464578,18.974786905562958]]]}},{"type":"Feature","properties":{"layer":"DP_77","label":"Heritage building","confidence":"confirmed","HERITAGE_P":" ","GRADE":"III","VILLAGE":"BANDRA-B","VILLAGE_DI":"BANDRA-B","WARD":"H/W","REMARKS":" ","TYPE":"Heritage","CREATED_US":" ","LAST_EDITE":" ","OWNERSHIP":" ","USES":" ","MHCC_NOC":" ","DATE_":" ","NOC_FOR":" ","STRUCTURE":" ","FEATURE":" ","Q":"Y","HER_NUMBER_2":"11/012","HERITAGE_NAME":"K LODGE"},"geometry":{"type":"Polygon","coordinates":[[[72.82471358038408,19.051729447886743],[72.82495808124953,19.05157978458299],[72.82476686091299,19.051318904200585],[72.82471358038408,19.051729447886743]]]}},{"type":"Feature","properties":{"layer":"DP_77","label":"Heritage building","confidence":"confirmed","HERITAGE_P":" ","GRADE":"IIA","VILLAGE":"MAHIM","VILLAGE_DI":"MAHIM","WARD":"G/N","REMARKS":" ","TYPE":"Heritage","CREATED_US":" ","LAST_EDITE":" ","OWNERSHIP":" ","USES":" ","MHCC_NOC":" ","DATE_":" ","NOC_FOR":" ","STRUCTURE":" ","FEATURE":" ","Q":"Y","HER_NUMBER_2":"25/554","HERITAGE_NAME":"MAQDUM MOHAMMAD MAHIMI DARGAH (SHRINE)"},"geometry":{"type":"Polygon","coordinates":[[[72.83889125883567,19.040410688300117],[72.83891302939806,19.039932903451298],[72.83871748985129,19.03985558072086],[72.83856207669879,19.04035020361002],[72.83889125883567,19.040410688300117]]]}},{"type":"Feature","properties":{"layer":"DP_77","label":"Heritage building","confidence":"confirmed","HERITAGE_P":" ","GRADE":"IIB","VILLAGE":"BANDRA-C","VILLAGE_DI":"BANDRA-C","WARD":"H/W","REMARKS":" ","TYPE":"Heritage","CREATED_US":" ","LAST_EDITE":" ","OWNERSHIP":" ","USES":" ","MHCC_NOC":" ","DATE_":" ","NOC_FOR":" ","STRUCTURE":" ","FEATURE":" ","Q":"Y","HER_NUMBER_2":"70/087","HERITAGE_NAME":"AVAN LODGE"},"geometry":{"type":"Polygon","coordinates":[[[72.82899889446215,19.066487075510437],[72.82899780776366,19.06627387170417],[72.82859101807996,19.066311746350834],[72.82857882070284,19.066493833930558],[72.82899889446215,19.066487075510437]]]}},{"type":"Feature","properties":{"layer":"DP_77","label":"Heritage building","confidence":"confirmed","HERITAGE_P":" ","GRADE":"III","VILLAGE":" ","VILLAGE_DI":" ","WARD":"E","REMARKS":" ","TYPE":" ","CREATED_US":" ","CREATED_DA":-2209161600000,"LAST_EDITE":" ","LAST_EDI_1":-2209161600000,"OWNERSHIP":" ","USES":" ","MHCC_NOC":" ","DATE_":" ","NOC_FOR":" ","STRUCTURE":" ","FEATURE":" ","Q":"Y","HER_NUMBER_2":"63/354","HERITAGE_NAME":"VITHAL RUKHMINI MANDIR"},"geometry":{"type":"Polygon","coordinates":[[[72.83165801527434,18.978056101420574],[72.83200764527555,18.977944825475973],[72.83158892476698,18.977954254643493],[72.83165801527434,18.978056101420574]]]}},{"type":"Feature","properties":{"layer":"DP_77","label":"Heritage building","confidence":"confirmed","HERITAGE_P":" ","GRADE":"III","VILLAGE":"MANDVI","VILLAGE_DI":"MANDVI","WARD":"B","REMARKS":" ","TYPE":"Heritage","CREATED_US":" ","LAST_EDITE":" ","OWNERSHIP":" ","USES":" ","MHCC_NOC":" ","DATE_":" ","NOC_FOR":" ","STRUCTURE":" ","FEATURE":" ","Q":"Y","HER_NUMBER_2":"B-2","HERITAGE_NAME":"JAMAL BLDG."},"geometry":{"type":"Polygon","coordinates":[[[72.83427455158615,18.94979781232601],[72.83431729170424,18.9499427133208],[72.83439779321765,18.94982574864218],[72.83427455158615,18.94979781232601]]]}},{"type":"Feature","properties":{"layer":"DP_77","label":"Heritage building","confidence":"confirmed","HERITAGE_P":" ","GRADE":"IIB","VILLAGE":"VERSOVA","VILLAGE_DI":"VERSOVA","WARD":"K/W","REMARKS":" ","TYPE":"Heritage","CREATED_US":" ","LAST_EDITE":" ","OWNERSHIP":" ","USES":" ","MHCC_NOC":" ","DATE_":" ","NOC_FOR":" ","STRUCTURE":" ","FEATURE":" ","Q":"Y","HER_NUMBER_2":"144/180","HERITAGE_NAME":"Our Lady of Health, Versova"},"geometry":{"type":"Polygon","coordinates":[[[72.80923111729363,19.14360807091956],[72.80915548127307,19.143278635442247],[72.8086007648195,19.143262596384375],[72.80854485850874,19.143492401083627],[72.80923111729363,19.14360807091956]]]}},{"type":"Feature","properties":{"layer":"DP_77","label":"Heritage building","confidence":"confirmed","HERITAGE_P":" ","GRADE":"IIB","VILLAGE":" ","VILLAGE_DI":" ","WARD":"C","REMARKS":" ","TYPE":" ","CREATED_US":" ","CREATED_DA":-2209161600000,"LAST_EDITE":" ","LAST_EDI_1":-2209161600000,"OWNERSHIP":" ","USES":" ","MHCC_NOC":" ","DATE_":" ","NOC_FOR":" ","STRUCTURE":" ","FEATURE":" ","Q":"Y","HER_NUMBER_2":"147","HERITAGE_NAME":"SARDARGRIHA (SARDARGIRHA-GUEST HOUSE)"},"geometry":{"type":"Polygon","coordinates":[[[72.83239201189076,18.946924618091597],[72.83255870052565,18.947089560535087],[72.83266853714971,18.946910117838303],[72.83251250548814,18.946728831873777],[72.83239201189076,18.946924618091597]]]}},{"type":"Feature","properties":{"layer":"DP_77","label":"Heritage building","confidence":"confirmed","HERITAGE_P":" ","GRADE":"III","VILLAGE":"PAREL-SEWERI","VILLAGE_DI":"PAREL-SEWERI","WARD":"F/S","REMARKS":" ","TYPE":"Heritage","CREATED_US":" ","LAST_EDITE":" ","OWNERSHIP":" ","USES":" ","MHCC_NOC":" ","DATE_":" ","NOC_FOR":" ","STRUCTURE":" ","FEATURE":" ","Q":"Y","HER_NUMBER_2":"13/490","HERITAGE_NAME":"SHYAM BHAVAN"},"geometry":{"type":"Polygon","coordinates":[[[72.8391517677922,19.005551382652282],[72.83936313883699,19.005318855002994],[72.83923926297497,19.005144529933244],[72.83899622333347,19.005310683496766],[72.8391517677922,19.005551382652282]]]}},{"type":"Feature","properties":{"layer":"DP_77","label":"Heritage building","confidence":"confirmed","HERITAGE_P":"9999","GRADE":"I","VILLAGE":"BYCULLA","VILLAGE_DI":"BYCULLA","WARD":"E","REMARKS":" ","TYPE":"Heritage","CREATED_US":" ","LAST_EDITE":" ","OWNERSHIP":" ","USES":" ","MHCC_NOC":" ","DATE_":" ","NOC_FOR":" ","STRUCTURE":" ","FEATURE":" ","Q":"Y","HER_NUMBER_2":"625","HERITAGE_NAME":"KHADA PARSI"},"geometry":{"type":"Polygon","coordinates":[[[72.83251072101127,18.971637839676372],[72.83257189293715,18.971656714855857],[72.83256793359689,18.971615771695248],[72.83251072101127,18.971637839676372]]]}},{"type":"Feature","properties":{"layer":"DP_77","label":"Heritage building","confidence":"confirmed","HERITAGE_P":" ","GRADE":"III","VILLAGE":" ","VILLAGE_DI":" ","WARD":"E","REMARKS":" ","TYPE":" ","CREATED_US":" ","CREATED_DA":-2209161600000,"LAST_EDITE":" ","LAST_EDI_1":-2209161600000,"OWNERSHIP":" ","USES":" ","MHCC_NOC":" ","DATE_":" ","NOC_FOR":" ","STRUCTURE":" ","FEATURE":" ","Q":"Y","HER_NUMBER_2":"79-c/371","HERITAGE_NAME":"BUNGLOW 1-c,AMBEWADI"},"geometry":{"type":"Polygon","coordinates":[[[72.84301329416755,18.970833126802585],[72.84277927659973,18.970887105622797],[72.84289462045822,18.971017764113178],[72.84301329416755,18.970833126802585]]]}},{"type":"Feature","properties":{"layer":"DP_77","label":"Heritage building","confidence":"confirmed","HERITAGE_P":" ","GRADE":"IIB","VILLAGE":"MANDVI","VILLAGE_DI":"MANDVI","WARD":"B","REMARKS":" ","TYPE":"Heritage","CREATED_US":" ","LAST_EDITE":" ","OWNERSHIP":" ","USES":" ","MHCC_NOC":" ","DATE_":" ","NOC_FOR":" ","STRUCTURE":" ","FEATURE":" ","Q":"Y","HER_NUMBER_2":"42/125","HERITAGE_NAME":"296, SAMUEL STREET"},"geometry":{"type":"Polygon","coordinates":[[[72.83583213715877,18.951348765115103],[72.83563849468987,18.95151480386158],[72.83582830543753,18.951523952147017],[72.83583213715877,18.951348765115103]]]}},{"type":"Feature","properties":{"layer":"DP_77","label":"Heritage building","confidence":"confirmed","HERITAGE_P":"FOUNTAIN","GRADE":"IIA","VILLAGE":"FORT","VILLAGE_DI":"FORT","WARD":"A","REMARKS":"ALSO LISTED IN NEW AGIARY LIST AT SR. NO. 6","TYPE":"Heritage","CREATED_US":" ","LAST_EDITE":" ","OWNERSHIP":" ","USES":" ","MHCC_NOC":" ","DATE_":" ","NOC_FOR":" ","STRUCTURE":" ","FEATURE":" ","Q":"Y","HER_NUMBER_2":"77/88","HERITAGE_NAME":"SETH BANAJI LIMJI DAREMEHER ( ADARIAN) (BANAJI LIMJI AGIARY)"},"geometry":{"type":"Polygon","coordinates":[[[72.83302795861663,18.933339116819294],[72.83325442522585,18.93320732383333],[72.83295786156282,18.933091146549845],[72.83302795861663,18.933339116819294]]]}},{"type":"Feature","properties":{"layer":"DP_77","label":"Heritage building","confidence":"confirmed","HERITAGE_P":"ESPLANDE","GRADE":"III","VILLAGE":"FORT","VILLAGE_DI":"FORT","WARD":"A","REMARKS":" ","TYPE":"Heritage","CREATED_US":" ","LAST_EDITE":" ","OWNERSHIP":" ","USES":" ","MHCC_NOC":" ","DATE_":" ","NOC_FOR":" ","STRUCTURE":" ","FEATURE":" ","Q":"Y","HER_NUMBER_2":"86/102","HERITAGE_NAME":"KILLICK HOUSE"},"geometry":{"type":"Polygon","coordinates":[[[72.83264398262834,18.93662675597661],[72.83305631442768,18.93640492369146],[72.83257275933082,18.93647543758342],[72.83264398262834,18.93662675597661]]]}},{"type":"Feature","properties":{"layer":"DP_77","label":"Heritage building","confidence":"confirmed","HERITAGE_P":" ","GRADE":"III","VILLAGE":"BANDRA-H","VILLAGE_DI":"BANDRA-H","WARD":"H/W","REMARKS":" ","TYPE":"Heritage","CREATED_US":" ","LAST_EDITE":" ","OWNERSHIP":" ","USES":" ","MHCC_NOC":" ","DATE_":" ","NOC_FOR":" ","STRUCTURE":" ","FEATURE":" ","Q":"Y","HER_NUMBER_2":"109/130","HERITAGE_NAME":"AURORA VILLA"},"geometry":{"type":"Polygon","coordinates":[[[72.83810196874299,19.075924260151012],[72.83825133814979,19.075684893641014],[72.83809286527121,19.07569499474282],[72.83810196874299,19.075924260151012]]]}},{"type":"Feature","properties":{"layer":"DP_77","label":"Heritage building","confidence":"confirmed","HERITAGE_P":"MAJESTIC","GRADE":"IIB","VILLAGE":"FORT","VILLAGE_DI":"FORT","WARD":"A","REMARKS":" ","TYPE":"Heritage","CREATED_US":" ","LAST_EDITE":" ","OWNERSHIP":" ","USES":" ","MHCC_NOC":" ","DATE_":" ","NOC_FOR":" ","STRUCTURE":" ","FEATURE":" ","Q":"Y","HER_NUMBER_2":"177/202","HERITAGE_NAME":"Y.M.C.A."},"geometry":{"type":"Polygon","coordinates":[[[72.83084867607302,18.924622370169086],[72.83105732841437,18.92436865075088],[72.83080953375217,18.924069456390896],[72.83057398059816,18.92434464947983],[72.83084867607302,18.924622370169086]]]}},{"type":"Feature","properties":{"layer":"DP_77","label":"Heritage building","confidence":"confirmed","HERITAGE_P":" ","GRADE":"IIB","VILLAGE":" ","VILLAGE_DI":" ","WARD":"G/N","REMARKS":" ","TYPE":" ","CREATED_US":" ","CREATED_DA":-2209161600000,"LAST_EDITE":" ","LAST_EDI_1":-2209161600000,"OWNERSHIP":"MCGM","USES":"Residential","MHCC_NOC":" ","DATE_":"1930","NOC_FOR":" ","STRUCTURE":" ","FEATURE":"Edwardian Neo classical bungalow with a porte-cochere in a large garden setting by the sea","Q":"Y","HER_NUMBER_2":"5/555","HERITAGE_NAME":"Mayor's bungalow"},"geometry":{"type":"Polygon","coordinates":[[[72.83665824386475,19.029107189358783],[72.83650074980105,19.029054258143358],[72.83655101773724,19.02920050682381],[72.83665824386475,19.029107189358783]]]}},{"type":"Feature","properties":{"layer":"DP_77","label":"Heritage building","confidence":"confirmed","HERITAGE_P":"CANTONMENT","GRADE":"IIB","VILLAGE":"COLABA","VILLAGE_DI":"COLABA","WARD":"A","REMARKS":" ","TYPE":"Heritage","CREATED_US":" ","LAST_EDITE":" ","OWNERSHIP":" ","USES":" ","MHCC_NOC":" ","DATE_":" ","NOC_FOR":" ","STRUCTURE":" ","FEATURE":" ","Q":"Y","HER_NUMBER_2":"45/53","HERITAGE_NAME":"NO.6 MAUDE LANE (DOGRA HOUSE)"},"geometry":{"type":"Polygon","coordinates":[[[72.81112620802571,18.903111317353094],[72.81155988358122,18.903374352047724],[72.81162565340732,18.902836062485637],[72.81121785276444,18.902791021606756],[72.81112620802571,18.903111317353094]]]}},{"type":"Feature","properties":{"layer":"DP_77","label":"Heritage building","confidence":"confirmed","HERITAGE_P":" ","GRADE":"IIA","VILLAGE":"VILE PARLE-WEST","VILLAGE_DI":"VILE PARLE-WEST","WARD":"K/W","REMARKS":" ","TYPE":"Heritage","CREATED_US":" ","LAST_EDITE":" ","OWNERSHIP":" ","USES":" ","MHCC_NOC":" ","DATE_":" ","NOC_FOR":" ","STRUCTURE":" ","FEATURE":" ","Q":"Y","HER_NUMBER_2":"119/148","HERITAGE_NAME":"St. Francis Xavier Church"},"geometry":{"type":"Polygon","coordinates":[[[72.84338908772001,19.098759257791947],[72.84180427301935,19.098268654282887],[72.84170080603637,19.09960491597477],[72.84345668639098,19.0993257557162],[72.84338908772001,19.098759257791947]]]}},{"type":"Feature","properties":{"layer":"DP_77","label":"Heritage building","confidence":"confirmed","HERITAGE_P":"FOUNTAIN","GRADE":"IIA","VILLAGE":"FORT","VILLAGE_DI":"FORT","WARD":"A","REMARKS":" ","TYPE":"Heritage","CREATED_US":" ","LAST_EDITE":" ","OWNERSHIP":" ","USES":" ","MHCC_NOC":" ","DATE_":" ","NOC_FOR":" ","STRUCTURE":" ","FEATURE":" ","Q":"Y","HER_NUMBER_2":"68/78 & 80","HERITAGE_NAME":"OLD GOVEERNOR'S HOUSE ( 80-RAJA MOTILAL MANSION)"},"geometry":{"type":"Polygon","coordinates":[[[72.83349522691849,18.930358396602088],[72.83375656478313,18.930650723730224],[72.83367508773458,18.930323318895095],[72.83349522691849,18.930358396602088]]]}},{"type":"Feature","properties":{"layer":"DP_77","label":"Heritage building","confidence":"confirmed","HERITAGE_P":"HORNIMAN CIRCLE","GRADE":"IIA","VILLAGE":"FORT","VILLAGE_DI":"FORT","WARD":"A","REMARKS":" ","TYPE":"Heritage","CREATED_US":" ","LAST_EDITE":" ","OWNERSHIP":" ","USES":" ","MHCC_NOC":" ","DATE_":" ","NOC_FOR":" ","STRUCTURE":" ","FEATURE":" ","Q":"Y","HER_NUMBER_2":"73/84","HERITAGE_NAME":"ALLAHABAD BANK BLDG."},"geometry":{"type":"Polygon","coordinates":[[[72.83406688676291,18.93041829701455],[72.83427943436313,18.93070593582652],[72.83438523324054,18.930422216154984],[72.83406688676291,18.93041829701455]]]}},{"type":"Feature","properties":{"layer":"DP_77","label":"Heritage building","confidence":"confirmed","HERITAGE_P":"MAJESTIC","GRADE":"III","VILLAGE":"FORT","VILLAGE_DI":"FORT","WARD":"A","REMARKS":" ","TYPE":"Heritage","CREATED_US":" ","LAST_EDITE":" ","OWNERSHIP":" ","USES":" ","MHCC_NOC":" ","DATE_":" ","NOC_FOR":" ","STRUCTURE":" ","FEATURE":" ","Q":"Y","HER_NUMBER_2":"176/201","HERITAGE_NAME":"CLARK HOUSE"},"geometry":{"type":"Polygon","coordinates":[[[72.8311699984438,18.92483951276421],[72.83149923716945,18.925001675544365],[72.83172299919603,18.924760422607093],[72.8314196963175,18.92452669176399],[72.8311699984438,18.92483951276421]]]}},{"type":"Feature","properties":{"layer":"DP_77","label":"Heritage building","confidence":"confirmed","HERITAGE_P":" ","GRADE":"III","VILLAGE":"MAZGAON","VILLAGE_DI":"MAZGAON","WARD":"E","REMARKS":" ","TYPE":" ","CREATED_US":" ","LAST_EDITE":" ","OWNERSHIP":" ","USES":" ","MHCC_NOC":" ","DATE_":" ","NOC_FOR":" ","STRUCTURE":" ","FEATURE":" ","Q":"Y","HER_NUMBER_2":"96/391","HERITAGE_NAME":"167, LOVE LANE"},"geometry":{"type":"Polygon","coordinates":[[[72.83536753908324,18.972014558266544],[72.83545676615418,18.972592885266785],[72.8356432489141,18.972493403454965],[72.83563147460022,18.971993259343176],[72.83536753908324,18.972014558266544]]]}},{"type":"Feature","properties":{"layer":"DP_77","label":"Heritage building","confidence":"confirmed","HERITAGE_P":" ","GRADE":"III","VILLAGE":" ","VILLAGE_DI":" ","WARD":"A","REMARKS":" ","TYPE":" ","CREATED_US":" ","CREATED_DA":-2209161600000,"LAST_EDITE":" ","LAST_EDI_1":-2209161600000,"OWNERSHIP":" ","USES":" ","MHCC_NOC":" ","DATE_":" ","NOC_FOR":" ","STRUCTURE":" ","FEATURE":" ","Q":"Y","HER_NUMBER_2":"246/11","HERITAGE_NAME":"ASTORIA HOTEL"},"geometry":{"type":"Polygon","coordinates":[[[72.82701140256603,18.93255721444624],[72.82726583595047,18.9323681387667],[72.82719697770271,18.932090623351392],[72.82681387482826,18.932322769097958],[72.82701140256603,18.93255721444624]]]}},{"type":"Feature","properties":{"layer":"DP_77","label":"Heritage building","confidence":"confirmed","HERITAGE_P":"ESPLANDE","GRADE":"III","VILLAGE":"FORT","VILLAGE_DI":"FORT","WARD":"A","REMARKS":" ","TYPE":"Heritage","CREATED_US":" ","LAST_EDITE":" ","OWNERSHIP":" ","USES":" ","MHCC_NOC":" ","DATE_":" ","NOC_FOR":" ","STRUCTURE":" ","FEATURE":" ","Q":"Y","HER_NUMBER_2":"119/137","HERITAGE_NAME":"BHARDA HIGH SCHOOL"},"geometry":{"type":"Polygon","coordinates":[[[72.83392475231494,18.938886604885663],[72.8337553959978,18.939133931120256],[72.83390959852444,18.939260326585593],[72.83414731145687,18.93909369663509],[72.83392475231494,18.938886604885663]]]}},{"type":"Feature","properties":{"layer":"DP_77","label":"Heritage building","confidence":"confirmed","HERITAGE_P":"GATEWAY","GRADE":"IIA","VILLAGE":"COLABA","VILLAGE_DI":"COLABA","WARD":"A","REMARKS":" ","TYPE":"Heritage","CREATED_US":" ","LAST_EDITE":" ","OWNERSHIP":" ","USES":" ","MHCC_NOC":" ","DATE_":" ","NOC_FOR":" ","STRUCTURE":" ","FEATURE":" ","Q":"Y","HER_NUMBER_2":"79/91 & 92","HERITAGE_NAME":"R. B. YACHT CLUB ANNEXE (92-YACHT CLUB HOUSE)"},"geometry":{"type":"Polygon","coordinates":[[[72.83294500993426,18.923400971729404],[72.83341040953776,18.923770542150738],[72.8337206419618,18.923411712083162],[72.83330066946198,18.923091689329304],[72.83294500993426,18.923400971729404]]]}},{"type":"Feature","properties":{"layer":"DP_77","label":"Heritage building","confidence":"confirmed","HERITAGE_P":" ","GRADE":"III","VILLAGE":"MAHIM","VILLAGE_DI":"MAHIM","WARD":"G/N","REMARKS":" ","TYPE":"Heritage","CREATED_US":" ","LAST_EDITE":" ","OWNERSHIP":" ","USES":" ","MHCC_NOC":" ","DATE_":" ","NOC_FOR":" ","STRUCTURE":" ","FEATURE":" ","Q":"Y","HER_NUMBER_2":"9/561","HERITAGE_NAME":"SHREE RADHA KRISHNA KUNJ"},"geometry":{"type":"Polygon","coordinates":[[[72.83931297847477,19.03763272995441],[72.83946832093842,19.03738888500177],[72.83928986273048,19.037322091725397],[72.83913458811203,19.03747591704567],[72.83931297847477,19.03763272995441]]]}},{"type":"Feature","properties":{"layer":"DP_77","label":"Heritage building","confidence":"confirmed","HERITAGE_P":" ","GRADE":"III","VILLAGE":" ","VILLAGE_DI":" ","WARD":"D","REMARKS":"AS PER NEW AGIARY LIST SR. NO. 32","TYPE":" ","CREATED_US":" ","CREATED_DA":-2209161600000,"LAST_EDITE":" ","LAST_EDI_1":-2209161600000,"OWNERSHIP":" ","USES":" ","MHCC_NOC":" ","DATE_":" ","NOC_FOR":" ","STRUCTURE":" ","FEATURE":" ","Q":"Y","HER_NUMBER_2":" ","HERITAGE_NAME":"MOBED DORABJI INDULJI JAMSINA OR MITHAIWALLA  AGIARY (ADARIAN) (D.E. MITHAIWALA )"},"geometry":{"type":"Polygon","coordinates":[[[72.81494737036502,18.963590532223336],[72.81512496295203,18.96354167482555],[72.81504353830024,18.963312230827633],[72.81494737036502,18.963590532223336]]]}},{"type":"Feature","properties":{"layer":"DP_77","label":"Heritage building","confidence":"confirmed","HERITAGE_P":"BALLARD PIER","GRADE":"III","VILLAGE":"FORT","VILLAGE_DI":"FORT","WARD":"A","REMARKS":" ","TYPE":"Heritage","CREATED_US":" ","LAST_EDITE":" ","OWNERSHIP":" ","USES":" ","MHCC_NOC":" ","DATE_":" ","NOC_FOR":" ","STRUCTURE":" ","FEATURE":" ","Q":"Y","HER_NUMBER_2":"232/263","HERITAGE_NAME":"IMPERIAL CHAMBERS"},"geometry":{"type":"Polygon","coordinates":[[[72.83972903394636,18.93499809276815],[72.8395472746735,18.935037698221457],[72.83989067542291,18.93509760124004],[72.83972903394636,18.93499809276815]]]}},{"type":"Feature","properties":{"layer":"DP_77","label":"Heritage building","confidence":"confirmed","HERITAGE_P":"BAZARGATE","GRADE":"IIB","VILLAGE":"FORT","VILLAGE_DI":"FORT","WARD":"A","REMARKS":" ","TYPE":"Heritage","CREATED_US":" ","LAST_EDITE":" ","OWNERSHIP":" ","USES":" ","MHCC_NOC":" ","DATE_":" ","NOC_FOR":" ","STRUCTURE":" ","FEATURE":" ","Q":"Y","HER_NUMBER_2":"187/213","HERITAGE_NAME":"BOMANJI HORMUSJI WADIA FOUNTAIN"},"geometry":{"type":"Polygon","coordinates":[[[72.83572192613816,18.934446653921015],[72.83574477703677,18.934622431727004],[72.83579030282003,18.93448198445675],[72.83572192613816,18.934446653921015]]]}},{"type":"Feature","properties":{"layer":"DP_77","label":"Heritage building","confidence":"confirmed","HERITAGE_P":" ","GRADE":"IIB","VILLAGE":"MANDVI","VILLAGE_DI":"MANDVI","WARD":"B","REMARKS":" ","TYPE":"Heritage","CREATED_US":" ","LAST_EDITE":" ","OWNERSHIP":" ","USES":" ","MHCC_NOC":" ","DATE_":" ","NOC_FOR":" ","STRUCTURE":" ","FEATURE":" ","Q":"Y","HER_NUMBER_2":"43/126","HERITAGE_NAME":"BAKKAR KASAAB MASJID"},"geometry":{"type":"Polygon","coordinates":[[[72.83509637772656,18.95457342615763],[72.83510608651318,18.954407541056625],[72.83484103694406,18.95453608001993],[72.83509637772656,18.95457342615763]]]}},{"type":"Feature","properties":{"layer":"DP_77","label":"Heritage building","confidence":"confirmed","HERITAGE_P":"CANTONMENT","GRADE":"IIB","VILLAGE":"COLABA","VILLAGE_DI":"COLABA","WARD":"A","REMARKS":" ","TYPE":"Heritage","CREATED_US":" ","LAST_EDITE":" ","OWNERSHIP":" ","USES":" ","MHCC_NOC":" ","DATE_":" ","NOC_FOR":" ","STRUCTURE":" ","FEATURE":" ","Q":"Y","HER_NUMBER_2":"44/52","HERITAGE_NAME":"2) BACKBAY HOUSE NO.2"},"geometry":{"type":"Polygon","coordinates":[[[72.8089582373734,18.896232220791223],[72.80940921096361,18.89626342698603],[72.80939752858035,18.895883290593478],[72.80897701159186,18.895751115813628],[72.8089582373734,18.896232220791223]]]}},{"type":"Feature","properties":{"layer":"DP_77","label":"Heritage building","confidence":"confirmed","HERITAGE_P":" ","GRADE":"IIA","VILLAGE":" ","VILLAGE_DI":" ","WARD":"H/W","REMARKS":"AS PER AGIARY LIST AT SR NO 44","TYPE":" ","CREATED_US":" ","CREATED_DA":-2209161600000,"LAST_EDITE":" ","LAST_EDI_1":-2209161600000,"OWNERSHIP":" ","USES":" ","MHCC_NOC":" ","DATE_":" ","NOC_FOR":" ","STRUCTURE":" ","FEATURE":" ","Q":"Y","HER_NUMBER_2":" ","HERITAGE_NAME":"ERVAD ADARJI KHARSHEDJI PANTHAKI AGIARY ( ADARIAN)"},"geometry":{"type":"Polygon","coordinates":[[[72.83788843751219,19.058297322795724],[72.83810612390218,19.058078738151163],[72.83769771215299,19.05803785760812],[72.83766223519847,19.058242958898273],[72.83788843751219,19.058297322795724]]]}},{"type":"Feature","properties":{"layer":"DP_77","label":"Heritage building","confidence":"confirmed","HERITAGE_P":" ","GRADE":"I","VILLAGE":" ","VILLAGE_DI":" ","WARD":"A","REMARKS":" ","TYPE":" ","CREATED_US":" ","CREATED_DA":-2209161600000,"LAST_EDITE":" ","LAST_EDI_1":-2209161600000,"OWNERSHIP":" ","USES":" ","MHCC_NOC":" ","DATE_":" ","NOC_FOR":" ","STRUCTURE":" ","FEATURE":" ","Q":"Y","HER_NUMBER_2":"111/127","HERITAGE_NAME":"FOUNTAIN ( Three) IN MAHATMA PHULE MARKET"},"geometry":{"type":"Polygon","coordinates":[[[72.83399563771039,18.94721783312053],[72.83403516776035,18.947165679198882],[72.83397696503064,18.947159311249163],[72.83399563771039,18.94721783312053]]]}},{"type":"Feature","properties":{"layer":"DP_77","label":"Heritage building","confidence":"confirmed","HERITAGE_P":" ","GRADE":"IIA","VILLAGE":" ","VILLAGE_DI":" ","WARD":"B","REMARKS":" ","TYPE":" ","CREATED_US":" ","CREATED_DA":-2209161600000,"LAST_EDITE":" ","LAST_EDI_1":-2209161600000,"OWNERSHIP":" ","USES":" ","MHCC_NOC":" ","DATE_":" ","NOC_FOR":" ","STRUCTURE":" ","FEATURE":" ","Q":"Y","HER_NUMBER_2":"275","HERITAGE_NAME":"MINARA MASJID"},"geometry":{"type":"Polygon","coordinates":[[[72.83340131191198,18.95471488968457],[72.83348923771428,18.95439819517498],[72.83316561821704,18.95428952645581],[72.83308330591507,18.954607785822446],[72.83340131191198,18.95471488968457]]]}},{"type":"Feature","properties":{"layer":"DP_77","label":"Heritage building","confidence":"confirmed","HERITAGE_P":" ","GRADE":"III","VILLAGE":"VILE PARLE","VILLAGE_DI":"VILE PARLE","WARD":"K/W","REMARKS":" ","TYPE":"Heritage","CREATED_US":" ","LAST_EDITE":" ","OWNERSHIP":" ","USES":" ","MHCC_NOC":" ","DATE_":" ","NOC_FOR":" ","STRUCTURE":" ","FEATURE":" ","Q":"Y","HER_NUMBER_2":"132/163","HERITAGE_NAME":"Kusum Niwas"},"geometry":{"type":"Polygon","coordinates":[[[72.84155961973326,19.11015936303359],[72.84111753931708,19.110298655722403],[72.84117500787879,19.110477411168645],[72.84163574164901,19.110335981488994],[72.84155961973326,19.11015936303359]]]}},{"type":"Feature","properties":{"layer":"DP_77","label":"Heritage building","confidence":"confirmed","HERITAGE_P":" ","GRADE":"IIA","VILLAGE":" ","VILLAGE_DI":" ","WARD":"D","REMARKS":" ","TYPE":" ","CREATED_US":" ","CREATED_DA":-2209161600000,"LAST_EDITE":" ","LAST_EDI_1":-2209161600000,"OWNERSHIP":" ","USES":" ","MHCC_NOC":" ","DATE_":" ","NOC_FOR":" ","STRUCTURE":" ","FEATURE":" ","Q":"Y","HER_NUMBER_2":"145/256","HERITAGE_NAME":"BHARATIYA VIDYA BHAVAN"},"geometry":{"type":"Polygon","coordinates":[[[72.81085992893891,18.957214325876357],[72.8106660642318,18.957578973634153],[72.81122230059698,18.95754194774166],[72.81109482477845,18.95741937564739],[72.8113021699826,18.957191552687764],[72.81085992893891,18.957214325876357]]]}},{"type":"Feature","properties":{"layer":"DP_77","label":"Heritage building","confidence":"confirmed","HERITAGE_P":" ","GRADE":"III","VILLAGE":"FORT","VILLAGE_DI":"FORT","WARD":"A","REMARKS":" ","TYPE":"Heritage","CREATED_US":" ","LAST_EDITE":" ","OWNERSHIP":" ","USES":" ","MHCC_NOC":" ","DATE_":" ","NOC_FOR":" ","STRUCTURE":" ","FEATURE":" ","Q":"Y","HER_NUMBER_2":"272/41","HERITAGE_NAME":"EMPRESS COURT"},"geometry":{"type":"Polygon","coordinates":[[[72.82803662755224,18.92919356565825],[72.82765704865047,18.92920387585597],[72.82766576951255,18.92953075186896],[72.82803859102762,18.929468682616513],[72.82803662755224,18.92919356565825]]]}},{"type":"Feature","properties":{"layer":"DP_77","label":"Heritage building","confidence":"confirmed","HERITAGE_P":" ","GRADE":"IIA","VILLAGE":"MADH","VILLAGE_DI":"MADH","WARD":"K/W","REMARKS":" ","TYPE":" ","CREATED_US":" ","CREATED_DA":-2209161600000,"LAST_EDITE":" ","LAST_EDI_1":-2209161600000,"OWNERSHIP":" ","USES":" ","MHCC_NOC":" ","DATE_":" ","NOC_FOR":" ","STRUCTURE":" ","FEATURE":" ","Q":"Y","HER_NUMBER_2":"179/ 227","HERITAGE_NAME":"OUR LADY OF THE SEA, MADH"},"geometry":{"type":"Polygon","coordinates":[[[72.79064907720165,19.144439325934975],[72.79082250341733,19.14447359397105],[72.79091775621444,19.143825766639658],[72.79025423055707,19.143708562187186],[72.79031824486326,19.14428127028635],[72.79064907720165,19.144439325934975]]]}},{"type":"Feature","properties":{"layer":"DP_77","label":"Heritage building","confidence":"confirmed","HERITAGE_P":" ","GRADE":"III","VILLAGE":"MAHIM","VILLAGE_DI":"MAHIM","WARD":"G/N","REMARKS":" ","TYPE":"Heritage","CREATED_US":" ","LAST_EDITE":" ","OWNERSHIP":" ","USES":" ","MHCC_NOC":" ","DATE_":" ","NOC_FOR":" ","STRUCTURE":" ","FEATURE":" ","Q":"Y","HER_NUMBER_2":"19/544","HERITAGE_NAME":"MANIK NIWAS"},"geometry":{"type":"Polygon","coordinates":[[[72.84718022485751,19.030545927768213],[72.84629009808314,19.03069721889826],[72.84631531434779,19.030917084535226],[72.84730272524183,19.031002887863828],[72.84718022485751,19.030545927768213]]]}},{"type":"Feature","properties":{"layer":"DP_77","label":"Heritage building","confidence":"confirmed","HERITAGE_P":" ","GRADE":"I","VILLAGE":"BANDRA-C","VILLAGE_DI":"BANDRA-C","WARD":"H/W","REMARKS":" ","TYPE":"Heritage","CREATED_US":" ","LAST_EDITE":" ","OWNERSHIP":" ","USES":" ","MHCC_NOC":" ","DATE_":" ","NOC_FOR":" ","STRUCTURE":" ","FEATURE":" ","Q":"Y","HER_NUMBER_2":"578","HERITAGE_NAME":"CROSSES ON CROSS ROADS"},"geometry":{"type":"Polygon","coordinates":[[[72.82303292262574,19.06908483743678],[72.82308674938801,19.06904341252208],[72.82302033876978,19.06900917030198],[72.82303292262574,19.06908483743678]]]}},{"type":"Feature","properties":{"layer":"DP_77","label":"Heritage building","confidence":"confirmed","HERITAGE_P":" ","GRADE":"III","VILLAGE":"BANDRA-C","VILLAGE_DI":"BANDRA-C","WARD":"H/W","REMARKS":" ","TYPE":"Heritage","CREATED_US":" ","LAST_EDITE":" ","OWNERSHIP":" ","USES":" ","MHCC_NOC":" ","DATE_":" ","NOC_FOR":" ","STRUCTURE":" ","FEATURE":" ","Q":"Y","HER_NUMBER_2":"56/073","HERITAGE_NAME":"ROMA HOUSE"},"geometry":{"type":"Polygon","coordinates":[[[72.82468433948962,19.060162836340126],[72.82470974075048,19.059736162098087],[72.82423408513284,19.05983495309899],[72.82425615879788,19.060125621768588],[72.82468433948962,19.060162836340126]]]}},{"type":"Feature","properties":{"layer":"DP_77","label":"Heritage building","confidence":"confirmed","HERITAGE_P":"UNIVERSITY","GRADE":"I","VILLAGE":"FORT","VILLAGE_DI":"FORT","WARD":"A","REMARKS":" ","TYPE":"Heritage","CREATED_US":" ","LAST_EDITE":" ","OWNERSHIP":" ","USES":" ","MHCC_NOC":" ","DATE_":" ","NOC_FOR":" ","STRUCTURE":" ","FEATURE":" ","Q":"Y","HER_NUMBER_2":"67/77","HERITAGE_NAME":"HIGH COURT ( BOMBAY HIGH COURT - INCLUSIVE OF WELL)"},"geometry":{"type":"Polygon","coordinates":[[[72.8305463642258,18.930289911293485],[72.82993106894868,18.930277068927868],[72.83010685117449,18.93195907181558],[72.83081214244204,18.93187000306189],[72.8305463642258,18.930289911293485]]]}},{"type":"Feature","properties":{"layer":"DP_77","label":"Heritage building","confidence":"confirmed","HERITAGE_P":" ","GRADE":"III","VILLAGE":"MATUNGA","VILLAGE_DI":"MATUNGA","WARD":"F/N","REMARKS":" ","TYPE":"Heritage","CREATED_US":" ","LAST_EDITE":" ","OWNERSHIP":" ","USES":" ","MHCC_NOC":" ","DATE_":" ","NOC_FOR":" ","STRUCTURE":" ","FEATURE":" ","Q":"Y","HER_NUMBER_2":"27/454","HERITAGE_NAME":"792, JINA MANZIL"},"geometry":{"type":"Polygon","coordinates":[[[72.84869842072158,19.017742763466686],[72.84894111261114,19.017579103257834],[72.84873202371959,19.017341843604328],[72.84857240151253,19.01742852289316],[72.84869842072158,19.017742763466686]]]}},{"type":"Feature","properties":{"layer":"DP_77","label":"Heritage building","confidence":"confirmed","HERITAGE_P":" ","GRADE":"IIB","VILLAGE":"BHULESHWAR","VILLAGE_DI":"BHULESHWAR","WARD":"C","REMARKS":" ","TYPE":"Heritage","CREATED_US":" ","LAST_EDITE":" ","OWNERSHIP":" ","USES":" ","MHCC_NOC":" ","DATE_":" ","NOC_FOR":" ","STRUCTURE":" ","FEATURE":" ","Q":"Y","HER_NUMBER_2":"26/173","HERITAGE_NAME":"EDWARD THEATRE"},"geometry":{"type":"Polygon","coordinates":[[[72.82876208501453,18.94520481090965],[72.82910168194367,18.945269156545006],[72.8291133857122,18.945061876530698],[72.82876208501453,18.94520481090965]]]}},{"type":"Feature","properties":{"layer":"DP_77","label":"Heritage building","confidence":"confirmed","HERITAGE_P":" ","GRADE":"III","VILLAGE":"BHULESHWAR","VILLAGE_DI":"BHULESHWAR","WARD":"C","REMARKS":" ","TYPE":"Heritage","CREATED_US":" ","LAST_EDITE":" ","OWNERSHIP":" ","USES":" ","MHCC_NOC":" ","DATE_":" ","NOC_FOR":" ","STRUCTURE":" ","FEATURE":" ","Q":"Y","HER_NUMBER_2":"19/166","HERITAGE_NAME":"SETHANA BUILDGING"},"geometry":{"type":"Polygon","coordinates":[[[72.8226624507777,18.94989405219194],[72.82262560072154,18.9497415580825],[72.8225352496902,18.949826157703303],[72.8226624507777,18.94989405219194]]]}},{"type":"Feature","properties":{"layer":"DP_77","label":"Heritage building","confidence":"confirmed","HERITAGE_P":"MUSEUM","GRADE":"IIA","VILLAGE":"FORT","VILLAGE_DI":"FORT","WARD":"A","REMARKS":" ","TYPE":"Heritage","CREATED_US":" ","LAST_EDITE":" ","OWNERSHIP":" ","USES":" ","MHCC_NOC":" ","DATE_":" ","NOC_FOR":" ","STRUCTURE":" ","FEATURE":" ","Q":"Y","HER_NUMBER_2":"124/141(a)(13)","HERITAGE_NAME":"BUILDING ON K. DUBHASH MARG NAMELY 13) ORICON HOUSE"},"geometry":{"type":"Polygon","coordinates":[[[72.83303620349136,18.927294749484815],[72.83301982293935,18.92750307345989],[72.83314862381525,18.927242430452637],[72.83303620349136,18.927294749484815]]]}},{"type":"Feature","properties":{"layer":"DP_77","label":"Heritage building","confidence":"confirmed","HERITAGE_P":" ","GRADE":"IIA","VILLAGE":"BHANDUP-W","VILLAGE_DI":"BHANDUP-W","WARD":"S","REMARKS":" ","TYPE":"Heritage","CREATED_US":" ","LAST_EDITE":" ","OWNERSHIP":" ","USES":" ","MHCC_NOC":" ","DATE_":" ","NOC_FOR":" ","STRUCTURE":" ","FEATURE":" ","Q":"Y","HER_NUMBER_2":"40/43","HERITAGE_NAME":"AQUEDUCT"},"geometry":{"type":"Polygon","coordinates":[[[72.9289305378961,19.166830012370845],[72.92898230471101,19.166826430456968],[72.92884565263483,19.165926387363676],[72.9289305378961,19.166830012370845]]]}},{"type":"Feature","properties":{"layer":"DP_77","label":"Heritage building","confidence":"confirmed","HERITAGE_P":"MAJESTIC","GRADE":"IIA","VILLAGE":"FORT","VILLAGE_DI":"FORT","WARD":"A","REMARKS":" ","TYPE":"Heritage","CREATED_US":" ","LAST_EDITE":" ","OWNERSHIP":" ","USES":" ","MHCC_NOC":" ","DATE_":" ","NOC_FOR":" ","STRUCTURE":" ","FEATURE":" ","Q":"Y","HER_NUMBER_2":"3/3","HERITAGE_NAME":"PRINCIPAL CONTROLLER DEFENCE ACCOUNTS (NAVY) (OFFICE OF CONTROLLER OF DEFENCE ACCOUNTS)"},"geometry":{"type":"Polygon","coordinates":[[[72.829649656285,18.92405482741057],[72.82998719059412,18.924024168517125],[72.83017942169299,18.923584061689994],[72.82959030278356,18.923138884482167],[72.829649656285,18.92405482741057]]]}},{"type":"Feature","properties":{"layer":"DP_77","label":"Heritage building","confidence":"confirmed","HERITAGE_P":"CANTONMENT","GRADE":"III","VILLAGE":"COLABA","VILLAGE_DI":"COLABA","WARD":"A","REMARKS":" ","TYPE":"Heritage","CREATED_US":" ","LAST_EDITE":" ","OWNERSHIP":" ","USES":" ","MHCC_NOC":" ","DATE_":" ","NOC_FOR":" ","STRUCTURE":" ","FEATURE":" ","Q":"Y","HER_NUMBER_2":"8/8","HERITAGE_NAME":"OFFICER'S MESS & BUNGALOW ON DUXBURY LANE"},"geometry":{"type":"Polygon","coordinates":[[[72.81744075082311,18.908495082927008],[72.81726108017324,18.90882946900189],[72.81752564519523,18.90909148010239],[72.8182144339861,18.90858910054485],[72.81783015523635,18.908168475389864],[72.81744075082311,18.908495082927008]]]}},{"type":"Feature","properties":{"layer":"DP_77","label":"Heritage building","confidence":"confirmed","HERITAGE_P":" ","GRADE":"I","VILLAGE":"FORT","VILLAGE_DI":"FORT","WARD":"A","REMARKS":" ","TYPE":"Heritage","CREATED_US":" ","LAST_EDITE":" ","OWNERSHIP":" ","USES":" ","MHCC_NOC":" ","DATE_":" ","NOC_FOR":" ","STRUCTURE":" ","FEATURE":" ","Q":"Y","HER_NUMBER_2":"114/132","HERITAGE_NAME":"RUTTONSI MULJI FOUNTAIN"},"geometry":{"type":"Polygon","coordinates":[[[72.83713390389228,18.93554138962808],[72.83708851245153,18.935593265773875],[72.83719089348459,18.935640555104325],[72.83713390389228,18.93554138962808]]]}},{"type":"Feature","properties":{"layer":"DP_77","label":"Heritage building","confidence":"confirmed","HERITAGE_P":" ","GRADE":"I","VILLAGE":" ","VILLAGE_DI":" ","WARD":"A","REMARKS":" ","TYPE":" ","CREATED_US":" ","CREATED_DA":-2209161600000,"LAST_EDITE":" ","LAST_EDI_1":-2209161600000,"OWNERSHIP":" ","USES":" ","MHCC_NOC":" ","DATE_":" ","NOC_FOR":" ","STRUCTURE":" ","FEATURE":" ","Q":"Y","HER_NUMBER_2":"185/211(d)","HERITAGE_NAME":"d) GATEWAY OF INDIA"},"geometry":{"type":"Polygon","coordinates":[[[72.83488497010902,18.92196843531204],[72.83447539201298,18.921666935141488],[72.83423690915212,18.921939371735142],[72.8346465141175,18.92223872299373],[72.83488497010902,18.92196843531204]]]}},{"type":"Feature","properties":{"layer":"DP_77","label":"Heritage building","confidence":"confirmed","HERITAGE_P":" ","GRADE":"III","VILLAGE":"KURLA - 4","VILLAGE_DI":"KURLA - 4","WARD":"L","REMARKS":" ","TYPE":"Heritage","CREATED_US":" ","LAST_EDITE":" ","OWNERSHIP":" ","USES":" ","MHCC_NOC":" ","DATE_":" ","NOC_FOR":" ","STRUCTURE":" ","FEATURE":" ","Q":"Y","HER_NUMBER_2":"52/55","HERITAGE_NAME":"INDIRA NIWAS"},"geometry":{"type":"Polygon","coordinates":[[[72.87479172267608,19.065500036801986],[72.87496725060333,19.065339276097312],[72.87476430436162,19.065342521108914],[72.87479172267608,19.065500036801986]]]}},{"type":"Feature","properties":{"layer":"DP_77","label":"Heritage building","confidence":"confirmed","HERITAGE_P":" ","GRADE":"III","VILLAGE":" ","VILLAGE_DI":" ","WARD":"E","REMARKS":" ","TYPE":" ","CREATED_US":" ","CREATED_DA":-2209161600000,"LAST_EDITE":" ","LAST_EDI_1":-2209161600000,"OWNERSHIP":" ","USES":" ","MHCC_NOC":" ","DATE_":" ","NOC_FOR":" ","STRUCTURE":" ","FEATURE":" ","Q":"Y","HER_NUMBER_2":"103/398","HERITAGE_NAME":"WOODSTOCKS"},"geometry":{"type":"Polygon","coordinates":[[[72.83844372582354,18.976708738331624],[72.83881100611056,18.976487163603334],[72.8385165738161,18.97639806165539],[72.83844372582354,18.976708738331624]]]}},{"type":"Feature","properties":{"layer":"DP_77","label":"Heritage building","confidence":"confirmed","HERITAGE_P":" ","GRADE":"I","VILLAGE":"MAHIM","VILLAGE_DI":"MAHIM","WARD":"G/N","REMARKS":" ","TYPE":"Heritage","CREATED_US":" ","LAST_EDITE":" ","OWNERSHIP":" ","USES":" ","MHCC_NOC":" ","DATE_":" ","NOC_FOR":" ","STRUCTURE":" ","FEATURE":" ","Q":"Y","HER_NUMBER_2":"16/537","HERITAGE_NAME":"SHIVAJI PARK"},"geometry":{"type":"Polygon","coordinates":[[[72.83838828475392,19.02889745228404],[72.83987251680803,19.028005160993086],[72.8398749764583,19.027681261109535],[72.83927758038168,19.026063462392873],[72.83853274041255,19.025577133836105],[72.8378612842017,19.025501086791483],[72.836397738582,19.026180552790592],[72.8364017318161,19.026425896595832],[72.83789017323186,19.029176008031165],[72.83838828475392,19.02889745228404]]]}},{"type":"Feature","properties":{"layer":"DP_77","label":"Heritage building","confidence":"confirmed","HERITAGE_P":" ","GRADE":"III","VILLAGE":"MALABAR HILL","VILLAGE_DI":"MALABAR HILL","WARD":"D","REMARKS":" ","TYPE":"Heritage","CREATED_US":" ","LAST_EDITE":" ","OWNERSHIP":" ","USES":" ","MHCC_NOC":" ","DATE_":" ","NOC_FOR":" ","STRUCTURE":" ","FEATURE":" ","Q":"Y","HER_NUMBER_2":"154/287","HERITAGE_NAME":"BLDG.NO. 59"},"geometry":{"type":"Polygon","coordinates":[[[72.79830638956088,18.954456540144317],[72.79849923725678,18.954697036549817],[72.79829636504878,18.954216395021174],[72.79830638956088,18.954456540144317]]]}},{"type":"Feature","properties":{"layer":"DP_77","label":"Heritage building","confidence":"confirmed","HERITAGE_P":" ","GRADE":"IIA","VILLAGE":"BHULESHWAR","VILLAGE_DI":"BHULESHWAR","WARD":"C","REMARKS":" ","TYPE":"Heritage","CREATED_US":" ","LAST_EDITE":" ","OWNERSHIP":" ","USES":" ","MHCC_NOC":" ","DATE_":" ","NOC_FOR":" ","STRUCTURE":" ","FEATURE":" ","Q":"Y","HER_NUMBER_2":"302","HERITAGE_NAME":"ST. FRANCIS XAVIER CHURCH (FORMERLY ST. SABESTIAN CHURCH)"},"geometry":{"type":"Polygon","coordinates":[[[72.8233691686184,18.949260882098894],[72.82362264749393,18.949233286250976],[72.82326090636735,18.948960167010622],[72.8233691686184,18.949260882098894]]]}},{"type":"Feature","properties":{"layer":"DP_77","label":"Heritage building","confidence":"confirmed","HERITAGE_P":" ","GRADE":"III","VILLAGE":"BANDRA-H","VILLAGE_DI":"BANDRA-H","WARD":"H/W","REMARKS":" ","TYPE":"Heritage","CREATED_US":" ","LAST_EDITE":" ","OWNERSHIP":" ","USES":" ","MHCC_NOC":" ","DATE_":" ","NOC_FOR":" ","STRUCTURE":" ","FEATURE":" ","Q":"Y","HER_NUMBER_2":"102/123","HERITAGE_NAME":"SANGOLDA VILLA"},"geometry":{"type":"Polygon","coordinates":[[[72.83822215046712,19.075601822436397],[72.83807482752962,19.075386173587777],[72.83803366531903,19.075615984751405],[72.83822215046712,19.075601822436397]]]}},{"type":"Feature","properties":{"layer":"DP_77","label":"Heritage building","confidence":"confirmed","HERITAGE_P":" ","GRADE":"III","VILLAGE":"BANDRA-F","VILLAGE_DI":"BANDRA-F","WARD":"H/W","REMARKS":" ","TYPE":"Heritage","CREATED_US":" ","LAST_EDITE":" ","OWNERSHIP":" ","USES":" ","MHCC_NOC":" ","DATE_":" ","NOC_FOR":" ","STRUCTURE":" ","FEATURE":" ","Q":"Y","HER_NUMBER_2":"16/023","HERITAGE_NAME":"LUMBINI NIWAS"},"geometry":{"type":"Polygon","coordinates":[[[72.83670939152258,19.05532121966732],[72.83691199905662,19.05542823020581],[72.83682122341692,19.055093029862086],[72.83650391703517,19.055146574953937],[72.83644768873748,19.055317140617746],[72.83670939152258,19.05532121966732]]]}},{"type":"Feature","properties":{"layer":"DP_77","label":"Heritage building","confidence":"confirmed","HERITAGE_P":" ","GRADE":"IIB","VILLAGE":"LOWER PAREL","VILLAGE_DI":"LOWER PAREL","WARD":"G/S","REMARKS":" ","TYPE":"Heritage","CREATED_US":" ","LAST_EDITE":" ","OWNERSHIP":" ","USES":" ","MHCC_NOC":" ","DATE_":" ","NOC_FOR":" ","STRUCTURE":" ","FEATURE":" ","Q":"Y","HER_NUMBER_2":"9/570","HERITAGE_NAME":"N.M. JOSHI MARG POLICE STATION"},"geometry":{"type":"Polygon","coordinates":[[[72.83079333339154,18.991334921345736],[72.83098379004302,18.99203272995298],[72.8311050229625,18.99128270049373],[72.83079333339154,18.991334921345736]]]}},{"type":"Feature","properties":{"layer":"DP_77","label":"Heritage building","confidence":"confirmed","HERITAGE_P":" ","GRADE":"IIB","VILLAGE":"MANDVI","VILLAGE_DI":"MANDVI","WARD":"B","REMARKS":" ","TYPE":"Heritage","CREATED_US":" ","LAST_EDITE":" ","OWNERSHIP":" ","USES":" ","MHCC_NOC":" ","DATE_":" ","NOC_FOR":" ","STRUCTURE":" ","FEATURE":" ","Q":"Y","HER_NUMBER_2":"29d/112","HERITAGE_NAME":"DONGRI POLICE OFFICER'S QUARTERS"},"geometry":{"type":"Polygon","coordinates":[[[72.83252321575868,18.958851661509005],[72.83268186424894,18.95893288782187],[72.83275810815832,18.958333263239908],[72.83241542560084,18.958361455443356],[72.8322937867928,18.958712427908278],[72.83252321575868,18.958851661509005]]]}},{"type":"Feature","properties":{"layer":"DP_77","label":"Heritage building","confidence":"confirmed","HERITAGE_P":"FOUNTAIN","GRADE":"III","VILLAGE":"FORT","VILLAGE_DI":"FORT","WARD":"A","REMARKS":" ","TYPE":"Heritage","CREATED_US":" ","LAST_EDITE":" ","OWNERSHIP":" ","USES":" ","MHCC_NOC":" ","DATE_":" ","NOC_FOR":" ","STRUCTURE":" ","FEATURE":" ","Q":"Y","HER_NUMBER_2":"61/70","HERITAGE_NAME":"RAJBAHADUR MANSION NO.20."},"geometry":{"type":"Polygon","coordinates":[[[72.83334573699874,18.930453830741026],[72.83281283330757,18.93032090238267],[72.8327128764636,18.930449948747235],[72.83334573699874,18.930453830741026]]]}},{"type":"Feature","properties":{"layer":"DP_77","label":"Heritage building","confidence":"confirmed","HERITAGE_P":" ","GRADE":"III","VILLAGE":"MAZGAON","VILLAGE_DI":"MAZGAON","WARD":"E","REMARKS":" ","TYPE":" ","CREATED_US":" ","LAST_EDITE":" ","OWNERSHIP":" ","USES":" ","MHCC_NOC":" ","DATE_":" ","NOC_FOR":" ","STRUCTURE":" ","FEATURE":" ","Q":"Y","HER_NUMBER_2":"108/403","HERITAGE_NAME":"NOMANI MANZIL"},"geometry":{"type":"Polygon","coordinates":[[[72.83577807226573,18.98109306760204],[72.83562951731533,18.98118272484123],[72.83573412693042,18.981337974534547],[72.83577807226573,18.98109306760204]]]}},{"type":"Feature","properties":{"layer":"DP_77","label":"Heritage building","confidence":"confirmed","HERITAGE_P":" ","GRADE":"III","VILLAGE":"BYCULLA","VILLAGE_DI":"BYCULLA","WARD":"E","REMARKS":" ","TYPE":"Heritage","CREATED_US":" ","LAST_EDITE":" ","OWNERSHIP":" ","USES":" ","MHCC_NOC":" ","DATE_":" ","NOC_FOR":" ","STRUCTURE":" ","FEATURE":" ","Q":"Y","HER_NUMBER_2":"56/347","HERITAGE_NAME":"TYABI CASTLE"},"geometry":{"type":"Polygon","coordinates":[[[72.82517768029561,18.976445709624947],[72.82507370138262,18.976136670769534],[72.82472678641997,18.976236903288324],[72.8248362231902,18.976576793826908],[72.82517768029561,18.976445709624947]]]}},{"type":"Feature","properties":{"layer":"DP_77","label":"Heritage building","confidence":"confirmed","HERITAGE_P":" ","GRADE":"III","VILLAGE":"PAREL-SEWERI","VILLAGE_DI":"PAREL-SEWERI","WARD":"F/S","REMARKS":" ","TYPE":"Heritage","CREATED_US":" ","LAST_EDITE":" ","OWNERSHIP":" ","USES":" ","MHCC_NOC":" ","DATE_":" ","NOC_FOR":" ","STRUCTURE":" ","FEATURE":" ","Q":"Y","HER_NUMBER_2":"14/491","HERITAGE_NAME":"KINGS BUILDING"},"geometry":{"type":"Polygon","coordinates":[[[72.83947068079304,19.002142819292413],[72.83939374307812,19.001896458844826],[72.83999009806092,19.001718911110103],[72.83857422527473,19.002014556723044],[72.83868037174669,19.002359898250578],[72.83947068079304,19.002142819292413]]]}},{"type":"Feature","properties":{"layer":"DP_77","label":"Heritage building","confidence":"confirmed","HERITAGE_P":" ","GRADE":"IIB","VILLAGE":" ","VILLAGE_DI":" ","WARD":"D","REMARKS":" ","TYPE":" ","CREATED_US":" ","CREATED_DA":-2209161600000,"LAST_EDITE":" ","LAST_EDI_1":-2209161600000,"OWNERSHIP":" ","USES":" ","MHCC_NOC":" ","DATE_":" ","NOC_FOR":" ","STRUCTURE":" ","FEATURE":" ","Q":"Y","HER_NUMBER_2":"42/412","HERITAGE_NAME":"BELLAVISTA COMPLEX : GATE,BUNGLOW & KANCHANJUNGA APARTMENTS"},"geometry":{"type":"Polygon","coordinates":[[[72.80679143560646,18.966413812926028],[72.80670117530215,18.965895651839766],[72.80737645462513,18.96567527088414],[72.80726706849971,18.965078790602785],[72.80525973215747,18.96601334531878],[72.80524718232157,18.966866264929838],[72.80669742565476,18.966664936487934],[72.80679143560646,18.966413812926028]]]}},{"type":"Feature","properties":{"layer":"DP_77","label":"Heritage building","confidence":"confirmed","HERITAGE_P":" ","GRADE":"IIA","VILLAGE":"BANDRA-C","VILLAGE_DI":"BANDRA-C","WARD":"H/W","REMARKS":" ","TYPE":"Heritage","CREATED_US":" ","LAST_EDITE":" ","OWNERSHIP":" ","USES":" ","MHCC_NOC":" ","DATE_":" ","NOC_FOR":" ","STRUCTURE":" ","FEATURE":" ","Q":"Y","HER_NUMBER_2":"73/090","HERITAGE_NAME":"ST. ANNES CHURCH"},"geometry":{"type":"Polygon","coordinates":[[[72.82635351696638,19.06438824921864],[72.82651032686233,19.06422075862507],[72.82621450920492,19.06431237625173],[72.82635351696638,19.06438824921864]]]}},{"type":"Feature","properties":{"layer":"DP_77","label":"Heritage building","confidence":"confirmed","HERITAGE_P":" ","GRADE":"IIB","VILLAGE":"BHULESHWAR","VILLAGE_DI":"BHULESHWAR","WARD":"C","REMARKS":" ","TYPE":"Heritage","CREATED_US":" ","LAST_EDITE":" ","OWNERSHIP":" ","USES":" ","MHCC_NOC":" ","DATE_":" ","NOC_FOR":" ","STRUCTURE":" ","FEATURE":" ","Q":"Y","HER_NUMBER_2":"356","HERITAGE_NAME":"GOLD MOHUR"},"geometry":{"type":"Polygon","coordinates":[[[72.82848669187264,18.94619707778276],[72.82845369687564,18.946316824593882],[72.82887335239607,18.94637130120343],[72.82848669187264,18.94619707778276]]]}},{"type":"Feature","properties":{"layer":"DP_77","label":"Heritage building","confidence":"confirmed","HERITAGE_P":" ","GRADE":"IIB","VILLAGE":"BANDRA-C","VILLAGE_DI":"BANDRA-C","WARD":"H/W","REMARKS":" ","TYPE":"Heritage","CREATED_US":" ","LAST_EDITE":" ","OWNERSHIP":" ","USES":" ","MHCC_NOC":" ","DATE_":" ","NOC_FOR":" ","STRUCTURE":" ","FEATURE":" ","Q":"Y","HER_NUMBER_2":"65/082","HERITAGE_NAME":"MIRANDA HOUSE"},"geometry":{"type":"Polygon","coordinates":[[[72.82788102806613,19.060156699506035],[72.82806250341719,19.060155563385138],[72.82808106624954,19.059849364872584],[72.82786077460392,19.05982396258697],[72.82788102806613,19.060156699506035]]]}},{"type":"Feature","properties":{"layer":"DP_77","label":"Heritage building","confidence":"confirmed","HERITAGE_P":"MUSEUM","GRADE":"I","VILLAGE":"FORT","VILLAGE_DI":"FORT","WARD":"A","REMARKS":" ","TYPE":"Heritage","CREATED_US":" ","LAST_EDITE":" ","OWNERSHIP":" ","USES":" ","MHCC_NOC":" ","DATE_":" ","NOC_FOR":" ","STRUCTURE":" ","FEATURE":" ","Q":"Y","HER_NUMBER_2":"145/165","HERITAGE_NAME":"SIR CAWASJI JEHANGIR READYMONEY BUILDING"},"geometry":{"type":"Polygon","coordinates":[[[72.83068915527028,18.92680358305348],[72.83069119253739,18.927445772033536],[72.83103392158152,18.927512262282114],[72.83116321953815,18.92687274937161],[72.83068915527028,18.92680358305348]]]}},{"type":"Feature","properties":{"layer":"DP_77","label":"Heritage building","confidence":"confirmed","HERITAGE_P":" ","GRADE":"III","VILLAGE":"BHULESHWAR","VILLAGE_DI":"BHULESHWAR","WARD":"C","REMARKS":" ","TYPE":"Heritage","CREATED_US":" ","LAST_EDITE":" ","OWNERSHIP":" ","USES":" ","MHCC_NOC":" ","DATE_":" ","NOC_FOR":" ","STRUCTURE":" ","FEATURE":" ","Q":"Y","HER_NUMBER_2":"17d","HERITAGE_NAME":"SITARAM BUILDING"},"geometry":{"type":"Polygon","coordinates":[[[72.82663169112375,18.94538357953559],[72.82627883080524,18.945287677584815],[72.82623312053717,18.945452827852097],[72.82655687785787,18.945620397273405],[72.82663169112375,18.94538357953559]]]}},{"type":"Feature","properties":{"layer":"DP_77","label":"Heritage building","confidence":"confirmed","HERITAGE_P":" ","GRADE":"IIA","VILLAGE":" ","VILLAGE_DI":" ","WARD":"B","REMARKS":" ","TYPE":" ","CREATED_US":" ","CREATED_DA":-2209161600000,"LAST_EDITE":" ","LAST_EDI_1":-2209161600000,"OWNERSHIP":" ","USES":" ","MHCC_NOC":" ","DATE_":" ","NOC_FOR":" ","STRUCTURE":" ","FEATURE":" ","Q":"Y","HER_NUMBER_2":"52/137","HERITAGE_NAME":"KARNAK BUNDER PUMPING STATION"},"geometry":{"type":"Polygon","coordinates":[[[72.84150741996297,18.949475592812572],[72.84149209912175,18.949616777922774],[72.84157970186973,18.949483823294603],[72.84150741996297,18.949475592812572]]]}},{"type":"Feature","properties":{"layer":"DP_77","label":"Heritage building","confidence":"confirmed","HERITAGE_P":" ","GRADE":"IIB","VILLAGE":"MANDVI","VILLAGE_DI":"MANDVI","WARD":"B","REMARKS":" ","TYPE":"Heritage","CREATED_US":" ","LAST_EDITE":" ","OWNERSHIP":" ","USES":" ","MHCC_NOC":" ","DATE_":" ","NOC_FOR":" ","STRUCTURE":" ","FEATURE":" ","Q":"Y","HER_NUMBER_2":"24/105","HERITAGE_NAME":"JAIL ROAD MUNICIPAL DISPENSARY"},"geometry":{"type":"Polygon","coordinates":[[[72.8349872900966,18.961171041726043],[72.83533145753556,18.960978114242565],[72.83521954752736,18.96063396868098],[72.83473529708046,18.96082513315029],[72.83480092810383,18.961170640269522],[72.8349872900966,18.961171041726043]]]}},{"type":"Feature","properties":{"layer":"DP_77","label":"Heritage building","confidence":"confirmed","HERITAGE_P":" ","GRADE":"IIB","VILLAGE":"GHATKOPAR KIROL","VILLAGE_DI":"GHATKOPAR KIROL","WARD":"N","REMARKS":" ","TYPE":"Heritage","CREATED_US":" ","LAST_EDITE":" ","OWNERSHIP":" ","USES":" ","MHCC_NOC":" ","DATE_":" ","NOC_FOR":" ","STRUCTURE":" ","FEATURE":" ","Q":"Y","HER_NUMBER_2":"29/31","HERITAGE_NAME":"LAXMINARAYAN TEMPLE"},"geometry":{"type":"Polygon","coordinates":[[[72.9042398655725,19.080678607584407],[72.90469328228885,19.08066389717978],[72.90418200566032,19.08053781340772],[72.9042398655725,19.080678607584407]]]}},{"type":"Feature","properties":{"layer":"DP_77","label":"Heritage building","confidence":"confirmed","HERITAGE_P":" ","GRADE":"IIA","VILLAGE":"MANDVI","VILLAGE_DI":"MANDVI","WARD":"B","REMARKS":" ","TYPE":"Heritage","CREATED_US":" ","LAST_EDITE":" ","OWNERSHIP":" ","USES":" ","MHCC_NOC":" ","DATE_":" ","NOC_FOR":" ","STRUCTURE":" ","FEATURE":" ","Q":"Y","HER_NUMBER_2":"19/101","HERITAGE_NAME":"VEER SAMBHAJI MAIDAN"},"geometry":{"type":"Polygon","coordinates":[[[72.83751381641734,18.96072834504392],[72.8382219960004,18.960583435488346],[72.83811341206298,18.96020859921584],[72.83744995463489,18.960370871871387],[72.83751381641734,18.96072834504392]]]}},{"type":"Feature","properties":{"layer":"DP_77","label":"Heritage building","confidence":"confirmed","HERITAGE_P":" ","GRADE":"IIB","VILLAGE":"TIRANDAZ","VILLAGE_DI":"TIRANDAZ","WARD":"S","REMARKS":" ","TYPE":"Heritage","CREATED_US":" ","LAST_EDITE":" ","OWNERSHIP":" ","USES":" ","MHCC_NOC":" ","DATE_":" ","NOC_FOR":" ","STRUCTURE":" ","FEATURE":" ","Q":"Y","HER_NUMBER_2":"38/41","HERITAGE_NAME":"RUINS OF OLD HOLY TRINITY CHURCH"},"geometry":{"type":"Polygon","coordinates":[[[72.92079293158368,19.131731036248457],[72.92115072343631,19.131672943400762],[72.92103560639899,19.131227111441518],[72.92071247575461,19.13132861510807],[72.92079293158368,19.131731036248457]]]}},{"type":"Feature","properties":{"layer":"DP_77","label":"Heritage building","confidence":"confirmed","HERITAGE_P":"BALLARD PIER","GRADE":"IIA","VILLAGE":"FORT","VILLAGE_DI":"FORT","WARD":"A","REMARKS":" ","TYPE":"Heritage","CREATED_US":" ","LAST_EDITE":" ","OWNERSHIP":" ","USES":" ","MHCC_NOC":" ","DATE_":" ","NOC_FOR":" ","STRUCTURE":" ","FEATURE":" ","Q":"Y","HER_NUMBER_2":"193/220(g)","HERITAGE_NAME":"g) LAXMI BUILDING"},"geometry":{"type":"Polygon","coordinates":[[[72.84147256196991,18.933933680024342],[72.84124677291022,18.933801677449278],[72.84128072306312,18.93399857705861],[72.84147256196991,18.933933680024342]]]}},{"type":"Feature","properties":{"layer":"DP_77","label":"Heritage building","confidence":"confirmed","HERITAGE_P":"MAJESTIC","GRADE":"III","VILLAGE":"FORT","VILLAGE_DI":"FORT","WARD":"A","REMARKS":" ","TYPE":"Heritage","CREATED_US":" ","LAST_EDITE":" ","OWNERSHIP":" ","USES":" ","MHCC_NOC":" ","DATE_":" ","NOC_FOR":" ","STRUCTURE":" ","FEATURE":" ","Q":"Y","HER_NUMBER_2":"175/200","HERITAGE_NAME":"JANJIRA CHAMBERS"},"geometry":{"type":"Polygon","coordinates":[[[72.83117270407574,18.924836234840868],[72.83141755731799,18.924525043603875],[72.83114042814405,18.924312931624538],[72.83093765762351,18.924514169985667],[72.83117270407574,18.924836234840868]]]}},{"type":"Feature","properties":{"layer":"DP_77","label":"Heritage building","confidence":"confirmed","HERITAGE_P":"MUSEUM","GRADE":"IIA","VILLAGE":"FORT","VILLAGE_DI":"FORT","WARD":"A","REMARKS":" ","TYPE":"Heritage","CREATED_US":" ","LAST_EDITE":" ","OWNERSHIP":" ","USES":" ","MHCC_NOC":" ","DATE_":" ","NOC_FOR":" ","STRUCTURE":" ","FEATURE":" ","Q":"Y","HER_NUMBER_2":"124/141(a)(12)","HERITAGE_NAME":"BUILDING ON K. DUBHASH MARG NAMELY  12) BHOGILAL HARGOVINDAS BLDG."},"geometry":{"type":"Polygon","coordinates":[[[72.83301982293935,18.92750307345989],[72.83293026634124,18.927396119932766],[72.83278527449163,18.927603749051382],[72.83301982293935,18.92750307345989]]]}},{"type":"Feature","properties":{"layer":"DP_77","label":"Heritage building","confidence":"confirmed","HERITAGE_P":" ","GRADE":"IIB","VILLAGE":" ","VILLAGE_DI":" ","WARD":"A","REMARKS":" ","TYPE":" ","CREATED_US":" ","CREATED_DA":-2209161600000,"LAST_EDITE":" ","LAST_EDI_1":-2209161600000,"OWNERSHIP":" ","USES":" ","MHCC_NOC":" ","DATE_":" ","NOC_FOR":" ","STRUCTURE":" ","FEATURE":" ","Q":"Y","HER_NUMBER_2":"305/75","HERITAGE_NAME":"STATUE OF SIR DINSHAW EDULJI WACHA"},"geometry":{"type":"Polygon","coordinates":[[[72.82843404195603,18.932992596998528],[72.82852418348492,18.932784676983147],[72.82836480100627,18.9327865098119],[72.82843404195603,18.932992596998528]]]}},{"type":"Feature","properties":{"layer":"DP_77","label":"Heritage building","confidence":"confirmed","HERITAGE_P":" ","GRADE":"III","VILLAGE":"BANDRA-F","VILLAGE_DI":"BANDRA-F","WARD":"H/W","REMARKS":" ","TYPE":"Heritage","CREATED_US":" ","LAST_EDITE":" ","OWNERSHIP":" ","USES":" ","MHCC_NOC":" ","DATE_":" ","NOC_FOR":" ","STRUCTURE":" ","FEATURE":" ","Q":"Y","HER_NUMBER_2":"21/029","HERITAGE_NAME":"SAMANT HOUSE"},"geometry":{"type":"Polygon","coordinates":[[[72.83818008688009,19.059220860289766],[72.83825365549058,19.05907700694412],[72.8379359698498,19.05911665648192],[72.83818008688009,19.059220860289766]]]}},{"type":"Feature","properties":{"layer":"DP_77","label":"Heritage building","confidence":"confirmed","HERITAGE_P":"MUSEUM","GRADE":"IIA","VILLAGE":"FORT","VILLAGE_DI":"FORT","WARD":"A","REMARKS":" ","TYPE":"Heritage","CREATED_US":" ","LAST_EDITE":" ","OWNERSHIP":" ","USES":" ","MHCC_NOC":" ","DATE_":" ","NOC_FOR":" ","STRUCTURE":" ","FEATURE":" ","Q":"Y","HER_NUMBER_2":"203/230","HERITAGE_NAME":"CHURCH OF ST. ANDREW & ST. COLUMBA (ST.ANDREW'S SCOTS KIRK)"},"geometry":{"type":"Polygon","coordinates":[[[72.83367789858539,18.927122831196886],[72.83377330547555,18.92687993340454],[72.83345799636781,18.926956774715368],[72.83367789858539,18.927122831196886]]]}},{"type":"Feature","properties":{"layer":"DP_77","label":"Heritage building","confidence":"confirmed","HERITAGE_P":" ","GRADE":"IIA","VILLAGE":"MAZAGAON","VILLAGE_DI":"MAZAGAON","WARD":"E","REMARKS":"AS PER NEW AGIARY  LIST AT SR. NO. 38","TYPE":"Heritage","CREATED_US":" ","LAST_EDITE":" ","OWNERSHIP":" ","USES":" ","MHCC_NOC":" ","DATE_":" ","NOC_FOR":" ","STRUCTURE":" ","FEATURE":" ","Q":"Y","HER_NUMBER_2":" ","HERITAGE_NAME":"SETH BOMANJI MERWANJI  MEWAVALA AGIARY (ADARIAN)"},"geometry":{"type":"Polygon","coordinates":[[[72.8345201335882,18.98060857269887],[72.83453886609912,18.98081080736882],[72.83477923219384,18.980739079917807],[72.8345201335882,18.98060857269887]]]}},{"type":"Feature","properties":{"layer":"DP_77","label":"Heritage building","confidence":"confirmed","HERITAGE_P":" ","GRADE":"III","VILLAGE":"DADAR-NAIGAON","VILLAGE_DI":"DADAR-NAIGAON","WARD":"F/S","REMARKS":" ","TYPE":"Heritage","CREATED_US":" ","LAST_EDITE":" ","OWNERSHIP":" ","USES":" ","MHCC_NOC":" ","DATE_":" ","NOC_FOR":" ","STRUCTURE":" ","FEATURE":" ","Q":"Y","HER_NUMBER_2":"11/487","HERITAGE_NAME":"URANWALLA MANSION"},"geometry":{"type":"Polygon","coordinates":[[[72.84038085245842,19.0057844627921],[72.84056276539891,19.00585960174073],[72.84056351102286,19.005689233232903],[72.84038085245842,19.0057844627921]]]}},{"type":"Feature","properties":{"layer":"DP_77","label":"Heritage building","confidence":"confirmed","HERITAGE_P":" ","GRADE":"IIA","VILLAGE":"MALABAR HILL","VILLAGE_DI":"MALABAR HILL","WARD":"D","REMARKS":"ALSO LISTED IN NEW  AGIARY LIST AT SR NO. 18 ( BOYCE DHUNATATEL AGIARY ( ADARIAN) )","TYPE":"Heritage","CREATED_US":" ","LAST_EDITE":" ","OWNERSHIP":" ","USES":" ","MHCC_NOC":" ","DATE_":" ","NOC_FOR":" ","STRUCTURE":" ","FEATURE":" ","Q":"Y","HER_NUMBER_2":"48/420","HERITAGE_NAME":"DHANA PATEL ADERYAH"},"geometry":{"type":"Polygon","coordinates":[[[72.81339703354519,18.967219649825985],[72.81382093922767,18.967131225965506],[72.81368189583984,18.966778353280098],[72.8133062931431,18.966831522569173],[72.81339703354519,18.967219649825985]]]}},{"type":"Feature","properties":{"layer":"DP_77","label":"Heritage building","confidence":"confirmed","HERITAGE_P":" ","GRADE":"IIA","VILLAGE":"PAREL-SEWERI","VILLAGE_DI":"PAREL-SEWERI","WARD":"F/S","REMARKS":" ","TYPE":"Heritage","CREATED_US":" ","LAST_EDITE":" ","OWNERSHIP":" ","USES":" ","MHCC_NOC":" ","DATE_":" ","NOC_FOR":" ","STRUCTURE":" ","FEATURE":" ","Q":"Y","HER_NUMBER_2":"18/495","HERITAGE_NAME":"BHIWANJI NARE PARK"},"geometry":{"type":"Polygon","coordinates":[[[72.83866544807525,19.00036011291932],[72.83955799890023,19.000284290618264],[72.8391264704373,18.99927773511147],[72.83843729921472,18.99922507896978],[72.83866544807525,19.00036011291932]]]}},{"type":"Feature","properties":{"layer":"DP_77","label":"Heritage building","confidence":"confirmed","HERITAGE_P":" ","GRADE":"III","VILLAGE":"BANDRA-B","VILLAGE_DI":"BANDRA-B","WARD":"H/W","REMARKS":" ","TYPE":"Heritage","CREATED_US":" ","LAST_EDITE":" ","OWNERSHIP":" ","USES":" ","MHCC_NOC":" ","DATE_":" ","NOC_FOR":" ","STRUCTURE":" ","FEATURE":" ","Q":"Y","HER_NUMBER_2":"8/009","HERITAGE_NAME":"HOUSE NO. 23"},"geometry":{"type":"Polygon","coordinates":[[[72.82565538196174,19.050735611195723],[72.82587988145129,19.050724563481392],[72.82583516467555,19.050602539734367],[72.82565538196174,19.050735611195723]]]}},{"type":"Feature","properties":{"layer":"DP_77","label":"Heritage building","confidence":"confirmed","HERITAGE_P":" ","GRADE":"III","VILLAGE":" ","VILLAGE_DI":" ","WARD":"D","REMARKS":" ","TYPE":" ","CREATED_US":" ","CREATED_DA":-2209161600000,"LAST_EDITE":" ","LAST_EDI_1":-2209161600000,"OWNERSHIP":" ","USES":" ","MHCC_NOC":" ","DATE_":" ","NOC_FOR":" ","STRUCTURE":" ","FEATURE":" ","Q":"Y","HER_NUMBER_2":"8/365","HERITAGE_NAME":"THE CAIRN"},"geometry":{"type":"Polygon","coordinates":[[[72.80969507614385,18.965209269384918],[72.81019786508631,18.96592773912543],[72.81053018109442,18.96574038904269],[72.81056291482435,18.965581680615838],[72.80969507614385,18.965209269384918]]]}},{"type":"Feature","properties":{"layer":"DP_77","label":"Heritage building","confidence":"confirmed","HERITAGE_P":"9999","GRADE":"IIB","VILLAGE":"MAZAGAON","VILLAGE_DI":"MAZAGAON","WARD":"E","REMARKS":" ","TYPE":"Heritage","CREATED_US":" ","LAST_EDITE":" ","OWNERSHIP":" ","USES":" ","MHCC_NOC":" ","DATE_":" ","NOC_FOR":" ","STRUCTURE":" ","FEATURE":" ","Q":"Y","HER_NUMBER_2":"536","HERITAGE_NAME":"ST. PETER CHURCH"},"geometry":{"type":"Polygon","coordinates":[[[72.84131534068368,18.967618366951154],[72.84087176924758,18.966980111125217],[72.8398959400135,18.96718738980157],[72.84035795598702,18.96814876087679],[72.8414821608474,18.967872439994473],[72.84131534068368,18.967618366951154]]]}},{"type":"Feature","properties":{"layer":"DP_77","label":"Heritage building","confidence":"confirmed","HERITAGE_P":" ","GRADE":"III","VILLAGE":"MATUNGA","VILLAGE_DI":"MATUNGA","WARD":"F/N","REMARKS":" ","TYPE":"Heritage","CREATED_US":" ","LAST_EDITE":" ","OWNERSHIP":" ","USES":" ","MHCC_NOC":" ","DATE_":" ","NOC_FOR":" ","STRUCTURE":" ","FEATURE":" ","Q":"Y","HER_NUMBER_2":"25/452","HERITAGE_NAME":"638, MNCHERAJE JOSHI MEMORIAL BUILDING"},"geometry":{"type":"Polygon","coordinates":[[[72.85256863608322,19.019325830559303],[72.85257570300561,19.01904729295075],[72.85238302492401,19.01918220861478],[72.85256863608322,19.019325830559303]]]}},{"type":"Feature","properties":{"layer":"DP_77","label":"Heritage building","confidence":"confirmed","HERITAGE_P":"BALLARD PIER","GRADE":"IIA","VILLAGE":"FORT","VILLAGE_DI":"FORT","WARD":"A","REMARKS":" ","TYPE":"Heritage","CREATED_US":" ","LAST_EDITE":" ","OWNERSHIP":" ","USES":" ","MHCC_NOC":" ","DATE_":" ","NOC_FOR":" ","STRUCTURE":" ","FEATURE":" ","Q":"Y","HER_NUMBER_2":"193/220(d)","HERITAGE_NAME":"d) NEW CUSTOM HOUSE"},"geometry":{"type":"Polygon","coordinates":[[[72.83907577320062,18.934537363544326],[72.83927692542578,18.934901759834013],[72.8401000886212,18.93471713006753],[72.839947091318,18.934100307211224],[72.83901647542271,18.934294181434538],[72.83907577320062,18.934537363544326]]]}},{"type":"Feature","properties":{"layer":"DP_77","label":"Heritage building","confidence":"confirmed","HERITAGE_P":"MARINE DRIVE PRECINCT","GRADE":"III","VILLAGE":"GIRGAUM","VILLAGE_DI":"GIRGAUM","WARD":"D","REMARKS":" ","TYPE":"Heritage","CREATED_US":" ","LAST_EDITE":" ","OWNERSHIP":" ","USES":" ","MHCC_NOC":" ","DATE_":" ","NOC_FOR":" ","STRUCTURE":" ","FEATURE":" ","Q":"Y","HER_NUMBER_2":"98/498","HERITAGE_NAME":"MARINA MANSION"},"geometry":{"type":"Polygon","coordinates":[[[72.81259960148732,18.95591657908237],[72.81276929363887,18.956322509336015],[72.813068724869,18.956148511844948],[72.81259960148732,18.95591657908237]]]}},{"type":"Feature","properties":{"layer":"DP_77","label":"Heritage building","confidence":"confirmed","HERITAGE_P":" ","GRADE":"III","VILLAGE":"MATUNGA","VILLAGE_DI":"MATUNGA","WARD":"F/N","REMARKS":" ","TYPE":"Heritage","CREATED_US":" ","LAST_EDITE":" ","OWNERSHIP":" ","USES":" ","MHCC_NOC":" ","DATE_":" ","NOC_FOR":" ","STRUCTURE":" ","FEATURE":" ","Q":"Y","HER_NUMBER_2":"23/450","HERITAGE_NAME":"783, PESTANJI DHANJIBHOY PATEL HOME. (STUDENT'S HOSTEL)"},"geometry":{"type":"Polygon","coordinates":[[[72.85062701551618,19.01851309339116],[72.85052472891661,19.018429695775442],[72.85044932818265,19.018545986218836],[72.85062701551618,19.01851309339116]]]}},{"type":"Feature","properties":{"layer":"DP_77","label":"Heritage building","confidence":"confirmed","HERITAGE_P":" ","GRADE":"IIA","VILLAGE":" ","VILLAGE_DI":" ","WARD":"D","REMARKS":"CHE/33410/DP DT.23.02.2017","TYPE":" ","CREATED_US":" ","CREATED_DA":-2209161600000,"LAST_EDITE":" ","LAST_EDI_1":-2209161600000,"OWNERSHIP":" ","USES":" ","MHCC_NOC":" ","DATE_":" ","NOC_FOR":" ","STRUCTURE":" ","FEATURE":" ","Q":"Y","HER_NUMBER_2":"157/292","HERITAGE_NAME":"PRATHAMIK SHIKSHAN KARYALAYA"},"geometry":{"type":"Polygon","coordinates":[[[72.81735644008226,18.96329110099279],[72.81714404099124,18.962760125497603],[72.81691718824779,18.962844492901223],[72.81704344772095,18.963310443615725],[72.81735644008226,18.96329110099279]]]}},{"type":"Feature","properties":{"layer":"DP_77","label":"Heritage building","confidence":"confirmed","HERITAGE_P":"MAJESTIC","GRADE":"III","VILLAGE":"FORT","VILLAGE_DI":"FORT","WARD":"A","REMARKS":" ","TYPE":"Heritage","CREATED_US":" ","LAST_EDITE":" ","OWNERSHIP":" ","USES":" ","MHCC_NOC":" ","DATE_":" ","NOC_FOR":" ","STRUCTURE":" ","FEATURE":" ","Q":"Y","HER_NUMBER_2":"87/103","HERITAGE_NAME":"MEHER MANSION"},"geometry":{"type":"Polygon","coordinates":[[[72.8296466303799,18.925057572911573],[72.82966426967845,18.925229440288952],[72.83007514492144,18.925271898367804],[72.82998388232313,18.92502585860336],[72.8296466303799,18.925057572911573]]]}},{"type":"Feature","properties":{"layer":"DP_77","label":"Heritage building","confidence":"confirmed","HERITAGE_P":" ","GRADE":"III","VILLAGE":"MALABAR HILL","VILLAGE_DI":"MALABAR HILL","WARD":"D","REMARKS":" ","TYPE":"Heritage","CREATED_US":" ","LAST_EDITE":" ","OWNERSHIP":" ","USES":" ","MHCC_NOC":" ","DATE_":" ","NOC_FOR":" ","STRUCTURE":" ","FEATURE":" ","Q":"Y","HER_NUMBER_2":"136/245","HERITAGE_NAME":"PATCH ADVILLE"},"geometry":{"type":"Polygon","coordinates":[[[72.80000004593701,18.950394711290073],[72.79961228113002,18.95007548356294],[72.79911527739065,18.950377884581727],[72.79947002939299,18.950869097317447],[72.80000004593701,18.950394711290073]]]}},{"type":"Feature","properties":{"layer":"DP_77","label":"Heritage building","confidence":"confirmed","HERITAGE_P":" ","GRADE":"IIB","VILLAGE":" ","VILLAGE_DI":" ","WARD":"B","REMARKS":" ","TYPE":" ","CREATED_US":" ","CREATED_DA":-2209161600000,"LAST_EDITE":" ","LAST_EDI_1":-2209161600000,"OWNERSHIP":" ","USES":" ","MHCC_NOC":" ","DATE_":" ","NOC_FOR":" ","STRUCTURE":" ","FEATURE":" ","Q":"Y","HER_NUMBER_2":"15/93","HERITAGE_NAME":"HOLI CROSS CHURCH"},"geometry":{"type":"Polygon","coordinates":[[[72.83594226125902,18.962448379962613],[72.83621889264201,18.96236690201987],[72.83617058980604,18.9622332215643],[72.83594226125902,18.962448379962613]]]}},{"type":"Feature","properties":{"layer":"DP_77","label":"Heritage building","confidence":"confirmed","HERITAGE_P":"GATEWAY","GRADE":"IIA","VILLAGE":"COLABA","VILLAGE_DI":"COLABA","WARD":"A","REMARKS":" ","TYPE":"Heritage","CREATED_US":" ","LAST_EDITE":" ","OWNERSHIP":" ","USES":" ","MHCC_NOC":" ","DATE_":" ","NOC_FOR":" ","STRUCTURE":" ","FEATURE":" ","Q":"Y","HER_NUMBER_2":"185/211(a)","HERITAGE_NAME":"a) BUILDINGS ON P.J. RAMCHANDRANI MARG, FACING THE SEA NAMELY:"},"geometry":{"type":"Polygon","coordinates":[[[72.83318019300123,18.921198155509973],[72.83195630534233,18.918384365743474],[72.83159913652574,18.91847772833626],[72.83211049272047,18.920072820095605],[72.832774717806,18.92123802014826],[72.83318019300123,18.921198155509973]]]}},{"type":"Feature","properties":{"layer":"DP_77","label":"Heritage building","confidence":"confirmed","HERITAGE_P":"CANTONMENT","GRADE":"IIB","VILLAGE":"COLABA","VILLAGE_DI":"COLABA","WARD":"A","REMARKS":" ","TYPE":"Heritage","CREATED_US":" ","LAST_EDITE":" ","OWNERSHIP":" ","USES":" ","MHCC_NOC":" ","DATE_":" ","NOC_FOR":" ","STRUCTURE":" ","FEATURE":" ","Q":"Y","HER_NUMBER_2":"15/16","HERITAGE_NAME":"COMPLEX OF MILITARY BUILDINGS EMBARCATION BUILDING,  OPP. \"AHILYA & ADITI\" HIGH RISE BUILDINGS"},"geometry":{"type":"Polygon","coordinates":[[[72.8145267850486,18.903558324609897],[72.81435376095185,18.90380894786452],[72.81454474633996,18.90447268518615],[72.81395522148128,18.904800822697876],[72.81399386594887,18.9058453379361],[72.81454088268684,18.90646375051361],[72.81513806752237,18.90597721838391],[72.81629136966444,18.905860124367116],[72.81562113570716,18.904112902272445],[72.8145267850486,18.903558324609897]]]}},{"type":"Feature","properties":{"layer":"DP_77","label":"Heritage building","confidence":"confirmed","HERITAGE_P":" ","GRADE":"IIB","VILLAGE":"MANDVI","VILLAGE_DI":"MANDVI","WARD":"B","REMARKS":" ","TYPE":"Heritage","CREATED_US":" ","LAST_EDITE":" ","OWNERSHIP":" ","USES":" ","MHCC_NOC":" ","DATE_":" ","NOC_FOR":" ","STRUCTURE":" ","FEATURE":" ","Q":"Y","HER_NUMBER_2":"17a/98 & 17b99","HERITAGE_NAME":"DONGRI POLICE STATION,DONGRI POLICE STATION QUARTERS"},"geometry":{"type":"Polygon","coordinates":[[[72.83891697982749,18.96186600620407],[72.83862999146969,18.962431619659426],[72.8387644834736,18.96251724824599],[72.83926050108555,18.962090908088435],[72.83891697982749,18.96186600620407]]]}},{"type":"Feature","properties":{"layer":"DP_77","label":"Heritage building","confidence":"confirmed","HERITAGE_P":" ","GRADE":"III","VILLAGE":"MAZAGAON","VILLAGE_DI":"MAZAGAON","WARD":"E","REMARKS":" ","TYPE":"Heritage","CREATED_US":" ","LAST_EDITE":" ","OWNERSHIP":" ","USES":" ","MHCC_NOC":" ","DATE_":" ","NOC_FOR":" ","STRUCTURE":" ","FEATURE":" ","Q":"Y","HER_NUMBER_2":"66/357","HERITAGE_NAME":"CLUB OF SAINT ANTHONY"},"geometry":{"type":"Polygon","coordinates":[[[72.84426547848383,18.964161004814287],[72.84401356023106,18.964433326985755],[72.84427435519322,18.96439994652622],[72.84426547848383,18.964161004814287]]]}},{"type":"Feature","properties":{"layer":"DP_77","label":"Heritage building","confidence":"confirmed","HERITAGE_P":" ","GRADE":"III","VILLAGE":"GIRGAUM","VILLAGE_DI":"GIRGAUM","WARD":"D","REMARKS":" ","TYPE":"Heritage","CREATED_US":" ","LAST_EDITE":" ","OWNERSHIP":" ","USES":" ","MHCC_NOC":" ","DATE_":" ","NOC_FOR":" ","STRUCTURE":" ","FEATURE":" ","Q":"Y","HER_NUMBER_2":"131/235","HERITAGE_NAME":"ALFRADE CINEMA"},"geometry":{"type":"Polygon","coordinates":[[[72.82347317389898,18.961139306026258],[72.82299793099162,18.961050933755992],[72.82302836793403,18.96157264624469],[72.82347317389898,18.961139306026258]]]}},{"type":"Feature","properties":{"layer":"DP_77","label":"Heritage building","confidence":"confirmed","HERITAGE_P":" ","GRADE":"IIA","VILLAGE":" ","VILLAGE_DI":" ","WARD":"D","REMARKS":"AS PER NEW AGIARY LIST AT SR NO 28","TYPE":" ","CREATED_US":" ","CREATED_DA":-2209161600000,"LAST_EDITE":" ","LAST_EDI_1":-2209161600000,"OWNERSHIP":" ","USES":" ","MHCC_NOC":" ","DATE_":" ","NOC_FOR":" ","STRUCTURE":" ","FEATURE":" ","Q":"Y","HER_NUMBER_2":" ","HERITAGE_NAME":"ASLAJI BHIKHANJI AGIARY (ADARIAN)"},"geometry":{"type":"Polygon","coordinates":[[[72.81597061327011,18.959041080071433],[72.81599092195103,18.959277897228553],[72.81609220283252,18.959248483629185],[72.81597061327011,18.959041080071433]]]}},{"type":"Feature","properties":{"layer":"DP_77","label":"Heritage building","confidence":"confirmed","HERITAGE_P":" ","GRADE":"IIB","VILLAGE":"MALABAR HILL","VILLAGE_DI":"MALABAR HILL","WARD":"D","REMARKS":" ","TYPE":"Heritage","CREATED_US":" ","LAST_EDITE":" ","OWNERSHIP":" ","USES":" ","MHCC_NOC":" ","DATE_":" ","NOC_FOR":" ","STRUCTURE":" ","FEATURE":" ","Q":"Y","HER_NUMBER_2":"25/388","HERITAGE_NAME":"GLENOGLE"},"geometry":{"type":"Polygon","coordinates":[[[72.79953598811734,18.953228317985413],[72.79895304721583,18.95348182521984],[72.7991057873851,18.95393191193719],[72.7997385770675,18.95385280204394],[72.79987066204052,18.953474882373346],[72.79953598811734,18.953228317985413]]]}},{"type":"Feature","properties":{"layer":"DP_77","label":"Heritage building","confidence":"confirmed","HERITAGE_P":"9999","GRADE":" ","VILLAGE":"BYCULLA","VILLAGE_DI":"BYCULLA","WARD":"E","REMARKS":" ","TYPE":"Heritage","CREATED_US":" ","LAST_EDITE":" ","OWNERSHIP":" ","USES":" ","MHCC_NOC":" ","DATE_":" ","NOC_FOR":" ","STRUCTURE":" ","FEATURE":" ","Q":"Y","HER_NUMBER_2":"524, 525","HERITAGE_NAME":"CHRISH CHURCH, CONVENT OF JESUS AND MARY"},"geometry":{"type":"Polygon","coordinates":[[[72.83098318500619,18.971305803378023],[72.83117555468507,18.971830737459463],[72.83202459656567,18.971338614887696],[72.83093461542381,18.970429850728806],[72.83063945912437,18.97121074991764],[72.83098318500619,18.971305803378023]]]}},{"type":"Feature","properties":{"layer":"DP_77","label":"Heritage building","confidence":"confirmed","HERITAGE_P":" ","GRADE":"III","VILLAGE":"MALABAR HILL","VILLAGE_DI":"MALABAR HILL","WARD":"D","REMARKS":" ","TYPE":"Heritage","CREATED_US":" ","LAST_EDITE":" ","OWNERSHIP":" ","USES":" ","MHCC_NOC":" ","DATE_":" ","NOC_FOR":" ","STRUCTURE":" ","FEATURE":" ","Q":"Y","HER_NUMBER_2":"146/260","HERITAGE_NAME":"MOHOMEDBHAI BUILDING"},"geometry":{"type":"Polygon","coordinates":[[[72.80818428559382,18.96353760352817],[72.80795728130911,18.963339994648887],[72.80787988180522,18.963656810204533],[72.80818428559382,18.96353760352817]]]}},{"type":"Feature","properties":{"layer":"DP_77","label":"Heritage building","confidence":"confirmed","HERITAGE_P":" ","GRADE":"I","VILLAGE":" ","VILLAGE_DI":" ","WARD":"A","REMARKS":" ","TYPE":" ","CREATED_US":" ","CREATED_DA":-2209161600000,"LAST_EDITE":" ","LAST_EDI_1":-2209161600000,"OWNERSHIP":" ","USES":" ","MHCC_NOC":" ","DATE_":" ","NOC_FOR":" ","STRUCTURE":" ","FEATURE":" ","Q":"Y","HER_NUMBER_2":"1/1(i)","HERITAGE_NAME":"I.N.S. ANGRE (BOMBAY CASTLE & OTHER HISTORICAL/ASETHETICALLY IMPORTANT BUILDINGS AND FEATURES AT ANGRE) i) WALLS & BASTIONS"},"geometry":{"type":"Polygon","coordinates":[[[72.83695954874433,18.931753813258318],[72.83812575622709,18.93212727397117],[72.83730828225174,18.93148715616481],[72.83695954874433,18.931753813258318]]]}},{"type":"Feature","properties":{"layer":"DP_77","label":"Heritage building","confidence":"confirmed","HERITAGE_P":"CANTONMENT","GRADE":"I","VILLAGE":"COLABA","VILLAGE_DI":"COLABA","WARD":"A","REMARKS":" ","TYPE":"Heritage","CREATED_US":" ","LAST_EDITE":" ","OWNERSHIP":" ","USES":" ","MHCC_NOC":" ","DATE_":" ","NOC_FOR":" ","STRUCTURE":" ","FEATURE":" ","Q":"Y","HER_NUMBER_2":"23/26","HERITAGE_NAME":"COLABA OBSERVATORY COMPLEX ( OBSERVATORY )"},"geometry":{"type":"Polygon","coordinates":[[[72.81201137730996,18.89711186364504],[72.81274661200132,18.898136814040623],[72.81340710335772,18.89762848053851],[72.81255360390887,18.896653686129564],[72.81201137730996,18.89711186364504]]]}},{"type":"Feature","properties":{"layer":"DP_77","label":"Heritage building","confidence":"confirmed","HERITAGE_P":"ESPLANDE","GRADE":"IIA","VILLAGE":"FORT","VILLAGE_DI":"FORT","WARD":"A","REMARKS":" ","TYPE":"Heritage","CREATED_US":" ","LAST_EDITE":" ","OWNERSHIP":" ","USES":" ","MHCC_NOC":" ","DATE_":" ","NOC_FOR":" ","STRUCTURE":" ","FEATURE":" ","Q":"Y","HER_NUMBER_2":"95/111","HERITAGE_NAME":"THOMAS COOK BLDG."},"geometry":{"type":"Polygon","coordinates":[[[72.83201855941081,18.934425839713466],[72.8321205176732,18.93455570012479],[72.8323457433352,18.93421672382716],[72.83201855941081,18.934425839713466]]]}},{"type":"Feature","properties":{"layer":"DP_77","label":"Heritage building","confidence":"confirmed","HERITAGE_P":"CANTONMENT","GRADE":"IIB","VILLAGE":"COLABA","VILLAGE_DI":"COLABA","WARD":"A","REMARKS":" ","TYPE":"Heritage","CREATED_US":" ","LAST_EDITE":" ","OWNERSHIP":" ","USES":" ","MHCC_NOC":" ","DATE_":" ","NOC_FOR":" ","STRUCTURE":" ","FEATURE":" ","Q":"Y","HER_NUMBER_2":"42/48","HERITAGE_NAME":"TECH HOUSE (22, NAPIER ROAD)"},"geometry":{"type":"Polygon","coordinates":[[[72.81116516759296,18.89794085123268],[72.81124061056661,18.898332824711318],[72.81193393408967,18.898189021713986],[72.81186380252701,18.89779255130828],[72.81116516759296,18.89794085123268]]]}},{"type":"Feature","properties":{"layer":"DP_77","label":"Heritage building","confidence":"confirmed","HERITAGE_P":" ","GRADE":"IIB","VILLAGE":"PAREL-SEWERI","VILLAGE_DI":"PAREL-SEWERI","WARD":"F/S","REMARKS":" ","TYPE":"Heritage","CREATED_US":" ","LAST_EDITE":" ","OWNERSHIP":" ","USES":" ","MHCC_NOC":" ","DATE_":" ","NOC_FOR":" ","STRUCTURE":" ","FEATURE":" ","Q":"Y","HER_NUMBER_2":"30/527","HERITAGE_NAME":"COTTON EXCHANGE BUILDING-COTTONGREEN"},"geometry":{"type":"Polygon","coordinates":[[[72.84499728684733,18.987721771974574],[72.84644710585599,18.987758297492743],[72.84611060801406,18.987030500151832],[72.84471900923597,18.98748342499214],[72.84499728684733,18.987721771974574]]]}},{"type":"Feature","properties":{"layer":"DP_77","label":"Heritage building","confidence":"confirmed","HERITAGE_P":" ","GRADE":"III","VILLAGE":"MALABAR HILL","VILLAGE_DI":"MALABAR HILL","WARD":"D","REMARKS":" ","TYPE":"Heritage","CREATED_US":" ","LAST_EDITE":" ","OWNERSHIP":" ","USES":" ","MHCC_NOC":" ","DATE_":" ","NOC_FOR":" ","STRUCTURE":" ","FEATURE":" ","Q":"Y","HER_NUMBER_2":"141/251","HERITAGE_NAME":"ARISA MAHAL"},"geometry":{"type":"Polygon","coordinates":[[[72.8072351016696,18.954335521864888],[72.8069764679364,18.954457616842152],[72.80738254796327,18.954474413020673],[72.8072351016696,18.954335521864888]]]}},{"type":"Feature","properties":{"layer":"DP_77","label":"Heritage building","confidence":"confirmed","HERITAGE_P":"GATEWAY","GRADE":"IIA","VILLAGE":"FORT","VILLAGE_DI":"FORT","WARD":"A","REMARKS":" ","TYPE":"Heritage","CREATED_US":" ","LAST_EDITE":" ","OWNERSHIP":" ","USES":" ","MHCC_NOC":" ","DATE_":" ","NOC_FOR":" ","STRUCTURE":" ","FEATURE":" ","Q":"Y","HER_NUMBER_2":"4/4","HERITAGE_NAME":"NAVY HOUSE"},"geometry":{"type":"Polygon","coordinates":[[[72.83491527600822,18.924148865151874],[72.83514426852997,18.924141919031104],[72.83502726928293,18.923971824394783],[72.83491527600822,18.924148865151874]]]}},{"type":"Feature","properties":{"layer":"DP_77","label":"Heritage building","confidence":"confirmed","HERITAGE_P":" ","GRADE":"III","VILLAGE":"MALABAR HILL","VILLAGE_DI":"MALABAR HILL","WARD":"D","REMARKS":" ","TYPE":"Heritage","CREATED_US":" ","LAST_EDITE":" ","OWNERSHIP":" ","USES":" ","MHCC_NOC":" ","DATE_":" ","NOC_FOR":" ","STRUCTURE":" ","FEATURE":" ","Q":"Y","HER_NUMBER_2":"143/253","HERITAGE_NAME":"PREYAS"},"geometry":{"type":"Polygon","coordinates":[[[72.80788100767393,18.957140476759363],[72.80781512063191,18.956955558461903],[72.8075111430061,18.957053561535485],[72.80757942735599,18.957238217435783],[72.80788100767393,18.957140476759363]]]}},{"type":"Feature","properties":{"layer":"DP_77","label":"Heritage building","confidence":"confirmed","HERITAGE_P":" ","GRADE":"III","VILLAGE":"BANDRA-E","VILLAGE_DI":"BANDRA-E","WARD":"H/W","REMARKS":" ","TYPE":"Heritage","CREATED_US":" ","LAST_EDITE":" ","OWNERSHIP":" ","USES":" ","MHCC_NOC":" ","DATE_":" ","NOC_FOR":" ","STRUCTURE":" ","FEATURE":" ","Q":"Y","HER_NUMBER_2":"87/108","HERITAGE_NAME":"THAKUR VILLA"},"geometry":{"type":"Polygon","coordinates":[[[72.83628735918211,19.07137814446535],[72.8362801506957,19.070970382735563],[72.8360143994385,19.07118210700063],[72.83628735918211,19.07137814446535]]]}},{"type":"Feature","properties":{"layer":"DP_77","label":"Heritage building","confidence":"confirmed","HERITAGE_P":" ","GRADE":"III","VILLAGE":"GIRGAUM","VILLAGE_DI":"GIRGAUM","WARD":"D","REMARKS":" ","TYPE":"Heritage","CREATED_US":" ","LAST_EDITE":" ","OWNERSHIP":" ","USES":" ","MHCC_NOC":" ","DATE_":" ","NOC_FOR":" ","STRUCTURE":" ","FEATURE":" ","Q":"Y","HER_NUMBER_2":"103/507","HERITAGE_NAME":"MODERN SCHOOL, SIKKA NAGAR"},"geometry":{"type":"Polygon","coordinates":[[[72.82280424420388,18.957278027294226],[72.82299192545672,18.956870773769012],[72.82271686716537,18.9569409211571],[72.82280424420388,18.957278027294226]]]}},{"type":"Feature","properties":{"layer":"DP_77","label":"Heritage building","confidence":"confirmed","HERITAGE_P":" ","GRADE":"III","VILLAGE":"ANDHERI","VILLAGE_DI":"ANDHERI","WARD":"K/W","REMARKS":" ","TYPE":"Heritage","CREATED_US":" ","LAST_EDITE":" ","OWNERSHIP":" ","USES":" ","MHCC_NOC":" ","DATE_":" ","NOC_FOR":" ","STRUCTURE":" ","FEATURE":" ","Q":"Y","HER_NUMBER_2":"134/167","HERITAGE_NAME":"Ruia House"},"geometry":{"type":"Polygon","coordinates":[[[72.84151782002347,19.11709834910241],[72.84154027364221,19.116358157033062],[72.84124310075106,19.116379346057265],[72.84125923764823,19.117034213691593],[72.84151782002347,19.11709834910241]]]}},{"type":"Feature","properties":{"layer":"DP_77","label":"Heritage building","confidence":"confirmed","HERITAGE_P":" ","GRADE":"III","VILLAGE":"MATUNGA","VILLAGE_DI":"MATUNGA","WARD":"F/N","REMARKS":" ","TYPE":"Heritage","CREATED_US":" ","LAST_EDITE":" ","OWNERSHIP":" ","USES":" ","MHCC_NOC":" ","DATE_":" ","NOC_FOR":" ","STRUCTURE":" ","FEATURE":" ","Q":"Y","HER_NUMBER_2":"32/461","HERITAGE_NAME":"607-b, SOHRAB HOUSE"},"geometry":{"type":"Polygon","coordinates":[[[72.84999834802058,19.020083945546908],[72.849981209175,19.020396556628356],[72.8501404661994,19.020290610913527],[72.84999834802058,19.020083945546908]]]}},{"type":"Feature","properties":{"layer":"DP_77","label":"Heritage building","confidence":"confirmed","HERITAGE_P":" ","GRADE":"III","VILLAGE":"BHULESHWAR","VILLAGE_DI":"BHULESHWAR","WARD":"C","REMARKS":" ","TYPE":"Heritage","CREATED_US":" ","LAST_EDITE":" ","OWNERSHIP":" ","USES":" ","MHCC_NOC":" ","DATE_":" ","NOC_FOR":" ","STRUCTURE":" ","FEATURE":" ","Q":"Y","HER_NUMBER_2":"23/170","HERITAGE_NAME":"NARAYAN NIWAS"},"geometry":{"type":"Polygon","coordinates":[[[72.82815574499556,18.95098821076095],[72.82805296896915,18.951050844039734],[72.82815527932001,18.951151795197116],[72.82815574499556,18.95098821076095]]]}},{"type":"Feature","properties":{"layer":"DP_77","label":"Heritage building","confidence":"confirmed","HERITAGE_P":"B M C","GRADE":"IIB","VILLAGE":"FORT","VILLAGE_DI":"FORT","WARD":"A","REMARKS":" ","TYPE":"Heritage","CREATED_US":" ","LAST_EDITE":" ","OWNERSHIP":" ","USES":" ","MHCC_NOC":" ","DATE_":" ","NOC_FOR":" ","STRUCTURE":" ","FEATURE":" ","Q":"Y","HER_NUMBER_2":"106/122","HERITAGE_NAME":"ANJUMAN -E- ISLAM HIGH SCHOOL"},"geometry":{"type":"Polygon","coordinates":[[[72.83381475331093,18.942569238114274],[72.83441549985167,18.942683443536165],[72.83446385584752,18.942263794929424],[72.83408533566885,18.942121696447085],[72.83346771463448,18.942452187786277],[72.83381475331093,18.942569238114274]]]}},{"type":"Feature","properties":{"layer":"DP_77","label":"Heritage building","confidence":"confirmed","HERITAGE_P":" ","GRADE":"III","VILLAGE":"KURLA - 2","VILLAGE_DI":"KURLA - 2","WARD":"L","REMARKS":" ","TYPE":"Heritage","CREATED_US":" ","LAST_EDITE":" ","OWNERSHIP":" ","USES":" ","MHCC_NOC":" ","DATE_":" ","NOC_FOR":" ","STRUCTURE":" ","FEATURE":" ","Q":"Y","HER_NUMBER_2":"05/06","HERITAGE_NAME":"PAUL-PAREIRA HOUSE"},"geometry":{"type":"Polygon","coordinates":[[[72.88326753326716,19.08350424657377],[72.88387787218511,19.08379182317181],[72.88393107492858,19.08363435882084],[72.88372942050235,19.083334881334398],[72.88326753326716,19.08350424657377]]]}},{"type":"Feature","properties":{"layer":"DP_77","label":"Heritage building","confidence":"confirmed","HERITAGE_P":" ","GRADE":"III","VILLAGE":"MATUNGA","VILLAGE_DI":"MATUNGA","WARD":"F/N","REMARKS":" ","TYPE":"Heritage","CREATED_US":" ","LAST_EDITE":" ","OWNERSHIP":" ","USES":" ","MHCC_NOC":" ","DATE_":" ","NOC_FOR":" ","STRUCTURE":" ","FEATURE":" ","Q":"Y","HER_NUMBER_2":"40/469","HERITAGE_NAME":"559-556,571-572, CENTRAL INSTITUTE FOR RESEARCH IN COTTON PREMISES"},"geometry":{"type":"Polygon","coordinates":[[[72.85333135140996,19.021619462127983],[72.85347622487707,19.02233161106658],[72.85419435285907,19.022273213308843],[72.85402885055623,19.021478810492802],[72.85333135140996,19.021619462127983]]]}},{"type":"Feature","properties":{"layer":"DP_77","label":"Heritage building","confidence":"confirmed","HERITAGE_P":" ","GRADE":"III","VILLAGE":" ","VILLAGE_DI":" ","WARD":"D","REMARKS":" ","TYPE":" ","CREATED_US":" ","CREATED_DA":-2209161600000,"LAST_EDITE":" ","LAST_EDI_1":-2209161600000,"OWNERSHIP":" ","USES":" ","MHCC_NOC":" ","DATE_":" ","NOC_FOR":" ","STRUCTURE":" ","FEATURE":" ","Q":"Y","HER_NUMBER_2":"149/263","HERITAGE_NAME":"KHALLUCK DINA TERRACE/HASSAN MANZIL"},"geometry":{"type":"Polygon","coordinates":[[[72.8103347512018,18.9629979167057],[72.80988667153859,18.96310891777431],[72.80999562283237,18.963470160229573],[72.8103347512018,18.9629979167057]]]}},{"type":"Feature","properties":{"layer":"DP_77","label":"Heritage building","confidence":"confirmed","HERITAGE_P":" ","GRADE":"IIB","VILLAGE":"BANDRA-B","VILLAGE_DI":"BANDRA-B","WARD":"H/W","REMARKS":" ","TYPE":"Heritage","CREATED_US":" ","LAST_EDITE":" ","OWNERSHIP":" ","USES":" ","MHCC_NOC":" ","DATE_":" ","NOC_FOR":" ","STRUCTURE":" ","FEATURE":" ","Q":"Y","HER_NUMBER_2":"571","HERITAGE_NAME":"SOHRABJEE BYRAMJEE BHABHA B.J.ROAD SANATORIUM"},"geometry":{"type":"Polygon","coordinates":[[[72.8215647283261,19.046982393847856],[72.8206428984599,19.046996013551556],[72.82071829915374,19.047962577923915],[72.82107447950874,19.047779289148927],[72.8215241950692,19.04798722231518],[72.8215647283261,19.046982393847856]]]}},{"type":"Feature","properties":{"layer":"DP_77","label":"Heritage building","confidence":"confirmed","HERITAGE_P":"MAJESTIC","GRADE":"I","VILLAGE":"COLABA","VILLAGE_DI":"COLABA","WARD":"A","REMARKS":" ","TYPE":"Heritage","CREATED_US":" ","LAST_EDITE":" ","OWNERSHIP":" ","USES":" ","MHCC_NOC":" ","DATE_":" ","NOC_FOR":" ","STRUCTURE":" ","FEATURE":" ","Q":"Y","HER_NUMBER_2":"194/221","HERITAGE_NAME":"SASOON DOCK GATE"},"geometry":{"type":"Polygon","coordinates":[[[72.82463511466635,18.914467051926344],[72.82460739253415,18.91428954106088],[72.82430593226954,18.914401521328703],[72.82463511466635,18.914467051926344]]]}},{"type":"Feature","properties":{"layer":"DP_77","label":"Heritage building","confidence":"confirmed","HERITAGE_P":" ","GRADE":"III","VILLAGE":"GIRGAUM","VILLAGE_DI":"GIRGAUM","WARD":"D","REMARKS":" ","TYPE":"Heritage","CREATED_US":" ","LAST_EDITE":" ","OWNERSHIP":" ","USES":" ","MHCC_NOC":" ","DATE_":" ","NOC_FOR":" ","STRUCTURE":" ","FEATURE":" ","Q":"Y","HER_NUMBER_2":"93/491","HERITAGE_NAME":"HARKISANDAS HOSPITAL"},"geometry":{"type":"Polygon","coordinates":[[[72.82003632669968,18.959136601801195],[72.82019337827376,18.958435187662673],[72.81995191144405,18.95819328244081],[72.82031014952994,18.958207296881586],[72.8198902196706,18.95811178309306],[72.81971325587064,18.959054979266913],[72.82003632669968,18.959136601801195]]]}},{"type":"Feature","properties":{"layer":"DP_77","label":"Heritage building","confidence":"confirmed","HERITAGE_P":" ","GRADE":"IIA","VILLAGE":"TARDEO","VILLAGE_DI":"TARDEO","WARD":"D","REMARKS":"ALSO NOTIFIED IN AGIARY LIST AT SR. NO. 31","TYPE":"Heritage","CREATED_US":" ","LAST_EDITE":" ","OWNERSHIP":" ","USES":" ","MHCC_NOC":" ","DATE_":" ","NOC_FOR":" ","STRUCTURE":" ","FEATURE":" ","Q":"Y","HER_NUMBER_2":"127/231","HERITAGE_NAME":"ERVAD SORABJI HARMASJI RANJI AGIYARI (ADARIAN)"},"geometry":{"type":"Polygon","coordinates":[[[72.822871499004,18.96208265421737],[72.82279142721163,18.962374231951824],[72.82303469202495,18.96234327686831],[72.822871499004,18.96208265421737]]]}},{"type":"Feature","properties":{"layer":"DP_77","label":"Heritage building","confidence":"confirmed","HERITAGE_P":"BAZARGATE","GRADE":"III","VILLAGE":"FORT","VILLAGE_DI":"FORT","WARD":"A","REMARKS":" ","TYPE":"Heritage","CREATED_US":" ","LAST_EDITE":" ","OWNERSHIP":" ","USES":" ","MHCC_NOC":" ","DATE_":" ","NOC_FOR":" ","STRUCTURE":" ","FEATURE":" ","Q":"Y","HER_NUMBER_2":"183/209","HERITAGE_NAME":"DEVIDAS PARBHUDAS KOTHARI, KABUTARKHANA & PYAAU"},"geometry":{"type":"Polygon","coordinates":[[[72.83702153186667,18.93833448037427],[72.83702549081087,18.93828793354277],[72.83700221303886,18.938304124890298],[72.83702153186667,18.93833448037427]]]}},{"type":"Feature","properties":{"layer":"DP_77","label":"Heritage building","confidence":"confirmed","HERITAGE_P":" ","GRADE":"III","VILLAGE":"MAHIM","VILLAGE_DI":"MAHIM","WARD":"G/N","REMARKS":" ","TYPE":"Heritage","CREATED_US":" ","LAST_EDITE":" ","OWNERSHIP":" ","USES":" ","MHCC_NOC":" ","DATE_":" ","NOC_FOR":" ","STRUCTURE":" ","FEATURE":" ","Q":"Y","HER_NUMBER_2":"23/551","HERITAGE_NAME":"RADHAKRISHNA MANDIR"},"geometry":{"type":"Polygon","coordinates":[[[72.83962944334269,19.038480416774576],[72.83936185124277,19.038389652115196],[72.83942445831605,19.0386320102594],[72.83962944334269,19.038480416774576]]]}},{"type":"Feature","properties":{"layer":"DP_77","label":"Heritage building","confidence":"confirmed","HERITAGE_P":" ","GRADE":"III","VILLAGE":"BYCULLA","VILLAGE_DI":"BYCULLA","WARD":"E","REMARKS":" ","TYPE":"Heritage","CREATED_US":" ","LAST_EDITE":" ","OWNERSHIP":" ","USES":" ","MHCC_NOC":" ","DATE_":" ","NOC_FOR":" ","STRUCTURE":" ","FEATURE":" ","Q":"Y","HER_NUMBER_2":"58/349","HERITAGE_NAME":"KASHINATH BUILDING"},"geometry":{"type":"Polygon","coordinates":[[[72.82638969292131,18.98050993842854],[72.8266898297999,18.980517402067655],[72.82659453422255,18.980412428662504],[72.82638969292131,18.98050993842854]]]}},{"type":"Feature","properties":{"layer":"DP_77","label":"Heritage building","confidence":"confirmed","HERITAGE_P":"KHOTACHI WADI PRECINCT","GRADE":"III","VILLAGE":"GIRGAUM","VILLAGE_DI":"GIRGAUM","WARD":"D","REMARKS":" ","TYPE":"Heritage","CREATED_US":" ","LAST_EDITE":" ","OWNERSHIP":" ","USES":" ","MHCC_NOC":" ","DATE_":" ","NOC_FOR":" ","STRUCTURE":" ","FEATURE":" ","Q":"Y","HER_NUMBER_2":"114/520","HERITAGE_NAME":"BLDG. NO. 42"},"geometry":{"type":"Polygon","coordinates":[[[72.82028410863676,18.95546367531452],[72.82051616343404,18.95553901937688],[72.8204860607594,18.955460305328636],[72.82028410863676,18.95546367531452]]]}},{"type":"Feature","properties":{"layer":"DP_77","label":"Heritage building","confidence":"confirmed","HERITAGE_P":" ","GRADE":"III","VILLAGE":"BANDRA-C","VILLAGE_DI":"BANDRA-C","WARD":"H/W","REMARKS":" ","TYPE":"Heritage","CREATED_US":" ","LAST_EDITE":" ","OWNERSHIP":" ","USES":" ","MHCC_NOC":" ","DATE_":" ","NOC_FOR":" ","STRUCTURE":" ","FEATURE":" ","Q":"Y","HER_NUMBER_2":"594","HERITAGE_NAME":"DORAB VILLA"},"geometry":{"type":"Polygon","coordinates":[[[72.82306102355453,19.05969216038914],[72.823499180413,19.059714391266784],[72.82346030632887,19.059549018690348],[72.82306102355453,19.05969216038914]]]}},{"type":"Feature","properties":{"layer":"DP_77","label":"Heritage building","confidence":"confirmed","HERITAGE_P":" ","GRADE":"III","VILLAGE":"VILE PARLE","VILLAGE_DI":"VILE PARLE","WARD":"K/W","REMARKS":" ","TYPE":"Heritage","CREATED_US":" ","LAST_EDITE":" ","OWNERSHIP":" ","USES":" ","MHCC_NOC":" ","DATE_":" ","NOC_FOR":" ","STRUCTURE":" ","FEATURE":" ","Q":"Y","HER_NUMBER_2":"124/154","HERITAGE_NAME":"Kunj Vihar"},"geometry":{"type":"Polygon","coordinates":[[[72.84264122309763,19.10066171518553],[72.84289115522061,19.100704498037782],[72.84292189067634,19.100461807480684],[72.84264122309763,19.10066171518553]]]}},{"type":"Feature","properties":{"layer":"DP_77","label":"Heritage building","confidence":"confirmed","HERITAGE_P":" ","GRADE":"III","VILLAGE":"BHULESHWAR","VILLAGE_DI":"BHULESHWAR","WARD":"C","REMARKS":" ","TYPE":"Heritage","CREATED_US":" ","LAST_EDITE":" ","OWNERSHIP":" ","USES":" ","MHCC_NOC":" ","DATE_":" ","NOC_FOR":" ","STRUCTURE":" ","FEATURE":" ","Q":"Y","HER_NUMBER_2":"17c","HERITAGE_NAME":"BHATIA BLDG"},"geometry":{"type":"Polygon","coordinates":[[[72.82599087217044,18.945242644332588],[72.82592946537605,18.94545499979816],[72.82612571157217,18.94550576553663],[72.82627883080524,18.945287677584815],[72.82599087217044,18.945242644332588]]]}},{"type":"Feature","properties":{"layer":"DP_77","label":"Heritage building","confidence":"confirmed","HERITAGE_P":" ","GRADE":"I","VILLAGE":"MATUNGA","VILLAGE_DI":"MATUNGA","WARD":"F/N","REMARKS":" ","TYPE":"Heritage","CREATED_US":" ","LAST_EDITE":" ","OWNERSHIP":" ","USES":" ","MHCC_NOC":" ","DATE_":" ","NOC_FOR":" ","STRUCTURE":" ","FEATURE":" ","Q":"Y","HER_NUMBER_2":"6/428","HERITAGE_NAME":"129, RAJ GRIHA"},"geometry":{"type":"Polygon","coordinates":[[[72.84749411308329,19.021547967093067],[72.84771195742601,19.02143390945565],[72.84756213024556,19.021240053877165],[72.84729896869892,19.021401969193654],[72.84749411308329,19.021547967093067]]]}},{"type":"Feature","properties":{"layer":"DP_77","label":"Heritage building","confidence":"confirmed","HERITAGE_P":"CANTONMENT","GRADE":"IIA","VILLAGE":"COLABA","VILLAGE_DI":"COLABA","WARD":"A","REMARKS":"ALSO LISTED IN NEW AGIARY LIST AT SR. NO. 5","TYPE":"Heritage","CREATED_US":" ","LAST_EDITE":" ","OWNERSHIP":" ","USES":" ","MHCC_NOC":" ","DATE_":" ","NOC_FOR":" ","STRUCTURE":" ","FEATURE":" ","Q":"Y","HER_NUMBER_2":"12/13","HERITAGE_NAME":"SETH JIJEEBHOY DADABHOY AGIARY(ADARIAN)"},"geometry":{"type":"Polygon","coordinates":[[[72.81740887367262,18.9048792726115],[72.81742721769972,18.904449358414738],[72.81680879373884,18.904439725657205],[72.81684992808144,18.9050083482687],[72.81740887367262,18.9048792726115]]]}},{"type":"Feature","properties":{"layer":"DP_77","label":"Heritage building","confidence":"confirmed","HERITAGE_P":" ","GRADE":"IIA","VILLAGE":" ","VILLAGE_DI":" ","WARD":"C","REMARKS":"AS PER  AGIARY LIST SR NO. 21","TYPE":" ","CREATED_US":" ","CREATED_DA":-2209161600000,"LAST_EDITE":" ","LAST_EDI_1":-2209161600000,"OWNERSHIP":" ","USES":" ","MHCC_NOC":" ","DATE_":" ","NOC_FOR":" ","STRUCTURE":" ","FEATURE":" ","Q":"Y","HER_NUMBER_2":" ","HERITAGE_NAME":"SETH JAMSHEDJI DADABHOI AMARIA/SODAWATER WALA I AGIARY"},"geometry":{"type":"Polygon","coordinates":[[[72.82625921255854,18.942671998213456],[72.82620418243008,18.94247657726972],[72.82608044820317,18.942612501955537],[72.82625921255854,18.942671998213456]]]}},{"type":"Feature","properties":{"layer":"DP_77","label":"Heritage building","confidence":"confirmed","HERITAGE_P":" ","GRADE":"IIA","VILLAGE":"FORT","VILLAGE_DI":"FORT","WARD":"A","REMARKS":" ","TYPE":"Heritage","CREATED_US":" ","LAST_EDITE":" ","OWNERSHIP":" ","USES":" ","MHCC_NOC":" ","DATE_":" ","NOC_FOR":" ","STRUCTURE":" ","FEATURE":" ","Q":"Y","HER_NUMBER_2":"277/46","HERITAGE_NAME":"BOMBAY MUTUAL BUILDING"},"geometry":{"type":"Polygon","coordinates":[[[72.83326806224187,18.934575777971222],[72.83310753333647,18.934628491089903],[72.83339527160491,18.9349537362351],[72.83326806224187,18.934575777971222]]]}},{"type":"Feature","properties":{"layer":"DP_77","label":"Heritage building","confidence":"confirmed","HERITAGE_P":" ","GRADE":"IIA","VILLAGE":"BHULESHWAR","VILLAGE_DI":"BHULESHWAR","WARD":"C","REMARKS":" ","TYPE":"Heritage","CREATED_US":" ","LAST_EDITE":" ","OWNERSHIP":" ","USES":" ","MHCC_NOC":" ","DATE_":" ","NOC_FOR":" ","STRUCTURE":" ","FEATURE":" ","Q":"Y","HER_NUMBER_2":"323","HERITAGE_NAME":"VITHHALWADI TEMPLE"},"geometry":{"type":"Polygon","coordinates":[[[72.82888674379295,18.950147251721248],[72.82923519578921,18.95019922409233],[72.82922677941373,18.950070145659584],[72.82888674379295,18.950147251721248]]]}},{"type":"Feature","properties":{"layer":"DP_77","label":"Heritage building","confidence":"confirmed","HERITAGE_P":" ","GRADE":"IIB","VILLAGE":"MATUNGA","VILLAGE_DI":"MATUNGA","WARD":"F/N","REMARKS":" ","TYPE":"Heritage","CREATED_US":" ","LAST_EDITE":" ","OWNERSHIP":" ","USES":" ","MHCC_NOC":" ","DATE_":" ","NOC_FOR":" ","STRUCTURE":" ","FEATURE":" ","Q":"Y","HER_NUMBER_2":"43/472","HERITAGE_NAME":"501-509, VEERMATA JIJAMATA TECHNICAL INSTITUTE PREMISES"},"geometry":{"type":"Polygon","coordinates":[[[72.8563101382802,19.020498010940265],[72.85588836178115,19.01910524373617],[72.85489511514967,19.019667731545866],[72.85606896561595,19.024345361653218],[72.85681728520316,19.024620210306352],[72.8569214813223,19.023530349026515],[72.8563101382802,19.020498010940265]]]}},{"type":"Feature","properties":{"layer":"DP_77","label":"Heritage building","confidence":"confirmed","HERITAGE_P":"BAZARGATE","GRADE":"IIA","VILLAGE":"FORT","VILLAGE_DI":"FORT","WARD":"A","REMARKS":" ","TYPE":"Heritage","CREATED_US":" ","LAST_EDITE":" ","OWNERSHIP":" ","USES":" ","MHCC_NOC":" ","DATE_":" ","NOC_FOR":" ","STRUCTURE":" ","FEATURE":" ","Q":"Y","HER_NUMBER_2":"229/260","HERITAGE_NAME":"DY.POLICE COMMISSIONER'S OFFICE- ZONE-I (BAZAR GATE POLICE STATION)"},"geometry":{"type":"Polygon","coordinates":[[[72.83582829888225,18.938339741660062],[72.8360232612159,18.93839045076924],[72.83599328412711,18.938221959544297],[72.83582829888225,18.938339741660062]]]}},{"type":"Feature","properties":{"layer":"DP_77","label":"Heritage building","confidence":"confirmed","HERITAGE_P":" ","GRADE":"III","VILLAGE":"MATUNGA","VILLAGE_DI":"MATUNGA","WARD":"F/N","REMARKS":" ","TYPE":"Heritage","CREATED_US":" ","LAST_EDITE":" ","OWNERSHIP":" ","USES":" ","MHCC_NOC":" ","DATE_":" ","NOC_FOR":" ","STRUCTURE":" ","FEATURE":" ","Q":"Y","HER_NUMBER_2":"18/445","HERITAGE_NAME":"764-c, BALIWADA BUILDING"},"geometry":{"type":"Polygon","coordinates":[[[72.84945100098959,19.017354737139406],[72.84934689174281,19.017200963578947],[72.84919654310214,19.017296246561543],[72.84945100098959,19.017354737139406]]]}},{"type":"Feature","properties":{"layer":"DP_77","label":"Heritage building","confidence":"confirmed","HERITAGE_P":" ","GRADE":"III","VILLAGE":"BANDRA-C","VILLAGE_DI":"BANDRA-C","WARD":"H/W","REMARKS":" ","TYPE":"Heritage","CREATED_US":" ","LAST_EDITE":" ","OWNERSHIP":" ","USES":" ","MHCC_NOC":" ","DATE_":" ","NOC_FOR":" ","STRUCTURE":" ","FEATURE":" ","Q":"Y","HER_NUMBER_2":"38/50","HERITAGE_NAME":"REBELLO HOUSE THE MANGLORIAN GARDEN HOMES CHS LTD."},"geometry":{"type":"Polygon","coordinates":[[[72.82845555656024,19.05585540985978],[72.82881096613127,19.05578185442975],[72.82877495770133,19.055393775912865],[72.82806480588656,19.05487041497832],[72.82798662372682,19.055610848603227],[72.82845555656024,19.05585540985978]]]}},{"type":"Feature","properties":{"layer":"DP_77","label":"Heritage building","confidence":"confirmed","HERITAGE_P":"CANTONMENT","GRADE":"III","VILLAGE":"COLABA","VILLAGE_DI":"COLABA","WARD":"A","REMARKS":" ","TYPE":"Heritage","CREATED_US":" ","LAST_EDITE":" ","OWNERSHIP":" ","USES":" ","MHCC_NOC":" ","DATE_":" ","NOC_FOR":" ","STRUCTURE":" ","FEATURE":" ","Q":"Y","HER_NUMBER_2":"56/64","HERITAGE_NAME":"KENDRIYA VIDYALAYA SCHOOL GRAVE STONE (COLABA CEMETERY)"},"geometry":{"type":"Polygon","coordinates":[[[72.80920443795544,18.894989282438704],[72.80908863177176,18.89574976754707],[72.80987018909352,18.895862958746893],[72.81033363711092,18.89561866915477],[72.81038883977965,18.894965287235685],[72.81006441311074,18.894648581859315],[72.80957400329949,18.894562393227883],[72.80920443795544,18.894989282438704]]]}},{"type":"Feature","properties":{"layer":"DP_77","label":"Heritage building","confidence":"confirmed","HERITAGE_P":" ","GRADE":"IIB","VILLAGE":" ","VILLAGE_DI":" ","WARD":"F/N","REMARKS":"CHE/33410/DP DT.23.02.2017","TYPE":" ","CREATED_US":" ","CREATED_DA":-2209161600000,"LAST_EDITE":" ","LAST_EDI_1":-2209161600000,"OWNERSHIP":" ","USES":" ","MHCC_NOC":" ","DATE_":" ","NOC_FOR":" ","STRUCTURE":" ","FEATURE":" ","Q":"Y","HER_NUMBER_2":"42/471","HERITAGE_NAME":"ACQWARTH MUNICIPAL HOSPITAL FOR LEPROSY PREMISES"},"geometry":{"type":"Polygon","coordinates":[[[72.85857423273775,19.0201888173433],[72.85857146046747,19.020165326485596],[72.8585382138008,19.020167939081503],[72.85857423273775,19.0201888173433]]]}},{"type":"Feature","properties":{"layer":"DP_77","label":"Heritage building","confidence":"confirmed","HERITAGE_P":"III","GRADE":" ","VILLAGE":"MANDVI","VILLAGE_DI":"MANDVI","WARD":"B","REMARKS":" ","TYPE":"Heritage","CREATED_US":" ","LAST_EDITE":" ","OWNERSHIP":" ","USES":" ","MHCC_NOC":" ","DATE_":" ","NOC_FOR":" ","STRUCTURE":" ","FEATURE":" ","Q":"Y","HER_NUMBER_2":"8/87","HERITAGE_NAME":"ATEKABAI MANSION"},"geometry":{"type":"Polygon","coordinates":[[[72.83346309967833,18.953474673033323],[72.83336526494509,18.953294880616436],[72.83336359360743,18.95360805831815],[72.83346309967833,18.953474673033323]]]}},{"type":"Feature","properties":{"layer":"DP_77","label":"Heritage building","confidence":"confirmed","HERITAGE_P":" ","GRADE":"III","VILLAGE":"BANDRA-B","VILLAGE_DI":"BANDRA-B","WARD":"H/W","REMARKS":" ","TYPE":"Heritage","CREATED_US":" ","LAST_EDITE":" ","OWNERSHIP":" ","USES":" ","MHCC_NOC":" ","DATE_":" ","NOC_FOR":" ","STRUCTURE":" ","FEATURE":" ","Q":"Y","HER_NUMBER_2":"5/005","HERITAGE_NAME":"PIONEER"},"geometry":{"type":"Polygon","coordinates":[[[72.82628228480206,19.049141938573275],[72.82678808930444,19.049043286746322],[72.82678152251681,19.04889177432206],[72.82628228480206,19.049141938573275]]]}},{"type":"Feature","properties":{"layer":"DP_77","label":"Heritage building","confidence":"confirmed","HERITAGE_P":" ","GRADE":"III","VILLAGE":"BANDRA-E","VILLAGE_DI":"BANDRA-E","WARD":"H/W","REMARKS":" ","TYPE":"Heritage","CREATED_US":" ","LAST_EDITE":" ","OWNERSHIP":" ","USES":" ","MHCC_NOC":" ","DATE_":" ","NOC_FOR":" ","STRUCTURE":" ","FEATURE":" ","Q":"Y","HER_NUMBER_2":"94/115","HERITAGE_NAME":"SUMAN VIHAR"},"geometry":{"type":"Polygon","coordinates":[[[72.83588035026904,19.072479891783683],[72.83591130354,19.072685473851433],[72.83617124597927,19.072676649581773],[72.83616702310806,19.072450455698274],[72.83588035026904,19.072479891783683]]]}},{"type":"Feature","properties":{"layer":"DP_77","label":"Heritage building","confidence":"confirmed","HERITAGE_P":" ","GRADE":"IIA","VILLAGE":" ","VILLAGE_DI":" ","WARD":"A","REMARKS":" ","TYPE":" ","CREATED_US":" ","CREATED_DA":-2209161600000,"LAST_EDITE":" ","LAST_EDI_1":-2209161600000,"OWNERSHIP":" ","USES":" ","MHCC_NOC":" ","DATE_":" ","NOC_FOR":" ","STRUCTURE":" ","FEATURE":" ","Q":"Y","HER_NUMBER_2":"181/206(ii)","HERITAGE_NAME":"(ii) HOLY NAME SCHOOL"},"geometry":{"type":"Polygon","coordinates":[[[72.83086563020218,18.92336804066724],[72.83091525918026,18.923307072591392],[72.8308116308814,18.923234403302267],[72.83086563020218,18.92336804066724]]]}},{"type":"Feature","properties":{"layer":"DP_77","label":"Heritage building","confidence":"confirmed","HERITAGE_P":" ","GRADE":"IIB","VILLAGE":"MALABAR CUMBALA HILL","VILLAGE_DI":"MALABAR CUMBALA HILL","WARD":"D","REMARKS":" ","TYPE":" ","CREATED_US":" ","LAST_EDITE":" ","OWNERSHIP":" ","USES":" ","MHCC_NOC":" ","DATE_":" ","NOC_FOR":" ","STRUCTURE":" ","FEATURE":" ","Q":"Y","HER_NUMBER_2":"86/471","HERITAGE_NAME":"KHARE GHAT COLONY"},"geometry":{"type":"Polygon","coordinates":[[[72.80832379518262,18.96052632225881],[72.80872697880093,18.961123802962216],[72.80947721851723,18.959752646098337],[72.80934306630101,18.958969192974173],[72.80789346430277,18.959724164492798],[72.80807786506979,18.960595296509158],[72.80832379518262,18.96052632225881]]]}},{"type":"Feature","properties":{"layer":"DP_77","label":"Heritage building","confidence":"confirmed","HERITAGE_P":" ","GRADE":"III","VILLAGE":"MALABAR HILL","VILLAGE_DI":"MALABAR HILL","WARD":"D","REMARKS":" ","TYPE":"Heritage","CREATED_US":" ","LAST_EDITE":" ","OWNERSHIP":" ","USES":" ","MHCC_NOC":" ","DATE_":" ","NOC_FOR":" ","STRUCTURE":" ","FEATURE":" ","Q":"Y","HER_NUMBER_2":"7/364","HERITAGE_NAME":"SAIFEE MAHAL ( MANZIL)"},"geometry":{"type":"Polygon","coordinates":[[[72.79953903481882,18.953227201624944],[72.79934422547684,18.952890111789213],[72.79875121351711,18.953138194124996],[72.79886827874228,18.953475011371545],[72.79953903481882,18.953227201624944]]]}},{"type":"Feature","properties":{"layer":"DP_77","label":"Heritage building","confidence":"confirmed","HERITAGE_P":" ","GRADE":"IIB","VILLAGE":"MALABAR HILL","VILLAGE_DI":"MALABAR HILL","WARD":"D","REMARKS":" ","TYPE":"Heritage","CREATED_US":" ","LAST_EDITE":" ","OWNERSHIP":" ","USES":" ","MHCC_NOC":" ","DATE_":" ","NOC_FOR":" ","STRUCTURE":" ","FEATURE":" ","Q":"Y","HER_NUMBER_2":"29/394","HERITAGE_NAME":"PARSI GENERAL HOSPITAL"},"geometry":{"type":"Polygon","coordinates":[[[72.80605068954618,18.97017577817155],[72.80644092729749,18.969944582996842],[72.80639405427867,18.969575308376392],[72.80664796240569,18.969299245622857],[72.80611898103969,18.967751664535225],[72.80544546070018,18.967722360422687],[72.8046088989682,18.968454140912602],[72.80501295930108,18.96983918046749],[72.8057572336962,18.969834933371068],[72.80577336851651,18.970181657365494],[72.80605068954618,18.97017577817155]]]}},{"type":"Feature","properties":{"layer":"DP_77","label":"Heritage building","confidence":"confirmed","HERITAGE_P":" ","GRADE":"III","VILLAGE":"MAZAGAON","VILLAGE_DI":"MAZAGAON","WARD":"E","REMARKS":" ","TYPE":"Heritage","CREATED_US":" ","LAST_EDITE":" ","OWNERSHIP":" ","USES":" ","MHCC_NOC":" ","DATE_":" ","NOC_FOR":" ","STRUCTURE":" ","FEATURE":" ","Q":"Y","HER_NUMBER_2":"102/397","HERITAGE_NAME":"RUSTOM BAUG - ALI BUILDING"},"geometry":{"type":"Polygon","coordinates":[[[72.83849222454634,18.974962518128393],[72.83821359677222,18.97477059625548],[72.8382467648884,18.973853508472107],[72.8368081340431,18.973776168463726],[72.83668691560565,18.975724558296047],[72.837916150182,18.976045821266393],[72.83794678127698,18.975691171558584],[72.83847661798733,18.975713781804345],[72.83849222454634,18.974962518128393]]]}},{"type":"Feature","properties":{"layer":"DP_77","label":"Heritage building","confidence":"confirmed","HERITAGE_P":"CANTONMENT","GRADE":"IIB","VILLAGE":"COLABA","VILLAGE_DI":"COLABA","WARD":"A","REMARKS":" ","TYPE":"Heritage","CREATED_US":" ","LAST_EDITE":" ","OWNERSHIP":" ","USES":" ","MHCC_NOC":" ","DATE_":" ","NOC_FOR":" ","STRUCTURE":" ","FEATURE":" ","Q":"Y","HER_NUMBER_2":"9/9","HERITAGE_NAME":"CHAUDHARI HOUSE"},"geometry":{"type":"Polygon","coordinates":[[[72.81713370231735,18.90728526367626],[72.81745183181948,18.907003566956416],[72.81716024122433,18.90650729770194],[72.81678047164552,18.906662004040882],[72.81713370231735,18.90728526367626]]]}},{"type":"Feature","properties":{"layer":"DP_77","label":"Heritage building","confidence":"confirmed","HERITAGE_P":" ","GRADE":"III","VILLAGE":"BANDRA-C","VILLAGE_DI":"BANDRA-C","WARD":"H/W","REMARKS":" ","TYPE":"Heritage","CREATED_US":" ","LAST_EDITE":" ","OWNERSHIP":" ","USES":" ","MHCC_NOC":" ","DATE_":" ","NOC_FOR":" ","STRUCTURE":" ","FEATURE":" ","Q":"Y","HER_NUMBER_2":"51/66","HERITAGE_NAME":"BHUPATI TARU VILLA"},"geometry":{"type":"Polygon","coordinates":[[[72.82390116409563,19.057642184998286],[72.82380180517934,19.057725889031353],[72.82392662748822,19.057772551132167],[72.82390116409563,19.057642184998286]]]}},{"type":"Feature","properties":{"layer":"DP_77","label":"Heritage building","confidence":"confirmed","HERITAGE_P":" ","GRADE":"IIA","VILLAGE":" ","VILLAGE_DI":" ","WARD":"R","REMARKS":" ","TYPE":" ","CREATED_US":" ","CREATED_DA":-2209161600000,"LAST_EDITE":" ","LAST_EDI_1":-2209161600000,"OWNERSHIP":" ","USES":" ","MHCC_NOC":" ","DATE_":" ","NOC_FOR":" ","STRUCTURE":" ","FEATURE":" ","Q":"Y","HER_NUMBER_2":"181/229","HERITAGE_NAME":"VAIRALATALAV & CHURCH"},"geometry":{"type":"Polygon","coordinates":[[[72.78841321031723,19.250653168647855],[72.78867623567712,19.250844643996132],[72.78916848373225,19.250706208541263],[72.7893704846171,19.250986182787003],[72.78990957400468,19.250888851397644],[72.78971841168456,19.24998560565789],[72.78933229254541,19.24978159132441],[72.78816383961346,19.25002032217533],[72.78800238977834,19.25029452072268],[72.78841321031723,19.250653168647855]]]}},{"type":"Feature","properties":{"layer":"DP_77","label":"Heritage building","confidence":"confirmed","HERITAGE_P":"CANTONMENT","GRADE":"IIB","VILLAGE":"COLABA","VILLAGE_DI":"COLABA","WARD":"A","REMARKS":" ","TYPE":"Heritage","CREATED_US":" ","LAST_EDITE":" ","OWNERSHIP":" ","USES":" ","MHCC_NOC":" ","DATE_":" ","NOC_FOR":" ","STRUCTURE":" ","FEATURE":" ","Q":"Y","HER_NUMBER_2":"48/56","HERITAGE_NAME":"DOCKYARD HOUSE (MAUDE HOUSE)"},"geometry":{"type":"Polygon","coordinates":[[[72.81013027509127,18.902418053663656],[72.80971992547789,18.902667581806508],[72.80965829043089,18.903154033375923],[72.81042705372181,18.903251231309287],[72.8106003907879,18.90221204955387],[72.81018930800731,18.902143862664232],[72.81013027509127,18.902418053663656]]]}},{"type":"Feature","properties":{"layer":"DP_77","label":"Heritage building","confidence":"confirmed","HERITAGE_P":" ","GRADE":"III","VILLAGE":"MAHIM","VILLAGE_DI":"MAHIM","WARD":"G/N","REMARKS":" ","TYPE":"Heritage","CREATED_US":" ","LAST_EDITE":" ","OWNERSHIP":" ","USES":" ","MHCC_NOC":" ","DATE_":" ","NOC_FOR":" ","STRUCTURE":" ","FEATURE":" ","Q":"Y","HER_NUMBER_2":"17/540","HERITAGE_NAME":"GURUDWARA KHALSA SABHA"},"geometry":{"type":"Polygon","coordinates":[[[72.84053671825015,19.030907520695933],[72.84078704672545,19.03096445080937],[72.84076221500105,19.03068513898006],[72.84053671825015,19.030907520695933]]]}},{"type":"Feature","properties":{"layer":"DP_77","label":"Heritage building","confidence":"confirmed","HERITAGE_P":" ","GRADE":"III","VILLAGE":"MANDVI","VILLAGE_DI":"MANDVI","WARD":"B","REMARKS":" ","TYPE":"Heritage","CREATED_US":" ","LAST_EDITE":" ","OWNERSHIP":" ","USES":" ","MHCC_NOC":" ","DATE_":" ","NOC_FOR":" ","STRUCTURE":" ","FEATURE":" ","Q":"Y","HER_NUMBER_2":"40/123","HERITAGE_NAME":"336, SAMUEL STREET"},"geometry":{"type":"Polygon","coordinates":[[[72.83564902746554,18.950789165546148],[72.83577384953207,18.950778260280757],[72.83578772260861,18.950695905754284],[72.83564902746554,18.950789165546148]]]}},{"type":"Feature","properties":{"layer":"DP_77","label":"Heritage building","confidence":"confirmed","HERITAGE_P":" ","GRADE":"IIA","VILLAGE":"MATUNGA","VILLAGE_DI":"MATUNGA","WARD":"F/N","REMARKS":" ","TYPE":"Heritage","CREATED_US":" ","LAST_EDITE":" ","OWNERSHIP":" ","USES":" ","MHCC_NOC":" ","DATE_":" ","NOC_FOR":" ","STRUCTURE":" ","FEATURE":" ","Q":"Y","HER_NUMBER_2":"4/411","HERITAGE_NAME":"B.N. MAHESHWRI UDYAN"},"geometry":{"type":"Polygon","coordinates":[[[72.85537348526299,19.02734454323133],[72.85575415554467,19.027099087545203],[72.85578851769154,19.026753261635236],[72.85518745286838,19.02643627823616],[72.8548479481246,19.026872429265584],[72.85537348526299,19.02734454323133]]]}},{"type":"Feature","properties":{"layer":"DP_77","label":"Heritage building","confidence":"confirmed","HERITAGE_P":" ","GRADE":"IIA","VILLAGE":"MAHIM","VILLAGE_DI":"MAHIM","WARD":"G/N","REMARKS":" ","TYPE":"Heritage","CREATED_US":" ","LAST_EDITE":" ","OWNERSHIP":" ","USES":" ","MHCC_NOC":" ","DATE_":" ","NOC_FOR":" ","STRUCTURE":" ","FEATURE":" ","Q":"Y","HER_NUMBER_2":"20/546","HERITAGE_NAME":"KASHI VISHWESHWAR MANDIR"},"geometry":{"type":"Polygon","coordinates":[[[72.84237787528308,19.031192493679914],[72.84211907024537,19.031398800496802],[72.84242917903744,19.03140068248761],[72.84237787528308,19.031192493679914]]]}},{"type":"Feature","properties":{"layer":"DP_77","label":"Heritage building","confidence":"confirmed","HERITAGE_P":" ","GRADE":"IIB","VILLAGE":" ","VILLAGE_DI":" ","WARD":"N","REMARKS":" ","TYPE":" ","CREATED_US":" ","CREATED_DA":-2209161600000,"LAST_EDITE":" ","LAST_EDI_1":-2209161600000,"OWNERSHIP":" ","USES":" ","MHCC_NOC":" ","DATE_":" ","NOC_FOR":" ","STRUCTURE":" ","FEATURE":" ","Q":"Y","HER_NUMBER_2":"27/29","HERITAGE_NAME":"VIRESHWAR MAHADEV TEMPLE PRECINCT"},"geometry":{"type":"Polygon","coordinates":[[[72.90395025587448,19.077657572398795],[72.9044330886184,19.077643912807137],[72.90442250763179,19.077433359278064],[72.90395025587448,19.077657572398795]]]}},{"type":"Feature","properties":{"layer":"DP_77","label":"Heritage building","confidence":"confirmed","HERITAGE_P":" ","GRADE":"IIA","VILLAGE":"FORT","VILLAGE_DI":"FORT","WARD":"A","REMARKS":" ","TYPE":"Heritage","CREATED_US":" ","LAST_EDITE":" ","OWNERSHIP":" ","USES":" ","MHCC_NOC":" ","DATE_":" ","NOC_FOR":" ","STRUCTURE":" ","FEATURE":" ","Q":"Y","HER_NUMBER_2":"261/28","HERITAGE_NAME":"LIBERTY CINEMA"},"geometry":{"type":"Polygon","coordinates":[[[72.82702356845805,18.94125950527417],[72.82686485034391,18.94173781870595],[72.82722038885413,18.94193958415836],[72.82741591626865,18.941396195606494],[72.82702356845805,18.94125950527417]]]}},{"type":"Feature","properties":{"layer":"DP_77","label":"Heritage building","confidence":"confirmed","HERITAGE_P":" ","GRADE":"IIA","VILLAGE":"PAREL-SEWERI","VILLAGE_DI":"PAREL-SEWERI","WARD":"F/S","REMARKS":" ","TYPE":"Heritage","CREATED_US":" ","LAST_EDITE":" ","OWNERSHIP":" ","USES":" ","MHCC_NOC":" ","DATE_":" ","NOC_FOR":" ","STRUCTURE":" ","FEATURE":" ","Q":"Y","HER_NUMBER_2":"21/512","HERITAGE_NAME":"WELL, GANESH GULLY"},"geometry":{"type":"Polygon","coordinates":[[[72.83705749646573,18.99435083220792],[72.83722036547317,18.994204730538154],[72.83706367149041,18.994179617747125],[72.83705749646573,18.99435083220792]]]}},{"type":"Feature","properties":{"layer":"DP_77","label":"Heritage building","confidence":"confirmed","HERITAGE_P":" ","GRADE":"IIB","VILLAGE":"PAREL-SHIVEDI","VILLAGE_DI":"PAREL-SHIVEDI","WARD":"F/S","REMARKS":" ","TYPE":" ","CREATED_US":" ","LAST_EDITE":" ","OWNERSHIP":" ","USES":" ","MHCC_NOC":" ","DATE_":" ","NOC_FOR":" ","STRUCTURE":" ","FEATURE":" ","Q":"Y","HER_NUMBER_2":"1/538 & 2/539","HERITAGE_NAME":"HAFFKINE INSTITUTE & HAFFKINE INSTITUTE DIRECTOR'S RESIDENCE"},"geometry":{"type":"Polygon","coordinates":[[[72.84615000295543,19.000708962573846],[72.84358362206608,19.00216192495873],[72.84383012173191,19.004754799236135],[72.84415179504958,19.005050232233756],[72.8463859695488,19.00400521805627],[72.84697780864538,19.00250759403178],[72.84615000295543,19.000708962573846]]]}},{"type":"Feature","properties":{"layer":"DP_77","label":"Heritage building","confidence":"confirmed","HERITAGE_P":" ","GRADE":"IIA","VILLAGE":" ","VILLAGE_DI":" ","WARD":"F/N","REMARKS":"AS PER NEW AGIARY LIST AT SR. NO. 40","TYPE":" ","CREATED_US":" ","CREATED_DA":-2209161600000,"LAST_EDITE":" ","LAST_EDI_1":-2209161600000,"OWNERSHIP":" ","USES":" ","MHCC_NOC":" ","DATE_":" ","NOC_FOR":" ","STRUCTURE":" ","FEATURE":" ","Q":"Y","HER_NUMBER_2":" ","HERITAGE_NAME":"SETH RUSTAMJI NASERWANJI RUSTUMFARMNA AGIARY (ADARIAN)"},"geometry":{"type":"Polygon","coordinates":[[[72.85129187068692,19.01860578165563],[72.85189095345987,19.018646391268557],[72.85172369259426,19.01833888719296],[72.85129187068692,19.01860578165563]]]}},{"type":"Feature","properties":{"layer":"DP_77","label":"Heritage building","confidence":"confirmed","HERITAGE_P":" ","GRADE":"IIB","VILLAGE":"BANDRA-C","VILLAGE_DI":"BANDRA-C","WARD":"H/W","REMARKS":" ","TYPE":"Heritage","CREATED_US":" ","LAST_EDITE":" ","OWNERSHIP":" ","USES":" ","MHCC_NOC":" ","DATE_":" ","NOC_FOR":" ","STRUCTURE":" ","FEATURE":" ","Q":"Y","HER_NUMBER_2":"37/049","HERITAGE_NAME":"ST. ANDREWS HIGHSCHOOL"},"geometry":{"type":"Polygon","coordinates":[[[72.82777951096301,19.05695486002294],[72.82788107177699,19.0571457264969],[72.82817504038854,19.05702215874216],[72.82777951096301,19.05695486002294]]]}},{"type":"Feature","properties":{"layer":"DP_77","label":"Heritage building","confidence":"confirmed","HERITAGE_P":"CANTONMENT","GRADE":"III","VILLAGE":"COLABA","VILLAGE_DI":"COLABA","WARD":"A","REMARKS":" ","TYPE":"Heritage","CREATED_US":" ","LAST_EDITE":" ","OWNERSHIP":" ","USES":" ","MHCC_NOC":" ","DATE_":" ","NOC_FOR":" ","STRUCTURE":" ","FEATURE":" ","Q":"Y","HER_NUMBER_2":"57/65","HERITAGE_NAME":"METEROLOGICAL DEPTT. OFFICES."},"geometry":{"type":"Polygon","coordinates":[[[72.813235072674,18.897377204191756],[72.81344389616399,18.89769535342876],[72.81281085881588,18.898097969087317],[72.81301925542121,18.898517675732247],[72.81428578082699,18.897674275399137],[72.81389231196299,18.89710946379065],[72.813235072674,18.897377204191756]]]}},{"type":"Feature","properties":{"layer":"DP_77","label":"Heritage building","confidence":"confirmed","HERITAGE_P":" ","GRADE":"III","VILLAGE":"BANDRA-B","VILLAGE_DI":"BANDRA-B","WARD":"H/W","REMARKS":" ","TYPE":"Heritage","CREATED_US":" ","LAST_EDITE":" ","OWNERSHIP":" ","USES":" ","MHCC_NOC":" ","DATE_":" ","NOC_FOR":" ","STRUCTURE":" ","FEATURE":" ","Q":"Y","HER_NUMBER_2":"13/014","HERITAGE_NAME":"OLD VILLA"},"geometry":{"type":"Polygon","coordinates":[[[72.82462413027702,19.054186145796116],[72.82494019169111,19.0540150706858],[72.8246541729854,19.054034590111776],[72.82462413027702,19.054186145796116]]]}},{"type":"Feature","properties":{"layer":"DP_77","label":"Heritage building","confidence":"confirmed","HERITAGE_P":" ","GRADE":"III","VILLAGE":"BANDRA-H","VILLAGE_DI":"BANDRA-H","WARD":"H/W","REMARKS":" ","TYPE":"Heritage","CREATED_US":" ","LAST_EDITE":" ","OWNERSHIP":" ","USES":" ","MHCC_NOC":" ","DATE_":" ","NOC_FOR":" ","STRUCTURE":" ","FEATURE":" ","Q":"Y","HER_NUMBER_2":"113/135","HERITAGE_NAME":"NOOR MAULANA SHAH HUSSAINI MASQUE"},"geometry":{"type":"Polygon","coordinates":[[[72.83816610497601,19.079358641043456],[72.83829978438592,19.079174758163717],[72.8381491093322,19.079178822839026],[72.83816610497601,19.079358641043456]]]}},{"type":"Feature","properties":{"layer":"DP_77","label":"Heritage building","confidence":"confirmed","HERITAGE_P":" ","GRADE":"III","VILLAGE":"GIRGAUM","VILLAGE_DI":"GIRGAUM","WARD":"D","REMARKS":" ","TYPE":"Heritage","CREATED_US":" ","LAST_EDITE":" ","OWNERSHIP":" ","USES":" ","MHCC_NOC":" ","DATE_":" ","NOC_FOR":" ","STRUCTURE":" ","FEATURE":" ","Q":"Y","HER_NUMBER_2":"120/221","HERITAGE_NAME":"TARA MANSION"},"geometry":{"type":"Polygon","coordinates":[[[72.82101318898731,18.95945572862729],[72.82118903582668,18.959389616550823],[72.82109081575845,18.95918195139755],[72.82101318898731,18.95945572862729]]]}},{"type":"Feature","properties":{"layer":"DP_77","label":"Heritage building","confidence":"confirmed","HERITAGE_P":" ","GRADE":"III","VILLAGE":"BHULESHWAR","VILLAGE_DI":"BHULESHWAR","WARD":"C","REMARKS":" ","TYPE":"Heritage","CREATED_US":" ","LAST_EDITE":" ","OWNERSHIP":" ","USES":" ","MHCC_NOC":" ","DATE_":" ","NOC_FOR":" ","STRUCTURE":" ","FEATURE":" ","Q":"Y","HER_NUMBER_2":"59/198","HERITAGE_NAME":"BISHOPS TOWN"},"geometry":{"type":"Polygon","coordinates":[[[72.82713970664727,18.949701239749377],[72.8273088893658,18.94953651162329],[72.82678257957703,18.9495490430319],[72.82713970664727,18.949701239749377]]]}},{"type":"Feature","properties":{"layer":"DP_77","label":"Heritage building","confidence":"confirmed","HERITAGE_P":" ","GRADE":"III","VILLAGE":"BANDRA-B","VILLAGE_DI":"BANDRA-B","WARD":"H/W","REMARKS":" ","TYPE":"Heritage","CREATED_US":" ","LAST_EDITE":" ","OWNERSHIP":" ","USES":" ","MHCC_NOC":" ","DATE_":" ","NOC_FOR":" ","STRUCTURE":" ","FEATURE":" ","Q":"Y","HER_NUMBER_2":"4/004","HERITAGE_NAME":"CORONA"},"geometry":{"type":"Polygon","coordinates":[[[72.82626006719427,19.049074166234362],[72.82677187551757,19.048895149049702],[72.82649625414197,19.048717571142816],[72.82615325980397,19.048860021308794],[72.82626006719427,19.049074166234362]]]}},{"type":"Feature","properties":{"layer":"DP_77","label":"Heritage building","confidence":"confirmed","HERITAGE_P":" ","GRADE":"IIA","VILLAGE":"LOWER PAREL","VILLAGE_DI":"LOWER PAREL","WARD":"G/S","REMARKS":" ","TYPE":"Heritage","CREATED_US":" ","LAST_EDITE":" ","OWNERSHIP":" ","USES":" ","MHCC_NOC":" ","DATE_":" ","NOC_FOR":" ","STRUCTURE":" ","FEATURE":" ","Q":"Y","HER_NUMBER_2":"19/583","HERITAGE_NAME":"MAHATMA GANDHI MAIDAN (JAMBORI MAIDAN)"},"geometry":{"type":"Polygon","coordinates":[[[72.81903451773533,19.00206957549679],[72.81787305794215,19.002709305783082],[72.81857111027145,19.003923595582048],[72.81974829900109,19.003308215196153],[72.81903451773533,19.00206957549679]]]}},{"type":"Feature","properties":{"layer":"DP_77","label":"Heritage building","confidence":"confirmed","HERITAGE_P":" ","GRADE":"IIA","VILLAGE":" ","VILLAGE_DI":" ","WARD":"A","REMARKS":" ","TYPE":" ","CREATED_US":" ","CREATED_DA":-2209161600000,"LAST_EDITE":" ","LAST_EDI_1":-2209161600000,"OWNERSHIP":" ","USES":" ","MHCC_NOC":" ","DATE_":" ","NOC_FOR":" ","STRUCTURE":" ","FEATURE":" ","Q":"Y","HER_NUMBER_2":"2/2(xii) & (xiii)","HERITAGE_NAME":"NAVAL DOCKYARD (FROM  LION GATE TO OLD CUSTOM HOUSE WITH CLOCK TOWER OPP. GREAT WESTERN BUILDING) xii) BUILDING NO. 88, HOUSING CONTROLLER OF DEFERNCE ACCOUNTS & xiii) BUILDING NO.69, LOGISTIC OFFICE"},"geometry":{"type":"Polygon","coordinates":[[[72.83499668476078,18.928745720702207],[72.83509314415062,18.92859691741212],[72.83466425667388,18.928733025017667],[72.83499668476078,18.928745720702207]]]}},{"type":"Feature","properties":{"layer":"DP_77","label":"Heritage building","confidence":"confirmed","HERITAGE_P":" ","GRADE":"III","VILLAGE":"MANDVI","VILLAGE_DI":"MANDVI","WARD":"B","REMARKS":" ","TYPE":"Heritage","CREATED_US":" ","LAST_EDITE":" ","OWNERSHIP":" ","USES":" ","MHCC_NOC":" ","DATE_":" ","NOC_FOR":" ","STRUCTURE":" ","FEATURE":" ","Q":"Y","HER_NUMBER_2":"1/81","HERITAGE_NAME":"BARIA MANSION"},"geometry":{"type":"Polygon","coordinates":[[[72.83429323279091,18.948200064858607],[72.83415601549326,18.948033446624123],[72.83408244532697,18.94813638153499],[72.83429323279091,18.948200064858607]]]}},{"type":"Feature","properties":{"layer":"DP_77","label":"Heritage building","confidence":"confirmed","HERITAGE_P":"9999","GRADE":"IIB","VILLAGE":"MAZAGAON","VILLAGE_DI":"MAZAGAON","WARD":"E","REMARKS":" ","TYPE":"Heritage","CREATED_US":" ","LAST_EDITE":" ","OWNERSHIP":" ","USES":" ","MHCC_NOC":" ","DATE_":" ","NOC_FOR":" ","STRUCTURE":" ","FEATURE":" ","Q":"Y","HER_NUMBER_2":"530","HERITAGE_NAME":"VEERMATA JIJABAI BHOSALE UDYAN(VICTORIA GARDEN)CLOCK TOWER BHAU DAJI LAD MUSEUM"},"geometry":{"type":"Polygon","coordinates":[[[72.83930093374704,18.977435688202494],[72.83911051813138,18.976634951443213],[72.8389325201881,18.976619833192473],[72.83735944078512,18.97712879980707],[72.83705530800877,18.976802064619154],[72.83634224446119,18.977007585460413],[72.83642889289048,18.97734897976525],[72.83390524989112,18.977648858292174],[72.83436412094342,18.98024374861499],[72.83911736341666,18.980194242804746],[72.83907189806936,18.979644139464835],[72.83973971611864,18.97960680354729],[72.8395685030648,18.978389630499922],[72.83897798890574,18.978405950227],[72.83902890866004,18.97879825173487],[72.83878910835824,18.978825415840554],[72.8386413676711,18.977786023490406],[72.83930093374704,18.977435688202494]]]}},{"type":"Feature","properties":{"layer":"DP_77","label":"Heritage building","confidence":"confirmed","HERITAGE_P":"ESPLANDE","GRADE":"IIB","VILLAGE":"FORT","VILLAGE_DI":"FORT","WARD":"A","REMARKS":" ","TYPE":"Heritage","CREATED_US":" ","LAST_EDITE":" ","OWNERSHIP":" ","USES":" ","MHCC_NOC":" ","DATE_":" ","NOC_FOR":" ","STRUCTURE":" ","FEATURE":" ","Q":"Y","HER_NUMBER_2":"104/120","HERITAGE_NAME":"CAPITOL CINEMA"},"geometry":{"type":"Polygon","coordinates":[[[72.83414731145687,18.93909369663509],[72.83403170449395,18.93926091562675],[72.83452917400753,18.93950767095861],[72.8346244011783,18.93937301107121],[72.83414731145687,18.93909369663509]]]}},{"type":"Feature","properties":{"layer":"DP_77","label":"Heritage building","confidence":"confirmed","HERITAGE_P":" ","GRADE":"III","VILLAGE":"BANDRA-C","VILLAGE_DI":"BANDRA-C","WARD":"H/W","REMARKS":" ","TYPE":"Heritage","CREATED_US":" ","LAST_EDITE":" ","OWNERSHIP":" ","USES":" ","MHCC_NOC":" ","DATE_":" ","NOC_FOR":" ","STRUCTURE":" ","FEATURE":" ","Q":"Y","HER_NUMBER_2":"49/064","HERITAGE_NAME":"VIHERVIN"},"geometry":{"type":"Polygon","coordinates":[[[72.82405184436142,19.0592776947952],[72.82415139253051,19.059659389894705],[72.82433377044819,19.059620097748798],[72.82425964140225,19.05921417039508],[72.82405184436142,19.0592776947952]]]}},{"type":"Feature","properties":{"layer":"DP_77","label":"Heritage building","confidence":"confirmed","HERITAGE_P":" ","GRADE":"III","VILLAGE":" ","VILLAGE_DI":" ","WARD":"A","REMARKS":" ","TYPE":" ","CREATED_US":" ","CREATED_DA":-2209161600000,"LAST_EDITE":" ","LAST_EDI_1":-2209161600000,"OWNERSHIP":" ","USES":" ","MHCC_NOC":" ","DATE_":" ","NOC_FOR":" ","STRUCTURE":" ","FEATURE":" ","Q":"Y","HER_NUMBER_2":"173/198","HERITAGE_NAME":"PARK HOUSE"},"geometry":{"type":"Polygon","coordinates":[[[72.82426276816639,18.91456972881391],[72.8239718977033,18.914943171516892],[72.82409934733252,18.915041984407654],[72.82443502121319,18.914799639893914],[72.82426276816639,18.91456972881391]]]}},{"type":"Feature","properties":{"layer":"DP_77","label":"Heritage building","confidence":"confirmed","HERITAGE_P":" ","GRADE":"IIB","VILLAGE":"GHATKOPAR KIROL","VILLAGE_DI":"GHATKOPAR KIROL","WARD":"N","REMARKS":" ","TYPE":"Heritage","CREATED_US":" ","LAST_EDITE":" ","OWNERSHIP":" ","USES":" ","MHCC_NOC":" ","DATE_":" ","NOC_FOR":" ","STRUCTURE":" ","FEATURE":" ","Q":"Y","HER_NUMBER_2":"25/27","HERITAGE_NAME":"JEEVANDAS BHANJI BUNGALOW"},"geometry":{"type":"Polygon","coordinates":[[[72.903697949513,19.08404252349467],[72.90346005597144,19.08399681854167],[72.90342229417904,19.084346926186562],[72.90365077038444,19.08441696958196],[72.903697949513,19.08404252349467]]]}},{"type":"Feature","properties":{"layer":"DP_77","label":"Heritage building","confidence":"confirmed","HERITAGE_P":" ","GRADE":"IIB","VILLAGE":"MALABAR HILL","VILLAGE_DI":"MALABAR HILL","WARD":"D","REMARKS":" ","TYPE":"Heritage","CREATED_US":" ","LAST_EDITE":" ","OWNERSHIP":" ","USES":" ","MHCC_NOC":" ","DATE_":" ","NOC_FOR":" ","STRUCTURE":" ","FEATURE":" ","Q":"Y","HER_NUMBER_2":"40/410","HERITAGE_NAME":"MONTE ROZA"},"geometry":{"type":"Polygon","coordinates":[[[72.80433572858354,18.96206509492055],[72.80503132801974,18.962389020511598],[72.80519397452468,18.961787792775834],[72.80433572858354,18.96206509492055]]]}},{"type":"Feature","properties":{"layer":"DP_77","label":"Heritage building","confidence":"confirmed","HERITAGE_P":" ","GRADE":"III","VILLAGE":"MALAD-EAST","VILLAGE_DI":"MALAD-EAST","WARD":"P/N","REMARKS":" ","TYPE":" ","CREATED_US":" ","LAST_EDITE":" ","OWNERSHIP":" ","USES":" ","MHCC_NOC":" ","DATE_":" ","NOC_FOR":" ","STRUCTURE":" ","FEATURE":" ","Q":"Y","HER_NUMBER_2":"190/238","HERITAGE_NAME":"LADIYA HOUSE"},"geometry":{"type":"Polygon","coordinates":[[[72.84908773114837,19.184273191512002],[72.848782753652,19.184165838944242],[72.84882775502395,19.184928918317596],[72.8491506191187,19.184981988634856],[72.84908773114837,19.184273191512002]]]}},{"type":"Feature","properties":{"layer":"DP_77","label":"Heritage building","confidence":"confirmed","HERITAGE_P":" ","GRADE":"III","VILLAGE":"BYCULLA","VILLAGE_DI":"BYCULLA","WARD":"E","REMARKS":" ","TYPE":"Heritage","CREATED_US":" ","LAST_EDITE":" ","OWNERSHIP":" ","USES":" ","MHCC_NOC":" ","DATE_":" ","NOC_FOR":" ","STRUCTURE":" ","FEATURE":" ","Q":"Y","HER_NUMBER_2":"37/328","HERITAGE_NAME":"THE SALVASION ARMY PREMISES"},"geometry":{"type":"Polygon","coordinates":[[[72.82619364723593,18.9727207686206],[72.82669819512019,18.972887746692507],[72.8266456539406,18.97266615761259],[72.82619364723593,18.9727207686206]]]}},{"type":"Feature","properties":{"layer":"DP_77","label":"Heritage building","confidence":"confirmed","HERITAGE_P":" ","GRADE":"I","VILLAGE":"SION","VILLAGE_DI":"SION","WARD":"F/N","REMARKS":" ","TYPE":"Heritage","CREATED_US":" ","LAST_EDITE":" ","OWNERSHIP":" ","USES":" ","MHCC_NOC":" ","DATE_":" ","NOC_FOR":" ","STRUCTURE":" ","FEATURE":" ","Q":"Y","HER_NUMBER_2":"3/549","HERITAGE_NAME":"SION FORT"},"geometry":{"type":"Polygon","coordinates":[[[72.86775800745798,19.04498851161955],[72.86669710487112,19.0451367207247],[72.86657487252623,19.04549638456336],[72.86663209900749,19.046909532849956],[72.86745467868545,19.04759211421576],[72.86804800971444,19.04750265992448],[72.86867710381938,19.046831985792693],[72.86815139600297,19.045355944301217],[72.86775800745798,19.04498851161955]]]}},{"type":"Feature","properties":{"layer":"DP_77","label":"Heritage building","confidence":"confirmed","HERITAGE_P":" ","GRADE":"III","VILLAGE":"GIRGAUM","VILLAGE_DI":"GIRGAUM","WARD":"D","REMARKS":" ","TYPE":"Heritage","CREATED_US":" ","LAST_EDITE":" ","OWNERSHIP":" ","USES":" ","MHCC_NOC":" ","DATE_":" ","NOC_FOR":" ","STRUCTURE":" ","FEATURE":" ","Q":"Y","HER_NUMBER_2":"75/454","HERITAGE_NAME":"ZAVER MANSION"},"geometry":{"type":"Polygon","coordinates":[[[72.81467451542233,18.954792070938147],[72.81475851347892,18.955380386028075],[72.81489935300999,18.955002182069197],[72.81467451542233,18.954792070938147]]]}},{"type":"Feature","properties":{"layer":"DP_77","label":"Heritage building","confidence":"confirmed","HERITAGE_P":" ","GRADE":"III","VILLAGE":"MAZGAON","VILLAGE_DI":"MAZGAON","WARD":"E","REMARKS":" ","TYPE":" ","CREATED_US":" ","LAST_EDITE":" ","OWNERSHIP":" ","USES":" ","MHCC_NOC":" ","DATE_":" ","NOC_FOR":" ","STRUCTURE":" ","FEATURE":" ","Q":"Y","HER_NUMBER_2":"65/356","HERITAGE_NAME":"MANKESHWAR TEMPLE"},"geometry":{"type":"Polygon","coordinates":[[[72.83297166477105,18.97234478478431],[72.83334165051677,18.97269336817287],[72.83352249285998,18.972269507689457],[72.83301857395,18.972083316674798],[72.83297166477105,18.97234478478431]]]}},{"type":"Feature","properties":{"layer":"DP_77","label":"Heritage building","confidence":"confirmed","HERITAGE_P":" ","GRADE":"IIB","VILLAGE":"BHULESHWAR","VILLAGE_DI":"BHULESHWAR","WARD":"C","REMARKS":" ","TYPE":"Heritage","CREATED_US":" ","LAST_EDITE":" ","OWNERSHIP":" ","USES":" ","MHCC_NOC":" ","DATE_":" ","NOC_FOR":" ","STRUCTURE":" ","FEATURE":" ","Q":"Y","HER_NUMBER_2":"289","HERITAGE_NAME":"SHREE DIGAMBER JAIN TEMPLE"},"geometry":{"type":"Polygon","coordinates":[[[72.82720963479123,18.953573719528208],[72.82733254268841,18.953515650442053],[72.82709233193893,18.953222195616767],[72.82720963479123,18.953573719528208]]]}},{"type":"Feature","properties":{"layer":"DP_77","label":"Heritage building","confidence":"confirmed","HERITAGE_P":" ","GRADE":"III","VILLAGE":"BANDRA-I","VILLAGE_DI":"BANDRA-I","WARD":"H/E","REMARKS":" ","TYPE":" ","CREATED_US":" ","LAST_EDITE":" ","OWNERSHIP":" ","USES":" ","MHCC_NOC":" ","DATE_":" ","NOC_FOR":" ","STRUCTURE":" ","FEATURE":" ","Q":"Y","HER_NUMBER_2":"211/266 &212/67","HERITAGE_NAME":"SANTACRUZ RAILWAY STAFF QUARTER NO 9E & 12E"},"geometry":{"type":"Polygon","coordinates":[[[72.84220107976499,19.081659571418253],[72.84186690261242,19.081229529789837],[72.84199212566858,19.08259784619114],[72.84224029883508,19.082560782026036],[72.84206609059642,19.082064191629783],[72.84220107976499,19.081659571418253]]]}},{"type":"Feature","properties":{"layer":"DP_77","label":"Heritage building","confidence":"confirmed","HERITAGE_P":" ","GRADE":"IIA","VILLAGE":"FORT","VILLAGE_DI":"FORT","WARD":"A","REMARKS":" ","TYPE":"Heritage","CREATED_US":" ","LAST_EDITE":" ","OWNERSHIP":" ","USES":" ","MHCC_NOC":" ","DATE_":" ","NOC_FOR":" ","STRUCTURE":" ","FEATURE":" ","Q":"Y","HER_NUMBER_2":"295/65","HERITAGE_NAME":"276, LAWRENCE & MAYO BUILDING"},"geometry":{"type":"Polygon","coordinates":[[[72.83269371228832,18.93524234713091],[72.83275752042607,18.935389737236118],[72.83304370100345,18.93519978428129],[72.83269371228832,18.93524234713091]]]}},{"type":"Feature","properties":{"layer":"DP_77","label":"Heritage building","confidence":"confirmed","HERITAGE_P":" ","GRADE":"IIA","VILLAGE":"BHULESHWAR","VILLAGE_DI":"BHULESHWAR","WARD":"C","REMARKS":" ","TYPE":"Heritage","CREATED_US":" ","LAST_EDITE":" ","OWNERSHIP":" ","USES":" ","MHCC_NOC":" ","DATE_":" ","NOC_FOR":" ","STRUCTURE":" ","FEATURE":" ","Q":"Y","HER_NUMBER_2":"348","HERITAGE_NAME":"SURYANARAYAN TEMPLE"},"geometry":{"type":"Polygon","coordinates":[[[72.82894857589463,18.955396753325335],[72.82893765785352,18.95514390745582],[72.8286699836284,18.955382997531487],[72.82894857589463,18.955396753325335]]]}},{"type":"Feature","properties":{"layer":"DP_77","label":"Heritage building","confidence":"confirmed","HERITAGE_P":" ","GRADE":"IIB","VILLAGE":"BHULESHWAR","VILLAGE_DI":"BHULESHWAR","WARD":"C","REMARKS":" ","TYPE":"Heritage","CREATED_US":" ","LAST_EDITE":" ","OWNERSHIP":" ","USES":" ","MHCC_NOC":" ","DATE_":" ","NOC_FOR":" ","STRUCTURE":" ","FEATURE":" ","Q":"Y","HER_NUMBER_2":"44/188","HERITAGE_NAME":"MULJI JETHA BUILDING"},"geometry":{"type":"Polygon","coordinates":[[[72.82727768659606,18.94899064523014],[72.8272803519624,18.94912475871136],[72.82739470583958,18.94904178554522],[72.82727768659606,18.94899064523014]]]}},{"type":"Feature","properties":{"layer":"DP_77","label":"Heritage building","confidence":"confirmed","HERITAGE_P":"BALLARD PIER","GRADE":"IIA","VILLAGE":"FORT","VILLAGE_DI":"FORT","WARD":"A","REMARKS":" ","TYPE":"Heritage","CREATED_US":" ","LAST_EDITE":" ","OWNERSHIP":" ","USES":" ","MHCC_NOC":" ","DATE_":" ","NOC_FOR":" ","STRUCTURE":" ","FEATURE":" ","Q":"Y","HER_NUMBER_2":"190/216(a)","HERITAGE_NAME":"a) CONTRACTOR BUILDING"},"geometry":{"type":"Polygon","coordinates":[[[72.83958800456105,18.9366207432561],[72.83981368003397,18.93657084282319],[72.83961730029576,18.936271762433616],[72.83958800456105,18.9366207432561]]]}},{"type":"Feature","properties":{"layer":"DP_77","label":"Heritage building","confidence":"confirmed","HERITAGE_P":" ","GRADE":"III","VILLAGE":"BANDRA-B","VILLAGE_DI":"BANDRA-B","WARD":"H/W","REMARKS":" ","TYPE":"Heritage","CREATED_US":" ","LAST_EDITE":" ","OWNERSHIP":" ","USES":" ","MHCC_NOC":" ","DATE_":" ","NOC_FOR":" ","STRUCTURE":" ","FEATURE":" ","Q":"Y","HER_NUMBER_2":"3/003","HERITAGE_NAME":"MARINE MENSION"},"geometry":{"type":"Polygon","coordinates":[[[72.82072414637989,19.048791527819922],[72.82083278176748,19.048961656402263],[72.82117301341536,19.04884565176527],[72.8211108052562,19.048652268344963],[72.82072414637989,19.048791527819922]]]}},{"type":"Feature","properties":{"layer":"DP_77","label":"Heritage building","confidence":"confirmed","HERITAGE_P":" ","GRADE":"IIB","VILLAGE":"TARDEO","VILLAGE_DI":"TARDEO","WARD":"D","REMARKS":" ","TYPE":"Heritage","CREATED_US":" ","LAST_EDITE":" ","OWNERSHIP":" ","USES":" ","MHCC_NOC":" ","DATE_":" ","NOC_FOR":" ","STRUCTURE":" ","FEATURE":" ","Q":"Y","HER_NUMBER_2":"55/430","HERITAGE_NAME":"WILLINGDON SPORTS CLUB"},"geometry":{"type":"Polygon","coordinates":[[[72.81307423413901,18.978135354761953],[72.81876311152008,18.979262678569572],[72.81821680572345,18.974913960331097],[72.81537416505289,18.974455597607687],[72.8167969947746,18.972906902816735],[72.8162837342955,18.972984793387287],[72.81615419072025,18.973290055217888],[72.8153988569644,18.97337843859035],[72.81474853003805,18.974927990068156],[72.81434089916344,18.974826103978504],[72.81358155656875,18.976360010889188],[72.8131746577429,18.97622651152627],[72.81303113457598,18.97639291955647],[72.81250154582742,18.977152068294714],[72.81257271412511,18.977553240562827],[72.8122862829781,18.977959334839113],[72.81307423413901,18.978135354761953]]]}},{"type":"Feature","properties":{"layer":"DP_77","label":"Heritage building","confidence":"confirmed","HERITAGE_P":" ","GRADE":"III","VILLAGE":"BANDRA-E","VILLAGE_DI":"BANDRA-E","WARD":"H/W","REMARKS":" ","TYPE":"Heritage","CREATED_US":" ","LAST_EDITE":" ","OWNERSHIP":" ","USES":" ","MHCC_NOC":" ","DATE_":" ","NOC_FOR":" ","STRUCTURE":" ","FEATURE":" ","Q":"Y","HER_NUMBER_2":"100/121","HERITAGE_NAME":"VILLA LINDA"},"geometry":{"type":"Polygon","coordinates":[[[72.83891396438916,19.074979631835077],[72.83908616158195,19.074967979209145],[72.83908032027246,19.07478651956609],[72.83891396438916,19.074979631835077]]]}},{"type":"Feature","properties":{"layer":"DP_77","label":"Heritage building","confidence":"confirmed","HERITAGE_P":" ","GRADE":"IIB & III","VILLAGE":"DADAR-NAIGAON","VILLAGE_DI":"DADAR-NAIGAON","WARD":"F/S","REMARKS":" ","TYPE":"Heritage","CREATED_US":" ","LAST_EDITE":" ","OWNERSHIP":" ","USES":" ","MHCC_NOC":" ","DATE_":" ","NOC_FOR":" ","STRUCTURE":" ","FEATURE":" ","Q":"Y","HER_NUMBER_2":"7/483 & 24/518","HERITAGE_NAME":"MOHAMMED LATIF SUNNI MASJID & SUNNI MASJID DARGAH COMPLEX"},"geometry":{"type":"Polygon","coordinates":[[[72.84312980750543,19.015299020997514],[72.84305227868411,19.015498299139804],[72.84397150087653,19.015073978213508],[72.84388602388805,19.01492817125148],[72.84312980750543,19.015299020997514]]]}},{"type":"Feature","properties":{"layer":"DP_77","label":"Heritage building","confidence":"confirmed","HERITAGE_P":" ","GRADE":"IIA","VILLAGE":"BANDRA-F","VILLAGE_DI":"BANDRA-F","WARD":"H/W","REMARKS":" ","TYPE":"Heritage","CREATED_US":" ","LAST_EDITE":" ","OWNERSHIP":" ","USES":" ","MHCC_NOC":" ","DATE_":" ","NOC_FOR":" ","STRUCTURE":" ","FEATURE":" ","Q":"Y","HER_NUMBER_2":"17/024","HERITAGE_NAME":"BANDRA TALAV"},"geometry":{"type":"Polygon","coordinates":[[[72.83689382022978,19.05655608880898],[72.83677210668863,19.057239337973165],[72.83835266651394,19.057753421511514],[72.83864239776018,19.057163127097866],[72.83856170362833,19.05680164962731],[72.83760504748612,19.05558542769645],[72.83689382022978,19.05655608880898]]]}},{"type":"Feature","properties":{"layer":"DP_77","label":"Heritage building","confidence":"confirmed","HERITAGE_P":" ","GRADE":"IIB","VILLAGE":"BANDRA-B","VILLAGE_DI":"BANDRA-B","WARD":"H/W","REMARKS":" ","TYPE":"Heritage","CREATED_US":" ","LAST_EDITE":" ","OWNERSHIP":" ","USES":" ","MHCC_NOC":" ","DATE_":" ","NOC_FOR":" ","STRUCTURE":" ","FEATURE":" ","Q":"Y","HER_NUMBER_2":"2/002","HERITAGE_NAME":"DUBASH MENSION"},"geometry":{"type":"Polygon","coordinates":[[[72.82183825046117,19.048196177111848],[72.82229731610187,19.048149130312268],[72.82223145432566,19.047820980280594],[72.82167528710522,19.047949849362578],[72.82161977324242,19.048308182992347],[72.82183825046117,19.048196177111848]]]}},{"type":"Feature","properties":{"layer":"DP_77","label":"Heritage building","confidence":"confirmed","HERITAGE_P":" ","GRADE":"IIA","VILLAGE":"PAREL-SEWERI","VILLAGE_DI":"PAREL-SEWERI","WARD":"F/S","REMARKS":" ","TYPE":"Heritage","CREATED_US":" ","LAST_EDITE":" ","OWNERSHIP":" ","USES":" ","MHCC_NOC":" ","DATE_":" ","NOC_FOR":" ","STRUCTURE":" ","FEATURE":" ","Q":"Y","HER_NUMBER_2":"16/493","HERITAGE_NAME":"RAILWAY GROUND"},"geometry":{"type":"Polygon","coordinates":[[[72.83743879943486,18.999208375923992],[72.8366261072973,18.999366827706304],[72.83692933249056,19.000403706959833],[72.83772235416441,19.000383842385368],[72.83743879943486,18.999208375923992]]]}},{"type":"Feature","properties":{"layer":"DP_77","label":"Heritage building","confidence":"confirmed","HERITAGE_P":" ","GRADE":"III","VILLAGE":"MALAD W","VILLAGE_DI":"MALAD W","WARD":"P/N","REMARKS":" ","TYPE":"Heritage","CREATED_US":" ","LAST_EDITE":" ","OWNERSHIP":" ","USES":" ","MHCC_NOC":" ","DATE_":" ","NOC_FOR":" ","STRUCTURE":" ","FEATURE":" ","Q":"Y","HER_NUMBER_2":"149/187","HERITAGE_NAME":"PATEL BUNGALOW"},"geometry":{"type":"Polygon","coordinates":[[[72.84981177271604,19.194905700528857],[72.84963912373135,19.194919028080328],[72.84965037320754,19.195276891112734],[72.84995635747602,19.19514178257614],[72.84981177271604,19.194905700528857]]]}},{"type":"Feature","properties":{"layer":"DP_77","label":"Heritage building","confidence":"confirmed","HERITAGE_P":" ","GRADE":"III","VILLAGE":"MANDVI","VILLAGE_DI":"MANDVI","WARD":"B","REMARKS":" ","TYPE":"Heritage","CREATED_US":" ","LAST_EDITE":" ","OWNERSHIP":" ","USES":" ","MHCC_NOC":" ","DATE_":" ","NOC_FOR":" ","STRUCTURE":" ","FEATURE":" ","Q":"Y","HER_NUMBER_2":"B-9","HERITAGE_NAME":"SHRI SHANTINATH JAIN TEMPLE TRUST BLDG."},"geometry":{"type":"Polygon","coordinates":[[[72.8322887614976,18.954570186226725],[72.83272974304226,18.954872673146774],[72.8328142638178,18.954679005659727],[72.8322887614976,18.954570186226725]]]}},{"type":"Feature","properties":{"layer":"DP_77","label":"Heritage building","confidence":"confirmed","HERITAGE_P":" ","GRADE":"III","VILLAGE":"BYCULLA","VILLAGE_DI":"BYCULLA","WARD":"E","REMARKS":" ","TYPE":"Heritage","CREATED_US":" ","LAST_EDITE":" ","OWNERSHIP":" ","USES":" ","MHCC_NOC":" ","DATE_":" ","NOC_FOR":" ","STRUCTURE":" ","FEATURE":" ","Q":"Y","HER_NUMBER_2":"26/318","HERITAGE_NAME":"JILKAR BAUG"},"geometry":{"type":"Polygon","coordinates":[[[72.8269535739487,18.96512997147444],[72.827117083567,18.965070795404223],[72.82708123004838,18.96499595009243],[72.8269535739487,18.96512997147444]]]}},{"type":"Feature","properties":{"layer":"DP_77","label":"Heritage building","confidence":"confirmed","HERITAGE_P":"ESPLANDE","GRADE":"IIB","VILLAGE":"FORT","VILLAGE_DI":"FORT","WARD":"A","REMARKS":" ","TYPE":"Heritage","CREATED_US":" ","LAST_EDITE":" ","OWNERSHIP":" ","USES":" ","MHCC_NOC":" ","DATE_":" ","NOC_FOR":" ","STRUCTURE":" ","FEATURE":" ","Q":"Y","HER_NUMBER_2":"188/214","HERITAGE_NAME":" PARSI LYING IN HOSPITAL"},"geometry":{"type":"Polygon","coordinates":[[[72.8322352176633,18.935508848371274],[72.83238019447367,18.93584415149703],[72.83269211989732,18.935756140460093],[72.83264355548148,18.93541367414805],[72.8322352176633,18.935508848371274]]]}},{"type":"Feature","properties":{"layer":"DP_77","label":"Heritage building","confidence":"confirmed","HERITAGE_P":" ","GRADE":"III","VILLAGE":"MALABAR HILL","VILLAGE_DI":"MALABAR HILL","WARD":"D","REMARKS":" ","TYPE":"Heritage","CREATED_US":" ","LAST_EDITE":" ","OWNERSHIP":" ","USES":" ","MHCC_NOC":" ","DATE_":" ","NOC_FOR":" ","STRUCTURE":" ","FEATURE":" ","Q":"Y","HER_NUMBER_2":"144/254","HERITAGE_NAME":"RANJITH VILLA"},"geometry":{"type":"Polygon","coordinates":[[[72.80720010443918,18.957065483251636],[72.80734586981328,18.956849477921544],[72.80701696050653,18.95691107420728],[72.80720010443918,18.957065483251636]]]}},{"type":"Feature","properties":{"layer":"DP_77","label":"Heritage building","confidence":"confirmed","HERITAGE_P":"B M C","GRADE":"IIA","VILLAGE":"FORT","VILLAGE_DI":"FORT","WARD":"A","REMARKS":" ","TYPE":"Heritage","CREATED_US":" ","LAST_EDITE":" ","OWNERSHIP":" ","USES":" ","MHCC_NOC":" ","DATE_":" ","NOC_FOR":" ","STRUCTURE":" ","FEATURE":" ","Q":"Y","HER_NUMBER_2":"140/160","HERITAGE_NAME":" ST. XAVIER'S COLLEGE"},"geometry":{"type":"Polygon","coordinates":[[[72.8320809220093,18.94378256435987],[72.83244790276282,18.9435310674876],[72.83225499720677,18.943144631912052],[72.8319353138414,18.943145295273673],[72.8313944151185,18.942358080980984],[72.83097593154532,18.94264745400726],[72.83157093408111,18.943638785921728],[72.83189387478009,18.943886562387753],[72.8320809220093,18.94378256435987]]]}},{"type":"Feature","properties":{"layer":"DP_77","label":"Heritage building","confidence":"confirmed","HERITAGE_P":"FOUNTAIN","GRADE":"IIA","VILLAGE":"FORT","VILLAGE_DI":"FORT","WARD":"A","REMARKS":"ALSO LISTED IN NEW AGIARY LIST AT SR NO 8","TYPE":"Heritage","CREATED_US":" ","LAST_EDITE":" ","OWNERSHIP":" ","USES":" ","MHCC_NOC":" ","DATE_":" ","NOC_FOR":" ","STRUCTURE":" ","FEATURE":" ","Q":"Y","HER_NUMBER_2":"93/109","HERITAGE_NAME":"ARDHESHIR DADIBHOY DADISETH AGIARY"},"geometry":{"type":"Polygon","coordinates":[[[72.83264226663754,18.933438179079186],[72.83239759756509,18.933626073231157],[72.83268714987234,18.93359521072911],[72.83264226663754,18.933438179079186]]]}},{"type":"Feature","properties":{"layer":"DP_77","label":"Heritage building","confidence":"confirmed","HERITAGE_P":" ","GRADE":"III","VILLAGE":"TARDEO","VILLAGE_DI":"TARDEO","WARD":"D","REMARKS":" ","TYPE":"Heritage","CREATED_US":" ","LAST_EDITE":" ","OWNERSHIP":" ","USES":" ","MHCC_NOC":" ","DATE_":" ","NOC_FOR":" ","STRUCTURE":" ","FEATURE":" ","Q":"Y","HER_NUMBER_2":"130/234","HERITAGE_NAME":"KARIM BUILDING"},"geometry":{"type":"Polygon","coordinates":[[[72.82130321718347,18.96225648345634],[72.82148700612703,18.962264787186964],[72.82147587551853,18.96198553016315],[72.82128915309161,18.96198828028487],[72.82130321718347,18.96225648345634]]]}},{"type":"Feature","properties":{"layer":"DP_77","label":"Heritage building","confidence":"confirmed","HERITAGE_P":" ","GRADE":"III","VILLAGE":"VILE PARLE","VILLAGE_DI":"VILE PARLE","WARD":"K/W","REMARKS":" ","TYPE":"Heritage","CREATED_US":" ","LAST_EDITE":" ","OWNERSHIP":" ","USES":" ","MHCC_NOC":" ","DATE_":" ","NOC_FOR":" ","STRUCTURE":" ","FEATURE":" ","Q":"Y","HER_NUMBER_2":"121/151","HERITAGE_NAME":"Nirant"},"geometry":{"type":"Polygon","coordinates":[[[72.8395887849892,19.100042615121307],[72.84015085093036,19.10004949992663],[72.84015347895104,19.099852695236248],[72.83955799127342,19.099816160207865],[72.8395887849892,19.100042615121307]]]}},{"type":"Feature","properties":{"layer":"DP_77","label":"Heritage building","confidence":"confirmed","HERITAGE_P":" ","GRADE":"III","VILLAGE":"KURLA - 1","VILLAGE_DI":"KURLA - 1","WARD":"L","REMARKS":" ","TYPE":"Heritage","CREATED_US":" ","LAST_EDITE":" ","OWNERSHIP":" ","USES":" ","MHCC_NOC":" ","DATE_":" ","NOC_FOR":" ","STRUCTURE":" ","FEATURE":" ","Q":"Y","HER_NUMBER_2":"54/57","HERITAGE_NAME":"CELESTINO VILLA"},"geometry":{"type":"Polygon","coordinates":[[[72.88005997185802,19.078587347104765],[72.88012459899026,19.078086041524518],[72.87993809930717,19.07808897789219],[72.8797608299531,19.07842104671437],[72.88005997185802,19.078587347104765]]]}},{"type":"Feature","properties":{"layer":"DP_77","label":"Heritage building","confidence":"confirmed","HERITAGE_P":" ","GRADE":"III","VILLAGE":"VILE PARLE","VILLAGE_DI":"VILE PARLE","WARD":"K/W","REMARKS":" ","TYPE":"Heritage","CREATED_US":" ","LAST_EDITE":" ","OWNERSHIP":" ","USES":" ","MHCC_NOC":" ","DATE_":" ","NOC_FOR":" ","STRUCTURE":" ","FEATURE":" ","Q":"Y","HER_NUMBER_2":"131/162","HERITAGE_NAME":"Jyoti Niwas"},"geometry":{"type":"Polygon","coordinates":[[[72.84119877406715,19.11052985992153],[72.84124969213704,19.110684377460828],[72.8419851008662,19.11051569333168],[72.84166033283825,19.110328176791125],[72.84119877406715,19.11052985992153]]]}},{"type":"Feature","properties":{"layer":"DP_77","label":"Heritage building","confidence":"confirmed","HERITAGE_P":"HORNIMAN CIRCLE","GRADE":"III","VILLAGE":"FORT","VILLAGE_DI":"FORT","WARD":"A","REMARKS":" ","TYPE":"Heritage","CREATED_US":" ","LAST_EDITE":" ","OWNERSHIP":" ","USES":" ","MHCC_NOC":" ","DATE_":" ","NOC_FOR":" ","STRUCTURE":" ","FEATURE":" ","Q":"Y","HER_NUMBER_2":"202/229","HERITAGE_NAME":"FOMA FLAG, OFFICER, MAHARASTRA AREA (HEAD QUARTERS-WESTERN NAVAL COMMAND)"},"geometry":{"type":"Polygon","coordinates":[[[72.83661353090434,18.933822196021406],[72.8368709657132,18.933959540963407],[72.8367991276124,18.933716575284844],[72.83661353090434,18.933822196021406]]]}},{"type":"Feature","properties":{"layer":"DP_77","label":"Heritage building","confidence":"confirmed","HERITAGE_P":" ","GRADE":"III","VILLAGE":"MATUNGA","VILLAGE_DI":"MATUNGA","WARD":"F/N","REMARKS":" ","TYPE":"Heritage","CREATED_US":" ","LAST_EDITE":" ","OWNERSHIP":" ","USES":" ","MHCC_NOC":" ","DATE_":" ","NOC_FOR":" ","STRUCTURE":" ","FEATURE":" ","Q":"Y","HER_NUMBER_2":"31/460","HERITAGE_NAME":"602-b, DEDIA HOUSE"},"geometry":{"type":"Polygon","coordinates":[[[72.85108958612715,19.021802510988095],[72.85131320703645,19.021663175071215],[72.85116097664567,19.021461311055795],[72.85095245455233,19.02159583823672],[72.85108958612715,19.021802510988095]]]}},{"type":"Feature","properties":{"layer":"DP_77","label":"Heritage building","confidence":"confirmed","HERITAGE_P":" ","GRADE":"I","VILLAGE":" ","VILLAGE_DI":" ","WARD":"D","REMARKS":"CHE/33410/DP DT.23.02.2017","TYPE":" ","CREATED_US":" ","CREATED_DA":-2209161600000,"LAST_EDITE":" ","LAST_EDI_1":-2209161600000,"OWNERSHIP":" ","USES":" ","MHCC_NOC":" ","DATE_":" ","NOC_FOR":" ","STRUCTURE":" ","FEATURE":" ","Q":"Y","HER_NUMBER_2":"21/384","HERITAGE_NAME":"BANGANGA PRECINCT (TEMPLES & TANK)"},"geometry":{"type":"Polygon","coordinates":[[[72.79431471515457,18.945309472369498],[72.79398363949939,18.944332065672587],[72.79372789234613,18.944185368752315],[72.79326096037109,18.944847719329218],[72.79343164244703,18.945035397008734],[72.79293482552151,18.945473796898362],[72.79329199528517,18.94576556076361],[72.79309960428238,18.9459335656642],[72.79339775258725,18.946428917345916],[72.79437126832505,18.9463366354322],[72.79431471515457,18.945309472369498]]]}},{"type":"Feature","properties":{"layer":"DP_77","label":"Heritage building","confidence":"confirmed","HERITAGE_P":"OLD CUFFE PARADE","GRADE":"IIB","VILLAGE":"COLABA","VILLAGE_DI":"COLABA","WARD":"A","REMARKS":" ","TYPE":"Heritage","CREATED_US":" ","LAST_EDITE":" ","OWNERSHIP":" ","USES":" ","MHCC_NOC":" ","DATE_":" ","NOC_FOR":" ","STRUCTURE":" ","FEATURE":" ","Q":"Y","HER_NUMBER_2":"16/18","HERITAGE_NAME":"BOMBAY BAPTIST CHURCH"},"geometry":{"type":"Polygon","coordinates":[[[72.82067746560172,18.91051951621658],[72.82048114868596,18.910664331594987],[72.82069060785064,18.91090338507879],[72.82067746560172,18.91051951621658]]]}},{"type":"Feature","properties":{"layer":"DP_77","label":"Heritage building","confidence":"confirmed","HERITAGE_P":" ","GRADE":"IIA","VILLAGE":"FORT","VILLAGE_DI":"FORT","WARD":"A","REMARKS":" ","TYPE":"Heritage","CREATED_US":" ","LAST_EDITE":" ","OWNERSHIP":" ","USES":" ","MHCC_NOC":" ","DATE_":" ","NOC_FOR":" ","STRUCTURE":" ","FEATURE":" ","Q":"Y","HER_NUMBER_2":"288/58","HERITAGE_NAME":"210, TAJ BUILDING"},"geometry":{"type":"Polygon","coordinates":[[[72.83356181471514,18.936885750970628],[72.83345367312515,18.937118121553304],[72.83388811493344,18.93698309536164],[72.83356181471514,18.936885750970628]]]}},{"type":"Feature","properties":{"layer":"DP_77","label":"Heritage building","confidence":"confirmed","HERITAGE_P":"FOUNTAIN","GRADE":"IIB","VILLAGE":"FORT","VILLAGE_DI":"FORT","WARD":"A","REMARKS":" ","TYPE":"Heritage","CREATED_US":" ","LAST_EDITE":" ","OWNERSHIP":" ","USES":" ","MHCC_NOC":" ","DATE_":" ","NOC_FOR":" ","STRUCTURE":" ","FEATURE":" ","Q":"Y","HER_NUMBER_2":"150/170","HERITAGE_NAME":"N.M.WADIA BLDG."},"geometry":{"type":"Polygon","coordinates":[[[72.83166656859045,18.92922435978239],[72.83150579526894,18.929348378836718],[72.83200567252891,18.929290595742977],[72.83166656859045,18.92922435978239]]]}},{"type":"Feature","properties":{"layer":"DP_77","label":"Heritage building","confidence":"confirmed","HERITAGE_P":" ","GRADE":"IIA","VILLAGE":"BHULESHWAR","VILLAGE_DI":"BHULESHWAR","WARD":"C","REMARKS":" ","TYPE":"Heritage","CREATED_US":" ","LAST_EDITE":" ","OWNERSHIP":" ","USES":" ","MHCC_NOC":" ","DATE_":" ","NOC_FOR":" ","STRUCTURE":" ","FEATURE":" ","Q":"Y","HER_NUMBER_2":"16/155","HERITAGE_NAME":"S. K. PATIL UDYAN"},"geometry":{"type":"Polygon","coordinates":[[[72.82251674837705,18.949722179814948],[72.82294904253435,18.949314941134375],[72.82214226345437,18.948729678448473],[72.82134755961906,18.949512993467536],[72.82189261291127,18.949981957384395],[72.82251674837705,18.949722179814948]]]}},{"type":"Feature","properties":{"layer":"DP_77","label":"Heritage building","confidence":"confirmed","HERITAGE_P":" ","GRADE":" ","VILLAGE":" ","VILLAGE_DI":" ","WARD":"E","REMARKS":"MAP PURPOSE","TYPE":" ","CREATED_US":" ","CREATED_DA":-2209161600000,"LAST_EDITE":" ","LAST_EDI_1":-2209161600000,"OWNERSHIP":" ","USES":" ","MHCC_NOC":" ","DATE_":" ","NOC_FOR":" ","STRUCTURE":" ","FEATURE":" ","Q":"Y","HER_NUMBER_2":" ","HERITAGE_NAME":" "},"geometry":{"type":"Polygon","coordinates":[[[72.84031642467052,18.986476796673553],[72.84001689689603,18.986495270423404],[72.83990386944494,18.986933878449342],[72.8403333929337,18.98690440671576],[72.84031642467052,18.986476796673553]]]}},{"type":"Feature","properties":{"layer":"DP_77","label":"Heritage building","confidence":"confirmed","HERITAGE_P":"CANTONMENT","GRADE":"III","VILLAGE":"COLABA","VILLAGE_DI":"COLABA","WARD":"A","REMARKS":" ","TYPE":"Heritage","CREATED_US":" ","LAST_EDITE":" ","OWNERSHIP":" ","USES":" ","MHCC_NOC":" ","DATE_":" ","NOC_FOR":" ","STRUCTURE":" ","FEATURE":" ","Q":"Y","HER_NUMBER_2":"39/45","HERITAGE_NAME":"MAGDALA HOUSE"},"geometry":{"type":"Polygon","coordinates":[[[72.81060262921596,18.89858096175847],[72.81010202577289,18.89784032484798],[72.80955698182368,18.898188557657676],[72.80999826626594,18.899003599369635],[72.81060262921596,18.89858096175847]]]}},{"type":"Feature","properties":{"layer":"DP_77","label":"Heritage building","confidence":"confirmed","HERITAGE_P":" ","GRADE":"IIA","VILLAGE":"BHULESHWAR","VILLAGE_DI":"BHULESHWAR","WARD":"C","REMARKS":" ","TYPE":"Heritage","CREATED_US":" ","LAST_EDITE":" ","OWNERSHIP":" ","USES":" ","MHCC_NOC":" ","DATE_":" ","NOC_FOR":" ","STRUCTURE":" ","FEATURE":" ","Q":"Y","HER_NUMBER_2":"6","HERITAGE_NAME":"ISLAM GYMKHANA GROUND"},"geometry":{"type":"Polygon","coordinates":[[[72.82470839637884,18.946497145434943],[72.82484380001695,18.94661006253231],[72.82487174890679,18.94657004203088],[72.82470839637884,18.946497145434943]]]}},{"type":"Feature","properties":{"layer":"DP_77","label":"Heritage building","confidence":"confirmed","HERITAGE_P":" ","GRADE":"IIB","VILLAGE":"TURBHE","VILLAGE_DI":"TURBHE","WARD":"M","REMARKS":" ","TYPE":"Heritage","CREATED_US":" ","LAST_EDITE":" ","OWNERSHIP":" ","USES":" ","MHCC_NOC":" ","DATE_":" ","NOC_FOR":" ","STRUCTURE":" ","FEATURE":" ","Q":"Y","HER_NUMBER_2":"17","HERITAGE_NAME":"The Edulgee Framiji Allbless Leprosy Home(Only the main stepped entrance,an old ground structure alo"},"geometry":{"type":"Polygon","coordinates":[[[72.94697882706029,19.036551555695482],[72.9474369743253,19.036529653337585],[72.94751842494257,19.03630481283061],[72.9469623089108,19.035717679061705],[72.94669383482186,19.036113119872038],[72.94697882706029,19.036551555695482]]]}},{"type":"Feature","properties":{"layer":"DP_77","label":"Heritage building","confidence":"confirmed","HERITAGE_P":" ","GRADE":"IIA","VILLAGE":"BYCULLA","VILLAGE_DI":"BYCULLA","WARD":"E","REMARKS":" ","TYPE":"Heritage","CREATED_US":" ","LAST_EDITE":" ","OWNERSHIP":" ","USES":" ","MHCC_NOC":" ","DATE_":" ","NOC_FOR":" ","STRUCTURE":" ","FEATURE":" ","Q":"Y","HER_NUMBER_2":"2/295","HERITAGE_NAME":"MAGEN DEVID SYNAGOGE"},"geometry":{"type":"Polygon","coordinates":[[[72.83194720269026,18.966784921988385],[72.83179048209055,18.967206014329147],[72.83260287726348,18.967221091567094],[72.83258931198021,18.96687225699733],[72.83194720269026,18.966784921988385]]]}},{"type":"Feature","properties":{"layer":"DP_77","label":"Heritage building","confidence":"confirmed","HERITAGE_P":"MAJESTIC","GRADE":"IIB","VILLAGE":"COLABA","VILLAGE_DI":"COLABA","WARD":"A","REMARKS":"ALSO LISTED IN NEW AGIARY LIST AT SR NO. 11  IIA ( SETH NASSERWANJI HIRJI KARANI AGIARY ( ADARIAN) )","TYPE":"Heritage","CREATED_US":" ","LAST_EDITE":" ","OWNERSHIP":" ","USES":" ","MHCC_NOC":" ","DATE_":" ","NOC_FOR":" ","STRUCTURE":" ","FEATURE":" ","Q":"Y","HER_NUMBER_2":"195/222","HERITAGE_NAME":"CUSROW BAUG"},"geometry":{"type":"Polygon","coordinates":[[[72.82901111643773,18.921576699146723],[72.83033090244214,18.92071192451215],[72.82915063959499,18.919177757172527],[72.8278795966271,18.920150811926455],[72.82757059915214,18.91962599513569],[72.82689813599958,18.920142366994277],[72.82689221313035,18.920456443198287],[72.82765740197063,18.921141872073655],[72.82901111643773,18.921576699146723]]]}},{"type":"Feature","properties":{"layer":"DP_77","label":"Heritage building","confidence":"confirmed","HERITAGE_P":" ","GRADE":"III","VILLAGE":"BHULESHWAR","VILLAGE_DI":"BHULESHWAR","WARD":"C","REMARKS":" ","TYPE":"Heritage","CREATED_US":" ","LAST_EDITE":" ","OWNERSHIP":" ","USES":" ","MHCC_NOC":" ","DATE_":" ","NOC_FOR":" ","STRUCTURE":" ","FEATURE":" ","Q":"Y","HER_NUMBER_2":"33/178","HERITAGE_NAME":"HEERA MAHAL"},"geometry":{"type":"Polygon","coordinates":[[[72.82853593267109,18.950864934259908],[72.8287985228486,18.950810891464492],[72.82855858600259,18.950746380629298],[72.82853593267109,18.950864934259908]]]}},{"type":"Feature","properties":{"layer":"DP_77","label":"Heritage building","confidence":"confirmed","HERITAGE_P":"OLD CUFFE PARADE","GRADE":"IIB","VILLAGE":"COLABA","VILLAGE_DI":"COLABA","WARD":"A","REMARKS":" ","TYPE":"Heritage","CREATED_US":" ","LAST_EDITE":" ","OWNERSHIP":" ","USES":" ","MHCC_NOC":" ","DATE_":" ","NOC_FOR":" ","STRUCTURE":" ","FEATURE":" ","Q":"Y","HER_NUMBER_2":"82/96(c)","HERITAGE_NAME":"TARAPOREWALLA MANSION (TARAPOREWALLA MANSION AND OTHER BLDGS. OF THE SAME PERIOD.)  c) BAUG EABBAS."},"geometry":{"type":"Polygon","coordinates":[[[72.82273860062348,18.915338896673585],[72.82291500671307,18.915639432013677],[72.82326659373484,18.91549761316299],[72.82303461535938,18.915160894915118],[72.82273860062348,18.915338896673585]]]}},{"type":"Feature","properties":{"layer":"DP_77","label":"Heritage building","confidence":"confirmed","HERITAGE_P":" ","GRADE":"IIA","VILLAGE":" ","VILLAGE_DI":" ","WARD":"D","REMARKS":"AS PER AGIARY LIST SR. NO. 23","TYPE":" ","CREATED_US":" ","CREATED_DA":-2209161600000,"LAST_EDITE":" ","LAST_EDI_1":-2209161600000,"OWNERSHIP":" ","USES":" ","MHCC_NOC":" ","DATE_":" ","NOC_FOR":" ","STRUCTURE":" ","FEATURE":" ","Q":"Y","HER_NUMBER_2":" ","HERITAGE_NAME":"ALBLESS BAUG DADGAH"},"geometry":{"type":"Polygon","coordinates":[[[72.81722346426562,18.953832900357046],[72.81750814502155,18.954280596758053],[72.81798909826735,18.954056190711363],[72.81776045287667,18.953585243967378],[72.81722346426562,18.953832900357046]]]}},{"type":"Feature","properties":{"layer":"DP_77","label":"Heritage building","confidence":"confirmed","HERITAGE_P":" ","GRADE":"IIB","VILLAGE":"MAHIM","VILLAGE_DI":"MAHIM","WARD":"G/N","REMARKS":" ","TYPE":"Heritage","CREATED_US":" ","LAST_EDITE":" ","OWNERSHIP":" ","USES":" ","MHCC_NOC":" ","DATE_":" ","NOC_FOR":" ","STRUCTURE":" ","FEATURE":" ","Q":"Y","HER_NUMBER_2":"18/542","HERITAGE_NAME":"DAVID SASOON REFORMATORY SCHOOL"},"geometry":{"type":"Polygon","coordinates":[[[72.84539765803346,19.030188013706923],[72.84574029110672,19.030586263692626],[72.8464013800338,19.03044100187967],[72.84662147358978,19.02995898219602],[72.84651458558054,19.02872597313435],[72.8449181055174,19.028629072809867],[72.8449811693291,19.02981703159955],[72.84539765803346,19.030188013706923]]]}},{"type":"Feature","properties":{"layer":"DP_77","label":"Heritage building","confidence":"confirmed","HERITAGE_P":" ","GRADE":"III","VILLAGE":"BHULESHWAR","VILLAGE_DI":"BHULESHWAR","WARD":"C","REMARKS":" ","TYPE":"Heritage","CREATED_US":" ","LAST_EDITE":" ","OWNERSHIP":" ","USES":" ","MHCC_NOC":" ","DATE_":" ","NOC_FOR":" ","STRUCTURE":" ","FEATURE":" ","Q":"Y","HER_NUMBER_2":"63/201","HERITAGE_NAME":"HARLALKA BHUVAN"},"geometry":{"type":"Polygon","coordinates":[[[72.826123165458,18.950531021828038],[72.82611345426896,18.95047474070687],[72.82608304441618,18.950516512802494],[72.826123165458,18.950531021828038]]]}},{"type":"Feature","properties":{"layer":"DP_77","label":"Heritage building","confidence":"confirmed","HERITAGE_P":" ","GRADE":"IIA","VILLAGE":"FORT","VILLAGE_DI":"FORT","WARD":"A","REMARKS":" ","TYPE":"Heritage","CREATED_US":" ","LAST_EDITE":" ","OWNERSHIP":" ","USES":" ","MHCC_NOC":" ","DATE_":" ","NOC_FOR":" ","STRUCTURE":" ","FEATURE":" ","Q":"Y","HER_NUMBER_2":"275/44","HERITAGE_NAME":"BOMBAY HOUSE"},"geometry":{"type":"Polygon","coordinates":[[[72.83257901736751,18.93156040160821],[72.8323636899729,18.931788664148318],[72.83306687117239,18.931700247550253],[72.83305899783372,18.931489283735417],[72.83257901736751,18.93156040160821]]]}},{"type":"Feature","properties":{"layer":"DP_77","label":"Heritage building","confidence":"confirmed","HERITAGE_P":" ","GRADE":"III","VILLAGE":"LOWER PAREL","VILLAGE_DI":"LOWER PAREL","WARD":"G/S","REMARKS":" ","TYPE":"Heritage","CREATED_US":" ","LAST_EDITE":" ","OWNERSHIP":" ","USES":" ","MHCC_NOC":" ","DATE_":" ","NOC_FOR":" ","STRUCTURE":" ","FEATURE":" ","Q":"Y","HER_NUMBER_2":"6/567","HERITAGE_NAME":"CENTRAL JAIL PREMISES"},"geometry":{"type":"Polygon","coordinates":[[[72.82850365060044,18.985081329819646],[72.82948772732075,18.986154701632955],[72.8304619813741,18.98532574520259],[72.8294881858218,18.98430455629213],[72.82850365060044,18.985081329819646]]]}},{"type":"Feature","properties":{"layer":"DP_77","label":"Heritage building","confidence":"confirmed","HERITAGE_P":" ","GRADE":"IIB","VILLAGE":"MALABAR HILL","VILLAGE_DI":"MALABAR HILL","WARD":"D","REMARKS":" ","TYPE":"Heritage","CREATED_US":" ","LAST_EDITE":" ","OWNERSHIP":" ","USES":" ","MHCC_NOC":" ","DATE_":" ","NOC_FOR":" ","STRUCTURE":" ","FEATURE":" ","Q":"Y","HER_NUMBER_2":"70/449","HERITAGE_NAME":"MUNICIPAL COMMISSIONER'S BUNGLOW"},"geometry":{"type":"Polygon","coordinates":[[[72.8119639177582,18.973742881335546],[72.81189984597559,18.973131839150174],[72.81148907560407,18.973552619715115],[72.8119639177582,18.973742881335546]]]}},{"type":"Feature","properties":{"layer":"DP_77","label":"Heritage building","confidence":"confirmed","HERITAGE_P":" ","GRADE":"III","VILLAGE":"BANDRA-F","VILLAGE_DI":"BANDRA-F","WARD":"H/W","REMARKS":" ","TYPE":"Heritage","CREATED_US":" ","LAST_EDITE":" ","OWNERSHIP":" ","USES":" ","MHCC_NOC":" ","DATE_":" ","NOC_FOR":" ","STRUCTURE":" ","FEATURE":" ","Q":"Y","HER_NUMBER_2":"23/032","HERITAGE_NAME":"THE ARC"},"geometry":{"type":"Polygon","coordinates":[[[72.83586789742694,19.056620013287787],[72.83536711876174,19.05645982837476],[72.83533016164435,19.056968719627818],[72.8357290376507,19.05702253713115],[72.83586789742694,19.056620013287787]]]}},{"type":"Feature","properties":{"layer":"DP_77","label":"Heritage building","confidence":"confirmed","HERITAGE_P":" ","GRADE":"III","VILLAGE":"GIRGAUM","VILLAGE_DI":"GIRGAUM","WARD":"D","REMARKS":" ","TYPE":"Heritage","CREATED_US":" ","LAST_EDITE":" ","OWNERSHIP":" ","USES":" ","MHCC_NOC":" ","DATE_":" ","NOC_FOR":" ","STRUCTURE":" ","FEATURE":" ","Q":"Y","HER_NUMBER_2":"118/219","HERITAGE_NAME":"DR. BHAJEKAR HOSPITAL & CLINIC"},"geometry":{"type":"Polygon","coordinates":[[[72.82042610472068,18.958391944722614],[72.82056074459763,18.95870914706769],[72.82084042172765,18.958593879532195],[72.82042610472068,18.958391944722614]]]}},{"type":"Feature","properties":{"layer":"DP_77","label":"Heritage building","confidence":"confirmed","HERITAGE_P":"9999","GRADE":"III","VILLAGE":"MAZAGAON","VILLAGE_DI":"MAZAGAON","WARD":"E","REMARKS":" ","TYPE":"Heritage","CREATED_US":" ","LAST_EDITE":" ","OWNERSHIP":" ","USES":" ","MHCC_NOC":" ","DATE_":" ","NOC_FOR":" ","STRUCTURE":" ","FEATURE":" ","Q":"Y","HER_NUMBER_2":"533","HERITAGE_NAME":"JAIN TEMPLE COMPLEX"},"geometry":{"type":"Polygon","coordinates":[[[72.83475808703109,18.97363963104943],[72.83565313899646,18.97377785540287],[72.83592466192295,18.973551475043255],[72.83581373100097,18.972706283863083],[72.8350380335193,18.973051586308266],[72.8346036052435,18.973543655962068],[72.83475808703109,18.97363963104943]]]}},{"type":"Feature","properties":{"layer":"DP_77","label":"Heritage building","confidence":"confirmed","HERITAGE_P":" ","GRADE":"III","VILLAGE":"BANDRA-B","VILLAGE_DI":"BANDRA-B","WARD":"H/W","REMARKS":" ","TYPE":" ","CREATED_US":" ","LAST_EDITE":" ","OWNERSHIP":" ","USES":" ","MHCC_NOC":" ","DATE_":" ","NOC_FOR":" ","STRUCTURE":" ","FEATURE":" ","Q":"Y","HER_NUMBER_2":"622","HERITAGE_NAME":"D.L.PAREIRA VILLA(VILCDAMERZ)"},"geometry":{"type":"Polygon","coordinates":[[[72.8274718641216,19.05288414841761],[72.82738063714261,19.05326286310847],[72.82756525202498,19.053303801898142],[72.8274718641216,19.05288414841761]]]}},{"type":"Feature","properties":{"layer":"DP_77","label":"Heritage building","confidence":"confirmed","HERITAGE_P":" ","GRADE":"IIB","VILLAGE":"BANDRA-F","VILLAGE_DI":"BANDRA-F","WARD":"H/W","REMARKS":" ","TYPE":" ","CREATED_US":" ","LAST_EDITE":" ","OWNERSHIP":" ","USES":" ","MHCC_NOC":" ","DATE_":" ","NOC_FOR":" ","STRUCTURE":" ","FEATURE":" ","Q":"Y","HER_NUMBER_2":"589","HERITAGE_NAME":"ST.JOSEPH'S CONVENT COMPLEX"},"geometry":{"type":"Polygon","coordinates":[[[72.83015098152335,19.055222477529316],[72.82979608836727,19.05718337917132],[72.83070751137117,19.05735796077395],[72.83108821407477,19.056713704499163],[72.83118733840054,19.055392579314837],[72.83015098152335,19.055222477529316]]]}},{"type":"Feature","properties":{"layer":"DP_77","label":"Heritage building","confidence":"confirmed","HERITAGE_P":" ","GRADE":"IIB","VILLAGE":"BHULESHWAR","VILLAGE_DI":"BHULESHWAR","WARD":"C","REMARKS":" ","TYPE":"Heritage","CREATED_US":" ","LAST_EDITE":" ","OWNERSHIP":" ","USES":" ","MHCC_NOC":" ","DATE_":" ","NOC_FOR":" ","STRUCTURE":" ","FEATURE":" ","Q":"Y","HER_NUMBER_2":"342","HERITAGE_NAME":"MUMBADEVI TEMPLE COMPLEX"},"geometry":{"type":"Polygon","coordinates":[[[72.83014423633469,18.95274149329434],[72.831357156441,18.953636611991715],[72.83133649501598,18.952252250441408],[72.83083060150527,18.951704960505236],[72.8299065082811,18.952381117715323],[72.83014423633469,18.95274149329434]]]}},{"type":"Feature","properties":{"layer":"DP_77","label":"Heritage building","confidence":"confirmed","HERITAGE_P":" ","GRADE":"IIB","VILLAGE":" ","VILLAGE_DI":" ","WARD":"N","REMARKS":" ","TYPE":" ","CREATED_US":" ","CREATED_DA":-2209161600000,"LAST_EDITE":" ","LAST_EDI_1":-2209161600000,"OWNERSHIP":" ","USES":" ","MHCC_NOC":" ","DATE_":" ","NOC_FOR":" ","STRUCTURE":" ","FEATURE":" ","Q":"Y","HER_NUMBER_2":"64/71","HERITAGE_NAME":"RANGWALA BUNGALOW"},"geometry":{"type":"Polygon","coordinates":[[[72.90786738201098,19.087276699757805],[72.90788689445023,19.086739152552724],[72.90753549575541,19.086700884578946],[72.90786738201098,19.087276699757805]]]}},{"type":"Feature","properties":{"layer":"DP_77","label":"Heritage building","confidence":"confirmed","HERITAGE_P":"GATEWAY","GRADE":"IIB","VILLAGE":"COLABA","VILLAGE_DI":"COLABA","WARD":"A","REMARKS":" ","TYPE":"Heritage","CREATED_US":" ","LAST_EDITE":" ","OWNERSHIP":" ","USES":" ","MHCC_NOC":" ","DATE_":" ","NOC_FOR":" ","STRUCTURE":" ","FEATURE":" ","Q":"Y","HER_NUMBER_2":"128/145","HERITAGE_NAME":"LINDEN HOUSE"},"geometry":{"type":"Polygon","coordinates":[[[72.83273294130792,18.923139771768387],[72.83280306989204,18.923292779663853],[72.83292259233951,18.923167698079396],[72.83273294130792,18.923139771768387]]]}},{"type":"Feature","properties":{"layer":"DP_77","label":"Heritage building","confidence":"confirmed","HERITAGE_P":" ","GRADE":"IIB","VILLAGE":"ISMALIA","VILLAGE_DI":"ISMALIA","WARD":"K/E","REMARKS":" ","TYPE":"Heritage","CREATED_US":" ","LAST_EDITE":" ","OWNERSHIP":" ","USES":" ","MHCC_NOC":" ","DATE_":" ","NOC_FOR":" ","STRUCTURE":" ","FEATURE":" ","Q":"Y","HER_NUMBER_2":"198/249","HERITAGE_NAME":"SADBHAKTI MANDIR/SHANKAR LODGE"},"geometry":{"type":"Polygon","coordinates":[[[72.8498105913515,19.129348260302077],[72.84988963451329,19.129117835368845],[72.84951168575412,19.129114695230275],[72.84950826010261,19.12932497215313],[72.8498105913515,19.129348260302077]]]}},{"type":"Feature","properties":{"layer":"DP_77","label":"Heritage building","confidence":"confirmed","HERITAGE_P":" ","GRADE":"III","VILLAGE":"MATUNGA","VILLAGE_DI":"MATUNGA","WARD":"F/N","REMARKS":" ","TYPE":"Heritage","CREATED_US":" ","LAST_EDITE":" ","OWNERSHIP":" ","USES":" ","MHCC_NOC":" ","DATE_":" ","NOC_FOR":" ","STRUCTURE":" ","FEATURE":" ","Q":"Y","HER_NUMBER_2":"14/436","HERITAGE_NAME":"212, KAMALAKUNJ"},"geometry":{"type":"Polygon","coordinates":[[[72.85029457758701,19.022977728515837],[72.85055531075889,19.022846831197505],[72.85037940213941,19.022625026124793],[72.85029457758701,19.022977728515837]]]}},{"type":"Feature","properties":{"layer":"DP_77","label":"Heritage building","confidence":"confirmed","HERITAGE_P":" ","GRADE":"IIB","VILLAGE":"SION","VILLAGE_DI":"SION","WARD":"F/N","REMARKS":" ","TYPE":"Heritage","CREATED_US":" ","LAST_EDITE":" ","OWNERSHIP":" ","USES":" ","MHCC_NOC":" ","DATE_":" ","NOC_FOR":" ","STRUCTURE":" ","FEATURE":" ","Q":"Y","HER_NUMBER_2":"48/480","HERITAGE_NAME":"SETH RANCHODDAS VARJIVANDAS SANITORIUM"},"geometry":{"type":"Polygon","coordinates":[[[72.86495991497969,19.048009904442416],[72.86523375645248,19.047919942175792],[72.86502177164357,19.04731698702999],[72.86473338292919,19.047421055963888],[72.86495991497969,19.048009904442416]]]}},{"type":"Feature","properties":{"layer":"DP_77","label":"Heritage building","confidence":"confirmed","HERITAGE_P":" ","GRADE":"I","VILLAGE":"BANDRA-C","VILLAGE_DI":"BANDRA-C","WARD":"H/W","REMARKS":" ","TYPE":"Heritage","CREATED_US":" ","LAST_EDITE":" ","OWNERSHIP":" ","USES":" ","MHCC_NOC":" ","DATE_":" ","NOC_FOR":" ","STRUCTURE":" ","FEATURE":" ","Q":"Y","HER_NUMBER_2":"578","HERITAGE_NAME":"CROSSES ON CROSS ROADS"},"geometry":{"type":"Polygon","coordinates":[[[72.82276414739033,19.06311340751066],[72.82280640957367,19.06302935004418],[72.82266133634403,19.06305249177242],[72.82276414739033,19.06311340751066]]]}},{"type":"Feature","properties":{"layer":"DP_77","label":"Heritage building","confidence":"confirmed","HERITAGE_P":" ","GRADE":"III","VILLAGE":"BANDRA-C","VILLAGE_DI":"BANDRA-C","WARD":"H/W","REMARKS":" ","TYPE":"Heritage","CREATED_US":" ","LAST_EDITE":" ","OWNERSHIP":" ","USES":" ","MHCC_NOC":" ","DATE_":" ","NOC_FOR":" ","STRUCTURE":" ","FEATURE":" ","Q":"Y","HER_NUMBER_2":"54/071","HERITAGE_NAME":"GILDER VILLA"},"geometry":{"type":"Polygon","coordinates":[[[72.82366836437332,19.060936977107005],[72.82327976030575,19.060977434819385],[72.82334085266302,19.061197053976557],[72.82366836437332,19.060936977107005]]]}},{"type":"Feature","properties":{"layer":"DP_77","label":"Heritage building","confidence":"confirmed","HERITAGE_P":" ","GRADE":"III","VILLAGE":"GUNDAVALI","VILLAGE_DI":"GUNDAVALI","WARD":"K/E","REMARKS":" ","TYPE":" ","CREATED_US":" ","LAST_EDITE":" ","OWNERSHIP":" ","USES":" ","MHCC_NOC":" ","DATE_":" ","NOC_FOR":" ","STRUCTURE":" ","FEATURE":" ","Q":"Y","HER_NUMBER_2":"200/251","HERITAGE_NAME":"VISSANJI HOUSE"},"geometry":{"type":"Polygon","coordinates":[[[72.85041963837786,19.120887685921847],[72.85133240346653,19.12033509226524],[72.85069562238891,19.11943306526637],[72.84982323511018,19.11981753303194],[72.8501823136019,19.12010918791327],[72.85041963837786,19.120887685921847]]]}},{"type":"Feature","properties":{"layer":"DP_77","label":"Heritage building","confidence":"confirmed","HERITAGE_P":" ","GRADE":"IIA","VILLAGE":"MAZAGAON","VILLAGE_DI":"MAZAGAON","WARD":"E","REMARKS":" ","TYPE":"Heritage","CREATED_US":" ","LAST_EDITE":" ","OWNERSHIP":" ","USES":" ","MHCC_NOC":" ","DATE_":" ","NOC_FOR":" ","STRUCTURE":" ","FEATURE":" ","Q":"Y","HER_NUMBER_2":"75/366","HERITAGE_NAME":"JOSEPH BAPTISTA GARDEN/ BHANDARWADA RESERVOIR"},"geometry":{"type":"Polygon","coordinates":[[[72.84138884190469,18.965918853560876],[72.84154324362208,18.96769237839658],[72.8418209043239,18.967182695762194],[72.8442816703495,18.96707955269017],[72.84393120561275,18.965882939740496],[72.84311497290265,18.9649220265336],[72.84222614109228,18.965512753676265],[72.84150351201436,18.96542947177588],[72.84072570572646,18.965809229963643],[72.84138884190469,18.965918853560876]]]}},{"type":"Feature","properties":{"layer":"DP_77","label":"Heritage building","confidence":"confirmed","HERITAGE_P":" ","GRADE":"IIA","VILLAGE":" ","VILLAGE_DI":" ","WARD":"A","REMARKS":" ","TYPE":" ","CREATED_US":" ","CREATED_DA":-2209161600000,"LAST_EDITE":" ","LAST_EDI_1":-2209161600000,"OWNERSHIP":" ","USES":" ","MHCC_NOC":" ","DATE_":" ","NOC_FOR":" ","STRUCTURE":" ","FEATURE":" ","Q":"Y","HER_NUMBER_2":"19/21(iv)","HERITAGE_NAME":"INHS ASHWINI iv) P-8"},"geometry":{"type":"Polygon","coordinates":[[[72.81393951372212,18.89915922901256],[72.81378007815898,18.899161263752216],[72.81378900210129,18.899748379800915],[72.81396010596532,18.899745779689628],[72.81393951372212,18.89915922901256]]]}},{"type":"Feature","properties":{"layer":"DP_77","label":"Heritage building","confidence":"confirmed","HERITAGE_P":"CANTONMENT","GRADE":"IIB","VILLAGE":"COLABA","VILLAGE_DI":"COLABA","WARD":"A","REMARKS":" ","TYPE":"Heritage","CREATED_US":" ","LAST_EDITE":" ","OWNERSHIP":" ","USES":" ","MHCC_NOC":" ","DATE_":" ","NOC_FOR":" ","STRUCTURE":" ","FEATURE":" ","Q":"Y","HER_NUMBER_2":"29/35","HERITAGE_NAME":"OFFICER'S MESS (MAHARASHTRA & GUJARAT AREA)"},"geometry":{"type":"Polygon","coordinates":[[[72.81155988358122,18.903374352047724],[72.81187733781032,18.903507326398934],[72.8118316186341,18.903967084064256],[72.81274050478285,18.904128305193108],[72.81261399510976,18.902944917947018],[72.81162565340732,18.902836062485637],[72.81155988358122,18.903374352047724]]]}},{"type":"Feature","properties":{"layer":"DP_77","label":"Heritage building","confidence":"confirmed","HERITAGE_P":" ","GRADE":"IIA","VILLAGE":" ","VILLAGE_DI":" ","WARD":"F/N","REMARKS":"AS PER NEW AGIARY LIST AT SR. NO. 41","TYPE":" ","CREATED_US":" ","CREATED_DA":-2209161600000,"LAST_EDITE":" ","LAST_EDI_1":-2209161600000,"OWNERSHIP":" ","USES":" ","MHCC_NOC":" ","DATE_":" ","NOC_FOR":" ","STRUCTURE":" ","FEATURE":" ","Q":"Y","HER_NUMBER_2":" ","HERITAGE_NAME":"SETH NAVROJI CAWASJI NARIELWALLA AGIARY ( ADARIAN)"},"geometry":{"type":"Polygon","coordinates":[[[72.84494021942089,19.015509311245765],[72.8451382586284,19.01574060162932],[72.84551236199718,19.01546624454174],[72.84509325802497,19.01507968162126],[72.84477501958182,19.015314110463116],[72.84494021942089,19.015509311245765]]]}},{"type":"Feature","properties":{"layer":"DP_77","label":"Heritage building","confidence":"confirmed","HERITAGE_P":" ","GRADE":"III","VILLAGE":"CHEMBUR","VILLAGE_DI":"CHEMBUR","WARD":"M","REMARKS":" ","TYPE":"Heritage","CREATED_US":" ","LAST_EDITE":" ","OWNERSHIP":" ","USES":" ","MHCC_NOC":" ","DATE_":" ","NOC_FOR":" ","STRUCTURE":" ","FEATURE":" ","Q":"Y","HER_NUMBER_2":"4","HERITAGE_NAME":"RISHABHDEV JAIN TEMPLE"},"geometry":{"type":"Polygon","coordinates":[[[72.89531117780442,19.056989949931776],[72.89573127752271,19.05692278749202],[72.89577452506228,19.056612587638735],[72.89532649272782,19.056733697903876],[72.89531117780442,19.056989949931776]]]}},{"type":"Feature","properties":{"layer":"DP_77","label":"Heritage building","confidence":"confirmed","HERITAGE_P":"BALLARD PIER","GRADE":"IIA","VILLAGE":"FORT","VILLAGE_DI":"FORT","WARD":"A","REMARKS":" ","TYPE":"Heritage","CREATED_US":" ","LAST_EDITE":" ","OWNERSHIP":" ","USES":" ","MHCC_NOC":" ","DATE_":" ","NOC_FOR":" ","STRUCTURE":" ","FEATURE":" ","Q":"Y","HER_NUMBER_2":"123/141(2)","HERITAGE_NAME":"BUILDINGS OF BALLARD ESTATE, NAMELY 2) MERCANTILE CHAMBER"},"geometry":{"type":"Polygon","coordinates":[[[72.84120209154602,18.935373471095698],[72.84118135868736,18.93510949169787],[72.8410094424181,18.935206207399293],[72.84120209154602,18.935373471095698]]]}},{"type":"Feature","properties":{"layer":"DP_77","label":"Heritage building","confidence":"confirmed","HERITAGE_P":"MUSEUM","GRADE":"III","VILLAGE":"FORT","VILLAGE_DI":"FORT","WARD":"A","REMARKS":" ","TYPE":"Heritage","CREATED_US":" ","LAST_EDITE":" ","OWNERSHIP":" ","USES":" ","MHCC_NOC":" ","DATE_":" ","NOC_FOR":" ","STRUCTURE":" ","FEATURE":" ","Q":"Y","HER_NUMBER_2":"204/231","HERITAGE_NAME":"GREAT WESTERN BUILDING (OLD ADMIRALITY HOUSE-GREAT WESTERN BUILDING)"},"geometry":{"type":"Polygon","coordinates":[[[72.83344632360607,18.927272249938095],[72.83305322937342,18.927845906502963],[72.83377896753123,18.92776119419367],[72.83384063601409,18.927419757590574],[72.83344632360607,18.927272249938095]]]}},{"type":"Feature","properties":{"layer":"DP_77","label":"Heritage building","confidence":"confirmed","HERITAGE_P":" ","GRADE":"IIB","VILLAGE":" ","VILLAGE_DI":" ","WARD":"B","REMARKS":" ","TYPE":" ","CREATED_US":" ","CREATED_DA":-2209161600000,"LAST_EDITE":" ","LAST_EDI_1":-2209161600000,"OWNERSHIP":" ","USES":" ","MHCC_NOC":" ","DATE_":" ","NOC_FOR":" ","STRUCTURE":" ","FEATURE":" ","Q":"Y","HER_NUMBER_2":"50/135","HERITAGE_NAME":"MEREWETHER DRY DOCK"},"geometry":{"type":"Polygon","coordinates":[[[72.84444366765561,18.958263311757758],[72.84415845852345,18.959678277518755],[72.84461958038703,18.958351722229427],[72.84444366765561,18.958263311757758]]]}},{"type":"Feature","properties":{"layer":"DP_77","label":"Heritage building","confidence":"confirmed","HERITAGE_P":" ","GRADE":"III","VILLAGE":"MATUNGA","VILLAGE_DI":"MATUNGA","WARD":"F/N","REMARKS":" ","TYPE":"Heritage","CREATED_US":" ","LAST_EDITE":" ","OWNERSHIP":" ","USES":" ","MHCC_NOC":" ","DATE_":" ","NOC_FOR":" ","STRUCTURE":" ","FEATURE":" ","Q":"Y","HER_NUMBER_2":"30/458","HERITAGE_NAME":"622, PALIA MANSION"},"geometry":{"type":"Polygon","coordinates":[[[72.85193926191607,19.02070638557394],[72.85217355719085,19.021091284626415],[72.85244478675057,19.02091325203798],[72.85218960454915,19.0205394780459],[72.85193926191607,19.02070638557394]]]}},{"type":"Feature","properties":{"layer":"DP_77","label":"Heritage building","confidence":"confirmed","HERITAGE_P":" ","GRADE":"IIB","VILLAGE":"BYCULLA","VILLAGE_DI":"BYCULLA","WARD":"E","REMARKS":" ","TYPE":"Heritage","CREATED_US":" ","LAST_EDITE":" ","OWNERSHIP":" ","USES":" ","MHCC_NOC":" ","DATE_":" ","NOC_FOR":" ","STRUCTURE":" ","FEATURE":" ","Q":"Y","HER_NUMBER_2":"18/309","HERITAGE_NAME":"SEVENTH DAY ADVENTIST CHURCH"},"geometry":{"type":"Polygon","coordinates":[[[72.82326488404928,18.971310971285426],[72.8233312829096,18.97151479063327],[72.82377074018373,18.971402702171616],[72.8237262907289,18.97118283538043],[72.82326488404928,18.971310971285426]]]}},{"type":"Feature","properties":{"layer":"DP_77","label":"Heritage building","confidence":"confirmed","HERITAGE_P":" ","GRADE":"III","VILLAGE":"BHULESHWAR","VILLAGE_DI":"BHULESHWAR","WARD":"C","REMARKS":" ","TYPE":"Heritage","CREATED_US":" ","LAST_EDITE":" ","OWNERSHIP":" ","USES":" ","MHCC_NOC":" ","DATE_":" ","NOC_FOR":" ","STRUCTURE":" ","FEATURE":" ","Q":"Y","HER_NUMBER_2":"304","HERITAGE_NAME":"RAGUNATH PRASAD HOUSE"},"geometry":{"type":"Polygon","coordinates":[[[72.82337726412987,18.94951819543428],[72.82346046636117,18.94941025617896],[72.82326304392365,18.949477494647507],[72.82337726412987,18.94951819543428]]]}},{"type":"Feature","properties":{"layer":"DP_77","label":"Heritage building","confidence":"confirmed","HERITAGE_P":"GATEWAY","GRADE":"III","VILLAGE":"COLABA","VILLAGE_DI":" ","WARD":"A","REMARKS":" ","TYPE":"Heritage","CREATED_US":" ","LAST_EDITE":" ","OWNERSHIP":" ","USES":" ","MHCC_NOC":" ","DATE_":" ","NOC_FOR":" ","STRUCTURE":" ","FEATURE":" ","Q":"Y","HER_NUMBER_2":"163/185(g)","HERITAGE_NAME":"BUILDINGS ON SHREE BOMAN CAWASJI BOMAN BEHRAM MARG (FORMERLY KNOWN AS MEREWEATHER ROAD) WITH SPECIAL FOCUS ON g) HANNY HOUSE"},"geometry":{"type":"Polygon","coordinates":[[[72.83224738469758,18.92204079627897],[72.8324107630655,18.92183080938738],[72.83218763768203,18.92189905216252],[72.83224738469758,18.92204079627897]]]}},{"type":"Feature","properties":{"layer":"DP_77","label":"Heritage building","confidence":"confirmed","HERITAGE_P":" ","GRADE":"IIB","VILLAGE":"BYCULLA","VILLAGE_DI":"BYCULLA","WARD":"E","REMARKS":" ","TYPE":"Heritage","CREATED_US":" ","LAST_EDITE":" ","OWNERSHIP":" ","USES":" ","MHCC_NOC":" ","DATE_":" ","NOC_FOR":" ","STRUCTURE":" ","FEATURE":" ","Q":"Y","HER_NUMBER_2":"1/294","HERITAGE_NAME":"NAGPADA POLICE HOSPITAL COMPLEX"},"geometry":{"type":"Polygon","coordinates":[[[72.83148169357597,18.966133828478867],[72.83157378755895,18.966563453006327],[72.83245364863143,18.966115373611384],[72.83239310033188,18.965885927423553],[72.83148169357597,18.966133828478867]]]}},{"type":"Feature","properties":{"layer":"DP_77","label":"Heritage building","confidence":"confirmed","HERITAGE_P":"NA","GRADE":"III","VILLAGE":"MAHIM","VILLAGE_DI":"MAHIM","WARD":"G/N","REMARKS":" ","TYPE":"Heritage","CREATED_US":" ","LAST_EDITE":" ","OWNERSHIP":"Trust","USES":"Religious - Hindu Place of Worship (Temple)","MHCC_NOC":" ","DATE_":"1756","NOC_FOR":" ","STRUCTURE":" ","FEATURE":"Konkani style architecture. Timber framed structure. Pitched Mangalore tile roof, Multi cusped arches, Timber brackets","Q":"Y","HER_NUMBER_2":"2/545","HERITAGE_NAME":"DEEPMALA"},"geometry":{"type":"Polygon","coordinates":[[[72.8344450959286,19.01859509618835],[72.83461636044755,19.018584994338017],[72.83460992202723,19.018469136037186],[72.8344450959286,19.01859509618835]]]}},{"type":"Feature","properties":{"layer":"DP_77","label":"Heritage building","confidence":"confirmed","HERITAGE_P":" ","GRADE":"III","VILLAGE":"BANDRA-F","VILLAGE_DI":"BANDRA-F","WARD":"H/W","REMARKS":" ","TYPE":"Heritage","CREATED_US":" ","LAST_EDITE":" ","OWNERSHIP":" ","USES":" ","MHCC_NOC":" ","DATE_":" ","NOC_FOR":" ","STRUCTURE":" ","FEATURE":" ","Q":"Y","HER_NUMBER_2":"26/037","HERITAGE_NAME":"POST OFFICE BANDRA"},"geometry":{"type":"Polygon","coordinates":[[[72.8334567048887,19.05654605634862],[72.83391633450739,19.0566763234333],[72.83394052009723,19.05636985237325],[72.8334567048887,19.05654605634862]]]}},{"type":"Feature","properties":{"layer":"DP_77","label":"Heritage building","confidence":"confirmed","HERITAGE_P":" ","GRADE":"I","VILLAGE":" ","VILLAGE_DI":" ","WARD":"A","REMARKS":" ","TYPE":" ","CREATED_US":" ","CREATED_DA":-2209161600000,"LAST_EDITE":" ","LAST_EDI_1":-2209161600000,"OWNERSHIP":" ","USES":" ","MHCC_NOC":" ","DATE_":" ","NOC_FOR":" ","STRUCTURE":" ","FEATURE":" ","Q":"Y","HER_NUMBER_2":"219/249","HERITAGE_NAME":"ST. THOMAS' CATHEDRAL"},"geometry":{"type":"Polygon","coordinates":[[[72.83369813912812,18.93167240294801],[72.8332832081528,18.93169386767101],[72.83323761117019,18.93201613184969],[72.83405797296723,18.93196586387789],[72.83406019824795,18.93177135612481],[72.83369813912812,18.93167240294801]]]}},{"type":"Feature","properties":{"layer":"DP_77","label":"Heritage building","confidence":"confirmed","HERITAGE_P":" ","GRADE":"III","VILLAGE":"BHULESHWAR","VILLAGE_DI":"BHULESHWAR","WARD":"C","REMARKS":" ","TYPE":"Heritage","CREATED_US":" ","LAST_EDITE":" ","OWNERSHIP":" ","USES":" ","MHCC_NOC":" ","DATE_":" ","NOC_FOR":" ","STRUCTURE":" ","FEATURE":" ","Q":"Y","HER_NUMBER_2":"17b/158","HERITAGE_NAME":"MUNICIPAL T. B. CLINIC."},"geometry":{"type":"Polygon","coordinates":[[[72.82565061348208,18.94537907483265],[72.82588809813888,18.94544379207333],[72.82594985676302,18.945229268418455],[72.82555331880219,18.94509086229353],[72.82565061348208,18.94537907483265]]]}},{"type":"Feature","properties":{"layer":"DP_77","label":"Heritage building","confidence":"confirmed","HERITAGE_P":" ","GRADE":"III","VILLAGE":"BHULESHWAR","VILLAGE_DI":"BHULESHWAR","WARD":"C","REMARKS":" ","TYPE":"Heritage","CREATED_US":" ","LAST_EDITE":" ","OWNERSHIP":" ","USES":" ","MHCC_NOC":" ","DATE_":" ","NOC_FOR":" ","STRUCTURE":" ","FEATURE":" ","Q":"Y","HER_NUMBER_2":"49/192","HERITAGE_NAME":"DWARAKADAS BUILDING 1 & 2"},"geometry":{"type":"Polygon","coordinates":[[[72.8317842169262,18.946241431435805],[72.83163868802862,18.94651735053094],[72.83181599967746,18.946665035484745],[72.8317842169262,18.946241431435805]]]}},{"type":"Feature","properties":{"layer":"DP_77","label":"Heritage building","confidence":"confirmed","HERITAGE_P":" ","GRADE":"IIA","VILLAGE":"BANDRA-C","VILLAGE_DI":"BANDRA-C","WARD":"H/W","REMARKS":" ","TYPE":"Heritage","CREATED_US":" ","LAST_EDITE":" ","OWNERSHIP":" ","USES":" ","MHCC_NOC":" ","DATE_":" ","NOC_FOR":" ","STRUCTURE":" ","FEATURE":" ","Q":"Y","HER_NUMBER_2":"598","HERITAGE_NAME":"PRISCILLA VILLA"},"geometry":{"type":"Polygon","coordinates":[[[72.82740657740281,19.059286477571632],[72.82750996049128,19.05966607148685],[72.82764069308442,19.059291552068068],[72.82740657740281,19.059286477571632]]]}},{"type":"Feature","properties":{"layer":"DP_77","label":"Heritage building","confidence":"confirmed","HERITAGE_P":" ","GRADE":"IIB","VILLAGE":"BYCULLA","VILLAGE_DI":"BYCULLA","WARD":"E","REMARKS":" ","TYPE":"Heritage","CREATED_US":" ","LAST_EDITE":" ","OWNERSHIP":" ","USES":" ","MHCC_NOC":" ","DATE_":" ","NOC_FOR":" ","STRUCTURE":" ","FEATURE":" ","Q":"Y","HER_NUMBER_2":"16/307","HERITAGE_NAME":"HAKIM DAIN MASJID"},"geometry":{"type":"Polygon","coordinates":[[[72.82914774828959,18.962726913728737],[72.82933397917361,18.96281504745328],[72.82914405727412,18.962560301725343],[72.82914774828959,18.962726913728737]]]}},{"type":"Feature","properties":{"layer":"DP_77","label":"Heritage building","confidence":"confirmed","HERITAGE_P":"16b/96&16c/97","GRADE":"IIA","VILLAGE":" ","VILLAGE_DI":"MANDVI","WARD":"B","REMARKS":" ","TYPE":"Heritage","CREATED_US":" ","LAST_EDITE":" ","OWNERSHIP":" ","USES":" ","MHCC_NOC":" ","DATE_":" ","NOC_FOR":" ","STRUCTURE":" ","FEATURE":" ","Q":"Y","HER_NUMBER_2":"16/94&16/a/95","HERITAGE_NAME":"NOORBAUG COMPLEX,(SHEDS 2NOS.) (RATION HOUSE BUILDING)(MARRIAGE HALL BLDG)"},"geometry":{"type":"Polygon","coordinates":[[[72.83713379022153,18.96212862294803],[72.83705876532518,18.961931830530055],[72.83639790962364,18.962348341838283],[72.83707226460496,18.962444286140787],[72.83713379022153,18.96212862294803]]]}},{"type":"Feature","properties":{"layer":"DP_77","label":"Heritage building","confidence":"confirmed","HERITAGE_P":" ","GRADE":"III","VILLAGE":"TARDEO","VILLAGE_DI":"TARDEO","WARD":"D","REMARKS":" ","TYPE":"Heritage","CREATED_US":" ","LAST_EDITE":" ","OWNERSHIP":" ","USES":" ","MHCC_NOC":" ","DATE_":" ","NOC_FOR":" ","STRUCTURE":" ","FEATURE":" ","Q":"Y","HER_NUMBER_2":"128/232","HERITAGE_NAME":"GEORGE BUILDING"},"geometry":{"type":"Polygon","coordinates":[[[72.82164266311314,18.961982795623545],[72.82167440536745,18.9622188061007],[72.82181577020874,18.96219035218768],[72.82164266311314,18.961982795623545]]]}},{"type":"Feature","properties":{"layer":"DP_77","label":"Heritage building","confidence":"confirmed","HERITAGE_P":" ","GRADE":"IIB","VILLAGE":"BYCULLA","VILLAGE_DI":"BYCULLA","WARD":"E","REMARKS":" ","TYPE":"Heritage","CREATED_US":" ","LAST_EDITE":" ","OWNERSHIP":" ","USES":" ","MHCC_NOC":" ","DATE_":" ","NOC_FOR":" ","STRUCTURE":" ","FEATURE":" ","Q":"Y","HER_NUMBER_2":"40","HERITAGE_NAME":"SAINT ANDREW MARATHI CHURCH & SCHOOL"},"geometry":{"type":"Polygon","coordinates":[[[72.82508914836932,18.97192916420093],[72.82535616091785,18.971722956763358],[72.825089252768,18.971726521195063],[72.82508914836932,18.97192916420093]]]}},{"type":"Feature","properties":{"layer":"DP_77","label":"Heritage building","confidence":"confirmed","HERITAGE_P":" ","GRADE":"III","VILLAGE":"FORT","VILLAGE_DI":"FORT","WARD":"A","REMARKS":" ","TYPE":"Heritage","CREATED_US":" ","LAST_EDITE":" ","OWNERSHIP":" ","USES":" ","MHCC_NOC":" ","DATE_":" ","NOC_FOR":" ","STRUCTURE":" ","FEATURE":" ","Q":"Y","HER_NUMBER_2":"280/50","HERITAGE_NAME":"MUMBAI BANK BHAVAN"},"geometry":{"type":"Polygon","coordinates":[[[72.83466599093899,18.937745588717092],[72.8344536792457,18.93768904202948],[72.83460205782205,18.937829334182478],[72.83466599093899,18.937745588717092]]]}},{"type":"Feature","properties":{"layer":"DP_77","label":"Heritage building","confidence":"confirmed","HERITAGE_P":" ","GRADE":"III","VILLAGE":" ","VILLAGE_DI":" ","WARD":"D","REMARKS":" ","TYPE":" ","CREATED_US":" ","CREATED_DA":-2209161600000,"LAST_EDITE":" ","LAST_EDI_1":-2209161600000,"OWNERSHIP":" ","USES":" ","MHCC_NOC":" ","DATE_":" ","NOC_FOR":" ","STRUCTURE":" ","FEATURE":" ","Q":"Y","HER_NUMBER_2":"4/273","HERITAGE_NAME":"SAIFEE HOSPITAL/ DAWOODI MASJID ( ADMJEE PEERBHOY SANATORIUM)"},"geometry":{"type":"Polygon","coordinates":[[[72.81865050553833,18.95233582198844],[72.81892227657096,18.952287639239778],[72.81875826941338,18.95192415113631],[72.81847176797335,18.952131252942575],[72.81865050553833,18.95233582198844]]]}},{"type":"Feature","properties":{"layer":"DP_77","label":"Heritage building","confidence":"confirmed","HERITAGE_P":" ","GRADE":"III","VILLAGE":"MAHIM","VILLAGE_DI":"MAHIM","WARD":"G/N","REMARKS":" ","TYPE":"Heritage","CREATED_US":" ","LAST_EDITE":" ","OWNERSHIP":" ","USES":" ","MHCC_NOC":" ","DATE_":" ","NOC_FOR":" ","STRUCTURE":" ","FEATURE":" ","Q":"Y","HER_NUMBER_2":"31/562","HERITAGE_NAME":"HOLY CROSS CHAPEL"},"geometry":{"type":"Polygon","coordinates":[[[72.8414557421944,19.0411573849131],[72.84139425823105,19.041232767062702],[72.84154971172197,19.041133796869744],[72.8414557421944,19.0411573849131]]]}},{"type":"Feature","properties":{"layer":"DP_77","label":"Heritage building","confidence":"confirmed","HERITAGE_P":" ","GRADE":"III","VILLAGE":"FORT","VILLAGE_DI":"FORT","WARD":"A","REMARKS":" ","TYPE":"Heritage","CREATED_US":" ","LAST_EDITE":" ","OWNERSHIP":" ","USES":" ","MHCC_NOC":" ","DATE_":" ","NOC_FOR":" ","STRUCTURE":" ","FEATURE":" ","Q":"Y","HER_NUMBER_2":"247/12","HERITAGE_NAME":"RITZ HOTEL"},"geometry":{"type":"Polygon","coordinates":[[[72.82705467851885,18.93138697802633],[72.82718092185276,18.93153187539879],[72.8272774568802,18.931322838621043],[72.82705467851885,18.93138697802633]]]}},{"type":"Feature","properties":{"layer":"DP_77","label":"Heritage building","confidence":"confirmed","HERITAGE_P":" ","GRADE":" ","VILLAGE":" ","VILLAGE_DI":" ","WARD":"E","REMARKS":"MAP PURPOSE","TYPE":" ","CREATED_US":" ","CREATED_DA":-2209161600000,"LAST_EDITE":" ","LAST_EDI_1":-2209161600000,"OWNERSHIP":" ","USES":" ","MHCC_NOC":" ","DATE_":" ","NOC_FOR":" ","STRUCTURE":" ","FEATURE":" ","Q":"Y","HER_NUMBER_2":" ","HERITAGE_NAME":" "},"geometry":{"type":"Polygon","coordinates":[[[72.83978383459716,18.98607242888503],[72.83889698997848,18.98614258995769],[72.83893154407471,18.986532841349817],[72.83982751499958,18.98650636914219],[72.83978383459716,18.98607242888503]]]}},{"type":"Feature","properties":{"layer":"DP_77","label":"Heritage building","confidence":"confirmed","HERITAGE_P":" ","GRADE":"IIA","VILLAGE":" ","VILLAGE_DI":" ","WARD":"H/W","REMARKS":"AS PER NEW AGIARY LIST AT SR. NO. 43","TYPE":" ","CREATED_US":" ","CREATED_DA":-2209161600000,"LAST_EDITE":" ","LAST_EDI_1":-2209161600000,"OWNERSHIP":" ","USES":" ","MHCC_NOC":" ","DATE_":" ","NOC_FOR":" ","STRUCTURE":" ","FEATURE":" ","Q":"Y","HER_NUMBER_2":" ","HERITAGE_NAME":"SETH NASEMANJI RATANJI TATA AGIARY ( ADARIAL"},"geometry":{"type":"Polygon","coordinates":[[[72.8349736698101,19.05602280147214],[72.83518421049381,19.055802884535552],[72.83476950800505,19.055679886343544],[72.8349736698101,19.05602280147214]]]}},{"type":"Feature","properties":{"layer":"DP_77","label":"Heritage building","confidence":"confirmed","HERITAGE_P":" ","GRADE":"IIA","VILLAGE":"GHATKOPAR KIROL","VILLAGE_DI":"GHATKOPAR KIROL","WARD":"N","REMARKS":" ","TYPE":"Heritage","CREATED_US":" ","LAST_EDITE":" ","OWNERSHIP":" ","USES":" ","MHCC_NOC":" ","DATE_":" ","NOC_FOR":" ","STRUCTURE":" ","FEATURE":" ","Q":"Y","HER_NUMBER_2":"28/30","HERITAGE_NAME":"Laljimulji Bunglow"},"geometry":{"type":"Polygon","coordinates":[[[72.90537400741563,19.0805267291642],[72.90506808292544,19.080879138380464],[72.90536935513639,19.08078017714794],[72.90537400741563,19.0805267291642]]]}},{"type":"Feature","properties":{"layer":"DP_77","label":"Heritage building","confidence":"confirmed","HERITAGE_P":" ","GRADE":"IIA","VILLAGE":"FORT","VILLAGE_DI":"FORT","WARD":"A","REMARKS":" ","TYPE":"Heritage","CREATED_US":" ","LAST_EDITE":" ","OWNERSHIP":" ","USES":" ","MHCC_NOC":" ","DATE_":" ","NOC_FOR":" ","STRUCTURE":" ","FEATURE":" ","Q":"Y","HER_NUMBER_2":"282/52","HERITAGE_NAME":"TERMINUS VIEW"},"geometry":{"type":"Polygon","coordinates":[[[72.83451242675153,18.937862247452216],[72.83461237793763,18.937957181329573],[72.83464005407534,18.93790687578047],[72.83451242675153,18.937862247452216]]]}},{"type":"Feature","properties":{"layer":"DP_77","label":"Heritage building","confidence":"confirmed","HERITAGE_P":" ","GRADE":"IIB","VILLAGE":"MANDVI","VILLAGE_DI":"MANDVI","WARD":"B","REMARKS":" ","TYPE":"Heritage","CREATED_US":" ","LAST_EDITE":" ","OWNERSHIP":" ","USES":" ","MHCC_NOC":" ","DATE_":" ","NOC_FOR":" ","STRUCTURE":" ","FEATURE":" ","Q":"Y","HER_NUMBER_2":"22/104","HERITAGE_NAME":"HABIB HOSPITAL"},"geometry":{"type":"Polygon","coordinates":[[[72.8368387655837,18.959628189869658],[72.8367753415087,18.95985330337514],[72.83697763819434,18.959807841418773],[72.8368387655837,18.959628189869658]]]}},{"type":"Feature","properties":{"layer":"DP_77","label":"Heritage building","confidence":"confirmed","HERITAGE_P":" ","GRADE":"IIA","VILLAGE":"MANDVI","VILLAGE_DI":"MANDVI","WARD":"B","REMARKS":" ","TYPE":"Heritage","CREATED_US":" ","LAST_EDITE":" ","OWNERSHIP":" ","USES":" ","MHCC_NOC":" ","DATE_":" ","NOC_FOR":" ","STRUCTURE":" ","FEATURE":" ","Q":"Y","HER_NUMBER_2":"B-18","HERITAGE_NAME":"SITARAM SHENOY UDYAN"},"geometry":{"type":"Polygon","coordinates":[[[72.83821283649601,18.960184579241783],[72.83820986955213,18.960541111660795],[72.83867456113397,18.96053211326475],[72.8386243829898,18.960076656914268],[72.83821283649601,18.960184579241783]]]}},{"type":"Feature","properties":{"layer":"DP_77","label":"Heritage building","confidence":"confirmed","HERITAGE_P":"CANTONMENT","GRADE":"IIB","VILLAGE":"COLABA","VILLAGE_DI":"COLABA","WARD":"A","REMARKS":" ","TYPE":"Heritage","CREATED_US":" ","LAST_EDITE":" ","OWNERSHIP":" ","USES":" ","MHCC_NOC":" ","DATE_":" ","NOC_FOR":" ","STRUCTURE":" ","FEATURE":" ","Q":"Y","HER_NUMBER_2":"28/32","HERITAGE_NAME":"ENGINEER OFFICER'S MESS"},"geometry":{"type":"Polygon","coordinates":[[[72.81111427703672,18.903391778755665],[72.8110641676195,18.903845988916032],[72.81169352976976,18.904017423012668],[72.81182193900244,18.903551658446244],[72.81111427703672,18.903391778755665]]]}},{"type":"Feature","properties":{"layer":"DP_77","label":"Heritage building","confidence":"confirmed","HERITAGE_P":" ","GRADE":"IIB","VILLAGE":"BHULESHWAR","VILLAGE_DI":"BHULESHWAR","WARD":"C","REMARKS":" ","TYPE":"Heritage","CREATED_US":" ","LAST_EDITE":" ","OWNERSHIP":" ","USES":" ","MHCC_NOC":" ","DATE_":" ","NOC_FOR":" ","STRUCTURE":" ","FEATURE":" ","Q":"Y","HER_NUMBER_2":"303","HERITAGE_NAME":"ST. SABASTIAN GOAN HIGH SCHOOL"},"geometry":{"type":"Polygon","coordinates":[[[72.82314540934053,18.949036582643863],[72.8232787671778,18.94879836254312],[72.82281759694357,18.94907097785023],[72.82295103104138,18.949260668911823],[72.82314540934053,18.949036582643863]]]}},{"type":"Feature","properties":{"layer":"DP_77","label":"Heritage building","confidence":"confirmed","HERITAGE_P":" ","GRADE":"IIA","VILLAGE":"MAZAGAON","VILLAGE_DI":"MAZAGAON","WARD":"E","REMARKS":" ","TYPE":"Heritage","CREATED_US":" ","LAST_EDITE":" ","OWNERSHIP":" ","USES":" ","MHCC_NOC":" ","DATE_":" ","NOC_FOR":" ","STRUCTURE":" ","FEATURE":" ","Q":"Y","HER_NUMBER_2":"8/301","HERITAGE_NAME":"HUME MEMORIAL CONGREGATION VICTORIA  GARDEN CHURCH"},"geometry":{"type":"Polygon","coordinates":[[[72.83400981472705,18.97749709701814],[72.83383200566814,18.977526705366195],[72.83429025659689,18.977577160677285],[72.83400981472705,18.97749709701814]]]}},{"type":"Feature","properties":{"layer":"DP_77","label":"Heritage building","confidence":"confirmed","HERITAGE_P":"B M C","GRADE":"IIB","VILLAGE":"FORT","VILLAGE_DI":"FORT","WARD":"A","REMARKS":" ","TYPE":"Heritage","CREATED_US":" ","LAST_EDITE":" ","OWNERSHIP":" ","USES":" ","MHCC_NOC":" ","DATE_":" ","NOC_FOR":" ","STRUCTURE":" ","FEATURE":" ","Q":"Y","HER_NUMBER_2":"138/158","HERITAGE_NAME":"CAMA & ALBLESS HOSPITAL FOR WOMEN & CHILDREN.(CAMA & ALBLESS HOSPITAL)"},"geometry":{"type":"Polygon","coordinates":[[[72.83308700369929,18.942416024116103],[72.83259947700536,18.94166891831355],[72.83140592154743,18.94234988299753],[72.83204191057764,18.94329024599729],[72.83225499720677,18.943144631912052],[72.83250815668823,18.9434585356084],[72.83302415211988,18.943134129614073],[72.83308700369929,18.942416024116103]]]}},{"type":"Feature","properties":{"layer":"DP_77","label":"Heritage building","confidence":"confirmed","HERITAGE_P":"HORNIMAN CIRCLE","GRADE":"IIA","VILLAGE":"FORT","VILLAGE_DI":"FORT","WARD":"A","REMARKS":" ","TYPE":"Heritage","CREATED_US":" ","LAST_EDITE":" ","OWNERSHIP":" ","USES":" ","MHCC_NOC":" ","DATE_":" ","NOC_FOR":" ","STRUCTURE":" ","FEATURE":" ","Q":"Y","HER_NUMBER_2":"125/142","HERITAGE_NAME":"HORNIMAN CIRCLE WITH GARDEN AND SURROUNDING BUILDINGS, NAMELY "},"geometry":{"type":"Polygon","coordinates":[[[72.83549425983546,18.93102121153607],[72.83521211946365,18.930744949483618],[72.83495227370612,18.93094435243533],[72.8349991383707,18.931249220313774],[72.83545560208972,18.931386205194876],[72.83549425983546,18.93102121153607]]]}},{"type":"Feature","properties":{"layer":"DP_77","label":"Heritage building","confidence":"confirmed","HERITAGE_P":" ","GRADE":"IIA","VILLAGE":"FORT","VILLAGE_DI":"FORT","WARD":"A","REMARKS":" ","TYPE":"Heritage","CREATED_US":" ","LAST_EDITE":" ","OWNERSHIP":" ","USES":" ","MHCC_NOC":" ","DATE_":" ","NOC_FOR":" ","STRUCTURE":" ","FEATURE":" ","Q":"Y","HER_NUMBER_2":"291/61","HERITAGE_NAME":"224/226, CANADA BUILDING"},"geometry":{"type":"Polygon","coordinates":[[[72.83355783193608,18.936126727300216],[72.83319078882279,18.936430204654304],[72.83363821679008,18.936297631239693],[72.83355783193608,18.936126727300216]]]}},{"type":"Feature","properties":{"layer":"DP_77","label":"Heritage building","confidence":"confirmed","HERITAGE_P":"OPERA HOUSE PRECINCT","GRADE":"III","VILLAGE":"GIRGAUM","VILLAGE_DI":"GIRGAUM","WARD":"D","REMARKS":" ","TYPE":"Heritage","CREATED_US":" ","LAST_EDITE":" ","OWNERSHIP":" ","USES":" ","MHCC_NOC":" ","DATE_":" ","NOC_FOR":" ","STRUCTURE":" ","FEATURE":" ","Q":"Y","HER_NUMBER_2":"105/509","HERITAGE_NAME":"CUTCH CASTLE"},"geometry":{"type":"Polygon","coordinates":[[[72.81589520307645,18.95677383345572],[72.81636898324638,18.956939971721386],[72.81627794238779,18.95654471072749],[72.81589520307645,18.95677383345572]]]}},{"type":"Feature","properties":{"layer":"DP_77","label":"Heritage building","confidence":"confirmed","HERITAGE_P":" ","GRADE":"III","VILLAGE":" ","VILLAGE_DI":" ","WARD":"H/W","REMARKS":" ","TYPE":" ","CREATED_US":" ","CREATED_DA":-2209161600000,"LAST_EDITE":" ","LAST_EDI_1":-2209161600000,"OWNERSHIP":" ","USES":" ","MHCC_NOC":" ","DATE_":" ","NOC_FOR":" ","STRUCTURE":" ","FEATURE":" ","Q":"Y","HER_NUMBER_2":"599","HERITAGE_NAME":"34 PERRY ROAD"},"geometry":{"type":"Polygon","coordinates":[[[72.82470974075048,19.059736162098087],[72.8246979847147,19.05993363489674],[72.8249865911857,19.05994634576716],[72.82499766645691,19.05974598172756],[72.82470974075048,19.059736162098087]]]}},{"type":"Feature","properties":{"layer":"DP_77","label":"Heritage building","confidence":"confirmed","HERITAGE_P":" ","GRADE":"IIB","VILLAGE":"MALABAR HILL","VILLAGE_DI":"MALABAR HILL","WARD":"D","REMARKS":" ","TYPE":"Heritage","CREATED_US":" ","LAST_EDITE":" ","OWNERSHIP":" ","USES":" ","MHCC_NOC":" ","DATE_":" ","NOC_FOR":" ","STRUCTURE":" ","FEATURE":" ","Q":"Y","HER_NUMBER_2":"43/413","HERITAGE_NAME":"VILLA THERESA"},"geometry":{"type":"Polygon","coordinates":[[[72.80678900434927,18.966404444568564],[72.80678838824556,18.966695137111117],[72.80661958961639,18.966674829215762],[72.80744878052418,18.96649720620707],[72.80740423953495,18.965770899558834],[72.80675350244535,18.965782409214036],[72.80678900434927,18.966404444568564]]]}},{"type":"Feature","properties":{"layer":"DP_77","label":"Heritage building","confidence":"confirmed","HERITAGE_P":" ","GRADE":"IIA","VILLAGE":"BHULESHWAR","VILLAGE_DI":"BHULESHWAR","WARD":"C","REMARKS":"ALSO LISTED IN NEW AGIARY LIST AT SR. NO. 14( SETH HORMASJI BOMANJI WADIA ADARIAN)","TYPE":" ","CREATED_US":" ","CREATED_DA":-2209161600000,"LAST_EDITE":" ","LAST_EDI_1":-2209161600000,"OWNERSHIP":" ","USES":" ","MHCC_NOC":" ","DATE_":" ","NOC_FOR":" ","STRUCTURE":" ","FEATURE":" ","Q":"Y","HER_NUMBER_2":"332","HERITAGE_NAME":"SETH HORMASJI BOMANJI WADIA ATASH BEHRAM"},"geometry":{"type":"Polygon","coordinates":[[[72.82677246195958,18.945612887816033],[72.82662536826264,18.94565633971305],[72.82729609139874,18.946065666015446],[72.82748679130127,18.945760611013124],[72.82696361171766,18.945473711061105],[72.82677246195958,18.945612887816033]]]}},{"type":"Feature","properties":{"layer":"DP_77","label":"Heritage building","confidence":"confirmed","HERITAGE_P":"MARINE DRIVE PRECINCT","GRADE":"IIA","VILLAGE":"MALABAR HILL","VILLAGE_DI":"MALABAR HILL","WARD":"D","REMARKS":" ","TYPE":"Heritage","CREATED_US":" ","LAST_EDITE":" ","OWNERSHIP":" ","USES":" ","MHCC_NOC":" ","DATE_":" ","NOC_FOR":" ","STRUCTURE":" ","FEATURE":" ","Q":"Y","HER_NUMBER_2":"80/459","HERITAGE_NAME":"ORIENT CLUB"},"geometry":{"type":"Polygon","coordinates":[[[72.80943236117541,18.956463841797916],[72.80939788890667,18.956036027994088],[72.809162018698,18.95629873813127],[72.80943236117541,18.956463841797916]]]}},{"type":"Feature","properties":{"layer":"DP_77","label":"Heritage building","confidence":"confirmed","HERITAGE_P":" ","GRADE":"IIA","VILLAGE":" ","VILLAGE_DI":" ","WARD":"E","REMARKS":"AS PER NEW AGIARY LIST AT SR. NO. 36","TYPE":" ","CREATED_US":" ","CREATED_DA":-2209161600000,"LAST_EDITE":" ","LAST_EDI_1":-2209161600000,"OWNERSHIP":" ","USES":" ","MHCC_NOC":" ","DATE_":" ","NOC_FOR":" ","STRUCTURE":" ","FEATURE":" ","Q":"Y","HER_NUMBER_2":" ","HERITAGE_NAME":"MAZGAON ANJUMAN BATLIWALLA AGIARY (ADARIAN)"},"geometry":{"type":"Polygon","coordinates":[[[72.84349937480881,18.96829717346104],[72.84398523608739,18.96801572562773],[72.84378870196888,18.967753914423362],[72.84353725740937,18.967874870126437],[72.84349937480881,18.96829717346104]]]}},{"type":"Feature","properties":{"layer":"DP_77","label":"Heritage building","confidence":"confirmed","HERITAGE_P":" ","GRADE":"III","VILLAGE":"VILE PARLE","VILLAGE_DI":"VILE PARLE","WARD":"K/W","REMARKS":" ","TYPE":"Heritage","CREATED_US":" ","LAST_EDITE":" ","OWNERSHIP":" ","USES":" ","MHCC_NOC":" ","DATE_":" ","NOC_FOR":" ","STRUCTURE":" ","FEATURE":" ","Q":"Y","HER_NUMBER_2":"133/165","HERITAGE_NAME":"Noor-e-Aziz"},"geometry":{"type":"Polygon","coordinates":[[[72.84251555302728,19.116376276586585],[72.84258837017065,19.116534529167573],[72.84277678825177,19.116328450851213],[72.84251555302728,19.116376276586585]]]}},{"type":"Feature","properties":{"layer":"DP_77","label":"Heritage building","confidence":"confirmed","HERITAGE_P":" ","GRADE":"IIA","VILLAGE":" ","VILLAGE_DI":" ","WARD":"A","REMARKS":" ","TYPE":" ","CREATED_US":" ","CREATED_DA":-2209161600000,"LAST_EDITE":" ","LAST_EDI_1":-2209161600000,"OWNERSHIP":" ","USES":" ","MHCC_NOC":" ","DATE_":" ","NOC_FOR":" ","STRUCTURE":" ","FEATURE":" ","Q":"Y","HER_NUMBER_2":"2/2(iii)","HERITAGE_NAME":"NAVAL DOCKYARD (FROM LION GATE TO OLD CUSTOM HOUSE WITH CLOCK TOWER OPP. GREAT WESTERN BUILDING) iii) CLOCK TOWER & STRUCTURE SUPPORTING IT"},"geometry":{"type":"Polygon","coordinates":[[[72.83401607267194,18.927584547568816],[72.83414044885494,18.927594727844973],[72.83412923838279,18.927499953132624],[72.83401607267194,18.927584547568816]]]}},{"type":"Feature","properties":{"layer":"DP_77","label":"Heritage building","confidence":"confirmed","HERITAGE_P":" ","GRADE":"IIB","VILLAGE":"PAREL-SHIVEDI","VILLAGE_DI":"PAREL-SHIVEDI","WARD":"F/S","REMARKS":" ","TYPE":" ","CREATED_US":" ","LAST_EDITE":" ","OWNERSHIP":" ","USES":" ","MHCC_NOC":" ","DATE_":" ","NOC_FOR":" ","STRUCTURE":" ","FEATURE":" ","Q":"Y","HER_NUMBER_2":"15/492","HERITAGE_NAME":"KRISHNA NAGAR CHAWL"},"geometry":{"type":"Polygon","coordinates":[[[72.83844181200726,19.002968151129036],[72.8383998460476,19.002768198539183],[72.83758815178876,19.003005996062925],[72.83731932159459,19.003607612647553],[72.83840627593221,19.003280649603592],[72.83844181200726,19.002968151129036]]]}},{"type":"Feature","properties":{"layer":"DP_77","label":"Heritage building","confidence":"confirmed","HERITAGE_P":"BALLARD PIER","GRADE":"IIA","VILLAGE":"FORT","VILLAGE_DI":"FORT","WARD":"A","REMARKS":" ","TYPE":"Heritage","CREATED_US":" ","LAST_EDITE":" ","OWNERSHIP":" ","USES":" ","MHCC_NOC":" ","DATE_":" ","NOC_FOR":" ","STRUCTURE":" ","FEATURE":" ","Q":"Y","HER_NUMBER_2":"190/216(e)","HERITAGE_NAME":"e) INDIAN MERCANTILE CHAMBERS"},"geometry":{"type":"Polygon","coordinates":[[[72.8389803340889,18.9353411736567],[72.83870293590276,18.935425703156742],[72.83879469697025,18.935738197140967],[72.83902253284614,18.93568563284101],[72.8389803340889,18.9353411736567]]]}},{"type":"Feature","properties":{"layer":"DP_77","label":"Heritage building","confidence":"confirmed","HERITAGE_P":" ","GRADE":"IIB","VILLAGE":" ","VILLAGE_DI":" ","WARD":"A","REMARKS":" ","TYPE":" ","CREATED_US":" ","CREATED_DA":-2209161600000,"LAST_EDITE":" ","LAST_EDI_1":-2209161600000,"OWNERSHIP":" ","USES":" ","MHCC_NOC":" ","DATE_":" ","NOC_FOR":" ","STRUCTURE":" ","FEATURE":" ","Q":"Y","HER_NUMBER_2":"301/71","HERITAGE_NAME":"STATUE OF MAHADEO GOVIND RANADE"},"geometry":{"type":"Polygon","coordinates":[[[72.82935400664981,18.932635958415823],[72.82938979229901,18.93261120696873],[72.82934050594244,18.932564295668694],[72.82935400664981,18.932635958415823]]]}},{"type":"Feature","properties":{"layer":"DP_77","label":"Heritage building","confidence":"confirmed","HERITAGE_P":" ","GRADE":"III","VILLAGE":"MANDVI","VILLAGE_DI":"MANDVI","WARD":"B","REMARKS":" ","TYPE":"Heritage","CREATED_US":" ","LAST_EDITE":" ","OWNERSHIP":" ","USES":" ","MHCC_NOC":" ","DATE_":" ","NOC_FOR":" ","STRUCTURE":" ","FEATURE":" ","Q":"Y","HER_NUMBER_2":"35/118","HERITAGE_NAME":"LAXMI BUILDING"},"geometry":{"type":"Polygon","coordinates":[[[72.83367206314345,18.951051579795998],[72.83358041648074,18.95121413679727],[72.83366590701631,18.951254059428628],[72.83367206314345,18.951051579795998]]]}},{"type":"Feature","properties":{"layer":"DP_77","label":"Heritage building","confidence":"confirmed","HERITAGE_P":" ","GRADE":"IIB","VILLAGE":"MALABAR HILL","VILLAGE_DI":"MALABAR HILL","WARD":"D","REMARKS":" ","TYPE":"Heritage","CREATED_US":" ","LAST_EDITE":" ","OWNERSHIP":" ","USES":" ","MHCC_NOC":" ","DATE_":" ","NOC_FOR":" ","STRUCTURE":" ","FEATURE":" ","Q":"Y","HER_NUMBER_2":"27/390","HERITAGE_NAME":"TORNA,MUKTAGIRI AND DYNANESHWARI"},"geometry":{"type":"Polygon","coordinates":[[[72.80047674678663,18.95300248274391],[72.8011812802731,18.952779480456346],[72.80115164971023,18.952610514782325],[72.80006416279743,18.952026704313656],[72.79991913423743,18.95234678406214],[72.80047674678663,18.95300248274391]]]}},{"type":"Feature","properties":{"layer":"DP_77","label":"Heritage building","confidence":"confirmed","HERITAGE_P":" ","GRADE":"III","VILLAGE":"MAZAGAON","VILLAGE_DI":"MAZAGAON","WARD":"E","REMARKS":" ","TYPE":"Heritage","CREATED_US":" ","LAST_EDITE":" ","OWNERSHIP":" ","USES":" ","MHCC_NOC":" ","DATE_":" ","NOC_FOR":" ","STRUCTURE":" ","FEATURE":" ","Q":"Y","HER_NUMBER_2":"101/396","HERITAGE_NAME":"EUGELE MATERNITY HOME"},"geometry":{"type":"Polygon","coordinates":[[[72.8368937847306,18.976224911961534],[72.83681578674064,18.97589486356856],[72.83633941745286,18.975837310317807],[72.83617751822749,18.976188859791492],[72.8368937847306,18.976224911961534]]]}},{"type":"Feature","properties":{"layer":"DP_77","label":"Heritage building","confidence":"confirmed","HERITAGE_P":" ","GRADE":"IIB","VILLAGE":"BHULESHWAR","VILLAGE_DI":"BHULESHWAR","WARD":"C","REMARKS":" ","TYPE":"Heritage","CREATED_US":" ","LAST_EDITE":" ","OWNERSHIP":" ","USES":" ","MHCC_NOC":" ","DATE_":" ","NOC_FOR":" ","STRUCTURE":" ","FEATURE":" ","Q":"Y","HER_NUMBER_2":"344","HERITAGE_NAME":"PARSI GYMKHANA"},"geometry":{"type":"Polygon","coordinates":[[[72.82376482379921,18.945351305954798],[72.82435141878318,18.9445057712857],[72.82311067788564,18.943945092761062],[72.82274426344972,18.944931792174838],[72.82376482379921,18.945351305954798]]]}},{"type":"Feature","properties":{"layer":"DP_77","label":"Heritage building","confidence":"confirmed","HERITAGE_P":" ","GRADE":"III","VILLAGE":" ","VILLAGE_DI":" ","WARD":"E","REMARKS":"SR NO 399","TYPE":" ","CREATED_US":" ","CREATED_DA":-2209161600000,"LAST_EDITE":" ","LAST_EDI_1":-2209161600000,"OWNERSHIP":" ","USES":" ","MHCC_NOC":" ","DATE_":" ","NOC_FOR":" ","STRUCTURE":" ","FEATURE":" ","Q":"Y","HER_NUMBER_2":"104/399","HERITAGE_NAME":"IQBAL MANSION"},"geometry":{"type":"Polygon","coordinates":[[[72.83881664044162,18.976389613109557],[72.83909945049373,18.976595338014693],[72.83901659448867,18.97638136929623],[72.83881664044162,18.976389613109557]]]}},{"type":"Feature","properties":{"layer":"DP_77","label":"Heritage building","confidence":"confirmed","HERITAGE_P":" ","GRADE":"III","VILLAGE":"BANDRA-C","VILLAGE_DI":"BANDRA-C","WARD":"H/W","REMARKS":" ","TYPE":"Heritage","CREATED_US":" ","LAST_EDITE":" ","OWNERSHIP":" ","USES":" ","MHCC_NOC":" ","DATE_":" ","NOC_FOR":" ","STRUCTURE":" ","FEATURE":" ","Q":"Y","HER_NUMBER_2":"36/048","HERITAGE_NAME":"MISTRY HOUSE"},"geometry":{"type":"Polygon","coordinates":[[[72.82899846894468,19.05687277741],[72.82888332008328,19.05727117035146],[72.82904585345642,19.057302266478604],[72.82899846894468,19.05687277741]]]}},{"type":"Feature","properties":{"layer":"DP_77","label":"Heritage building","confidence":"confirmed","HERITAGE_P":" ","GRADE":"IIB","VILLAGE":"MALABAR CUMBALA HILL","VILLAGE_DI":"MALABAR CUMBALA HILL","WARD":"D","REMARKS":" ","TYPE":" ","CREATED_US":" ","LAST_EDITE":" ","OWNERSHIP":" ","USES":" ","MHCC_NOC":" ","DATE_":" ","NOC_FOR":" ","STRUCTURE":" ","FEATURE":" ","Q":"Y","HER_NUMBER_2":"107/511","HERITAGE_NAME":"RAJ BHAVAN COMPLEX"},"geometry":{"type":"Polygon","coordinates":[[[72.80114918415003,18.948901914296876],[72.79965991828159,18.94859060540206],[72.79810803540744,18.947486109325435],[72.79767312069745,18.946146322495224],[72.7955779343876,18.944079519701646],[72.79516542977952,18.941634306561976],[72.79425618106224,18.9397079954867],[72.79477591478621,18.93971347388302],[72.79330150050825,18.93921205951102],[72.79259689824384,18.939653802317697],[72.79246365857117,18.940030486366577],[72.79338498903117,18.941945376872955],[72.79324534659125,18.942738585526495],[72.79364167124781,18.943801788120073],[72.79451788581282,18.943655165795615],[72.79495575234473,18.944532631942906],[72.79532919938634,18.94460323253889],[72.79618909336364,18.945721685477096],[72.79600169913591,18.946289706210425],[72.79630186664991,18.946647915195314],[72.79660314315426,18.946496110938465],[72.79720499829332,18.946920249108167],[72.79865487320534,18.948534287647973],[72.8008628518007,18.949545685662514],[72.80114918415003,18.948901914296876]]]}},{"type":"Feature","properties":{"layer":"DP_77","label":"Heritage building","confidence":"confirmed","HERITAGE_P":" ","GRADE":"IIB","VILLAGE":"BYCULLA","VILLAGE_DI":"BYCULLA","WARD":"E","REMARKS":" ","TYPE":"Heritage","CREATED_US":" ","LAST_EDITE":" ","OWNERSHIP":" ","USES":" ","MHCC_NOC":" ","DATE_":" ","NOC_FOR":" ","STRUCTURE":" ","FEATURE":" ","Q":"Y","HER_NUMBER_2":"27/319","HERITAGE_NAME":"UKKAJI AAIKONDE MARUTI DEVALAYA"},"geometry":{"type":"Polygon","coordinates":[[[72.82717037330161,18.963490953705403],[72.82718532197066,18.963611327164724],[72.82734594388299,18.963602850965735],[72.82717037330161,18.963490953705403]]]}},{"type":"Feature","properties":{"layer":"DP_77","label":"Heritage building","confidence":"confirmed","HERITAGE_P":" ","GRADE":"IIA","VILLAGE":"FORT","VILLAGE_DI":"FORT","WARD":"A","REMARKS":" ","TYPE":"Heritage","CREATED_US":" ","LAST_EDITE":" ","OWNERSHIP":" ","USES":" ","MHCC_NOC":" ","DATE_":" ","NOC_FOR":" ","STRUCTURE":" ","FEATURE":" ","Q":"Y","HER_NUMBER_2":"98/114","HERITAGE_NAME":"PENINUSULA HOUSE (PIRAMAL MANSION)"},"geometry":{"type":"Polygon","coordinates":[[[72.83395692597513,18.93569438656687],[72.8337456677249,18.935618868664196],[72.83373765019489,18.93572736873224],[72.83395692597513,18.93569438656687]]]}},{"type":"Feature","properties":{"layer":"DP_77","label":"Heritage building","confidence":"confirmed","HERITAGE_P":" ","GRADE":"IIB","VILLAGE":"WORLI","VILLAGE_DI":"WORLI","WARD":"G/S","REMARKS":" ","TYPE":"Heritage","CREATED_US":" ","LAST_EDITE":" ","OWNERSHIP":" ","USES":" ","MHCC_NOC":" ","DATE_":" ","NOC_FOR":" ","STRUCTURE":" ","FEATURE":" ","Q":"Y","HER_NUMBER_2":"3/550","HERITAGE_NAME":"MA HAJIANI DARGAH COMPLEX i) HAJI ISMAIL YUSUF'S TOMBii) SIR MOHAMMAD YUSUF'S TOMB"},"geometry":{"type":"Polygon","coordinates":[[[72.81193574041089,18.987661722347838],[72.81149708405593,18.98714796038456],[72.81133809078284,18.987325203484126],[72.81152333013405,18.987749020189074],[72.81193574041089,18.987661722347838]]]}},{"type":"Feature","properties":{"layer":"DP_77","label":"Heritage building","confidence":"confirmed","HERITAGE_P":"KHOTACHI WADI PRECINCT","GRADE":"III","VILLAGE":"GIRGAUM","VILLAGE_DI":"GIRGAUM","WARD":"D","REMARKS":" ","TYPE":"Heritage","CREATED_US":" ","LAST_EDITE":" ","OWNERSHIP":" ","USES":" ","MHCC_NOC":" ","DATE_":" ","NOC_FOR":" ","STRUCTURE":" ","FEATURE":" ","Q":"Y","HER_NUMBER_2":"113/519","HERITAGE_NAME":"PAREIRA HOUSE / BLDG. NO. 38"},"geometry":{"type":"Polygon","coordinates":[[[72.82037033993437,18.955514914211655],[72.82039109810741,18.955703969101332],[72.8204560706374,18.955533010422997],[72.82037033993437,18.955514914211655]]]}},{"type":"Feature","properties":{"layer":"DP_77","label":"Heritage building","confidence":"confirmed","HERITAGE_P":" ","GRADE":"III","VILLAGE":"BYCULLA","VILLAGE_DI":"BYCULLA","WARD":"E","REMARKS":" ","TYPE":"Heritage","CREATED_US":" ","LAST_EDITE":" ","OWNERSHIP":" ","USES":" ","MHCC_NOC":" ","DATE_":" ","NOC_FOR":" ","STRUCTURE":" ","FEATURE":" ","Q":"Y","HER_NUMBER_2":"29/321","HERITAGE_NAME":"PRABHAKAR BUILDING"},"geometry":{"type":"Polygon","coordinates":[[[72.82673871639886,18.963560101032122],[72.82683490387646,18.96350984606796],[72.8267242675253,18.963463011237327],[72.82673871639886,18.963560101032122]]]}},{"type":"Feature","properties":{"layer":"DP_77","label":"Heritage building","confidence":"confirmed","HERITAGE_P":" ","GRADE":"IIA","VILLAGE":"BHULESHWAR","VILLAGE_DI":"BHULESHWAR","WARD":"C","REMARKS":" ","TYPE":"Heritage","CREATED_US":" ","LAST_EDITE":" ","OWNERSHIP":" ","USES":" ","MHCC_NOC":" ","DATE_":" ","NOC_FOR":" ","STRUCTURE":" ","FEATURE":" ","Q":"Y","HER_NUMBER_2":"10/149","HERITAGE_NAME":"POLICEGYMKHANA GROUND"},"geometry":{"type":"Polygon","coordinates":[[[72.82056236267435,18.949254479999244],[72.82083023344023,18.949444739730488],[72.82129682790392,18.948919882919387],[72.8205783017809,18.948427189916803],[72.82005438481812,18.948881779465044],[72.82056236267435,18.949254479999244]]]}},{"type":"Feature","properties":{"layer":"DP_77","label":"Heritage building","confidence":"confirmed","HERITAGE_P":" ","GRADE":"III","VILLAGE":"DADAR-NAIGAON","VILLAGE_DI":"DADAR-NAIGAON","WARD":"F/S","REMARKS":" ","TYPE":"Heritage","CREATED_US":" ","LAST_EDITE":" ","OWNERSHIP":" ","USES":" ","MHCC_NOC":" ","DATE_":" ","NOC_FOR":" ","STRUCTURE":" ","FEATURE":" ","Q":"Y","HER_NUMBER_2":"10/486","HERITAGE_NAME":"KAVARANA BUILDING"},"geometry":{"type":"Polygon","coordinates":[[[72.84158180613557,19.013929545566565],[72.84146772645042,19.013968040559188],[72.84155621069016,19.014202234898264],[72.84158180613557,19.013929545566565]]]}},{"type":"Feature","properties":{"layer":"DP_77","label":"Heritage building","confidence":"confirmed","HERITAGE_P":"GATEWAY","GRADE":"III","VILLAGE":"COLABA","VILLAGE_DI":"COLABA","WARD":"A","REMARKS":" ","TYPE":"Heritage","CREATED_US":" ","LAST_EDITE":" ","OWNERSHIP":" ","USES":" ","MHCC_NOC":" ","DATE_":" ","NOC_FOR":" ","STRUCTURE":" ","FEATURE":" ","Q":"Y","HER_NUMBER_2":"164/186","HERITAGE_NAME":"RED SHIELD HOUSE"},"geometry":{"type":"Polygon","coordinates":[[[72.832099244583,18.921183898826573],[72.83188616729716,18.92126555018775],[72.83195389157785,18.92143141071883],[72.832099244583,18.921183898826573]]]}},{"type":"Feature","properties":{"layer":"DP_77","label":"Heritage building","confidence":"confirmed","HERITAGE_P":" ","GRADE":"IIA","VILLAGE":" ","VILLAGE_DI":" ","WARD":"A","REMARKS":" ","TYPE":" ","CREATED_US":" ","CREATED_DA":-2209161600000,"LAST_EDITE":" ","LAST_EDI_1":-2209161600000,"OWNERSHIP":" ","USES":" ","MHCC_NOC":" ","DATE_":" ","NOC_FOR":" ","STRUCTURE":" ","FEATURE":" ","Q":"Y","HER_NUMBER_2":"2/2(vii)","HERITAGE_NAME":"NAVAL DOCKYARD (FROM  LION GATE TO OLD CUSTOM HOUSE WITH CLOCK TOWER OPP. GREAT WESTERN BUILDING) vii) THREE AGENCIES NAD, CQE, CTS"},"geometry":{"type":"Polygon","coordinates":[[[72.83731808664756,18.930702860071953],[72.83720332831211,18.93058633339561],[72.8366007262226,18.93104395413677],[72.83671233766914,18.931179581009772],[72.83731808664756,18.930702860071953]]]}},{"type":"Feature","properties":{"layer":"DP_77","label":"Heritage building","confidence":"confirmed","HERITAGE_P":" ","GRADE":"III","VILLAGE":"MALABAR HILL","VILLAGE_DI":"MALABAR HILL","WARD":"D","REMARKS":" ","TYPE":"Heritage","CREATED_US":" ","LAST_EDITE":" ","OWNERSHIP":" ","USES":" ","MHCC_NOC":" ","DATE_":" ","NOC_FOR":" ","STRUCTURE":" ","FEATURE":" ","Q":"Y","HER_NUMBER_2":"152/275","HERITAGE_NAME":"PUTLA MANSION"},"geometry":{"type":"Polygon","coordinates":[[[72.80272362832817,18.964233584733616],[72.80299362579338,18.964409724599854],[72.80282758488597,18.96410482122451],[72.80272362832817,18.964233584733616]]]}},{"type":"Feature","properties":{"layer":"DP_77","label":"Heritage building","confidence":"confirmed","HERITAGE_P":"ESPLANDE","GRADE":"IIB","VILLAGE":"FORT","VILLAGE_DI":"FORT","WARD":"A","REMARKS":" ","TYPE":"Heritage","CREATED_US":" ","LAST_EDITE":" ","OWNERSHIP":" ","USES":" ","MHCC_NOC":" ","DATE_":" ","NOC_FOR":" ","STRUCTURE":" ","FEATURE":" ","Q":"Y","HER_NUMBER_2":"92/108","HERITAGE_NAME":"ANAND BHAVAN"},"geometry":{"type":"Polygon","coordinates":[[[72.83212365877833,18.933916071845683],[72.83194760073872,18.933671538036375],[72.83181132798843,18.93402912309082],[72.83212365877833,18.933916071845683]]]}},{"type":"Feature","properties":{"layer":"DP_77","label":"Heritage building","confidence":"confirmed","HERITAGE_P":" ","GRADE":"III","VILLAGE":"MATUNGA","VILLAGE_DI":"MATUNGA","WARD":"F/N","REMARKS":" ","TYPE":"Heritage","CREATED_US":" ","LAST_EDITE":" ","OWNERSHIP":" ","USES":" ","MHCC_NOC":" ","DATE_":" ","NOC_FOR":" ","STRUCTURE":" ","FEATURE":" ","Q":"Y","HER_NUMBER_2":"35/464","HERITAGE_NAME":"674, ASHTAD"},"geometry":{"type":"Polygon","coordinates":[[[72.8542648746599,19.01829933139762],[72.8544431429517,19.018190570952672],[72.85423554990003,19.018075254991782],[72.8542648746599,19.01829933139762]]]}},{"type":"Feature","properties":{"layer":"DP_77","label":"Heritage building","confidence":"confirmed","HERITAGE_P":"GATEWAY","GRADE":"III","VILLAGE":"COLABA","VILLAGE_DI":"COLABA","WARD":"A","REMARKS":" ","TYPE":"Heritage","CREATED_US":" ","LAST_EDITE":" ","OWNERSHIP":" ","USES":" ","MHCC_NOC":" ","DATE_":" ","NOC_FOR":" ","STRUCTURE":" ","FEATURE":" ","Q":"Y","HER_NUMBER_2":"163/185(e)","HERITAGE_NAME":"BUILDINGS ON SHREE BOMAN CAWASJI BOMAN BEHRAM MARG (FORMERLY KNOWN AS MEREWEATHER ROAD) WITH SPECIAL FOCUS ON e) ABBAS HOUSE"},"geometry":{"type":"Polygon","coordinates":[[[72.83237115709859,18.920611916613296],[72.83217533211659,18.92085663527433],[72.83249940518714,18.920802117757223],[72.83237115709859,18.920611916613296]]]}},{"type":"Feature","properties":{"layer":"DP_77","label":"Heritage building","confidence":"confirmed","HERITAGE_P":" ","GRADE":"III","VILLAGE":"BHULESHWAR","VILLAGE_DI":" ","WARD":"C","REMARKS":" ","TYPE":" ","CREATED_US":" ","CREATED_DA":-2209161600000,"LAST_EDITE":" ","LAST_EDI_1":-2209161600000,"OWNERSHIP":" ","USES":" ","MHCC_NOC":" ","DATE_":" ","NOC_FOR":" ","STRUCTURE":" ","FEATURE":" ","Q":"Y","HER_NUMBER_2":"351","HERITAGE_NAME":"VITTHAL MANDIR, SANT SENA BHUVAN"},"geometry":{"type":"Polygon","coordinates":[[[72.82754785541348,18.957695646133867],[72.82723932321436,18.957645838282264],[72.82723890575734,18.957824408128317],[72.82754785541348,18.957695646133867]]]}},{"type":"Feature","properties":{"layer":"DP_77","label":"Heritage building","confidence":"confirmed","HERITAGE_P":" ","GRADE":"IIB","VILLAGE":"GIRGAUM","VILLAGE_DI":"GIRGAUM","WARD":"D","REMARKS":" ","TYPE":"Heritage","CREATED_US":" ","LAST_EDITE":" ","OWNERSHIP":" ","USES":" ","MHCC_NOC":" ","DATE_":" ","NOC_FOR":" ","STRUCTURE":" ","FEATURE":" ","Q":"Y","HER_NUMBER_2":"124/228","HERITAGE_NAME":"WIGRAM HALL"},"geometry":{"type":"Polygon","coordinates":[[[72.81586348081487,18.960067814334593],[72.81596407489711,18.960182730470116],[72.81595830442222,18.959951609006033],[72.81586348081487,18.960067814334593]]]}},{"type":"Feature","properties":{"layer":"DP_77","label":"Heritage building","confidence":"confirmed","HERITAGE_P":" ","GRADE":"III","VILLAGE":"FORT","VILLAGE_DI":"FORT","WARD":"A","REMARKS":" ","TYPE":"Heritage","CREATED_US":" ","LAST_EDITE":" ","OWNERSHIP":" ","USES":" ","MHCC_NOC":" ","DATE_":" ","NOC_FOR":" ","STRUCTURE":" ","FEATURE":" ","Q":"Y","HER_NUMBER_2":"259/24","HERITAGE_NAME":"MARSON BELVEDERE"},"geometry":{"type":"Polygon","coordinates":[[[72.82763565571683,18.93800134478177],[72.82779454271915,18.937678798939416],[72.82740782105296,18.93762972704888],[72.82737289171618,18.93794890688514],[72.82763565571683,18.93800134478177]]]}},{"type":"Feature","properties":{"layer":"DP_77","label":"Heritage building","confidence":"confirmed","HERITAGE_P":"ESPLANDE","GRADE":"IIA","VILLAGE":"FORT","VILLAGE_DI":"FORT","WARD":"A","REMARKS":" ","TYPE":"Heritage","CREATED_US":" ","LAST_EDITE":" ","OWNERSHIP":" ","USES":" ","MHCC_NOC":" ","DATE_":" ","NOC_FOR":" ","STRUCTURE":" ","FEATURE":" ","Q":"Y","HER_NUMBER_2":"157/178","HERITAGE_NAME":"STANDARD CHARTERED BANK BUILDING (CHARTERED BANK BLDG.)"},"geometry":{"type":"Polygon","coordinates":[[[72.83175241584134,18.9338929326213],[72.83142233319579,18.933753587103954],[72.83138802979138,18.93440939218548],[72.83162378832847,18.934431666361302],[72.83175241584134,18.9338929326213]]]}},{"type":"Feature","properties":{"layer":"DP_77","label":"Heritage building","confidence":"confirmed","HERITAGE_P":"CANTONMENT","GRADE":"I","VILLAGE":"COLABA","VILLAGE_DI":"COLABA","WARD":"A","REMARKS":" ","TYPE":"Heritage","CREATED_US":" ","LAST_EDITE":" ","OWNERSHIP":" ","USES":" ","MHCC_NOC":" ","DATE_":" ","NOC_FOR":" ","STRUCTURE":" ","FEATURE":" ","Q":"Y","HER_NUMBER_2":"10/10","HERITAGE_NAME":"CHURCH OF ST. JOHN THE EVENGELIST (ST.JOHN'S CHURCH)"},"geometry":{"type":"Polygon","coordinates":[[[72.81627435350556,18.90693607213011],[72.81664832231297,18.90675104417075],[72.81645494566534,18.90622760808287],[72.81613056653536,18.90606809399841],[72.81582986294424,18.90637941784802],[72.8159586331765,18.906816330455534],[72.81627435350556,18.90693607213011]]]}},{"type":"Feature","properties":{"layer":"DP_77","label":"Heritage building","confidence":"confirmed","HERITAGE_P":" ","GRADE":"IIA","VILLAGE":"BHULESHWAR","VILLAGE_DI":"BHULESHWAR","WARD":"C","REMARKS":" ","TYPE":"Heritage","CREATED_US":" ","LAST_EDITE":" ","OWNERSHIP":" ","USES":" ","MHCC_NOC":" ","DATE_":" ","NOC_FOR":" ","STRUCTURE":" ","FEATURE":" ","Q":"Y","HER_NUMBER_2":"36/181","HERITAGE_NAME":"COTTAN EXCHANGE BUILDING"},"geometry":{"type":"Polygon","coordinates":[[[72.82985854172584,18.952014223330018],[72.82985430692173,18.951828315684192],[72.82979397681063,18.952228280142236],[72.83000432224333,18.95217406385162],[72.82985854172584,18.952014223330018]]]}},{"type":"Feature","properties":{"layer":"DP_77","label":"Heritage building","confidence":"confirmed","HERITAGE_P":" ","GRADE":"IIB","VILLAGE":" ","VILLAGE_DI":" ","WARD":"G/N","REMARKS":" ","TYPE":" ","CREATED_US":" ","CREATED_DA":-2209161600000,"LAST_EDITE":" ","LAST_EDI_1":-2209161600000,"OWNERSHIP":" ","USES":" ","MHCC_NOC":" ","DATE_":" ","NOC_FOR":" ","STRUCTURE":" ","FEATURE":" ","Q":"Y","HER_NUMBER_2":"5/555","HERITAGE_NAME":"Mayor's bungalow"},"geometry":{"type":"Polygon","coordinates":[[[72.83670126692431,19.029078702437896],[72.83664651654972,19.029071681419456],[72.83665824386475,19.029107189358783],[72.83670126692431,19.029078702437896]]]}},{"type":"Feature","properties":{"layer":"DP_77","label":"Heritage building","confidence":"confirmed","HERITAGE_P":" ","GRADE":"III","VILLAGE":"GIRGAUM","VILLAGE_DI":"GIRGAUM","WARD":"D","REMARKS":" ","TYPE":"Heritage","CREATED_US":" ","LAST_EDITE":" ","OWNERSHIP":" ","USES":" ","MHCC_NOC":" ","DATE_":" ","NOC_FOR":" ","STRUCTURE":" ","FEATURE":" ","Q":"Y","HER_NUMBER_2":"108/512","HERITAGE_NAME":"WILSON HIGH SCHOOL"},"geometry":{"type":"Polygon","coordinates":[[[72.82423749850706,18.95723175997294],[72.82456366334156,18.95724094987214],[72.82437126710904,18.9564929242739],[72.82397771444795,18.95663691253247],[72.82423749850706,18.95723175997294]]]}},{"type":"Feature","properties":{"layer":"DP_77","label":"Heritage building","confidence":"confirmed","HERITAGE_P":" ","GRADE":"III","VILLAGE":"BANDRA-E","VILLAGE_DI":"BANDRA-E","WARD":"H/W","REMARKS":" ","TYPE":"Heritage","CREATED_US":" ","LAST_EDITE":" ","OWNERSHIP":" ","USES":" ","MHCC_NOC":" ","DATE_":" ","NOC_FOR":" ","STRUCTURE":" ","FEATURE":" ","Q":"Y","HER_NUMBER_2":"89/110","HERITAGE_NAME":"CHANDRIKA SADAN"},"geometry":{"type":"Polygon","coordinates":[[[72.8352559476601,19.069980478752683],[72.83538713938667,19.07006185851729],[72.8353733393071,19.06980394112461],[72.8352559476601,19.069980478752683]]]}},{"type":"Feature","properties":{"layer":"DP_77","label":"Heritage building","confidence":"confirmed","HERITAGE_P":" ","GRADE":"I","VILLAGE":"BANDRA-C","VILLAGE_DI":"BANDRA-C","WARD":"H/W","REMARKS":" ","TYPE":"Heritage","CREATED_US":" ","LAST_EDITE":" ","OWNERSHIP":" ","USES":" ","MHCC_NOC":" ","DATE_":" ","NOC_FOR":" ","STRUCTURE":" ","FEATURE":" ","Q":"Y","HER_NUMBER_2":"578","HERITAGE_NAME":"CROSSES ON CROSS ROADS"},"geometry":{"type":"Polygon","coordinates":[[[72.82329798696404,19.065655118173808],[72.82338892791921,19.065620607468343],[72.8233424656669,19.065557911157125],[72.82329798696404,19.065655118173808]]]}},{"type":"Feature","properties":{"layer":"DP_77","label":"Heritage building","confidence":"confirmed","HERITAGE_P":" ","GRADE":"IIB","VILLAGE":" ","VILLAGE_DI":" ","WARD":"E","REMARKS":" ","TYPE":" ","CREATED_US":" ","CREATED_DA":-2209161600000,"LAST_EDITE":" ","LAST_EDI_1":-2209161600000,"OWNERSHIP":" ","USES":" ","MHCC_NOC":" ","DATE_":" ","NOC_FOR":" ","STRUCTURE":" ","FEATURE":" ","Q":"Y","HER_NUMBER_2":"74/365","HERITAGE_NAME":"CHIEF MECHANICAL ENGINEER OFFICE"},"geometry":{"type":"Polygon","coordinates":[[[72.8470102266511,18.96421341419212],[72.84690477927037,18.9645041165941],[72.84707037099109,18.964472265664444],[72.8470102266511,18.96421341419212]]]}},{"type":"Feature","properties":{"layer":"DP_77","label":"Heritage building","confidence":"confirmed","HERITAGE_P":" ","GRADE":"IIA","VILLAGE":"WORLI","VILLAGE_DI":"WORLI","WARD":"G/S","REMARKS":" ","TYPE":"Heritage","CREATED_US":" ","LAST_EDITE":" ","OWNERSHIP":" ","USES":" ","MHCC_NOC":" ","DATE_":" ","NOC_FOR":" ","STRUCTURE":" ","FEATURE":" ","Q":"Y","HER_NUMBER_2":"21/585","HERITAGE_NAME":"LAL BAHADUR SHASTRI GARDEN & RESERVOIR"},"geometry":{"type":"Polygon","coordinates":[[[72.8160728745099,19.00829882383837],[72.81701390404619,19.00795950164274],[72.81687050413993,19.00767178218463],[72.81594896896297,19.007943398176856],[72.8160728745099,19.00829882383837]]]}},{"type":"Feature","properties":{"layer":"DP_77","label":"Heritage building","confidence":"confirmed","HERITAGE_P":"FOUNTAIN","GRADE":"IIA","VILLAGE":"FORT","VILLAGE_DI":"FORT","WARD":"A","REMARKS":" ","TYPE":"Heritage","CREATED_US":" ","LAST_EDITE":" ","OWNERSHIP":" ","USES":" ","MHCC_NOC":" ","DATE_":" ","NOC_FOR":" ","STRUCTURE":" ","FEATURE":" ","Q":"Y","HER_NUMBER_2":"125/142(b)","HERITAGE_NAME":"HORNIMAN CIRCLE WITH GARDEN AND SURROUNDING BUILDINGS, NAMELY b) HONGKONG & SHANGHAI BANK ( FORMERLY BRITISH BANK OF THE MIDDLE EAST BLDG.)"},"geometry":{"type":"Polygon","coordinates":[[[72.83355345015576,18.932643572985015],[72.8335604905704,18.932367074665265],[72.83334227620395,18.93239147732068],[72.83355345015576,18.932643572985015]]]}},{"type":"Feature","properties":{"layer":"DP_77","label":"Heritage building","confidence":"confirmed","HERITAGE_P":" ","GRADE":"IIA","VILLAGE":"FORT","VILLAGE_DI":"FORT","WARD":"A","REMARKS":" ","TYPE":"Heritage","CREATED_US":" ","LAST_EDITE":" ","OWNERSHIP":" ","USES":" ","MHCC_NOC":" ","DATE_":" ","NOC_FOR":" ","STRUCTURE":" ","FEATURE":" ","Q":"Y","HER_NUMBER_2":"262/29","HERITAGE_NAME":"MUSAPHIR KHANA"},"geometry":{"type":"Polygon","coordinates":[[[72.83668448034024,18.948698809335085],[72.83704349026817,18.9487100555081],[72.8370435649868,18.948038532516396],[72.83670438615827,18.948028170077777],[72.83668448034024,18.948698809335085]]]}},{"type":"Feature","properties":{"layer":"DP_77","label":"Heritage building","confidence":"confirmed","HERITAGE_P":" ","GRADE":"III","VILLAGE":"BHULESHWAR","VILLAGE_DI":"BHULESHWAR","WARD":"C","REMARKS":" ","TYPE":"Heritage","CREATED_US":" ","LAST_EDITE":" ","OWNERSHIP":" ","USES":" ","MHCC_NOC":" ","DATE_":" ","NOC_FOR":" ","STRUCTURE":" ","FEATURE":" ","Q":"Y","HER_NUMBER_2":"274","HERITAGE_NAME":"LARGE ORDINARY STRUCTURE FOR DRINKING WATER, BEST SUB STAION, A GARBAGE DUMP YARD AND COM"},"geometry":{"type":"Polygon","coordinates":[[[72.83146320513444,18.952386495135176],[72.83147158927201,18.95243821359838],[72.83153349753822,18.952430650621167],[72.83146320513444,18.952386495135176]]]}},{"type":"Feature","properties":{"layer":"DP_77","label":"Heritage building","confidence":"confirmed","HERITAGE_P":" ","GRADE":"III","VILLAGE":"MATUNGA","VILLAGE_DI":"MATUNGA","WARD":"F/N","REMARKS":" ","TYPE":"Heritage","CREATED_US":" ","LAST_EDITE":" ","OWNERSHIP":" ","USES":" ","MHCC_NOC":" ","DATE_":" ","NOC_FOR":" ","STRUCTURE":" ","FEATURE":" ","Q":"Y","HER_NUMBER_2":"21/448","HERITAGE_NAME":"761, NAJABHAI MENSION"},"geometry":{"type":"Polygon","coordinates":[[[72.8502047155031,19.017973935074767],[72.85033796192779,19.017764734274103],[72.8501138257627,19.017600645854554],[72.84996676618616,19.0178249662464],[72.8502047155031,19.017973935074767]]]}},{"type":"Feature","properties":{"layer":"DP_77","label":"Heritage building","confidence":"confirmed","HERITAGE_P":" ","GRADE":"IIB","VILLAGE":"WORLI","VILLAGE_DI":"WORLI","WARD":"G/S","REMARKS":" ","TYPE":"Heritage","CREATED_US":" ","LAST_EDITE":" ","OWNERSHIP":" ","USES":" ","MHCC_NOC":" ","DATE_":" ","NOC_FOR":" ","STRUCTURE":" ","FEATURE":" ","Q":"Y","HER_NUMBER_2":"14/576","HERITAGE_NAME":"KEDARESHWAR MAHADEV MANDIR COMPLEX"},"geometry":{"type":"Polygon","coordinates":[[[72.81782724201628,19.00709322685083],[72.8182009740445,19.007017794566107],[72.81792986710883,19.00688750409178],[72.81782724201628,19.00709322685083]]]}},{"type":"Feature","properties":{"layer":"DP_77","label":"Heritage building","confidence":"confirmed","HERITAGE_P":"OVAL","GRADE":"IIA","VILLAGE":"FORT","VILLAGE_DI":"FORT","WARD":"A","REMARKS":" ","TYPE":"Heritage","CREATED_US":" ","LAST_EDITE":" ","OWNERSHIP":" ","USES":" ","MHCC_NOC":" ","DATE_":" ","NOC_FOR":" ","STRUCTURE":" ","FEATURE":" ","Q":"Y","HER_NUMBER_2":"235/629","HERITAGE_NAME":"PARSI WELL NEAR FLORA FOUNTAIN"},"geometry":{"type":"Polygon","coordinates":[[[72.82986198690197,18.932940867114688],[72.82985606502473,18.933008219859598],[72.82990113125133,18.932999685638425],[72.82986198690197,18.932940867114688]]]}},{"type":"Feature","properties":{"layer":"DP_77","label":"Heritage building","confidence":"confirmed","HERITAGE_P":" ","GRADE":"III","VILLAGE":"LOWER PAREL","VILLAGE_DI":"LOWER PAREL","WARD":"G/S","REMARKS":" ","TYPE":"Heritage","CREATED_US":" ","LAST_EDITE":" ","OWNERSHIP":" ","USES":" ","MHCC_NOC":" ","DATE_":" ","NOC_FOR":" ","STRUCTURE":" ","FEATURE":" ","Q":"Y","HER_NUMBER_2":"5/552","HERITAGE_NAME":"PODDAR HOSPITAL & COLLEGE"},"geometry":{"type":"Polygon","coordinates":[[[72.8160697049116,19.001182771146812],[72.8157918100952,19.001693200028242],[72.81584891692623,19.00254253344697],[72.8165591178675,19.003837770347793],[72.81682893541411,19.003940161147174],[72.81740972217746,19.00364153241546],[72.81735621627531,19.003371670521037],[72.8160697049116,19.001182771146812]]]}},{"type":"Feature","properties":{"layer":"DP_77","label":"Heritage building","confidence":"confirmed","HERITAGE_P":" ","GRADE":"III","VILLAGE":"BHULESHWAR","VILLAGE_DI":"BHULESHWAR","WARD":"C","REMARKS":" ","TYPE":"Heritage","CREATED_US":" ","LAST_EDITE":" ","OWNERSHIP":" ","USES":" ","MHCC_NOC":" ","DATE_":" ","NOC_FOR":" ","STRUCTURE":" ","FEATURE":" ","Q":"Y","HER_NUMBER_2":"24/171","HERITAGE_NAME":"MUKUND NIWAS"},"geometry":{"type":"Polygon","coordinates":[[[72.82642686764036,18.949441185094297],[72.82620354191465,18.94970450641147],[72.82627198561383,18.949764320736396],[72.82642686764036,18.949441185094297]]]}},{"type":"Feature","properties":{"layer":"DP_77","label":"Heritage building","confidence":"confirmed","HERITAGE_P":" ","GRADE":"III","VILLAGE":"MALABAR HILL","VILLAGE_DI":"MALABAR HILL","WARD":"D","REMARKS":" ","TYPE":"Heritage","CREATED_US":" ","LAST_EDITE":" ","OWNERSHIP":" ","USES":" ","MHCC_NOC":" ","DATE_":" ","NOC_FOR":" ","STRUCTURE":" ","FEATURE":" ","Q":"Y","HER_NUMBER_2":"49/422","HERITAGE_NAME":"DUNEDIN"},"geometry":{"type":"Polygon","coordinates":[[[72.7960107732427,18.94907394813123],[72.79674265124095,18.948841959103696],[72.79661873570063,18.94846757412507],[72.79579196990551,18.948595661651307],[72.7960107732427,18.94907394813123]]]}},{"type":"Feature","properties":{"layer":"DP_77","label":"Heritage building","confidence":"confirmed","HERITAGE_P":"CANTONMENT","GRADE":"IIB","VILLAGE":"COLABA","VILLAGE_DI":"COLABA","WARD":"A","REMARKS":" ","TYPE":"Heritage","CREATED_US":" ","LAST_EDITE":" ","OWNERSHIP":" ","USES":" ","MHCC_NOC":" ","DATE_":" ","NOC_FOR":" ","STRUCTURE":" ","FEATURE":" ","Q":"Y","HER_NUMBER_2":"24/27","HERITAGE_NAME":"BUNGLOW'S OPP. THE COLABA OBSERVATORY 2) 17-NAPIER ROAD"},"geometry":{"type":"Polygon","coordinates":[[[72.81179259407712,18.897492718221653],[72.81185942128373,18.897693923948523],[72.81223580813166,18.89765068857797],[72.81207242197956,18.89734369559883],[72.81179259407712,18.897492718221653]]]}},{"type":"Feature","properties":{"layer":"DP_77","label":"Heritage building","confidence":"confirmed","HERITAGE_P":" ","GRADE":"IIB","VILLAGE":"VILE PARLE","VILLAGE_DI":"VILE PARLE","WARD":"K/W","REMARKS":" ","TYPE":"Heritage","CREATED_US":" ","LAST_EDITE":" ","OWNERSHIP":" ","USES":" ","MHCC_NOC":" ","DATE_":" ","NOC_FOR":" ","STRUCTURE":" ","FEATURE":" ","Q":"Y","HER_NUMBER_2":"123/153","HERITAGE_NAME":"Shanti Niketan"},"geometry":{"type":"Polygon","coordinates":[[[72.84090169853555,19.10086206066064],[72.84129814826326,19.10087486347213],[72.84094436684057,19.100568579015476],[72.84090169853555,19.10086206066064]]]}},{"type":"Feature","properties":{"layer":"DP_77","label":"Heritage building","confidence":"confirmed","HERITAGE_P":"GATEWAY","GRADE":"IIB","VILLAGE":"COLABA","VILLAGE_DI":"COLABA","WARD":"A","REMARKS":" ","TYPE":"Heritage","CREATED_US":" ","LAST_EDITE":" ","OWNERSHIP":" ","USES":" ","MHCC_NOC":" ","DATE_":" ","NOC_FOR":" ","STRUCTURE":" ","FEATURE":" ","Q":"Y","HER_NUMBER_2":"59/68","HERITAGE_NAME":"SARGENT & JENKINS HOUSE"},"geometry":{"type":"Polygon","coordinates":[[[72.83126767039303,18.920731447027592],[72.83149928289545,18.921014152055943],[72.8319384667121,18.920841862042387],[72.83172361611433,18.92044806697725],[72.83126767039303,18.920731447027592]]]}},{"type":"Feature","properties":{"layer":"DP_77","label":"Heritage building","confidence":"confirmed","HERITAGE_P":" ","GRADE":"III","VILLAGE":"MATUNGA","VILLAGE_DI":"MATUNGA","WARD":"F/N","REMARKS":" ","TYPE":"Heritage","CREATED_US":" ","LAST_EDITE":" ","OWNERSHIP":" ","USES":" ","MHCC_NOC":" ","DATE_":" ","NOC_FOR":" ","STRUCTURE":" ","FEATURE":" ","Q":"Y","HER_NUMBER_2":"29/456","HERITAGE_NAME":"791, PERCY MANOR"},"geometry":{"type":"Polygon","coordinates":[[[72.84992383417533,19.018312935595493],[72.84982459377373,19.018547060720675],[72.85015469649291,19.018458806078606],[72.84992383417533,19.018312935595493]]]}},{"type":"Feature","properties":{"layer":"DP_77","label":"Heritage building","confidence":"confirmed","HERITAGE_P":"OVAL","GRADE":"IIB","VILLAGE":"FORT","VILLAGE_DI":"FORT","WARD":"A","REMARKS":" ","TYPE":"Heritage","CREATED_US":" ","LAST_EDITE":" ","OWNERSHIP":" ","USES":" ","MHCC_NOC":" ","DATE_":" ","NOC_FOR":" ","STRUCTURE":" ","FEATURE":" ","Q":"Y","HER_NUMBER_2":"159/180","HERITAGE_NAME":"BOMBAY GYMKHANA"},"geometry":{"type":"Polygon","coordinates":[[[72.83145209669159,18.93686843786513],[72.8307687248942,18.937000903297683],[72.83066916212375,18.937494642910575],[72.83155054348906,18.937422214602154],[72.83145209669159,18.93686843786513]]]}},{"type":"Feature","properties":{"layer":"DP_77","label":"Heritage building","confidence":"confirmed","HERITAGE_P":" ","GRADE":"III","VILLAGE":"BANDRA-B","VILLAGE_DI":"BANDRA-B","WARD":"H/W","REMARKS":" ","TYPE":" ","CREATED_US":" ","LAST_EDITE":" ","OWNERSHIP":" ","USES":" ","MHCC_NOC":" ","DATE_":" ","NOC_FOR":" ","STRUCTURE":" ","FEATURE":" ","Q":"Y","HER_NUMBER_2":"590","HERITAGE_NAME":"OUR LADY OF MOUNT CARMELL CHURCH"},"geometry":{"type":"Polygon","coordinates":[[[72.82768684705313,19.050968274817695],[72.82851563867438,19.051308799149137],[72.8285825087572,19.051037154380207],[72.82799574791275,19.050552911346603],[72.82767131579895,19.050712430917045],[72.82768684705313,19.050968274817695]]]}},{"type":"Feature","properties":{"layer":"DP_77","label":"Heritage building","confidence":"confirmed","HERITAGE_P":" ","GRADE":"IIA","VILLAGE":"PAREL-SEWERI","VILLAGE_DI":"PAREL-SEWERI","WARD":"F/S","REMARKS":" ","TYPE":"Heritage","CREATED_US":" ","LAST_EDITE":" ","OWNERSHIP":" ","USES":" ","MHCC_NOC":" ","DATE_":" ","NOC_FOR":" ","STRUCTURE":" ","FEATURE":" ","Q":"Y","HER_NUMBER_2":"20/510","HERITAGE_NAME":"GANESH GULLY MAIDAN"},"geometry":{"type":"Polygon","coordinates":[[[72.83730541407151,18.994639973628015],[72.83754058980914,18.99463629201894],[72.83733711717858,18.9941765997196],[72.83730541407151,18.994639973628015]]]}},{"type":"Feature","properties":{"layer":"DP_77","label":"Heritage building","confidence":"confirmed","HERITAGE_P":" ","GRADE":"III","VILLAGE":"BANDRA-C","VILLAGE_DI":"BANDRA-C","WARD":"H/W","REMARKS":" ","TYPE":"Heritage","CREATED_US":" ","LAST_EDITE":" ","OWNERSHIP":" ","USES":" ","MHCC_NOC":" ","DATE_":" ","NOC_FOR":" ","STRUCTURE":" ","FEATURE":" ","Q":"Y","HER_NUMBER_2":"57/074","HERITAGE_NAME":"KAVAS LODGE"},"geometry":{"type":"Polygon","coordinates":[[[72.82376913142471,19.062327657132037],[72.82372859818439,19.06253533550147],[72.82431011412534,19.06263932426648],[72.82376913142471,19.062327657132037]]]}},{"type":"Feature","properties":{"layer":"DP_77","label":"Heritage building","confidence":"confirmed","HERITAGE_P":" ","GRADE":"IIB","VILLAGE":"GIRGAUM","VILLAGE_DI":"GIRGAUM","WARD":"D","REMARKS":" ","TYPE":"Heritage","CREATED_US":" ","LAST_EDITE":" ","OWNERSHIP":" ","USES":" ","MHCC_NOC":" ","DATE_":" ","NOC_FOR":" ","STRUCTURE":" ","FEATURE":" ","Q":"Y","HER_NUMBER_2":"94/492","HERITAGE_NAME":"MAGISTRATE'S COURT"},"geometry":{"type":"Polygon","coordinates":[[[72.81916849126453,18.95933052029942],[72.81939807474625,18.959441856086173],[72.81951419476322,18.95916854728426],[72.81916849126453,18.95933052029942]]]}},{"type":"Feature","properties":{"layer":"DP_77","label":"Heritage building","confidence":"confirmed","HERITAGE_P":" ","GRADE":"IIA","VILLAGE":"MANDPESHWAR","VILLAGE_DI":"MANDPESHWAR","WARD":"R/N","REMARKS":" ","TYPE":"Heritage","CREATED_US":" ","LAST_EDITE":" ","OWNERSHIP":" ","USES":" ","MHCC_NOC":" ","DATE_":" ","NOC_FOR":" ","STRUCTURE":" ","FEATURE":" ","Q":"Y","HER_NUMBER_2":"170/218","HERITAGE_NAME":"ST. FRANCIS CHURCH (MT.POINSUR)"},"geometry":{"type":"Polygon","coordinates":[[[72.85307823018171,19.243034710036273],[72.85316251896641,19.242670678933553],[72.85280074755077,19.24230124971751],[72.8523383341067,19.24299932404477],[72.85224753456117,19.24458231209254],[72.85342229250388,19.24431814319329],[72.8538360144325,19.243000215593852],[72.85307823018171,19.243034710036273]]]}},{"type":"Feature","properties":{"layer":"DP_77","label":"Heritage building","confidence":"confirmed","HERITAGE_P":" ","GRADE":"III","VILLAGE":"BHULESHWAR","VILLAGE_DI":"BHULESHWAR","WARD":"C","REMARKS":" ","TYPE":"Heritage","CREATED_US":" ","LAST_EDITE":" ","OWNERSHIP":" ","USES":" ","MHCC_NOC":" ","DATE_":" ","NOC_FOR":" ","STRUCTURE":" ","FEATURE":" ","Q":"Y","HER_NUMBER_2":"43/187","HERITAGE_NAME":"PATHARWAL BUILDING"},"geometry":{"type":"Polygon","coordinates":[[[72.83068522409667,18.950564530358914],[72.83077850861596,18.950603832795125],[72.83076841529278,18.950398627912445],[72.83068522409667,18.950564530358914]]]}},{"type":"Feature","properties":{"layer":"DP_77","label":"Heritage building","confidence":"confirmed","HERITAGE_P":" ","GRADE":"III","VILLAGE":"BHULESHWAR","VILLAGE_DI":"BHULESHWAR","WARD":"C","REMARKS":" ","TYPE":"Heritage","CREATED_US":" ","LAST_EDITE":" ","OWNERSHIP":" ","USES":" ","MHCC_NOC":" ","DATE_":" ","NOC_FOR":" ","STRUCTURE":" ","FEATURE":" ","Q":"Y","HER_NUMBER_2":"35/180","HERITAGE_NAME":"216,KALBADEVI ROAD"},"geometry":{"type":"Polygon","coordinates":[[[72.82922476569568,18.951720666477804],[72.82930501290987,18.951806542508656],[72.82949944860142,18.951720911154833],[72.82922476569568,18.951720666477804]]]}},{"type":"Feature","properties":{"layer":"DP_77","label":"Heritage building","confidence":"confirmed","HERITAGE_P":"OLD CUFFE PARADE","GRADE":"III","VILLAGE":"COLABA","VILLAGE_DI":"COLABA","WARD":"A","REMARKS":"ALSO LISTED IN NEW AGIARY LIST AT SR NO. 7  ( IIA)","TYPE":"Heritage","CREATED_US":" ","LAST_EDITE":" ","OWNERSHIP":" ","USES":" ","MHCC_NOC":" ","DATE_":" ","NOC_FOR":" ","STRUCTURE":" ","FEATURE":" ","Q":"Y","HER_NUMBER_2":"83/99","HERITAGE_NAME":"PANDAY PARSI SANITORIUM ( MERWAN BAUG)"},"geometry":{"type":"Polygon","coordinates":[[[72.82113469910931,18.913380012017715],[72.82163663098254,18.914091161575268],[72.8223466059343,18.913653069857002],[72.82174806574113,18.912892627716097],[72.82113469910931,18.913380012017715]]]}},{"type":"Feature","properties":{"layer":"DP_77","label":"Heritage building","confidence":"confirmed","HERITAGE_P":" ","GRADE":"III","VILLAGE":" ","VILLAGE_DI":" ","WARD":"D","REMARKS":"CHE/33410/DP DT.23.02.2017","TYPE":" ","CREATED_US":" ","CREATED_DA":-2209161600000,"LAST_EDITE":" ","LAST_EDI_1":-2209161600000,"OWNERSHIP":" ","USES":" ","MHCC_NOC":" ","DATE_":" ","NOC_FOR":" ","STRUCTURE":" ","FEATURE":" ","Q":"Y","HER_NUMBER_2":"32/397","HERITAGE_NAME":"TALAO MANDIR (TRAMBEKESHWAR)"},"geometry":{"type":"Polygon","coordinates":[[[72.80858320250022,18.97688882256616],[72.80870671721426,18.976907002013544],[72.80874854055753,18.976688596276624],[72.80858320250022,18.97688882256616]]]}},{"type":"Feature","properties":{"layer":"DP_77","label":"Heritage building","confidence":"confirmed","HERITAGE_P":"CANTONMENT","GRADE":"IIB","VILLAGE":"COLABA","VILLAGE_DI":"COLABA","WARD":"A","REMARKS":" ","TYPE":"Heritage","CREATED_US":" ","LAST_EDITE":" ","OWNERSHIP":" ","USES":" ","MHCC_NOC":" ","DATE_":" ","NOC_FOR":" ","STRUCTURE":" ","FEATURE":" ","Q":"Y","HER_NUMBER_2":"11/12","HERITAGE_NAME":"CHIEF ENGINEER BOMBAY ZONE"},"geometry":{"type":"Polygon","coordinates":[[[72.81682361928863,18.905837434871156],[72.81677549338822,18.90664456867452],[72.81715093834623,18.90648962724288],[72.81728353807914,18.90488714011966],[72.81687607772643,18.905045428133214],[72.81682361928863,18.905837434871156]]]}},{"type":"Feature","properties":{"layer":"DP_77","label":"Heritage building","confidence":"confirmed","HERITAGE_P":" ","GRADE":"I","VILLAGE":" ","VILLAGE_DI":" ","WARD":"E","REMARKS":" ","TYPE":" ","CREATED_US":" ","CREATED_DA":-2209161600000,"LAST_EDITE":" ","LAST_EDI_1":-2209161600000,"OWNERSHIP":" ","USES":" ","MHCC_NOC":" ","DATE_":" ","NOC_FOR":" ","STRUCTURE":" ","FEATURE":" ","Q":"Y","HER_NUMBER_2":"628","HERITAGE_NAME":"REAY ROAD RAILWAY STATION"},"geometry":{"type":"Polygon","coordinates":[[[72.84453398446804,18.97663899808628],[72.84461933412217,18.976312013343954],[72.8443916631498,18.97624552426546],[72.84429783937644,18.976516341934467],[72.84453398446804,18.97663899808628]]]}},{"type":"Feature","properties":{"layer":"DP_77","label":"Heritage building","confidence":"confirmed","HERITAGE_P":"GATEWAY","GRADE":"III","VILLAGE":"COLABA","VILLAGE_DI":"COLABA","WARD":"A","REMARKS":" ","TYPE":"Heritage","CREATED_US":" ","LAST_EDITE":" ","OWNERSHIP":" ","USES":" ","MHCC_NOC":" ","DATE_":" ","NOC_FOR":" ","STRUCTURE":" ","FEATURE":" ","Q":"Y","HER_NUMBER_2":"163/185(f)","HERITAGE_NAME":"BUILDINGS ON SHREE BOMAN CAWASJI BOMAN BEHRAM MARG (FORMERLY KNOWN AS MEREWEATHER ROAD) WITH SPECIAL FOCUS ON f) SANDHURST HOUSE & REAY HOUSE(SANDHURST HOUSE)"},"geometry":{"type":"Polygon","coordinates":[[[72.83224209055017,18.92099841701635],[72.83267612545562,18.921144774811975],[72.83257136888469,18.92091990903571],[72.83224209055017,18.92099841701635]]]}},{"type":"Feature","properties":{"layer":"DP_77","label":"Heritage building","confidence":"confirmed","HERITAGE_P":"MUSEUM","GRADE":"IIA","VILLAGE":"FORT","VILLAGE_DI":"FORT","WARD":"A","REMARKS":" ","TYPE":"Heritage","CREATED_US":" ","LAST_EDITE":" ","OWNERSHIP":" ","USES":" ","MHCC_NOC":" ","DATE_":" ","NOC_FOR":" ","STRUCTURE":" ","FEATURE":" ","Q":"Y","HER_NUMBER_2":"124/141(a)(14)","HERITAGE_NAME":"BUILDING ON K. DUBHASH MARG NAMELY  14) ADOR HOUSE"},"geometry":{"type":"Polygon","coordinates":[[[72.83346848204624,18.9271660990014],[72.83347711177005,18.927010572223644],[72.83326568017281,18.927261181757824],[72.83346848204624,18.9271660990014]]]}},{"type":"Feature","properties":{"layer":"DP_77","label":"Heritage building","confidence":"confirmed","HERITAGE_P":"BALLARD PIER","GRADE":"III","VILLAGE":"FORT","VILLAGE_DI":"FORT","WARD":"A","REMARKS":" ","TYPE":"Heritage","CREATED_US":" ","LAST_EDITE":" ","OWNERSHIP":" ","USES":" ","MHCC_NOC":" ","DATE_":" ","NOC_FOR":" ","STRUCTURE":" ","FEATURE":" ","Q":"Y","HER_NUMBER_2":"89/105","HERITAGE_NAME":"COMMERCE HOUSE"},"geometry":{"type":"Polygon","coordinates":[[[72.83988971222611,18.93601464193571],[72.8400681676462,18.935776563182035],[72.83971004569808,18.93585399643906],[72.83988971222611,18.93601464193571]]]}},{"type":"Feature","properties":{"layer":"DP_77","label":"Heritage building","confidence":"confirmed","HERITAGE_P":" ","GRADE":"III","VILLAGE":"MALAD-E","VILLAGE_DI":"MALAD-E","WARD":"P/N","REMARKS":" ","TYPE":"Heritage","CREATED_US":" ","LAST_EDITE":" ","OWNERSHIP":" ","USES":" ","MHCC_NOC":" ","DATE_":" ","NOC_FOR":" ","STRUCTURE":" ","FEATURE":" ","Q":"Y","HER_NUMBER_2":"189/237","HERITAGE_NAME":"NEVATIA HOUSE & TEMPLE"},"geometry":{"type":"Polygon","coordinates":[[[72.84876030099419,19.18295977497165],[72.84935035795907,19.18293125513462],[72.84925002605688,19.18236529756742],[72.84893799111823,19.182365631113246],[72.84876030099419,19.18295977497165]]]}},{"type":"Feature","properties":{"layer":"DP_77","label":"Heritage building","confidence":"confirmed","HERITAGE_P":" ","GRADE":"III","VILLAGE":"BANDRA-F","VILLAGE_DI":"BANDRA-F","WARD":"H/W","REMARKS":" ","TYPE":"Heritage","CREATED_US":" ","LAST_EDITE":" ","OWNERSHIP":" ","USES":" ","MHCC_NOC":" ","DATE_":" ","NOC_FOR":" ","STRUCTURE":" ","FEATURE":" ","Q":"Y","HER_NUMBER_2":"82/101","HERITAGE_NAME":"GIDWANI HOUSE"},"geometry":{"type":"Polygon","coordinates":[[[72.83287778901827,19.063598522752113],[72.83276098937537,19.0637823344538],[72.83293711790398,19.0638096403215],[72.83287778901827,19.063598522752113]]]}},{"type":"Feature","properties":{"layer":"DP_77","label":"Heritage building","confidence":"confirmed","HERITAGE_P":" ","GRADE":"III","VILLAGE":" ","VILLAGE_DI":" ","WARD":"E","REMARKS":" ","TYPE":" ","CREATED_US":" ","CREATED_DA":-2209161600000,"LAST_EDITE":" ","LAST_EDI_1":-2209161600000,"OWNERSHIP":" ","USES":" ","MHCC_NOC":" ","DATE_":" ","NOC_FOR":" ","STRUCTURE":" ","FEATURE":" ","Q":"Y","HER_NUMBER_2":"79-a/369","HERITAGE_NAME":"BUNGLOW 1-a,AMBEWADI"},"geometry":{"type":"Polygon","coordinates":[[[72.84254947391786,18.97024317032327],[72.84250704816661,18.97046075707196],[72.84264416000998,18.970457896080003],[72.84254947391786,18.97024317032327]]]}},{"type":"Feature","properties":{"layer":"DP_77","label":"Heritage building","confidence":"confirmed","HERITAGE_P":" ","GRADE":"IIB","VILLAGE":"TARDEO","VILLAGE_DI":"TARDEO","WARD":"D","REMARKS":" ","TYPE":"Heritage","CREATED_US":" ","LAST_EDITE":" ","OWNERSHIP":" ","USES":" ","MHCC_NOC":" ","DATE_":" ","NOC_FOR":" ","STRUCTURE":" ","FEATURE":" ","Q":"Y","HER_NUMBER_2":"135/243","HERITAGE_NAME":"B.M.C. T. B. CLINIC ON BALARAM STREET"},"geometry":{"type":"Polygon","coordinates":[[[72.81997251868385,18.96415393726454],[72.81978781464343,18.96419272028298],[72.82000696934654,18.96439226401365],[72.81997251868385,18.96415393726454]]]}},{"type":"Feature","properties":{"layer":"DP_77","label":"Heritage building","confidence":"confirmed","HERITAGE_P":" ","GRADE":"IIB","VILLAGE":"BANDRA-B","VILLAGE_DI":"BANDRA-B","WARD":"H/W","REMARKS":" ","TYPE":"Heritage","CREATED_US":" ","LAST_EDITE":" ","OWNERSHIP":" ","USES":" ","MHCC_NOC":" ","DATE_":" ","NOC_FOR":" ","STRUCTURE":" ","FEATURE":" ","Q":"Y","HER_NUMBER_2":"9/010","HERITAGE_NAME":"ROSE VILLA"},"geometry":{"type":"Polygon","coordinates":[[[72.82551989328397,19.05106719375062],[72.82561143347827,19.050848001992165],[72.82538377500205,19.050889260098945],[72.82551989328397,19.05106719375062]]]}},{"type":"Feature","properties":{"layer":"DP_77","label":"Heritage building","confidence":"confirmed","HERITAGE_P":" ","GRADE":"III","VILLAGE":"GIRGAON","VILLAGE_DI":"GIRGAON","WARD":"D","REMARKS":" ","TYPE":" ","CREATED_US":" ","LAST_EDITE":" ","OWNERSHIP":" ","USES":" ","MHCC_NOC":" ","DATE_":" ","NOC_FOR":" ","STRUCTURE":" ","FEATURE":" ","Q":"Y","HER_NUMBER_2":"112/518","HERITAGE_NAME":"DIAS HOUSE/BUILDING NO.35"},"geometry":{"type":"Polygon","coordinates":[[[72.82047596265934,18.95571625623495],[72.82048691659656,18.955919099578267],[72.82055897026164,18.95590631612575],[72.82047596265934,18.95571625623495]]]}},{"type":"Feature","properties":{"layer":"DP_77","label":"Heritage building","confidence":"confirmed","HERITAGE_P":" ","GRADE":"IIB","VILLAGE":"BHULESHWAR","VILLAGE_DI":"BHULESHWAR","WARD":"C","REMARKS":" ","TYPE":"Heritage","CREATED_US":" ","LAST_EDITE":" ","OWNERSHIP":" ","USES":" ","MHCC_NOC":" ","DATE_":" ","NOC_FOR":" ","STRUCTURE":" ","FEATURE":" ","Q":"Y","HER_NUMBER_2":"290","HERITAGE_NAME":"SHERR RAM TEMPLE"},"geometry":{"type":"Polygon","coordinates":[[[72.82754256440566,18.95328962031608],[72.82761262890403,18.95317536402237],[72.827391139422,18.953140601482612],[72.82754256440566,18.95328962031608]]]}},{"type":"Feature","properties":{"layer":"DP_77","label":"Heritage building","confidence":"confirmed","HERITAGE_P":" ","GRADE":"IIA","VILLAGE":" ","VILLAGE_DI":" ","WARD":"A","REMARKS":" ","TYPE":" ","CREATED_US":" ","CREATED_DA":-2209161600000,"LAST_EDITE":" ","LAST_EDI_1":-2209161600000,"OWNERSHIP":" ","USES":" ","MHCC_NOC":" ","DATE_":" ","NOC_FOR":" ","STRUCTURE":" ","FEATURE":" ","Q":"Y","HER_NUMBER_2":"96/112","HERITAGE_NAME":"SIR JAMSHEDJI JIJEEBHOY PARSI BENEVELENT INSTITUTE"},"geometry":{"type":"Polygon","coordinates":[[[72.83417196470114,18.936918358048356],[72.83467833105952,18.936923339973575],[72.83466320495958,18.936724235276117],[72.83411926049023,18.936758549866173],[72.83417196470114,18.936918358048356]]]}},{"type":"Feature","properties":{"layer":"DP_77","label":"Heritage building","confidence":"confirmed","HERITAGE_P":" ","GRADE":"IIB","VILLAGE":"GHATKOPAR KIROL","VILLAGE_DI":"GHATKOPAR KIROL","WARD":"N","REMARKS":" ","TYPE":"Heritage","CREATED_US":" ","LAST_EDITE":" ","OWNERSHIP":" ","USES":" ","MHCC_NOC":" ","DATE_":" ","NOC_FOR":" ","STRUCTURE":" ","FEATURE":" ","Q":"Y","HER_NUMBER_2":"30/32","HERITAGE_NAME":"Shri Vardhaman Sthankvasi Jain Upashraya"},"geometry":{"type":"Polygon","coordinates":[[[72.9082440689833,19.082652159179446],[72.90744853672128,19.082907845833507],[72.9080011371165,19.083336121594698],[72.9082440689833,19.082652159179446]]]}},{"type":"Feature","properties":{"layer":"DP_77","label":"Heritage building","confidence":"confirmed","HERITAGE_P":" ","GRADE":"III","VILLAGE":"BANDRA-H","VILLAGE_DI":"BANDRA-H","WARD":"H/W","REMARKS":" ","TYPE":"Heritage","CREATED_US":" ","LAST_EDITE":" ","OWNERSHIP":" ","USES":" ","MHCC_NOC":" ","DATE_":" ","NOC_FOR":" ","STRUCTURE":" ","FEATURE":" ","Q":"Y","HER_NUMBER_2":"111/132","HERITAGE_NAME":"HEPTULLA PARK"},"geometry":{"type":"Polygon","coordinates":[[[72.8395974897284,19.076603943479945],[72.83979800918301,19.077420441610283],[72.8405395913208,19.077152957853528],[72.84013493036746,19.076541540558278],[72.8395974897284,19.076603943479945]]]}},{"type":"Feature","properties":{"layer":"DP_77","label":"Heritage building","confidence":"confirmed","HERITAGE_P":" ","GRADE":"IIB","VILLAGE":"BANDRA-G","VILLAGE_DI":"BANDRA-G","WARD":"H/W","REMARKS":" ","TYPE":"Heritage","CREATED_US":" ","LAST_EDITE":" ","OWNERSHIP":" ","USES":" ","MHCC_NOC":" ","DATE_":" ","NOC_FOR":" ","STRUCTURE":" ","FEATURE":" ","Q":"Y","HER_NUMBER_2":"114/138","HERITAGE_NAME":"SHRI KRISHNA SADAN"},"geometry":{"type":"Polygon","coordinates":[[[72.83622996033036,19.08231090876346],[72.8362485614584,19.082535029456206],[72.8365526639404,19.082477837056096],[72.83622996033036,19.08231090876346]]]}},{"type":"Feature","properties":{"layer":"DP_77","label":"Heritage building","confidence":"confirmed","HERITAGE_P":" ","GRADE":"IIB","VILLAGE":"MANDVI","VILLAGE_DI":"MANDVI","WARD":"B","REMARKS":" ","TYPE":"Heritage","CREATED_US":" ","LAST_EDITE":" ","OWNERSHIP":" ","USES":" ","MHCC_NOC":" ","DATE_":" ","NOC_FOR":" ","STRUCTURE":" ","FEATURE":" ","Q":"Y","HER_NUMBER_2":"21/103","HERITAGE_NAME":"ST.JOSEPH CHURCH AND SCHOOL"},"geometry":{"type":"Polygon","coordinates":[[[72.83741730346745,18.960377490082912],[72.83708719263741,18.960623788880675],[72.83746302160954,18.96059835449347],[72.83741730346745,18.960377490082912]]]}},{"type":"Feature","properties":{"layer":"DP_77","label":"Heritage building","confidence":"confirmed","HERITAGE_P":" ","GRADE":"IIA","VILLAGE":" ","VILLAGE_DI":" ","WARD":"A","REMARKS":" ","TYPE":" ","CREATED_US":" ","CREATED_DA":-2209161600000,"LAST_EDITE":" ","LAST_EDI_1":-2209161600000,"OWNERSHIP":" ","USES":" ","MHCC_NOC":" ","DATE_":" ","NOC_FOR":" ","STRUCTURE":" ","FEATURE":" ","Q":"Y","HER_NUMBER_2":"99/115","HERITAGE_NAME":"ERUCHSHAW BUILDING"},"geometry":{"type":"Polygon","coordinates":[[[72.83367601826002,18.93560759623309],[72.83396065867878,18.935497494729617],[72.83361217697018,18.93549405209442],[72.83367601826002,18.93560759623309]]]}},{"type":"Feature","properties":{"layer":"DP_77","label":"Heritage building","confidence":"confirmed","HERITAGE_P":" ","GRADE":"IIA","VILLAGE":" ","VILLAGE_DI":" ","WARD":"E","REMARKS":" ","TYPE":" ","CREATED_US":" ","CREATED_DA":-2209161600000,"LAST_EDITE":" ","LAST_EDI_1":-2209161600000,"OWNERSHIP":" ","USES":" ","MHCC_NOC":" ","DATE_":" ","NOC_FOR":" ","STRUCTURE":" ","FEATURE":" ","Q":"Y","HER_NUMBER_2":"70/361","HERITAGE_NAME":"SEEYUP KOOL"},"geometry":{"type":"Polygon","coordinates":[[[72.846817753253,18.96605489117343],[72.84670235674689,18.966112726056526],[72.84679790257795,18.96613766233121],[72.846817753253,18.96605489117343]]]}},{"type":"Feature","properties":{"layer":"DP_77","label":"Heritage building","confidence":"confirmed","HERITAGE_P":"ESPLANDE","GRADE":"IIA","VILLAGE":"FORT","VILLAGE_DI":"FORT","WARD":"A","REMARKS":" ","TYPE":"Heritage","CREATED_US":" ","LAST_EDITE":" ","OWNERSHIP":" ","USES":" ","MHCC_NOC":" ","DATE_":" ","NOC_FOR":" ","STRUCTURE":" ","FEATURE":" ","Q":"Y","HER_NUMBER_2":"116/134","HERITAGE_NAME":"ESPLANADE MANSION"},"geometry":{"type":"Polygon","coordinates":[[[72.83150181688922,18.936203356979572],[72.83171421156983,18.935970494059934],[72.83157706203448,18.935634258649493],[72.83123666216332,18.935711517488823],[72.83150181688922,18.936203356979572]]]}},{"type":"Feature","properties":{"layer":"DP_77","label":"Heritage building","confidence":"confirmed","HERITAGE_P":" ","GRADE":"III","VILLAGE":"MALABAR HILL","VILLAGE_DI":"MALABAR HILL","WARD":"D","REMARKS":" ","TYPE":"Heritage","CREATED_US":" ","LAST_EDITE":" ","OWNERSHIP":" ","USES":" ","MHCC_NOC":" ","DATE_":" ","NOC_FOR":" ","STRUCTURE":" ","FEATURE":" ","Q":"Y","HER_NUMBER_2":"73/450","HERITAGE_NAME":"RYLSTONE"},"geometry":{"type":"Polygon","coordinates":[[[72.80986506998762,18.974856944182903],[72.80987482726282,18.975251865232067],[72.8103054127181,18.97529112318199],[72.81041528757986,18.97488256713396],[72.80986506998762,18.974856944182903]]]}},{"type":"Feature","properties":{"layer":"DP_77","label":"Heritage building","confidence":"confirmed","HERITAGE_P":" ","GRADE":"III","VILLAGE":"GIRGAUM","VILLAGE_DI":"GIRGAUM","WARD":"D","REMARKS":" ","TYPE":"Heritage","CREATED_US":" ","LAST_EDITE":" ","OWNERSHIP":" ","USES":" ","MHCC_NOC":" ","DATE_":" ","NOC_FOR":" ","STRUCTURE":" ","FEATURE":" ","Q":"Y","HER_NUMBER_2":"102/506","HERITAGE_NAME":"DAMODAR THACKERSY KARYASHALA"},"geometry":{"type":"Polygon","coordinates":[[[72.82297941435674,18.955784283196728],[72.82277082372453,18.95578401362705],[72.82297008132106,18.956161948100554],[72.82312751864139,18.95610701113767],[72.82297941435674,18.955784283196728]]]}},{"type":"Feature","properties":{"layer":"DP_77","label":"Heritage building","confidence":"confirmed","HERITAGE_P":" ","GRADE":"III","VILLAGE":"GIRGAUM","VILLAGE_DI":"GIRGAUM","WARD":"D","REMARKS":" ","TYPE":"Heritage","CREATED_US":" ","LAST_EDITE":" ","OWNERSHIP":" ","USES":" ","MHCC_NOC":" ","DATE_":" ","NOC_FOR":" ","STRUCTURE":" ","FEATURE":" ","Q":"Y","HER_NUMBER_2":"115/212","HERITAGE_NAME":"ARYA BHUVAN"},"geometry":{"type":"Polygon","coordinates":[[[72.81834120678523,18.957568397969112],[72.81854377766842,18.9576348590389],[72.81843655877333,18.957319358654168],[72.81834120678523,18.957568397969112]]]}},{"type":"Feature","properties":{"layer":"DP_77","label":"Heritage building","confidence":"confirmed","HERITAGE_P":" ","GRADE":"III","VILLAGE":"MALABAR HILL","VILLAGE_DI":"MALABAR HILL","WARD":"D","REMARKS":" ","TYPE":"Heritage","CREATED_US":" ","LAST_EDITE":" ","OWNERSHIP":" ","USES":" ","MHCC_NOC":" ","DATE_":" ","NOC_FOR":" ","STRUCTURE":" ","FEATURE":" ","Q":"Y","HER_NUMBER_2":"37/404","HERITAGE_NAME":"RUBY MANSION"},"geometry":{"type":"Polygon","coordinates":[[[72.80319103091014,18.964850661801442],[72.80326217788192,18.964551091929643],[72.80310261657777,18.964497675595666],[72.80319103091014,18.964850661801442]]]}},{"type":"Feature","properties":{"layer":"DP_77","label":"Heritage building","confidence":"confirmed","HERITAGE_P":" ","GRADE":"IIB","VILLAGE":"GIRGAUM","VILLAGE_DI":"GIRGAUM","WARD":"C","REMARKS":" ","TYPE":"Heritage","CREATED_US":" ","LAST_EDITE":" ","OWNERSHIP":" ","USES":" ","MHCC_NOC":" ","DATE_":" ","NOC_FOR":" ","STRUCTURE":" ","FEATURE":" ","Q":"Y","HER_NUMBER_2":"363","HERITAGE_NAME":"HIRABAUG"},"geometry":{"type":"Polygon","coordinates":[[[72.8251538974377,18.954437021206036],[72.82539281947122,18.954788641063384],[72.82572495220315,18.954659606406963],[72.8251538974377,18.954437021206036]]]}},{"type":"Feature","properties":{"layer":"DP_77","label":"Heritage building","confidence":"confirmed","HERITAGE_P":" ","GRADE":"III","VILLAGE":"PAHADI GOREGAON-W","VILLAGE_DI":"PAHADI GOREGAON-W","WARD":"P/S","REMARKS":" ","TYPE":"Heritage","CREATED_US":" ","LAST_EDITE":" ","OWNERSHIP":" ","USES":" ","MHCC_NOC":" ","DATE_":" ","NOC_FOR":" ","STRUCTURE":" ","FEATURE":" ","Q":"Y","HER_NUMBER_2":"145/181","HERITAGE_NAME":"AMBABAI TEMPLE"},"geometry":{"type":"Polygon","coordinates":[[[72.84660860989548,19.166859569982904],[72.84672685130889,19.166515326380495],[72.84627663524745,19.166381800556334],[72.84622869102434,19.16685904904391],[72.84660860989548,19.166859569982904]]]}},{"type":"Feature","properties":{"layer":"DP_77","label":"Heritage building","confidence":"confirmed","HERITAGE_P":" ","GRADE":"IIB","VILLAGE":"BYCULLA","VILLAGE_DI":"BYCULLA","WARD":"E","REMARKS":" ","TYPE":"Heritage","CREATED_US":" ","LAST_EDITE":" ","OWNERSHIP":" ","USES":" ","MHCC_NOC":" ","DATE_":" ","NOC_FOR":" ","STRUCTURE":" ","FEATURE":" ","Q":"Y","HER_NUMBER_2":"15/306","HERITAGE_NAME":"RASOOL MASJID"},"geometry":{"type":"Polygon","coordinates":[[[72.83131288630427,18.96256925858918],[72.83147297641382,18.962744466292726],[72.83147472051964,18.962523353737456],[72.83131288630427,18.96256925858918]]]}},{"type":"Feature","properties":{"layer":"DP_77","label":"Heritage building","confidence":"confirmed","HERITAGE_P":"FOUNTAIN","GRADE":"I","VILLAGE":"FORT","VILLAGE_DI":"FORT","WARD":"A","REMARKS":" ","TYPE":"Heritage","CREATED_US":" ","LAST_EDITE":" ","OWNERSHIP":" ","USES":" ","MHCC_NOC":" ","DATE_":" ","NOC_FOR":" ","STRUCTURE":" ","FEATURE":" ","Q":"Y","HER_NUMBER_2":"220/250","HERITAGE_NAME":"FOUNTAIN AT ST. THOMAS' CATHEDRAL"},"geometry":{"type":"Polygon","coordinates":[[[72.83340955670684,18.931911504891445],[72.83341059519235,18.93186624283407],[72.83333957454649,18.931870587145593],[72.83340955670684,18.931911504891445]]]}},{"type":"Feature","properties":{"layer":"DP_77","label":"Heritage building","confidence":"confirmed","HERITAGE_P":" ","GRADE":"IIB","VILLAGE":"LOWER PAREL","VILLAGE_DI":"LOWER PAREL","WARD":"G/S","REMARKS":" ","TYPE":"Heritage","CREATED_US":" ","LAST_EDITE":" ","OWNERSHIP":" ","USES":" ","MHCC_NOC":" ","DATE_":" ","NOC_FOR":" ","STRUCTURE":" ","FEATURE":" ","Q":"Y","HER_NUMBER_2":"12/573","HERITAGE_NAME":"SR. RAILWAY INSTITUTE PREMISES"},"geometry":{"type":"Polygon","coordinates":[[[72.83137508210281,18.998021719342184],[72.83122068622932,19.001220210056264],[72.83176923771791,19.001280673928648],[72.83189194062275,18.99890699016797],[72.83138955155229,18.997787324460194],[72.83137508210281,18.998021719342184]]]}},{"type":"Feature","properties":{"layer":"DP_77","label":"Heritage building","confidence":"confirmed","HERITAGE_P":"FOUNTAIN","GRADE":"IIA","VILLAGE":"FORT","VILLAGE_DI":"FORT","WARD":"A","REMARKS":"ALSO LISTED IN AGIARI LIST AT SR. NO. 9","TYPE":"Heritage","CREATED_US":" ","LAST_EDITE":" ","OWNERSHIP":" ","USES":" ","MHCC_NOC":" ","DATE_":" ","NOC_FOR":" ","STRUCTURE":" ","FEATURE":" ","Q":"Y","HER_NUMBER_2":"101/117","HERITAGE_NAME":"BAI PIROJBAI DADABHOY MANECKJI VACCHA AGIARY (VACCHA AGIARY)"},"geometry":{"type":"Polygon","coordinates":[[[72.83291462848626,18.934340040638535],[72.83317252956383,18.934295654355886],[72.83281499879362,18.934280815760403],[72.83291462848626,18.934340040638535]]]}},{"type":"Feature","properties":{"layer":"DP_77","label":"Heritage building","confidence":"confirmed","HERITAGE_P":"MARINE DRIVE PRECINCT","GRADE":"III","VILLAGE":"MALABAR HILL","VILLAGE_DI":"MALABAR HILL","WARD":"D","REMARKS":" ","TYPE":"Heritage","CREATED_US":" ","LAST_EDITE":" ","OWNERSHIP":" ","USES":" ","MHCC_NOC":" ","DATE_":" ","NOC_FOR":" ","STRUCTURE":" ","FEATURE":" ","Q":"Y","HER_NUMBER_2":"17/378","HERITAGE_NAME":"RUXMANI LYING IN HOSPITAL"},"geometry":{"type":"Polygon","coordinates":[[[72.80905085865884,18.957554670908472],[72.8091165065844,18.95776913402164],[72.80941229664926,18.957756919599486],[72.80905085865884,18.957554670908472]]]}},{"type":"Feature","properties":{"layer":"DP_77","label":"Heritage building","confidence":"confirmed","HERITAGE_P":" ","GRADE":"III","VILLAGE":"BANDRA-C","VILLAGE_DI":"BANDRA-C","WARD":"H/W","REMARKS":" ","TYPE":"Heritage","CREATED_US":" ","LAST_EDITE":" ","OWNERSHIP":" ","USES":" ","MHCC_NOC":" ","DATE_":" ","NOC_FOR":" ","STRUCTURE":" ","FEATURE":" ","Q":"Y","HER_NUMBER_2":"40/054","HERITAGE_NAME":"AMOLD HOUSE ST ANN'S REST"},"geometry":{"type":"Polygon","coordinates":[[[72.82609768361465,19.056600817591402],[72.82597331938315,19.056764820538174],[72.82616683965728,19.05679092175037],[72.82609768361465,19.056600817591402]]]}},{"type":"Feature","properties":{"layer":"DP_77","label":"Heritage building","confidence":"confirmed","HERITAGE_P":" ","GRADE":"IIA","VILLAGE":"PASPOLI","VILLAGE_DI":"PASPOLI","WARD":"S","REMARKS":" ","TYPE":"Heritage","CREATED_US":" ","LAST_EDITE":" ","OWNERSHIP":" ","USES":" ","MHCC_NOC":" ","DATE_":" ","NOC_FOR":" ","STRUCTURE":" ","FEATURE":" ","Q":"Y","HER_NUMBER_2":"39/42","HERITAGE_NAME":"POWAI LAKE"},"geometry":{"type":"Polygon","coordinates":[[[72.89673701095131,19.125183372323878],[72.89552765914789,19.12491258637883],[72.89581039699881,19.126605118335736],[72.89911897388355,19.127493175461243],[72.89945876219605,19.12936606070028],[72.89885042131712,19.129644774464655],[72.89957994704814,19.129771612274478],[72.9005122113817,19.13128470984429],[72.89976702940876,19.131678990323625],[72.8997547708196,19.132003483990196],[72.90086707283162,19.1318039562672],[72.90176224692088,19.132867082927664],[72.90131321045725,19.13347897102905],[72.90174375485458,19.134357708126068],[72.90241352686779,19.1342653175062],[72.9022243438168,19.135315685611708],[72.90240706131443,19.13536986808637],[72.90316074207084,19.135570787169836],[72.90343349622631,19.134826197961416],[72.90342671613111,19.13385335245879],[72.9043453606638,19.132322636474118],[72.90361649164296,19.13212274602182],[72.90316819495953,19.130913793410766],[72.90361665513167,19.13104614490011],[72.90387201637255,19.130881269879445],[72.90400029087273,19.131336936471804],[72.90475669605034,19.13184311900758],[72.90562752403252,19.13193300586758],[72.90524848547666,19.131432592646703],[72.90479074890943,19.13129301237548],[72.90448062459248,19.13075211241737],[72.9042961189356,19.13030858561649],[72.90446238901895,19.129251799039285],[72.90590403339772,19.129597263591553],[72.90612789787505,19.130470526911942],[72.9061445962452,19.132663755875207],[72.90565952558082,19.13293466539754],[72.90563728908629,19.133241571882355],[72.90647846656834,19.13338055128632],[72.90648207966687,19.134018119309058],[72.9069457369774,19.134451066259324],[72.90713465885845,19.134250959503316],[72.90712568892046,19.133443790263154],[72.90741051296204,19.133275733834502],[72.90760351920304,19.133683679190494],[72.90849526817897,19.13332772671193],[72.90831034436466,19.132483601780844],[72.90851844528022,19.132257855061454],[72.90932240895665,19.13232486350128],[72.90973167023556,19.132107774449903],[72.9102547081941,19.132655553233068],[72.91174227319046,19.13160729175789],[72.9114015078857,19.130970992234513],[72.91042531757986,19.130428108146816],[72.91002350802844,19.129745312922093],[72.91124664710739,19.130074897931646],[72.91140522099371,19.130360708088254],[72.91237476101682,19.13074088306067],[72.91322445832573,19.13079007916458],[72.91328904195574,19.130201741288023],[72.91354842310461,19.130013553073326],[72.91353357247696,19.128424270743466],[72.91397660662889,19.127786111346047],[72.9137184147165,19.126398845658105],[72.91300245705702,19.125209561759636],[72.91164957977644,19.12519931833517],[72.91008324205387,19.12457972652517],[72.90937497583262,19.125087559143786],[72.90901158754957,19.1264915165748],[72.9087431352699,19.126647889268668],[72.90809666888345,19.126117995209768],[72.90862792296663,19.124002916701432],[72.90709824075729,19.122947006618805],[72.90795094428334,19.122710341705574],[72.90632809769816,19.121666981894954],[72.90533790277077,19.121671923684946],[72.90509470148278,19.121433840658792],[72.90499396945252,19.120631269815455],[72.90465553691364,19.120405959804387],[72.90349654052764,19.1204322901892],[72.9021694102939,19.120111947118335],[72.90225858617559,19.1217828105278],[72.90201321920199,19.12199724661183],[72.90147811779558,19.121995324390085],[72.9010713707209,19.12086981908978],[72.90075580569511,19.121185743161078],[72.8997757917995,19.12110995339782],[72.89980741884813,19.121577286894183],[72.89926999158037,19.121567213145617],[72.89929900109138,19.122330038026707],[72.89893325198109,19.122337021174285],[72.89847067992973,19.12326774713256],[72.8973232621558,19.124177183970748],[72.89702221698668,19.125185047793966],[72.89673701095131,19.125183372323878]]]}},{"type":"Feature","properties":{"layer":"DP_77","label":"Heritage building","confidence":"confirmed","HERITAGE_P":" ","GRADE":"IIA","VILLAGE":" ","VILLAGE_DI":" ","WARD":"A","REMARKS":" ","TYPE":" ","CREATED_US":" ","CREATED_DA":-2209161600000,"LAST_EDITE":" ","LAST_EDI_1":-2209161600000,"OWNERSHIP":" ","USES":" ","MHCC_NOC":" ","DATE_":" ","NOC_FOR":" ","STRUCTURE":" ","FEATURE":" ","Q":"Y","HER_NUMBER_2":"19/21(ii)","HERITAGE_NAME":"INHS ASHWINI ii) P-26-WARDROOM MESS"},"geometry":{"type":"Polygon","coordinates":[[[72.81469931564727,18.89946823684791],[72.81479776429342,18.899313949242423],[72.81452855302668,18.898657137676967],[72.81469931564727,18.89946823684791]]]}},{"type":"Feature","properties":{"layer":"DP_77","label":"Heritage building","confidence":"confirmed","HERITAGE_P":" ","GRADE":"III","VILLAGE":"VILE PARLE-WEST","VILLAGE_DI":"VILE PARLE-WEST","WARD":"K/W","REMARKS":" ","TYPE":"Heritage","CREATED_US":" ","LAST_EDITE":" ","OWNERSHIP":" ","USES":" ","MHCC_NOC":" ","DATE_":" ","NOC_FOR":" ","STRUCTURE":" ","FEATURE":" ","Q":"Y","HER_NUMBER_2":"118/147","HERITAGE_NAME":"May Villa"},"geometry":{"type":"Polygon","coordinates":[[[72.84128861117205,19.09813381082081],[72.84147800234372,19.09814269001989],[72.84133515665363,19.09780717894933],[72.84128861117205,19.09813381082081]]]}},{"type":"Feature","properties":{"layer":"DP_77","label":"Heritage building","confidence":"confirmed","HERITAGE_P":"BALLARD PIER","GRADE":"IIA","VILLAGE":"FORT","VILLAGE_DI":"FORT","WARD":"A","REMARKS":" ","TYPE":"Heritage","CREATED_US":" ","LAST_EDITE":" ","OWNERSHIP":" ","USES":" ","MHCC_NOC":" ","DATE_":" ","NOC_FOR":" ","STRUCTURE":" ","FEATURE":" ","Q":"Y","HER_NUMBER_2":"190/216(b)","HERITAGE_NAME":"b) NEVILLE HOUSE"},"geometry":{"type":"Polygon","coordinates":[[[72.83943875553841,18.936013674759575],[72.8396576277855,18.936064294446847],[72.83956917511813,18.935580676113887],[72.83938273195149,18.93560270526114],[72.83943875553841,18.936013674759575]]]}},{"type":"Feature","properties":{"layer":"DP_77","label":"Heritage building","confidence":"confirmed","HERITAGE_P":" ","GRADE":"III","VILLAGE":"BANDRA-E","VILLAGE_DI":"BANDRA-E","WARD":"H/W","REMARKS":" ","TYPE":"Heritage","CREATED_US":" ","LAST_EDITE":" ","OWNERSHIP":" ","USES":" ","MHCC_NOC":" ","DATE_":" ","NOC_FOR":" ","STRUCTURE":" ","FEATURE":" ","Q":"Y","HER_NUMBER_2":"90/111","HERITAGE_NAME":"YESHWANT"},"geometry":{"type":"Polygon","coordinates":[[[72.83387374765806,19.06929060589717],[72.83373263441439,19.069234767215914],[72.83380941213646,19.069632103280643],[72.83402519943782,19.069610190448962],[72.83387374765806,19.06929060589717]]]}},{"type":"Feature","properties":{"layer":"DP_77","label":"Heritage building","confidence":"confirmed","HERITAGE_P":" ","GRADE":"III","VILLAGE":"POISAR","VILLAGE_DI":"POISAR","WARD":"R","REMARKS":" ","TYPE":"Heritage","CREATED_US":" ","LAST_EDITE":" ","OWNERSHIP":" ","USES":" ","MHCC_NOC":" ","DATE_":" ","NOC_FOR":" ","STRUCTURE":" ","FEATURE":" ","Q":"Y","HER_NUMBER_2":"157/199","HERITAGE_NAME":"JOHN D'SOUZA HOUSE"},"geometry":{"type":"Polygon","coordinates":[[[72.84999168969198,19.21434790555038],[72.85077421818036,19.214517364218764],[72.85085124341182,19.21438598121407],[72.84999168969198,19.21434790555038]]]}},{"type":"Feature","properties":{"layer":"DP_77","label":"Heritage building","confidence":"confirmed","HERITAGE_P":"BALLARD PIER","GRADE":"IIA","VILLAGE":"FORT","VILLAGE_DI":"FORT","WARD":"A","REMARKS":" ","TYPE":"Heritage","CREATED_US":" ","LAST_EDITE":" ","OWNERSHIP":" ","USES":" ","MHCC_NOC":" ","DATE_":" ","NOC_FOR":" ","STRUCTURE":" ","FEATURE":" ","Q":"Y","HER_NUMBER_2":"123/141(1)","HERITAGE_NAME":"BUILDINGS OF BALLARD ESTATE, NAMELY 1) FELTHAM HOUSE"},"geometry":{"type":"Polygon","coordinates":[[[72.8413977101288,18.93521647439241],[72.84138893926313,18.934979500935643],[72.8412489222307,18.93504744611553],[72.8413977101288,18.93521647439241]]]}},{"type":"Feature","properties":{"layer":"DP_77","label":"Heritage building","confidence":"confirmed","HERITAGE_P":"ESPLANDE","GRADE":"IIA","VILLAGE":"FORT","VILLAGE_DI":"FORT","WARD":"A","REMARKS":" ","TYPE":"Heritage","CREATED_US":" ","LAST_EDITE":" ","OWNERSHIP":" ","USES":" ","MHCC_NOC":" ","DATE_":" ","NOC_FOR":" ","STRUCTURE":" ","FEATURE":" ","Q":"Y","HER_NUMBER_2":"142/162","HERITAGE_NAME":"ATMASINGH JASSASINGH BAKEBIHAR MUNICIPAL ENT HOSPITAL (ORIGINALLY CITY IMPROVEMENT TRUST BLDG.)"},"geometry":{"type":"Polygon","coordinates":[[[72.83143879714555,18.934678449282565],[72.83124691239935,18.934648843979534],[72.83115526723982,18.934980405163103],[72.83151975069643,18.934965278703107],[72.83143879714555,18.934678449282565]]]}},{"type":"Feature","properties":{"layer":"DP_77","label":"Heritage building","confidence":"confirmed","HERITAGE_P":" ","GRADE":"IIA","VILLAGE":" ","VILLAGE_DI":" ","WARD":"B","REMARKS":" ","TYPE":" ","CREATED_US":" ","CREATED_DA":-2209161600000,"LAST_EDITE":" ","LAST_EDI_1":-2209161600000,"OWNERSHIP":" ","USES":" ","MHCC_NOC":" ","DATE_":" ","NOC_FOR":" ","STRUCTURE":" ","FEATURE":" ","Q":"Y","HER_NUMBER_2":"53/138","HERITAGE_NAME":"TRAFFIC BLDG., RED GATE"},"geometry":{"type":"Polygon","coordinates":[[[72.84259631854106,18.954191221832875],[72.84278553127254,18.954153214044563],[72.84250314419192,18.95382678997068],[72.84259631854106,18.954191221832875]]]}},{"type":"Feature","properties":{"layer":"DP_77","label":"Heritage building","confidence":"confirmed","HERITAGE_P":"HORNIMAN CIRCLE","GRADE":"IIA","VILLAGE":"FORT","VILLAGE_DI":" ","WARD":"A","REMARKS":" ","TYPE":"Heritage","CREATED_US":" ","LAST_EDITE":" ","OWNERSHIP":" ","USES":" ","MHCC_NOC":" ","DATE_":" ","NOC_FOR":" ","STRUCTURE":" ","FEATURE":" ","Q":"Y","HER_NUMBER_2":"125/142(c)","HERITAGE_NAME":"HORNIMAN CIRCLE WITH GARDEN AND SURROUNDING BUILDINGS, NAMELY c) DENA BANK BLDG."},"geometry":{"type":"Polygon","coordinates":[[[72.83472846544582,18.932698285471627],[72.83457892963811,18.932622513802585],[72.83476970724207,18.93284333766061],[72.83506178314701,18.932748025871327],[72.83472846544582,18.932698285471627]]]}},{"type":"Feature","properties":{"layer":"DP_77","label":"Heritage building","confidence":"confirmed","HERITAGE_P":" ","GRADE":"IIA","VILLAGE":"MATUNGA","VILLAGE_DI":"MATUNGA","WARD":"F/N","REMARKS":" ","TYPE":"Heritage","CREATED_US":" ","LAST_EDITE":" ","OWNERSHIP":" ","USES":" ","MHCC_NOC":" ","DATE_":" ","NOC_FOR":" ","STRUCTURE":" ","FEATURE":" ","Q":"Y","HER_NUMBER_2":"11/433","HERITAGE_NAME":"DADKAR GARDEN"},"geometry":{"type":"Polygon","coordinates":[[[72.84906985248512,19.02491212645142],[72.84977757985514,19.024682498458784],[72.84949277377665,19.023676428036],[72.84870137673134,19.022677820689136],[72.84787906292026,19.023173965139716],[72.84906985248512,19.02491212645142]]]}},{"type":"Feature","properties":{"layer":"DP_77","label":"Heritage building","confidence":"confirmed","HERITAGE_P":" ","GRADE":"III","VILLAGE":"KANJUR","VILLAGE_DI":"KANJUR","WARD":"S","REMARKS":" ","TYPE":"Heritage","CREATED_US":" ","LAST_EDITE":" ","OWNERSHIP":" ","USES":" ","MHCC_NOC":" ","DATE_":" ","NOC_FOR":" ","STRUCTURE":" ","FEATURE":" ","Q":"Y","HER_NUMBER_2":"37/40","HERITAGE_NAME":"ARNOLD WELL"},"geometry":{"type":"Polygon","coordinates":[[[72.93781531906895,19.133879527840378],[72.93783894536949,19.133820027399178],[72.93779830280918,19.13381618775675],[72.93781531906895,19.133879527840378]]]}},{"type":"Feature","properties":{"layer":"DP_77","label":"Heritage building","confidence":"confirmed","HERITAGE_P":" ","GRADE":"III","VILLAGE":"MALABAR HILL","VILLAGE_DI":"MALABAR HILL","WARD":"D","REMARKS":" ","TYPE":"Heritage","CREATED_US":" ","LAST_EDITE":" ","OWNERSHIP":" ","USES":" ","MHCC_NOC":" ","DATE_":" ","NOC_FOR":" ","STRUCTURE":" ","FEATURE":" ","Q":"Y","HER_NUMBER_2":"13/371","HERITAGE_NAME":"BANOO MANSION"},"geometry":{"type":"Polygon","coordinates":[[[72.80676038165409,18.96458675522475],[72.80668729312632,18.964317496410885],[72.80650108364986,18.96437192838855],[72.80671864476233,18.965057721211675],[72.80688578813137,18.9650148073236],[72.80676038165409,18.96458675522475]]]}},{"type":"Feature","properties":{"layer":"DP_77","label":"Heritage building","confidence":"confirmed","HERITAGE_P":" ","GRADE":"III","VILLAGE":"BANDRA-C","VILLAGE_DI":"BANDRA-C","WARD":"H/W","REMARKS":" ","TYPE":"Heritage","CREATED_US":" ","LAST_EDITE":" ","OWNERSHIP":" ","USES":" ","MHCC_NOC":" ","DATE_":" ","NOC_FOR":" ","STRUCTURE":" ","FEATURE":" ","Q":"Y","HER_NUMBER_2":"47/062","HERITAGE_NAME":"UNKNOWN PREMISES NO. 7"},"geometry":{"type":"Polygon","coordinates":[[[72.8255190789898,19.05919561404456],[72.8257835904415,19.059212573782457],[72.82579478920043,19.059003309544785],[72.82555022447066,19.05899063879124],[72.8255190789898,19.05919561404456]]]}},{"type":"Feature","properties":{"layer":"DP_77","label":"Heritage building","confidence":"confirmed","HERITAGE_P":" ","GRADE":"IIA","VILLAGE":"BHULESHWAR","VILLAGE_DI":"BHULESHWAR","WARD":"C","REMARKS":" ","TYPE":"Heritage","CREATED_US":" ","LAST_EDITE":" ","OWNERSHIP":" ","USES":" ","MHCC_NOC":" ","DATE_":" ","NOC_FOR":" ","STRUCTURE":" ","FEATURE":" ","Q":"Y","HER_NUMBER_2":"72/210","HERITAGE_NAME":"CAWASJI BANAJI FOUNTAIN"},"geometry":{"type":"Polygon","coordinates":[[[72.82838740726697,18.96161992000981],[72.82847221920652,18.961568319417353],[72.8284037651501,18.961554791852144],[72.82838740726697,18.96161992000981]]]}},{"type":"Feature","properties":{"layer":"DP_77","label":"Heritage building","confidence":"confirmed","HERITAGE_P":" ","GRADE":"IIB","VILLAGE":"LOWER PAREL","VILLAGE_DI":"LOWER PAREL","WARD":"G/S","REMARKS":" ","TYPE":"Heritage","CREATED_US":" ","LAST_EDITE":" ","OWNERSHIP":" ","USES":" ","MHCC_NOC":" ","DATE_":" ","NOC_FOR":" ","STRUCTURE":" ","FEATURE":" ","Q":"Y","HER_NUMBER_2":"1/431","HERITAGE_NAME":"ROYAL WESTERN INDIA TURF CLUB"},"geometry":{"type":"Polygon","coordinates":[[[72.82082248809157,18.991638467241742],[72.8212640712573,18.99118936217369],[72.82460253405756,18.984923417574176],[72.82438896788263,18.984847852581915],[72.82421553970745,18.983623950650532],[72.82210468798522,18.980621403513272],[72.82163017883003,18.980272330570667],[72.81584633850325,18.979003421553177],[72.81502315315052,18.982829596318286],[72.81514344600713,18.984002225762477],[72.81709982578897,18.985356706206364],[72.8158233591945,18.988695797458103],[72.81637498119,18.98918243069341],[72.82072137047334,18.991300665220585],[72.82061960236348,18.99150487457634],[72.82082248809157,18.991638467241742]]]}},{"type":"Feature","properties":{"layer":"DP_77","label":"Heritage building","confidence":"confirmed","HERITAGE_P":" ","GRADE":"III","VILLAGE":"BORIVALI","VILLAGE_DI":"BORIVALI","WARD":"R","REMARKS":" ","TYPE":"Heritage","CREATED_US":" ","LAST_EDITE":" ","OWNERSHIP":" ","USES":" ","MHCC_NOC":" ","DATE_":" ","NOC_FOR":" ","STRUCTURE":" ","FEATURE":" ","Q":"Y","HER_NUMBER_2":"166/213","HERITAGE_NAME":"KAHAN BHUVAN"},"geometry":{"type":"Polygon","coordinates":[[[72.85437585646565,19.229187661316466],[72.85415951580222,19.22919055398889],[72.85414495568155,19.229605030350218],[72.85448846286099,19.22961675512585],[72.85437585646565,19.229187661316466]]]}},{"type":"Feature","properties":{"layer":"DP_77","label":"Heritage building","confidence":"confirmed","HERITAGE_P":" ","GRADE":"III","VILLAGE":"MAZAGAON","VILLAGE_DI":"MAZAGAON","WARD":"E","REMARKS":" ","TYPE":"Heritage","CREATED_US":" ","LAST_EDITE":" ","OWNERSHIP":" ","USES":" ","MHCC_NOC":" ","DATE_":" ","NOC_FOR":" ","STRUCTURE":" ","FEATURE":" ","Q":"Y","HER_NUMBER_2":"68/359","HERITAGE_NAME":"KHAN BUILDING"},"geometry":{"type":"Polygon","coordinates":[[[72.8445692974213,18.96535751516181],[72.84518672215849,18.96549523663443],[72.84521621494325,18.965291959557213],[72.8445692974213,18.96535751516181]]]}},{"type":"Feature","properties":{"layer":"DP_77","label":"Heritage building","confidence":"confirmed","HERITAGE_P":" ","GRADE":"III","VILLAGE":"MAHIM","VILLAGE_DI":"MAHIM","WARD":"G/N","REMARKS":" ","TYPE":"Heritage","CREATED_US":" ","LAST_EDITE":" ","OWNERSHIP":" ","USES":" ","MHCC_NOC":" ","DATE_":" ","NOC_FOR":" ","STRUCTURE":" ","FEATURE":" ","Q":"Y","HER_NUMBER_2":"30/561","HERITAGE_NAME":"SILVAN MANSION"},"geometry":{"type":"Polygon","coordinates":[[[72.84207610049704,19.04034885301899],[72.84229559170389,19.040128587131726],[72.8420214848982,19.03995856403351],[72.84186580973669,19.040142752624195],[72.84207610049704,19.04034885301899]]]}},{"type":"Feature","properties":{"layer":"DP_77","label":"Heritage building","confidence":"confirmed","HERITAGE_P":"BALLARD PIER","GRADE":"IIA","VILLAGE":"FORT","VILLAGE_DI":"FORT","WARD":"A","REMARKS":" ","TYPE":"Heritage","CREATED_US":" ","LAST_EDITE":" ","OWNERSHIP":" ","USES":" ","MHCC_NOC":" ","DATE_":" ","NOC_FOR":" ","STRUCTURE":" ","FEATURE":" ","Q":"Y","HER_NUMBER_2":"213/243","HERITAGE_NAME":"EXCHANGE BUILDING"},"geometry":{"type":"Polygon","coordinates":[[[72.84050323749112,18.935484421337033],[72.8406598743088,18.93559828162615],[72.84069090891442,18.93541631534357],[72.84050323749112,18.935484421337033]]]}},{"type":"Feature","properties":{"layer":"DP_77","label":"Heritage building","confidence":"confirmed","HERITAGE_P":" ","GRADE":"IIB","VILLAGE":"JUHU","VILLAGE_DI":"JUHU","WARD":"K/W","REMARKS":" ","TYPE":"Heritage","CREATED_US":" ","LAST_EDITE":" ","OWNERSHIP":" ","USES":" ","MHCC_NOC":" ","DATE_":" ","NOC_FOR":" ","STRUCTURE":" ","FEATURE":" ","Q":"Y","HER_NUMBER_2":"115/142","HERITAGE_NAME":"LEELA BUNGLOW"},"geometry":{"type":"Polygon","coordinates":[[[72.82673487881226,19.088424055318928],[72.82675268476927,19.08870692072139],[72.8271817065102,19.088629022593587],[72.82714650874335,19.08839826528962],[72.82673487881226,19.088424055318928]]]}},{"type":"Feature","properties":{"layer":"DP_77","label":"Heritage building","confidence":"confirmed","HERITAGE_P":" ","GRADE":"III","VILLAGE":"MALAD-E","VILLAGE_DI":"MALAD-E","WARD":"P/N","REMARKS":" ","TYPE":"Heritage","CREATED_US":" ","LAST_EDITE":" ","OWNERSHIP":" ","USES":" ","MHCC_NOC":" ","DATE_":" ","NOC_FOR":" ","STRUCTURE":" ","FEATURE":" ","Q":"Y","HER_NUMBER_2":"189/237","HERITAGE_NAME":"NEVATIA HOUSE & TEMPLE"},"geometry":{"type":"Polygon","coordinates":[[[72.84990365243966,19.1827763218946],[72.84937812486446,19.18283054695748],[72.84994786260432,19.18289567326947],[72.84990365243966,19.1827763218946]]]}},{"type":"Feature","properties":{"layer":"DP_77","label":"Heritage building","confidence":"confirmed","HERITAGE_P":" ","GRADE":"III","VILLAGE":"GIRGAUM","VILLAGE_DI":"GIRGAUM","WARD":"D","REMARKS":" ","TYPE":"Heritage","CREATED_US":" ","LAST_EDITE":" ","OWNERSHIP":" ","USES":" ","MHCC_NOC":" ","DATE_":" ","NOC_FOR":" ","STRUCTURE":" ","FEATURE":" ","Q":"Y","HER_NUMBER_2":"100/502","HERITAGE_NAME":"AMBROL CHURCH"},"geometry":{"type":"Polygon","coordinates":[[[72.82376806877188,18.9562441672614],[72.82425499203879,18.956247549897064],[72.82414782135436,18.95600056258823],[72.82374335440058,18.956072916078465],[72.82376806877188,18.9562441672614]]]}},{"type":"Feature","properties":{"layer":"DP_77","label":"Heritage building","confidence":"confirmed","HERITAGE_P":" ","GRADE":"IIA","VILLAGE":"MAHIM","VILLAGE_DI":"MAHIM","WARD":"G/N","REMARKS":" ","TYPE":"Heritage","CREATED_US":" ","LAST_EDITE":" ","OWNERSHIP":" ","USES":" ","MHCC_NOC":" ","DATE_":" ","NOC_FOR":" ","STRUCTURE":" ","FEATURE":" ","Q":"Y","HER_NUMBER_2":"26/555","HERITAGE_NAME":"MAQDUM MOHAMMAD MAHIMI DARGAH (COMPLEX)"},"geometry":{"type":"Polygon","coordinates":[[[72.83892180944,19.040419578119415],[72.83915857723392,19.03996542460976],[72.8389373979112,19.03986949659106],[72.83892180944,19.040419578119415]]]}},{"type":"Feature","properties":{"layer":"DP_77","label":"Heritage building","confidence":"confirmed","HERITAGE_P":" ","GRADE":"III","VILLAGE":"MATUNGA","VILLAGE_DI":"MATUNGA","WARD":"F/N","REMARKS":" ","TYPE":"Heritage","CREATED_US":" ","LAST_EDITE":" ","OWNERSHIP":" ","USES":" ","MHCC_NOC":" ","DATE_":" ","NOC_FOR":" ","STRUCTURE":" ","FEATURE":" ","Q":"Y","HER_NUMBER_2":"7/429","HERITAGE_NAME":"133, IES GUJRATHIBAL MANDIR & PRIMARY SCHOOL"},"geometry":{"type":"Polygon","coordinates":[[[72.8482145444053,19.02078781155234],[72.84804894140328,19.02089931698177],[72.8482030624135,19.021102993683925],[72.84836771062652,19.020993294369006],[72.8482145444053,19.02078781155234]]]}},{"type":"Feature","properties":{"layer":"DP_77","label":"Heritage building","confidence":"confirmed","HERITAGE_P":" ","GRADE":"III","VILLAGE":"MALABAR HILL","VILLAGE_DI":"MALABAR HILL","WARD":"D","REMARKS":" ","TYPE":"Heritage","CREATED_US":" ","LAST_EDITE":" ","OWNERSHIP":" ","USES":" ","MHCC_NOC":" ","DATE_":" ","NOC_FOR":" ","STRUCTURE":" ","FEATURE":" ","Q":"Y","HER_NUMBER_2":"142/252","HERITAGE_NAME":"VIJAY MAHAL"},"geometry":{"type":"Polygon","coordinates":[[[72.80703687207311,18.954019683223557],[72.8067306223296,18.954221148126397],[72.80684354501159,18.954343232575493],[72.80725070415598,18.95411411191144],[72.80703687207311,18.954019683223557]]]}},{"type":"Feature","properties":{"layer":"DP_77","label":"Heritage building","confidence":"confirmed","HERITAGE_P":" ","GRADE":"III","VILLAGE":"BORIVALI","VILLAGE_DI":"BORIVALI","WARD":"R/C","REMARKS":" ","TYPE":"Heritage","CREATED_US":" ","LAST_EDITE":" ","OWNERSHIP":" ","USES":" ","MHCC_NOC":" ","DATE_":" ","NOC_FOR":" ","STRUCTURE":" ","FEATURE":" ","Q":"Y","HER_NUMBER_2":"160/202","HERITAGE_NAME":"SUNDERS CANDLE VILLA"},"geometry":{"type":"Polygon","coordinates":[[[72.85337651497474,19.221026297421147],[72.85313697328742,19.221335664018877],[72.85398135510975,19.221215984193204],[72.85337651497474,19.221026297421147]]]}},{"type":"Feature","properties":{"layer":"DP_77","label":"Heritage building","confidence":"confirmed","HERITAGE_P":" ","GRADE":"III","VILLAGE":"PRINCESS DOCK","VILLAGE_DI":"PRINCESS DOCK","WARD":"B","REMARKS":" ","TYPE":"Heritage","CREATED_US":" ","LAST_EDITE":" ","OWNERSHIP":" ","USES":" ","MHCC_NOC":" ","DATE_":" ","NOC_FOR":" ","STRUCTURE":" ","FEATURE":" ","Q":"Y","HER_NUMBER_2":"31/114","HERITAGE_NAME":"INDIAN SAILORS HOME"},"geometry":{"type":"Polygon","coordinates":[[[72.83909506738034,18.955051500873523],[72.83970576513997,18.954935148479617],[72.83957387771953,18.954553177322886],[72.83909506738034,18.955051500873523]]]}},{"type":"Feature","properties":{"layer":"DP_77","label":"Heritage building","confidence":"confirmed","HERITAGE_P":" ","GRADE":"III","VILLAGE":"MALABAR HILL","VILLAGE_DI":"MALABAR HILL","WARD":"D","REMARKS":" ","TYPE":"Heritage","CREATED_US":" ","LAST_EDITE":" ","OWNERSHIP":" ","USES":" ","MHCC_NOC":" ","DATE_":" ","NOC_FOR":" ","STRUCTURE":" ","FEATURE":" ","Q":"Y","HER_NUMBER_2":"90/481","HERITAGE_NAME":"GAMDEVI POLICE STATION"},"geometry":{"type":"Polygon","coordinates":[[[72.81223116296711,18.96057696965515],[72.81246304315253,18.960653934334694],[72.81246241693283,18.96042822931026],[72.81218132688578,18.960246254324858],[72.81223116296711,18.96057696965515]]]}},{"type":"Feature","properties":{"layer":"DP_77","label":"Heritage building","confidence":"confirmed","HERITAGE_P":" ","GRADE":"III","VILLAGE":"VILE PARLE","VILLAGE_DI":"VILE PARLE","WARD":"K/E","REMARKS":" ","TYPE":"Heritage","CREATED_US":" ","LAST_EDITE":" ","OWNERSHIP":" ","USES":" ","MHCC_NOC":" ","DATE_":" ","NOC_FOR":" ","STRUCTURE":" ","FEATURE":" ","Q":"Y","HER_NUMBER_2":"202/255","HERITAGE_NAME":"DHAIRYA NIWAS"},"geometry":{"type":"Polygon","coordinates":[[[72.8485034285579,19.10067085508256],[72.84868055913252,19.100839909769544],[72.84885763288527,19.10064191790864],[72.8485034285579,19.10067085508256]]]}},{"type":"Feature","properties":{"layer":"DP_77","label":"Heritage building","confidence":"confirmed","HERITAGE_P":" ","GRADE":"III","VILLAGE":"GIRGAUM","VILLAGE_DI":"GIRGAUM","WARD":"D","REMARKS":" ","TYPE":"Heritage","CREATED_US":" ","LAST_EDITE":" ","OWNERSHIP":" ","USES":" ","MHCC_NOC":" ","DATE_":" ","NOC_FOR":" ","STRUCTURE":" ","FEATURE":" ","Q":"Y","HER_NUMBER_2":"99/499","HERITAGE_NAME":"PEERBHOY MANSIONS"},"geometry":{"type":"Polygon","coordinates":[[[72.81794773915078,18.95793140513392],[72.8185244443054,18.957890262695518],[72.81785967172182,18.957629875753625],[72.81794773915078,18.95793140513392]]]}},{"type":"Feature","properties":{"layer":"DP_77","label":"Heritage building","confidence":"confirmed","HERITAGE_P":"BALLARD PIER","GRADE":"IIA","VILLAGE":"FORT","VILLAGE_DI":"FORT","WARD":"A","REMARKS":" ","TYPE":"Heritage","CREATED_US":" ","LAST_EDITE":" ","OWNERSHIP":" ","USES":" ","MHCC_NOC":" ","DATE_":" ","NOC_FOR":" ","STRUCTURE":" ","FEATURE":" ","Q":"Y","HER_NUMBER_2":"216/246","HERITAGE_NAME":"HENLEY HOUSE"},"geometry":{"type":"Polygon","coordinates":[[[72.84112185945607,18.934633845136563],[72.84110011861824,18.93490713145443],[72.84128137821696,18.934712081125276],[72.84112185945607,18.934633845136563]]]}},{"type":"Feature","properties":{"layer":"DP_77","label":"Heritage building","confidence":"confirmed","HERITAGE_P":" ","GRADE":"III","VILLAGE":"BANDRA-C","VILLAGE_DI":"BANDRA-C","WARD":"H/W","REMARKS":" ","TYPE":"Heritage","CREATED_US":" ","LAST_EDITE":" ","OWNERSHIP":" ","USES":" ","MHCC_NOC":" ","DATE_":" ","NOC_FOR":" ","STRUCTURE":" ","FEATURE":" ","Q":"Y","HER_NUMBER_2":"27/039","HERITAGE_NAME":"UNKNOWN PREMISES NO. 2"},"geometry":{"type":"Polygon","coordinates":[[[72.82889310759857,19.058669226056477],[72.82865906181343,19.05838648991757],[72.82865952883473,19.058732984402102],[72.82889310759857,19.058669226056477]]]}},{"type":"Feature","properties":{"layer":"DP_77","label":"Heritage building","confidence":"confirmed","HERITAGE_P":" ","GRADE":"IIB","VILLAGE":"MAZAGAON","VILLAGE_DI":"MAZAGAON","WARD":"E","REMARKS":" ","TYPE":"Heritage","CREATED_US":" ","LAST_EDITE":" ","OWNERSHIP":" ","USES":" ","MHCC_NOC":" ","DATE_":" ","NOC_FOR":" ","STRUCTURE":" ","FEATURE":" ","Q":"Y","HER_NUMBER_2":"82/375","HERITAGE_NAME":"MATHARPAKHDI CLUB"},"geometry":{"type":"Polygon","coordinates":[[[72.84163578477686,18.971931149786283],[72.84176557357043,18.972335412002742],[72.84205827738099,18.972220690502507],[72.84206177761301,18.972036087289037],[72.84163578477686,18.971931149786283]]]}},{"type":"Feature","properties":{"layer":"DP_77","label":"Heritage building","confidence":"confirmed","HERITAGE_P":"BALLARD PIER","GRADE":"IIA","VILLAGE":"FORT","VILLAGE_DI":"FORT","WARD":"A","REMARKS":" ","TYPE":"Heritage","CREATED_US":" ","LAST_EDITE":" ","OWNERSHIP":" ","USES":" ","MHCC_NOC":" ","DATE_":" ","NOC_FOR":" ","STRUCTURE":" ","FEATURE":" ","Q":"Y","HER_NUMBER_2":"214/244","HERITAGE_NAME":"VAKIL HOUSE"},"geometry":{"type":"Polygon","coordinates":[[[72.8405202373052,18.934877093306127],[72.84042564700286,18.935169412947175],[72.84062358320058,18.935132658707573],[72.8405202373052,18.934877093306127]]]}},{"type":"Feature","properties":{"layer":"DP_77","label":"Heritage building","confidence":"confirmed","HERITAGE_P":" ","GRADE":"III","VILLAGE":"GIRGAUM","VILLAGE_DI":"GIRGAUM","WARD":"D","REMARKS":" ","TYPE":"Heritage","CREATED_US":" ","LAST_EDITE":" ","OWNERSHIP":" ","USES":" ","MHCC_NOC":" ","DATE_":" ","NOC_FOR":" ","STRUCTURE":" ","FEATURE":" ","Q":"Y","HER_NUMBER_2":"85/469","HERITAGE_NAME":"JAHANGIR MANSION"},"geometry":{"type":"Polygon","coordinates":[[[72.81317499051968,18.957007248440366],[72.81400761409974,18.95663099589467],[72.81372313154466,18.956511062167706],[72.81317499051968,18.957007248440366]]]}},{"type":"Feature","properties":{"layer":"DP_77","label":"Heritage building","confidence":"confirmed","HERITAGE_P":" ","GRADE":"IIB","VILLAGE":"MAGATHANE","VILLAGE_DI":"MAGATHANE","WARD":"R","REMARKS":" ","TYPE":"Heritage","CREATED_US":" ","LAST_EDITE":" ","OWNERSHIP":" ","USES":" ","MHCC_NOC":" ","DATE_":" ","NOC_FOR":" ","STRUCTURE":" ","FEATURE":" ","Q":"Y","HER_NUMBER_2":"158/200","HERITAGE_NAME":"GARDEN RETREAT"},"geometry":{"type":"Polygon","coordinates":[[[72.8501589431338,19.215846619165678],[72.85017840856116,19.216003567095708],[72.85083146619276,19.215945224405036],[72.85084987202414,19.215630349291796],[72.85013528531196,19.215586390971673],[72.8501589431338,19.215846619165678]]]}},{"type":"Feature","properties":{"layer":"DP_77","label":"Heritage building","confidence":"confirmed","HERITAGE_P":" ","GRADE":"IIB","VILLAGE":"MANDVI","VILLAGE_DI":"MANDVI","WARD":"B","REMARKS":" ","TYPE":"Heritage","CREATED_US":" ","LAST_EDITE":" ","OWNERSHIP":" ","USES":" ","MHCC_NOC":" ","DATE_":" ","NOC_FOR":" ","STRUCTURE":" ","FEATURE":" ","Q":"Y","HER_NUMBER_2":"28a/109","HERITAGE_NAME":"KARIMABAD KHOJA JAMATKHANA"},"geometry":{"type":"Polygon","coordinates":[[[72.8328139388398,18.959193659216705],[72.83228242065232,18.958881919721552],[72.8320752201066,18.95987247379809],[72.83262342680867,18.95989022873318],[72.8328139388398,18.959193659216705]]]}},{"type":"Feature","properties":{"layer":"DP_77","label":"Heritage building","confidence":"confirmed","HERITAGE_P":"MAJESTIC","GRADE":"IIA","VILLAGE":"FORT","VILLAGE_DI":"FORT","WARD":"A","REMARKS":" ","TYPE":"Heritage","CREATED_US":" ","LAST_EDITE":" ","OWNERSHIP":" ","USES":" ","MHCC_NOC":" ","DATE_":" ","NOC_FOR":" ","STRUCTURE":" ","FEATURE":" ","Q":"Y","HER_NUMBER_2":"134/154","HERITAGE_NAME":"AMARCHAND MANSION"},"geometry":{"type":"Polygon","coordinates":[[[72.83013379080174,18.925260399238393],[72.83015906877017,18.92561673223054],[72.83079300447322,18.925394094245878],[72.83075217843152,18.92521557967205],[72.83013379080174,18.925260399238393]]]}},{"type":"Feature","properties":{"layer":"DP_77","label":"Heritage building","confidence":"confirmed","HERITAGE_P":" ","GRADE":"III","VILLAGE":"BYCULLA","VILLAGE_DI":"BYCULLA","WARD":"E","REMARKS":" ","TYPE":"Heritage","CREATED_US":" ","LAST_EDITE":" ","OWNERSHIP":" ","USES":" ","MHCC_NOC":" ","DATE_":" ","NOC_FOR":" ","STRUCTURE":" ","FEATURE":" ","Q":"Y","HER_NUMBER_2":"53","HERITAGE_NAME":"MURZABAN COLONY ALL BUILDINGS"},"geometry":{"type":"Polygon","coordinates":[[[72.82337464090182,18.974644997034424],[72.82402034667703,18.97445454739502],[72.82390501259476,18.974119788192457],[72.82323850352559,18.974313502077905],[72.82337464090182,18.974644997034424]]]}},{"type":"Feature","properties":{"layer":"DP_77","label":"Heritage building","confidence":"confirmed","HERITAGE_P":" ","GRADE":"III","VILLAGE":"KURLA - 3","VILLAGE_DI":"KURLA - 3","WARD":"L","REMARKS":" ","TYPE":"Heritage","CREATED_US":" ","LAST_EDITE":" ","OWNERSHIP":" ","USES":" ","MHCC_NOC":" ","DATE_":" ","NOC_FOR":" ","STRUCTURE":" ","FEATURE":" ","Q":"Y","HER_NUMBER_2":"02/03","HERITAGE_NAME":"WELL AT SWADESHI MILLS CHAWLS"},"geometry":{"type":"Polygon","coordinates":[[[72.87358444691532,19.057313963454092],[72.87360107127321,19.057272116008683],[72.87357249781812,19.057269406495983],[72.87358444691532,19.057313963454092]]]}},{"type":"Feature","properties":{"layer":"DP_77","label":"Heritage building","confidence":"confirmed","HERITAGE_P":" ","GRADE":"III","VILLAGE":"MATUNGA","VILLAGE_DI":"MATUNGA","WARD":"F/N","REMARKS":" ","TYPE":"Heritage","CREATED_US":" ","LAST_EDITE":" ","OWNERSHIP":" ","USES":" ","MHCC_NOC":" ","DATE_":" ","NOC_FOR":" ","STRUCTURE":" ","FEATURE":" ","Q":"Y","HER_NUMBER_2":"34/463","HERITAGE_NAME":"673, FAIREDOON MODY HOUSE"},"geometry":{"type":"Polygon","coordinates":[[[72.85436252056371,19.018322848200075],[72.85455717559518,19.018459157437903],[72.85465358925394,19.01830499398546],[72.85436252056371,19.018322848200075]]]}},{"type":"Feature","properties":{"layer":"DP_77","label":"Heritage building","confidence":"confirmed","HERITAGE_P":" ","GRADE":"III","VILLAGE":"BYCULLA","VILLAGE_DI":"BYCULLA","WARD":"E","REMARKS":" ","TYPE":" ","CREATED_US":" ","LAST_EDITE":" ","OWNERSHIP":" ","USES":" ","MHCC_NOC":" ","DATE_":" ","NOC_FOR":" ","STRUCTURE":" ","FEATURE":" ","Q":"Y","HER_NUMBER_2":"51/342","HERITAGE_NAME":"YOUNG MAN CHRISTAIN ASSOCIATION, DR.BRANCH"},"geometry":{"type":"Polygon","coordinates":[[[72.82508018653482,18.974635138427573],[72.82535598666227,18.974388572475277],[72.82502301535729,18.974471377908557],[72.82508018653482,18.974635138427573]]]}},{"type":"Feature","properties":{"layer":"DP_77","label":"Heritage building","confidence":"confirmed","HERITAGE_P":" ","GRADE":"IIA","VILLAGE":"FORT","VILLAGE_DI":"FORT","WARD":"A","REMARKS":" ","TYPE":"Heritage","CREATED_US":" ","LAST_EDITE":" ","OWNERSHIP":" ","USES":" ","MHCC_NOC":" ","DATE_":" ","NOC_FOR":" ","STRUCTURE":" ","FEATURE":" ","Q":"Y","HER_NUMBER_2":"299/69","HERITAGE_NAME":"JIJI HOUSE"},"geometry":{"type":"Polygon","coordinates":[[[72.83274261896791,18.937975361810093],[72.83311850796314,18.93786494195158],[72.83306352498846,18.93772047229125],[72.83274261896791,18.937975361810093]]]}},{"type":"Feature","properties":{"layer":"DP_77","label":"Heritage building","confidence":"confirmed","HERITAGE_P":" ","GRADE":"III","VILLAGE":"DADAR-NAIGAON","VILLAGE_DI":"DADAR-NAIGAON","WARD":"F/S","REMARKS":" ","TYPE":"Heritage","CREATED_US":" ","LAST_EDITE":" ","OWNERSHIP":" ","USES":" ","MHCC_NOC":" ","DATE_":" ","NOC_FOR":" ","STRUCTURE":" ","FEATURE":" ","Q":"Y","HER_NUMBER_2":"28/525","HERITAGE_NAME":"BHOIWADA POLICE STATION"},"geometry":{"type":"Polygon","coordinates":[[[72.84416551443424,19.006795722062336],[72.84439268011177,19.006238214803567],[72.84374132673793,19.006141442714302],[72.84375960694435,19.006643674499873],[72.84416551443424,19.006795722062336]]]}},{"type":"Feature","properties":{"layer":"DP_77","label":"Heritage building","confidence":"confirmed","HERITAGE_P":" ","GRADE":"IIB","VILLAGE":"PAREL-SHIVEDI","VILLAGE_DI":"PAREL-SHIVEDI","WARD":"F/S","REMARKS":" ","TYPE":" ","CREATED_US":" ","LAST_EDITE":" ","OWNERSHIP":" ","USES":" ","MHCC_NOC":" ","DATE_":" ","NOC_FOR":" ","STRUCTURE":" ","FEATURE":" ","Q":"Y","HER_NUMBER_2":"3/540","HERITAGE_NAME":"NAWROJEE WADIA MATERNITY HOSPITAL"},"geometry":{"type":"Polygon","coordinates":[[[72.84345917996956,19.002280759053495],[72.84219448382267,19.003515542834116],[72.84277186088404,19.004117841139564],[72.84367055528999,19.00317881345618],[72.84345917996956,19.002280759053495]]]}},{"type":"Feature","properties":{"layer":"DP_77","label":"Heritage building","confidence":"confirmed","HERITAGE_P":" ","GRADE":"IIB","VILLAGE":"BHULESHWAR","VILLAGE_DI":"BHULESHWAR","WARD":"C","REMARKS":" ","TYPE":"Heritage","CREATED_US":" ","LAST_EDITE":" ","OWNERSHIP":" ","USES":" ","MHCC_NOC":" ","DATE_":" ","NOC_FOR":" ","STRUCTURE":" ","FEATURE":" ","Q":"Y","HER_NUMBER_2":"278 & 331","HERITAGE_NAME":"MAHAVIR SWAMI JAIN TEMPLE"},"geometry":{"type":"Polygon","coordinates":[[[72.83123596253566,18.95404279369841],[72.83135988511886,18.953886417601133],[72.83130354846507,18.953841354070608],[72.83123596253566,18.95404279369841]]]}},{"type":"Feature","properties":{"layer":"DP_77","label":"Heritage building","confidence":"confirmed","HERITAGE_P":" ","GRADE":"III","VILLAGE":" ","VILLAGE_DI":" ","WARD":"E","REMARKS":" ","TYPE":" ","CREATED_US":" ","CREATED_DA":-2209161600000,"LAST_EDITE":" ","LAST_EDI_1":-2209161600000,"OWNERSHIP":" ","USES":" ","MHCC_NOC":" ","DATE_":" ","NOC_FOR":" ","STRUCTURE":" ","FEATURE":" ","Q":"Y","HER_NUMBER_2":"79-b/370","HERITAGE_NAME":"BUNGLOW 1-b,AMBEWADI"},"geometry":{"type":"Polygon","coordinates":[[[72.84285371156591,18.970672858920484],[72.84303980362692,18.970807547187718],[72.84301546458207,18.97064176239358],[72.84285371156591,18.970672858920484]]]}},{"type":"Feature","properties":{"layer":"DP_77","label":"Heritage building","confidence":"confirmed","HERITAGE_P":" ","GRADE":"III","VILLAGE":"FORT","VILLAGE_DI":"FORT","WARD":"A","REMARKS":" ","TYPE":"Heritage","CREATED_US":" ","LAST_EDITE":" ","OWNERSHIP":" ","USES":" ","MHCC_NOC":" ","DATE_":" ","NOC_FOR":" ","STRUCTURE":" ","FEATURE":" ","Q":"Y","HER_NUMBER_2":"165/188","HERITAGE_NAME":"BOMBAY WATER WORKS BUILDING"},"geometry":{"type":"Polygon","coordinates":[[[72.83673310152955,18.936472733782473],[72.83672351077604,18.936853367991784],[72.8368300188216,18.936479821316187],[72.83673310152955,18.936472733782473]]]}},{"type":"Feature","properties":{"layer":"DP_77","label":"Heritage building","confidence":"confirmed","HERITAGE_P":" ","GRADE":"III","VILLAGE":"FORT","VILLAGE_DI":"FORT","WARD":"A","REMARKS":" ","TYPE":"Heritage","CREATED_US":" ","LAST_EDITE":" ","OWNERSHIP":" ","USES":" ","MHCC_NOC":" ","DATE_":" ","NOC_FOR":" ","STRUCTURE":" ","FEATURE":" ","Q":"Y","HER_NUMBER_2":"250/15","HERITAGE_NAME":"SNEH SADAN"},"geometry":{"type":"Polygon","coordinates":[[[72.82752836360581,18.93109494144022],[72.82742550509892,18.93141372706547],[72.82775931617392,18.93125530463641],[72.82752836360581,18.93109494144022]]]}},{"type":"Feature","properties":{"layer":"DP_77","label":"Heritage building","confidence":"confirmed","HERITAGE_P":" ","GRADE":"III","VILLAGE":"BYCULLA","VILLAGE_DI":"BYCULLA","WARD":"E","REMARKS":" ","TYPE":"Heritage","CREATED_US":" ","LAST_EDITE":" ","OWNERSHIP":" ","USES":" ","MHCC_NOC":" ","DATE_":" ","NOC_FOR":" ","STRUCTURE":" ","FEATURE":" ","Q":"Y","HER_NUMBER_2":"45/336","HERITAGE_NAME":"BISHOP HOUSE"},"geometry":{"type":"Polygon","coordinates":[[[72.82267483373177,18.97219445088379],[72.82307709814654,18.972453550660383],[72.82324494617437,18.97219712401798],[72.82267483373177,18.97219445088379]]]}},{"type":"Feature","properties":{"layer":"DP_77","label":"Heritage building","confidence":"confirmed","HERITAGE_P":" ","GRADE":"III","VILLAGE":"BYCULLA","VILLAGE_DI":"BYCULLA","WARD":"E","REMARKS":" ","TYPE":"Heritage","CREATED_US":" ","LAST_EDITE":" ","OWNERSHIP":" ","USES":" ","MHCC_NOC":" ","DATE_":" ","NOC_FOR":" ","STRUCTURE":" ","FEATURE":" ","Q":"Y","HER_NUMBER_2":"4/297","HERITAGE_NAME":"SEVA NIKETAN"},"geometry":{"type":"Polygon","coordinates":[[[72.83228300725919,18.968088586338002],[72.83259406228716,18.96836594242128],[72.83259516201569,18.968130297909873],[72.83228300725919,18.968088586338002]]]}},{"type":"Feature","properties":{"layer":"DP_77","label":"Heritage building","confidence":"confirmed","HERITAGE_P":" ","GRADE":"IIA","VILLAGE":"TULSI","VILLAGE_DI":"TULSI","WARD":"T","REMARKS":" ","TYPE":"Heritage","CREATED_US":" ","LAST_EDITE":" ","OWNERSHIP":" ","USES":" ","MHCC_NOC":" ","DATE_":" ","NOC_FOR":" ","STRUCTURE":" ","FEATURE":" ","Q":"Y","HER_NUMBER_2":"47/50","HERITAGE_NAME":"TULSI DAM"},"geometry":{"type":"Polygon","coordinates":[[[72.91183923687375,19.193307449688728],[72.91207199320081,19.19464149680615],[72.9121924076009,19.19462353885942],[72.91183923687375,19.193307449688728]]]}},{"type":"Feature","properties":{"layer":"DP_77","label":"Heritage building","confidence":"confirmed","HERITAGE_P":" ","GRADE":"III","VILLAGE":"MANORI","VILLAGE_DI":"MANORI","WARD":"P/N","REMARKS":" ","TYPE":"Heritage","CREATED_US":" ","LAST_EDITE":" ","OWNERSHIP":" ","USES":" ","MHCC_NOC":" ","DATE_":" ","NOC_FOR":" ","STRUCTURE":" ","FEATURE":" ","Q":"Y","HER_NUMBER_2":"184/232","HERITAGE_NAME":"OUR LADY OF PERPETUAL SUCCOUR"},"geometry":{"type":"Polygon","coordinates":[[[72.78642261930845,19.205143463256764],[72.78670853014347,19.204769262015105],[72.78653362471663,19.204685698261216],[72.7860926754464,19.20496562624589],[72.78642261930845,19.205143463256764]]]}},{"type":"Feature","properties":{"layer":"DP_77","label":"Heritage building","confidence":"confirmed","HERITAGE_P":" ","GRADE":"IIB","VILLAGE":"BANDRA-H","VILLAGE_DI":"BANDRA-H","WARD":"H/W","REMARKS":" ","TYPE":"Heritage","CREATED_US":" ","LAST_EDITE":" ","OWNERSHIP":" ","USES":" ","MHCC_NOC":" ","DATE_":" ","NOC_FOR":" ","STRUCTURE":" ","FEATURE":" ","Q":"Y","HER_NUMBER_2":"107/128","HERITAGE_NAME":"LEWIS VILLA"},"geometry":{"type":"Polygon","coordinates":[[[72.83893067466465,19.075647407122727],[72.83871111252452,19.075657325359803],[72.83871833150872,19.07588245620539],[72.83896055261349,19.07587394267875],[72.83893067466465,19.075647407122727]]]}},{"type":"Feature","properties":{"layer":"DP_77","label":"Heritage building","confidence":"confirmed","HERITAGE_P":"BAZARGATE","GRADE":"IIA","VILLAGE":"FORT","VILLAGE_DI":"FORT","WARD":"A","REMARKS":"ALSO LISTED IN NEW AGIARY LIST AT SR NO 10 ( SETH MANEKJI NOWROJI SETH AGIARY ( ADARIAN) )","TYPE":"Heritage","CREATED_US":" ","LAST_EDITE":" ","OWNERSHIP":" ","USES":" ","MHCC_NOC":" ","DATE_":" ","NOC_FOR":" ","STRUCTURE":" ","FEATURE":" ","Q":"Y","HER_NUMBER_2":"186/212","HERITAGE_NAME":"SETH MANECKJEE NOWROJI SETT AGIARY ( PARSI AGIARY)"},"geometry":{"type":"Polygon","coordinates":[[[72.83610496292756,18.935135672757127],[72.83582128780014,18.935237368790457],[72.83610167614913,18.93528364394102],[72.83610496292756,18.935135672757127]]]}},{"type":"Feature","properties":{"layer":"DP_77","label":"Heritage building","confidence":"confirmed","HERITAGE_P":" ","GRADE":"III","VILLAGE":"VILE PARLE","VILLAGE_DI":"VILE PARLE","WARD":"K/W","REMARKS":" ","TYPE":"Heritage","CREATED_US":" ","LAST_EDITE":" ","OWNERSHIP":" ","USES":" ","MHCC_NOC":" ","DATE_":" ","NOC_FOR":" ","STRUCTURE":" ","FEATURE":" ","Q":"Y","HER_NUMBER_2":"128/159","HERITAGE_NAME":"Reliance Premise B"},"geometry":{"type":"Polygon","coordinates":[[[72.83900571207789,19.102626131836203],[72.83927783502743,19.10263277567847],[72.83929360267352,19.102168208700853],[72.83904575248218,19.102160541073456],[72.83900571207789,19.102626131836203]]]}},{"type":"Feature","properties":{"layer":"DP_77","label":"Heritage building","confidence":"confirmed","HERITAGE_P":" ","GRADE":"IIB","VILLAGE":"BYCULLA","VILLAGE_DI":"BYCULLA","WARD":"E","REMARKS":" ","TYPE":"Heritage","CREATED_US":" ","LAST_EDITE":" ","OWNERSHIP":" ","USES":" ","MHCC_NOC":" ","DATE_":" ","NOC_FOR":" ","STRUCTURE":" ","FEATURE":" ","Q":"Y","HER_NUMBER_2":"24/316","HERITAGE_NAME":"DHARAMSHALA & OFFICE OF TELGU MUNURWAR DYANTI GANGA"},"geometry":{"type":"Polygon","coordinates":[[[72.8277016196387,18.964872576000964],[72.8277068901132,18.964906903746268],[72.82779009704572,18.964897849873232],[72.8277016196387,18.964872576000964]]]}},{"type":"Feature","properties":{"layer":"DP_77","label":"Heritage building","confidence":"confirmed","HERITAGE_P":"CANTONMENT","GRADE":"IIB","VILLAGE":"COLABA","VILLAGE_DI":"COLABA","WARD":"A","REMARKS":" ","TYPE":"Heritage","CREATED_US":" ","LAST_EDITE":" ","OWNERSHIP":" ","USES":" ","MHCC_NOC":" ","DATE_":" ","NOC_FOR":" ","STRUCTURE":" ","FEATURE":" ","Q":"Y","HER_NUMBER_2":"35/41(b)","HERITAGE_NAME":"b) ARMY WIVES WELFARE ASSOCIATION (BUNGLOW OPP.NO.16)"},"geometry":{"type":"Polygon","coordinates":[[[72.81067753642557,18.89850668486121],[72.81083251782383,18.8987063374514],[72.81138795526535,18.898614113327753],[72.81116496525914,18.898360412104303],[72.81067753642557,18.89850668486121]]]}},{"type":"Feature","properties":{"layer":"DP_77","label":"Heritage building","confidence":"confirmed","HERITAGE_P":" ","GRADE":"IIB","VILLAGE":" ","VILLAGE_DI":" ","WARD":"F/N","REMARKS":" ","TYPE":" ","CREATED_US":" ","CREATED_DA":-2209161600000,"LAST_EDITE":" ","LAST_EDI_1":-2209161600000,"OWNERSHIP":" ","USES":" ","MHCC_NOC":" ","DATE_":" ","NOC_FOR":" ","STRUCTURE":" ","FEATURE":" ","Q":"Y","HER_NUMBER_2":"1/543","HERITAGE_NAME":"KHODADAD CIRCLE WITH BUILDINGS"},"geometry":{"type":"Polygon","coordinates":[[[72.84831291898324,19.017228907534147],[72.8476662860246,19.01706016806559],[72.84717357886412,19.0173778500958],[72.84700899308866,19.018089239479842],[72.84717427220865,19.018320791339075],[72.84782564469533,19.018554931826767],[72.84840799279642,19.018272980981152],[72.84857007459732,19.017573157681657],[72.84831291898324,19.017228907534147]]]}},{"type":"Feature","properties":{"layer":"DP_77","label":"Heritage building","confidence":"confirmed","HERITAGE_P":" ","GRADE":"III","VILLAGE":"BANDRA-C","VILLAGE_DI":"BANDRA-C","WARD":"H/W","REMARKS":" ","TYPE":"Heritage","CREATED_US":" ","LAST_EDITE":" ","OWNERSHIP":" ","USES":" ","MHCC_NOC":" ","DATE_":" ","NOC_FOR":" ","STRUCTURE":" ","FEATURE":" ","Q":"Y","HER_NUMBER_2":"48/063","HERITAGE_NAME":"FEMLEY HOUSE"},"geometry":{"type":"Polygon","coordinates":[[[72.82552203763923,19.059195785317062],[72.82534633655965,19.0591488169292],[72.82533301046026,19.05944628338814],[72.82554124422126,19.05956823818625],[72.82552203763923,19.059195785317062]]]}},{"type":"Feature","properties":{"layer":"DP_77","label":"Heritage building","confidence":"confirmed","HERITAGE_P":" ","GRADE":"III","VILLAGE":"TARDEO","VILLAGE_DI":"TARDEO","WARD":"D","REMARKS":" ","TYPE":"Heritage","CREATED_US":" ","LAST_EDITE":" ","OWNERSHIP":" ","USES":" ","MHCC_NOC":" ","DATE_":" ","NOC_FOR":" ","STRUCTURE":" ","FEATURE":" ","Q":"Y","HER_NUMBER_2":"132/273","HERITAGE_NAME":"ADIE MANSION"},"geometry":{"type":"Polygon","coordinates":[[[72.82103923363503,18.962164185681036],[72.82093463264377,18.96202564354558],[72.82113424924128,18.962635427748236],[72.82103923363503,18.962164185681036]]]}},{"type":"Feature","properties":{"layer":"DP_77","label":"Heritage building","confidence":"confirmed","HERITAGE_P":" ","GRADE":"IIB","VILLAGE":"MAHIM","VILLAGE_DI":"MAHIM","WARD":"G/N","REMARKS":" ","TYPE":"Heritage","CREATED_US":" ","LAST_EDITE":" ","OWNERSHIP":" ","USES":" ","MHCC_NOC":" ","DATE_":" ","NOC_FOR":" ","STRUCTURE":" ","FEATURE":" ","Q":"Y","HER_NUMBER_2":"11/528","HERITAGE_NAME":"SETH G.M. JAIN HOSTEL"},"geometry":{"type":"Polygon","coordinates":[[[72.8358069160897,19.00809373994552],[72.83569873276615,19.00792758751435],[72.83548392425898,19.008398795154218],[72.8356877620285,19.0087048069675],[72.8360480127098,19.00846501251406],[72.8358069160897,19.00809373994552]]]}},{"type":"Feature","properties":{"layer":"DP_77","label":"Heritage building","confidence":"confirmed","HERITAGE_P":" ","GRADE":"III","VILLAGE":"BANDRA-C","VILLAGE_DI":"BANDRA-C","WARD":"H/W","REMARKS":" ","TYPE":" ","CREATED_US":" ","LAST_EDITE":" ","OWNERSHIP":" ","USES":" ","MHCC_NOC":" ","DATE_":" ","NOC_FOR":" ","STRUCTURE":" ","FEATURE":" ","Q":"Y","HER_NUMBER_2":"603","HERITAGE_NAME":"24/24-A, PERRY CROSS ROAD"},"geometry":{"type":"Polygon","coordinates":[[[72.82382030871749,19.060828867610777],[72.8238774217095,19.060682140746042],[72.8237216441451,19.060710006729742],[72.82382030871749,19.060828867610777]]]}},{"type":"Feature","properties":{"layer":"DP_77","label":"Heritage building","confidence":"confirmed","HERITAGE_P":" ","GRADE":"IIA","VILLAGE":"FORT","VILLAGE_DI":"FORT","WARD":"A","REMARKS":" ","TYPE":"Heritage","CREATED_US":" ","LAST_EDITE":" ","OWNERSHIP":" ","USES":" ","MHCC_NOC":" ","DATE_":" ","NOC_FOR":" ","STRUCTURE":" ","FEATURE":" ","Q":"Y","HER_NUMBER_2":"284/54","HERITAGE_NAME":"160, ESPLANADE SCHOOL BLDG."},"geometry":{"type":"Polygon","coordinates":[[[72.8339441657918,18.938251322216903],[72.83427023749435,18.93815539081427],[72.83388914386278,18.938152117418422],[72.8339441657918,18.938251322216903]]]}},{"type":"Feature","properties":{"layer":"DP_77","label":"Heritage building","confidence":"confirmed","HERITAGE_P":" ","GRADE":"IIB","VILLAGE":"BYCULLA","VILLAGE_DI":"BYCULLA","WARD":"E","REMARKS":" ","TYPE":"Heritage","CREATED_US":" ","LAST_EDITE":" ","OWNERSHIP":" ","USES":" ","MHCC_NOC":" ","DATE_":" ","NOC_FOR":" ","STRUCTURE":" ","FEATURE":" ","Q":"Y","HER_NUMBER_2":"20/311","HERITAGE_NAME":"NAGPADA POLICE STATION"},"geometry":{"type":"Polygon","coordinates":[[[72.82988319742748,18.966733942736685],[72.82899869239428,18.967089573959303],[72.82959739287527,18.96720721241495],[72.82994339222337,18.967056663774464],[72.82988319742748,18.966733942736685]]]}},{"type":"Feature","properties":{"layer":"DP_77","label":"Heritage building","confidence":"confirmed","HERITAGE_P":" ","GRADE":"IIA","VILLAGE":"BHULESHWAR","VILLAGE_DI":"BHULESHWAR","WARD":"C","REMARKS":" ","TYPE":"Heritage","CREATED_US":" ","LAST_EDITE":" ","OWNERSHIP":" ","USES":" ","MHCC_NOC":" ","DATE_":" ","NOC_FOR":" ","STRUCTURE":" ","FEATURE":" ","Q":"Y","HER_NUMBER_2":"30/175","HERITAGE_NAME":"SWADESHI MARKET"},"geometry":{"type":"Polygon","coordinates":[[[72.8275123207606,18.949564948935866],[72.82869436908972,18.949658151924794],[72.8287704449133,18.949354385960344],[72.82805135792849,18.949227147938732],[72.82811981248692,18.949048897324783],[72.82752058881866,18.949330923321718],[72.8275123207606,18.949564948935866]]]}},{"type":"Feature","properties":{"layer":"DP_77","label":"Heritage building","confidence":"confirmed","HERITAGE_P":" ","GRADE":"IIA","VILLAGE":"GIRGAUM","VILLAGE_DI":"GIRGAUM","WARD":"D","REMARKS":"ALSO LISTED IN NEW AGIARY LIST AT SR NO. 3, 15","TYPE":"Heritage","CREATED_US":" ","LAST_EDITE":" ","OWNERSHIP":" ","USES":" ","MHCC_NOC":" ","DATE_":" ","NOC_FOR":" ","STRUCTURE":" ","FEATURE":" ","Q":"Y","HER_NUMBER_2":"3/272","HERITAGE_NAME":"SETH C. BHAUSAHEB ATASHBEHRAM"},"geometry":{"type":"Polygon","coordinates":[[[72.82027530838778,18.95157728578989],[72.82071737174111,18.950823450500113],[72.82024333539381,18.950685130799272],[72.81978521150303,18.951142189827593],[72.82027530838778,18.95157728578989]]]}},{"type":"Feature","properties":{"layer":"DP_77","label":"Heritage building","confidence":"confirmed","HERITAGE_P":" ","GRADE":" ","VILLAGE":"BHULESHWAR","VILLAGE_DI":"BHULESHWAR","WARD":"C","REMARKS":" ","TYPE":"Heritage","CREATED_US":" ","LAST_EDITE":" ","OWNERSHIP":" ","USES":" ","MHCC_NOC":" ","DATE_":" ","NOC_FOR":" ","STRUCTURE":" ","FEATURE":" ","Q":"Y","HER_NUMBER_2":"311","HERITAGE_NAME":"FAKRIJDDIN BUILDING"},"geometry":{"type":"Polygon","coordinates":[[[72.83157153606567,18.960835700185893],[72.8317420077777,18.960899480273206],[72.83174345108516,18.96082375893981],[72.83157153606567,18.960835700185893]]]}},{"type":"Feature","properties":{"layer":"DP_77","label":"Heritage building","confidence":"confirmed","HERITAGE_P":"UNIVERSITY","GRADE":"I","VILLAGE":"FORT","VILLAGE_DI":"FORT","WARD":"A","REMARKS":" ","TYPE":"Heritage","CREATED_US":" ","LAST_EDITE":" ","OWNERSHIP":" ","USES":" ","MHCC_NOC":" ","DATE_":" ","NOC_FOR":" ","STRUCTURE":" ","FEATURE":" ","Q":"Y","HER_NUMBER_2":"225/255","HERITAGE_NAME":"C.T.O. BUILDING"},"geometry":{"type":"Polygon","coordinates":[[[72.83033532223664,18.933183985552585],[72.8310745806607,18.933159558896016],[72.83108597277464,18.932838870231116],[72.83027975855745,18.932817137648694],[72.83033532223664,18.933183985552585]]]}},{"type":"Feature","properties":{"layer":"DP_77","label":"Heritage building","confidence":"confirmed","HERITAGE_P":" ","GRADE":"IIB","VILLAGE":"GIRGAUM","VILLAGE_DI":"GIRGAUM","WARD":"D","REMARKS":" ","TYPE":"Heritage","CREATED_US":" ","LAST_EDITE":" ","OWNERSHIP":" ","USES":" ","MHCC_NOC":" ","DATE_":" ","NOC_FOR":" ","STRUCTURE":" ","FEATURE":" ","Q":"Y","HER_NUMBER_2":"122/226","HERITAGE_NAME":"BHAGINI SAMAJ"},"geometry":{"type":"Polygon","coordinates":[[[72.82070466048836,18.958942514610342],[72.82047045640195,18.959042568636278],[72.82057273078728,18.959261515504412],[72.82080944431434,18.959170224448656],[72.82070466048836,18.958942514610342]]]}},{"type":"Feature","properties":{"layer":"DP_77","label":"Heritage building","confidence":"confirmed","HERITAGE_P":" ","GRADE":"IIB","VILLAGE":"MAZAGAON","VILLAGE_DI":"MAZAGAON","WARD":"E","REMARKS":" ","TYPE":"Heritage","CREATED_US":" ","LAST_EDITE":" ","OWNERSHIP":" ","USES":" ","MHCC_NOC":" ","DATE_":" ","NOC_FOR":" ","STRUCTURE":" ","FEATURE":" ","Q":"Y","HER_NUMBER_2":"13","HERITAGE_NAME":"SHREE MAMMBAI HIGH SCHOOL"},"geometry":{"type":"Polygon","coordinates":[[[72.83644901364235,18.987114718829382],[72.83584621957537,18.987206856175394],[72.83586580089951,18.987389741186306],[72.83654557306212,18.987348996076495],[72.83644901364235,18.987114718829382]]]}},{"type":"Feature","properties":{"layer":"DP_77","label":"Heritage building","confidence":"confirmed","HERITAGE_P":"MUSEUM","GRADE":"IIA","VILLAGE":"FORT","VILLAGE_DI":" ","WARD":"A","REMARKS":" ","TYPE":"Heritage","CREATED_US":" ","LAST_EDITE":" ","OWNERSHIP":" ","USES":" ","MHCC_NOC":" ","DATE_":" ","NOC_FOR":" ","STRUCTURE":" ","FEATURE":" ","Q":"Y","HER_NUMBER_2":"191/218","HERITAGE_NAME":"KENNESETH ELIAYAHOO SYNAGOGUE "},"geometry":{"type":"Polygon","coordinates":[[[72.83250413716851,18.928043485615095],[72.83264226869166,18.928202968776088],[72.83268701971649,18.928092500595103],[72.83250413716851,18.928043485615095]]]}},{"type":"Feature","properties":{"layer":"DP_77","label":"Heritage building","confidence":"confirmed","HERITAGE_P":" ","GRADE":"III","VILLAGE":"FORT","VILLAGE_DI":"FORT","WARD":"A","REMARKS":" ","TYPE":"Heritage","CREATED_US":" ","LAST_EDITE":" ","OWNERSHIP":" ","USES":" ","MHCC_NOC":" ","DATE_":" ","NOC_FOR":" ","STRUCTURE":" ","FEATURE":" ","Q":"Y","HER_NUMBER_2":"245/10","HERITAGE_NAME":"MOTI MAHAL"},"geometry":{"type":"Polygon","coordinates":[[[72.8254944037252,18.930723373465938],[72.82587501009074,18.931021286223125],[72.8261716298817,18.930877659738044],[72.8259255208774,18.93063208888027],[72.8254944037252,18.930723373465938]]]}},{"type":"Feature","properties":{"layer":"DP_77","label":"Heritage building","confidence":"confirmed","HERITAGE_P":"OLD CUFFE PARADE","GRADE":"IIB","VILLAGE":"COLABA","VILLAGE_DI":"COLABA","WARD":"A","REMARKS":" ","TYPE":"Heritage","CREATED_US":" ","LAST_EDITE":" ","OWNERSHIP":" ","USES":" ","MHCC_NOC":" ","DATE_":" ","NOC_FOR":" ","STRUCTURE":" ","FEATURE":" ","Q":"Y","HER_NUMBER_2":"115/133","HERITAGE_NAME":"MONICA RESIDENTIAL FLATS (FORMERLY A VILLA)"},"geometry":{"type":"Polygon","coordinates":[[[72.82340858121019,18.915387150364907],[72.82341210494371,18.915012765800768],[72.82321566730334,18.915160029271743],[72.82340858121019,18.915387150364907]]]}},{"type":"Feature","properties":{"layer":"DP_77","label":"Heritage building","confidence":"confirmed","HERITAGE_P":" ","GRADE":"I","VILLAGE":"BANDRA-B","VILLAGE_DI":"BANDRA-B","WARD":"H/W","REMARKS":" ","TYPE":"Heritage","CREATED_US":" ","LAST_EDITE":" ","OWNERSHIP":" ","USES":" ","MHCC_NOC":" ","DATE_":" ","NOC_FOR":" ","STRUCTURE":" ","FEATURE":" ","Q":"Y","HER_NUMBER_2":"626","HERITAGE_NAME":"MOUNT MARY CHURCH"},"geometry":{"type":"Polygon","coordinates":[[[72.82404606339364,19.046774657918018],[72.82231464391259,19.046383759124915],[72.82230061315727,19.04717142895596],[72.8225251318181,19.046754236545407],[72.8237672737992,19.04681627353871],[72.8246280216069,19.04741024289022],[72.82404606339364,19.046774657918018]]]}},{"type":"Feature","properties":{"layer":"DP_77","label":"Heritage building","confidence":"confirmed","HERITAGE_P":" ","GRADE":"III","VILLAGE":"BANDRA-C","VILLAGE_DI":"BANDRA-C","WARD":"H/W","REMARKS":" ","TYPE":"Heritage","CREATED_US":" ","LAST_EDITE":" ","OWNERSHIP":" ","USES":" ","MHCC_NOC":" ","DATE_":" ","NOC_FOR":" ","STRUCTURE":" ","FEATURE":" ","Q":"Y","HER_NUMBER_2":"600","HERITAGE_NAME":"44, PERRY ROAD"},"geometry":{"type":"Polygon","coordinates":[[[72.82355249037772,19.060386018607566],[72.82367774136237,19.060502962273954],[72.82349816224652,19.060171496866367],[72.82355249037772,19.060386018607566]]]}},{"type":"Feature","properties":{"layer":"DP_77","label":"Heritage building","confidence":"confirmed","HERITAGE_P":"VICTORIA TERMINUS","GRADE":"I","VILLAGE":"FORT","VILLAGE_DI":" ","WARD":"A","REMARKS":" ","TYPE":"Heritage","CREATED_US":" ","LAST_EDITE":" ","OWNERSHIP":" ","USES":" ","MHCC_NOC":" ","DATE_":" ","NOC_FOR":" ","STRUCTURE":" ","FEATURE":" ","Q":"Y","HER_NUMBER_2":"227/258","HERITAGE_NAME":"GENERAL POST OFFICE (G.P.O.)"},"geometry":{"type":"Polygon","coordinates":[[[72.8374152038846,18.939338588467038],[72.83798128661627,18.939221050634803],[72.83787046698842,18.93845035612632],[72.83604841162727,18.938868935906047],[72.83600724759329,18.93924443847578],[72.8374152038846,18.939338588467038]]]}},{"type":"Feature","properties":{"layer":"DP_77","label":"Heritage building","confidence":"confirmed","HERITAGE_P":"9999","GRADE":"III","VILLAGE":"MAZAGAON","VILLAGE_DI":"MAZAGAON","WARD":"E","REMARKS":" ","TYPE":"Heritage","CREATED_US":" ","LAST_EDITE":" ","OWNERSHIP":" ","USES":" ","MHCC_NOC":" ","DATE_":" ","NOC_FOR":" ","STRUCTURE":" ","FEATURE":" ","Q":"Y","HER_NUMBER_2":"523","HERITAGE_NAME":"PYAAU"},"geometry":{"type":"Polygon","coordinates":[[[72.83314368036162,18.97235976606576],[72.83303512311873,18.972469325349415],[72.83315614539026,18.97246880333757],[72.83314368036162,18.97235976606576]]]}},{"type":"Feature","properties":{"layer":"DP_77","label":"Heritage building","confidence":"confirmed","HERITAGE_P":" ","GRADE":"IIB","VILLAGE":"LOWER PAREL","VILLAGE_DI":"LOWER PAREL","WARD":"G/S","REMARKS":" ","TYPE":"Heritage","CREATED_US":" ","LAST_EDITE":" ","OWNERSHIP":" ","USES":" ","MHCC_NOC":" ","DATE_":" ","NOC_FOR":" ","STRUCTURE":" ","FEATURE":" ","Q":"Y","HER_NUMBER_2":"18/581","HERITAGE_NAME":"WORLI CHURCH COMPLEX"},"geometry":{"type":"Polygon","coordinates":[[[72.81756473476693,19.003000345221217],[72.8178127794119,19.002867611266595],[72.81760710289558,19.002504104804053],[72.81717394282708,19.00273446035417],[72.81733670112689,19.00311141307216],[72.81756473476693,19.003000345221217]]]}},{"type":"Feature","properties":{"layer":"DP_77","label":"Heritage building","confidence":"confirmed","HERITAGE_P":" ","GRADE":"IIB","VILLAGE":"BANDIVALI","VILLAGE_DI":"BANDIVALI","WARD":"K/W","REMARKS":" ","TYPE":"Heritage","CREATED_US":" ","LAST_EDITE":" ","OWNERSHIP":" ","USES":" ","MHCC_NOC":" ","DATE_":" ","NOC_FOR":" ","STRUCTURE":" ","FEATURE":" ","Q":"Y","HER_NUMBER_2":"142/178","HERITAGE_NAME":"M.N.Banaji Industrial Home for the Blind"},"geometry":{"type":"Polygon","coordinates":[[[72.84770747153911,19.133665001255714],[72.84824648862102,19.13359183688062],[72.84828370755365,19.132868401967787],[72.84768463759397,19.132735883275586],[72.84770747153911,19.133665001255714]]]}},{"type":"Feature","properties":{"layer":"DP_77","label":"Heritage building","confidence":"confirmed","HERITAGE_P":" ","GRADE":"IIA","VILLAGE":" ","VILLAGE_DI":" ","WARD":"D","REMARKS":"AS PER NEW AGIARY LIST AT SR. NO. 25","TYPE":" ","CREATED_US":" ","CREATED_DA":-2209161600000,"LAST_EDITE":" ","LAST_EDI_1":-2209161600000,"OWNERSHIP":" ","USES":" ","MHCC_NOC":" ","DATE_":" ","NOC_FOR":" ","STRUCTURE":" ","FEATURE":" ","Q":"Y","HER_NUMBER_2":" ","HERITAGE_NAME":"SETH SORABJI KHURSHEDJI THOOTHINA ADARIAN (KADMI ADARIAN)"},"geometry":{"type":"Polygon","coordinates":[[[72.80144443090613,18.949867873108087],[72.80170803587683,18.949917340947174],[72.80216132099251,18.949479977645403],[72.80181171748526,18.94902913975461],[72.80134058800718,18.949693073687765],[72.80144443090613,18.949867873108087]]]}},{"type":"Feature","properties":{"layer":"DP_77","label":"Heritage building","confidence":"confirmed","HERITAGE_P":" ","GRADE":"IIB","VILLAGE":"MANDVI","VILLAGE_DI":"MANDVI","WARD":"B","REMARKS":" ","TYPE":"Heritage","CREATED_US":" ","LAST_EDITE":" ","OWNERSHIP":" ","USES":" ","MHCC_NOC":" ","DATE_":" ","NOC_FOR":" ","STRUCTURE":" ","FEATURE":" ","Q":"Y","HER_NUMBER_2":"11/90","HERITAGE_NAME":"MANDVI POST AND TELEGRAPH OFFICE"},"geometry":{"type":"Polygon","coordinates":[[[72.83234883790203,18.956656661845567],[72.83215579088223,18.956854683777916],[72.83246709689739,18.956781295969186],[72.83234883790203,18.956656661845567]]]}},{"type":"Feature","properties":{"layer":"DP_77","label":"Heritage building","confidence":"confirmed","HERITAGE_P":" ","GRADE":"III","VILLAGE":" ","VILLAGE_DI":" ","WARD":"E","REMARKS":" ","TYPE":" ","CREATED_US":" ","CREATED_DA":-2209161600000,"LAST_EDITE":" ","LAST_EDI_1":-2209161600000,"OWNERSHIP":" ","USES":" ","MHCC_NOC":" ","DATE_":" ","NOC_FOR":" ","STRUCTURE":" ","FEATURE":" ","Q":"Y","HER_NUMBER_2":"93/386","HERITAGE_NAME":"GATE TO PRICE ALI KHAN HOSPITAL"},"geometry":{"type":"Polygon","coordinates":[[[72.83583660661355,18.970001062084904],[72.83588105603839,18.969887983117175],[72.83573155241788,18.969895840158884],[72.83583660661355,18.970001062084904]]]}},{"type":"Feature","properties":{"layer":"DP_77","label":"Heritage building","confidence":"confirmed","HERITAGE_P":" ","GRADE":"III","VILLAGE":"MAZGAON","VILLAGE_DI":"MAZGAON","WARD":"E","REMARKS":" ","TYPE":" ","CREATED_US":" ","LAST_EDITE":" ","OWNERSHIP":" ","USES":" ","MHCC_NOC":" ","DATE_":" ","NOC_FOR":" ","STRUCTURE":" ","FEATURE":" ","Q":"Y","HER_NUMBER_2":"81/374","HERITAGE_NAME":"MANKESHWAER TEMPLE PRECICT"},"geometry":{"type":"Polygon","coordinates":[[[72.84479003396791,18.97099177552268],[72.84486113653894,18.97146375546658],[72.84520648793371,18.971414344934242],[72.84533693977065,18.970889798400094],[72.84479003396791,18.97099177552268]]]}},{"type":"Feature","properties":{"layer":"DP_77","label":"Heritage building","confidence":"confirmed","HERITAGE_P":" ","GRADE":"IIA","VILLAGE":"BHULESHWAR","VILLAGE_DI":"BHULESHWAR","WARD":"C","REMARKS":" ","TYPE":"Heritage","CREATED_US":" ","LAST_EDITE":" ","OWNERSHIP":" ","USES":" ","MHCC_NOC":" ","DATE_":" ","NOC_FOR":" ","STRUCTURE":" ","FEATURE":" ","Q":"Y","HER_NUMBER_2":"292","HERITAGE_NAME":"BHULESHWAR DEVALAYA COMPLEX"},"geometry":{"type":"Polygon","coordinates":[[[72.82860915839602,18.953154882255507],[72.82872331010381,18.953001601951158],[72.8282892423634,18.952756275201832],[72.82860915839602,18.953154882255507]]]}},{"type":"Feature","properties":{"layer":"DP_77","label":"Heritage building","confidence":"confirmed","HERITAGE_P":"ESPLANDE","GRADE":"IIA","VILLAGE":"FORT","VILLAGE_DI":"FORT","WARD":"A","REMARKS":" ","TYPE":"Heritage","CREATED_US":" ","LAST_EDITE":" ","OWNERSHIP":" ","USES":" ","MHCC_NOC":" ","DATE_":" ","NOC_FOR":" ","STRUCTURE":" ","FEATURE":" ","Q":"Y","HER_NUMBER_2":"167/190","HERITAGE_NAME":"FIRST CHURCH OF CHRIST SCIENTIST & CHRISTIAN SCIENCE AND DBS HOUSE"},"geometry":{"type":"Polygon","coordinates":[[[72.83173267990263,18.935727787081785],[72.83179892632153,18.935881021152333],[72.83218591631153,18.935764456736443],[72.83173267990263,18.935727787081785]]]}},{"type":"Feature","properties":{"layer":"DP_77","label":"Heritage building","confidence":"confirmed","HERITAGE_P":" ","GRADE":"IIA","VILLAGE":"PAREL-SEWERI","VILLAGE_DI":"PAREL-SEWERI","WARD":"F/S","REMARKS":" ","TYPE":"Heritage","CREATED_US":" ","LAST_EDITE":" ","OWNERSHIP":" ","USES":" ","MHCC_NOC":" ","DATE_":" ","NOC_FOR":" ","STRUCTURE":" ","FEATURE":" ","Q":"Y","HER_NUMBER_2":"19/505","HERITAGE_NAME":"BHARATMATA THEATRE"},"geometry":{"type":"Polygon","coordinates":[[[72.8360528222289,18.9956229718619],[72.83604264362502,18.99581731511459],[72.83658578591702,18.995871855936254],[72.83647570580739,18.995505218580682],[72.8360528222289,18.9956229718619]]]}},{"type":"Feature","properties":{"layer":"DP_77","label":"Heritage building","confidence":"confirmed","HERITAGE_P":" ","GRADE":"III","VILLAGE":"MAZGAON","VILLAGE_DI":"MAZGAON","WARD":"E","REMARKS":" ","TYPE":" ","CREATED_US":" ","LAST_EDITE":" ","OWNERSHIP":" ","USES":" ","MHCC_NOC":" ","DATE_":" ","NOC_FOR":" ","STRUCTURE":" ","FEATURE":" ","Q":"Y","HER_NUMBER_2":"76/367","HERITAGE_NAME":"GRAMODYOGWADI"},"geometry":{"type":"Polygon","coordinates":[[[72.84407439679575,18.968251625761294],[72.84435210726572,18.968932750915684],[72.84439504737658,18.968018688880363],[72.84407439679575,18.968251625761294]]]}},{"type":"Feature","properties":{"layer":"DP_77","label":"Heritage building","confidence":"confirmed","HERITAGE_P":" ","GRADE":"III","VILLAGE":"MANDVI","VILLAGE_DI":"MANDVI","WARD":"B","REMARKS":" ","TYPE":"Heritage","CREATED_US":" ","LAST_EDITE":" ","OWNERSHIP":" ","USES":" ","MHCC_NOC":" ","DATE_":" ","NOC_FOR":" ","STRUCTURE":" ","FEATURE":" ","Q":"Y","HER_NUMBER_2":"277","HERITAGE_NAME":"SHANTINATH JAIN TEMPLE"},"geometry":{"type":"Polygon","coordinates":[[[72.83239969185412,18.954384518252365],[72.83231566690536,18.954250921503142],[72.83219751612614,18.954376415635043],[72.83239969185412,18.954384518252365]]]}},{"type":"Feature","properties":{"layer":"DP_77","label":"Heritage building","confidence":"confirmed","HERITAGE_P":" ","GRADE":"IIB","VILLAGE":"BANDRA-E","VILLAGE_DI":"BANDRA-E","WARD":"H/W","REMARKS":" ","TYPE":"Heritage","CREATED_US":" ","LAST_EDITE":" ","OWNERSHIP":" ","USES":" ","MHCC_NOC":" ","DATE_":" ","NOC_FOR":" ","STRUCTURE":" ","FEATURE":" ","Q":"Y","HER_NUMBER_2":"84/83","HERITAGE_NAME":"INDIRA BHAVAN"},"geometry":{"type":"Polygon","coordinates":[[[72.83918369220692,19.07137623839315],[72.83946910323004,19.071432761894364],[72.8394535767872,19.071301218939947],[72.83918369220692,19.07137623839315]]]}},{"type":"Feature","properties":{"layer":"DP_77","label":"Heritage building","confidence":"confirmed","HERITAGE_P":"MUSEUM","GRADE":"I","VILLAGE":"FORT","VILLAGE_DI":"FORT","WARD":"A","REMARKS":" ","TYPE":"Heritage","CREATED_US":" ","LAST_EDITE":" ","OWNERSHIP":" ","USES":" ","MHCC_NOC":" ","DATE_":" ","NOC_FOR":" ","STRUCTURE":" ","FEATURE":" ","Q":"Y","HER_NUMBER_2":"136/156","HERITAGE_NAME":"NATIONAL GALLERY OF MODERN ART ( FORMERLY CAWASJEE JAHANGIR HALL)"},"geometry":{"type":"Polygon","coordinates":[[[72.83135523453123,18.926133252998323],[72.83150887392159,18.925707298527385],[72.8311734914221,18.92574165863262],[72.83135523453123,18.926133252998323]]]}},{"type":"Feature","properties":{"layer":"DP_77","label":"Heritage building","confidence":"confirmed","HERITAGE_P":"BALLARD PIER","GRADE":"IIA","VILLAGE":"FORT","VILLAGE_DI":"FORT","WARD":"A","REMARKS":" ","TYPE":"Heritage","CREATED_US":" ","LAST_EDITE":" ","OWNERSHIP":" ","USES":" ","MHCC_NOC":" ","DATE_":" ","NOC_FOR":" ","STRUCTURE":" ","FEATURE":" ","Q":"Y","HER_NUMBER_2":"211/241","HERITAGE_NAME":"GRAND HOTEL"},"geometry":{"type":"Polygon","coordinates":[[[72.84064744634584,18.936067842758444],[72.84078136416721,18.9363981515682],[72.84099446235534,18.9361614976924],[72.84064744634584,18.936067842758444]]]}},{"type":"Feature","properties":{"layer":"DP_77","label":"Heritage building","confidence":"confirmed","HERITAGE_P":" ","GRADE":"IIB","VILLAGE":"BANDRA-E","VILLAGE_DI":"BANDRA-E","WARD":"H/W","REMARKS":"polygon inside the sacred heart church at sr no 605","TYPE":"Heritage","CREATED_US":" ","LAST_EDITE":" ","OWNERSHIP":" ","USES":" ","MHCC_NOC":" ","DATE_":" ","NOC_FOR":" ","STRUCTURE":" ","FEATURE":" ","Q":"Y","HER_NUMBER_2":" ","HERITAGE_NAME":" "},"geometry":{"type":"Polygon","coordinates":[[[72.83868815978954,19.0748723648512],[72.83867609430881,19.07455901883221],[72.83862135407816,19.074844319477318],[72.83868815978954,19.0748723648512]]]}},{"type":"Feature","properties":{"layer":"DP_77","label":"Heritage building","confidence":"confirmed","HERITAGE_P":" ","GRADE":" ","VILLAGE":" ","VILLAGE_DI":" ","WARD":"E","REMARKS":"MAP PURPOSE","TYPE":" ","CREATED_US":" ","CREATED_DA":-2209161600000,"LAST_EDITE":" ","LAST_EDI_1":-2209161600000,"OWNERSHIP":" ","USES":" ","MHCC_NOC":" ","DATE_":" ","NOC_FOR":" ","STRUCTURE":" ","FEATURE":" ","Q":"Y","HER_NUMBER_2":" ","HERITAGE_NAME":" "},"geometry":{"type":"Polygon","coordinates":[[[72.83983040910536,18.98650622137381],[72.84018087816801,18.986485376240672],[72.84029327938295,18.986209198471407],[72.83981961964741,18.98623559969146],[72.83983040910536,18.98650622137381]]]}},{"type":"Feature","properties":{"layer":"DP_77","label":"Heritage building","confidence":"confirmed","HERITAGE_P":"UNIVERSITY","GRADE":"I","VILLAGE":"FORT","VILLAGE_DI":"FORT","WARD":"A","REMARKS":" ","TYPE":"Heritage","CREATED_US":" ","LAST_EDITE":" ","OWNERSHIP":" ","USES":" ","MHCC_NOC":" ","DATE_":" ","NOC_FOR":" ","STRUCTURE":" ","FEATURE":" ","Q":"Y","HER_NUMBER_2":"224/254","HERITAGE_NAME":"P.W.D. BUILDING"},"geometry":{"type":"Polygon","coordinates":[[[72.83010944490508,18.93197401949947],[72.83032113043936,18.93250049959964],[72.83105748219988,18.932398968036214],[72.83109414310788,18.93196040755767],[72.83010944490508,18.93197401949947]]]}},{"type":"Feature","properties":{"layer":"DP_77","label":"Heritage building","confidence":"confirmed","HERITAGE_P":" ","GRADE":"III","VILLAGE":"EKSAR-S","VILLAGE_DI":"EKSAR-S","WARD":"R","REMARKS":" ","TYPE":"Heritage","CREATED_US":" ","LAST_EDITE":" ","OWNERSHIP":" ","USES":" ","MHCC_NOC":" ","DATE_":" ","NOC_FOR":" ","STRUCTURE":" ","FEATURE":" ","Q":"Y","HER_NUMBER_2":"162/207","HERITAGE_NAME":"MATHURA BHUVAN"},"geometry":{"type":"Polygon","coordinates":[[[72.85583896326916,19.227455090554017],[72.85588502151744,19.227650928339163],[72.856156683076,19.22756226849519],[72.85583896326916,19.227455090554017]]]}},{"type":"Feature","properties":{"layer":"DP_77","label":"Heritage building","confidence":"confirmed","HERITAGE_P":"CANTONMENT","GRADE":"IIB","VILLAGE":"COLABA","VILLAGE_DI":"COLABA","WARD":"A","REMARKS":" ","TYPE":"Heritage","CREATED_US":" ","LAST_EDITE":" ","OWNERSHIP":" ","USES":" ","MHCC_NOC":" ","DATE_":" ","NOC_FOR":" ","STRUCTURE":" ","FEATURE":" ","Q":"Y","HER_NUMBER_2":"33/39","HERITAGE_NAME":"GUN HOUSE"},"geometry":{"type":"Polygon","coordinates":[[[72.81247170768859,18.89964685802229],[72.81208544647471,18.89927304493561],[72.81140602255243,18.899703512268104],[72.81181424146656,18.90018895028225],[72.81248947003023,18.90004429229919],[72.81247170768859,18.89964685802229]]]}},{"type":"Feature","properties":{"layer":"DP_77","label":"Heritage building","confidence":"confirmed","HERITAGE_P":" ","GRADE":"IIA","VILLAGE":" ","VILLAGE_DI":" ","WARD":"A","REMARKS":" ","TYPE":" ","CREATED_US":" ","CREATED_DA":-2209161600000,"LAST_EDITE":" ","LAST_EDI_1":-2209161600000,"OWNERSHIP":" ","USES":" ","MHCC_NOC":" ","DATE_":" ","NOC_FOR":" ","STRUCTURE":" ","FEATURE":" ","Q":"Y","HER_NUMBER_2":"182/208","HERITAGE_NAME":"RELIANCE BUILDING (FORBES HOUSE)"},"geometry":{"type":"Polygon","coordinates":[[[72.83224981386238,18.928407786518836],[72.8323794310333,18.92827736434413],[72.83207304618593,18.92842162643935],[72.83224981386238,18.928407786518836]]]}},{"type":"Feature","properties":{"layer":"DP_77","label":"Heritage building","confidence":"confirmed","HERITAGE_P":" ","GRADE":"III","VILLAGE":"BHULESHWAR","VILLAGE_DI":"BHULESHWAR","WARD":"C","REMARKS":" ","TYPE":"Heritage","CREATED_US":" ","LAST_EDITE":" ","OWNERSHIP":" ","USES":" ","MHCC_NOC":" ","DATE_":" ","NOC_FOR":" ","STRUCTURE":" ","FEATURE":" ","Q":"Y","HER_NUMBER_2":"64/202","HERITAGE_NAME":"BIRLA DHARAM SHALA"},"geometry":{"type":"Polygon","coordinates":[[[72.82553945898842,18.95103223248748],[72.82576485085582,18.95103964608166],[72.82558126163737,18.950944895721303],[72.82553945898842,18.95103223248748]]]}},{"type":"Feature","properties":{"layer":"DP_77","label":"Heritage building","confidence":"confirmed","HERITAGE_P":" ","GRADE":"III","VILLAGE":"MALABAR HILL","VILLAGE_DI":"MALABAR HILL","WARD":"D","REMARKS":" ","TYPE":"Heritage","CREATED_US":" ","LAST_EDITE":" ","OWNERSHIP":" ","USES":" ","MHCC_NOC":" ","DATE_":" ","NOC_FOR":" ","STRUCTURE":" ","FEATURE":" ","Q":"Y","HER_NUMBER_2":"14/372","HERITAGE_NAME":"FRAMJEE DINSHAW PETIT PARSI SANITORIUM"},"geometry":{"type":"Polygon","coordinates":[[[72.80519041596455,18.96512129608381],[72.80525409444542,18.965925625762274],[72.80625137027573,18.96556992588957],[72.80595027009545,18.964606873556235],[72.80518300172767,18.964857451499352],[72.80519041596455,18.96512129608381]]]}},{"type":"Feature","properties":{"layer":"DP_77","label":"Heritage building","confidence":"confirmed","HERITAGE_P":" ","GRADE":"IIA","VILLAGE":"FORT","VILLAGE_DI":"FORT","WARD":"A","REMARKS":" ","TYPE":"Heritage","CREATED_US":" ","LAST_EDITE":" ","OWNERSHIP":" ","USES":" ","MHCC_NOC":" ","DATE_":" ","NOC_FOR":" ","STRUCTURE":" ","FEATURE":" ","Q":"Y","HER_NUMBER_2":"297/67","HERITAGE_NAME":"GULESTAN"},"geometry":{"type":"Polygon","coordinates":[[[72.83163233293223,18.93507774846481],[72.83157346196613,18.93534305232295],[72.83197025129361,18.935246054552785],[72.83163233293223,18.93507774846481]]]}},{"type":"Feature","properties":{"layer":"DP_77","label":"Heritage building","confidence":"confirmed","HERITAGE_P":"9999","GRADE":"III","VILLAGE":"BYCULLA","VILLAGE_DI":"BYCULLA","WARD":"E","REMARKS":" ","TYPE":"Heritage","CREATED_US":" ","LAST_EDITE":" ","OWNERSHIP":" ","USES":" ","MHCC_NOC":" ","DATE_":" ","NOC_FOR":" ","STRUCTURE":" ","FEATURE":" ","Q":"Y","HER_NUMBER_2":"531","HERITAGE_NAME":"WILSON HIGH SCHOOL (ST.ANTHONYS HOME & GIRLS SCHOOL)"},"geometry":{"type":"Polygon","coordinates":[[[72.82602782848262,18.96762062175696],[72.82622092366829,18.96756447038745],[72.82621933083324,18.967205053610787],[72.82574531702562,18.96730804319302],[72.82586374862203,18.96766952079378],[72.82602782848262,18.96762062175696]]]}},{"type":"Feature","properties":{"layer":"DP_77","label":"Heritage building","confidence":"confirmed","HERITAGE_P":" ","GRADE":"IIB","VILLAGE":"PAREL-SHIVEDI","VILLAGE_DI":"PAREL-SHIVEDI","WARD":"F/S","REMARKS":" ","TYPE":" ","CREATED_US":" ","LAST_EDITE":" ","OWNERSHIP":" ","USES":" ","MHCC_NOC":" ","DATE_":" ","NOC_FOR":" ","STRUCTURE":" ","FEATURE":" ","Q":"Y","HER_NUMBER_2":"4/541","HERITAGE_NAME":"JERBAI WADIA CHILDREN'S HOSPITAL"},"geometry":{"type":"Polygon","coordinates":[[[72.84087728980323,19.00501934492959],[72.84087362315226,19.005174295958007],[72.84207620995257,19.005156486564914],[72.84274772709941,19.004386056326634],[72.84214745952137,19.003850565007177],[72.84184836109253,19.003847453395178],[72.84084960608901,19.004736297901093],[72.84087728980323,19.00501934492959]]]}},{"type":"Feature","properties":{"layer":"DP_77","label":"Heritage building","confidence":"confirmed","HERITAGE_P":" ","GRADE":"IIB","VILLAGE":"KURLA - 1","VILLAGE_DI":"KURLA - 1","WARD":"L","REMARKS":" ","TYPE":"Heritage","CREATED_US":" ","LAST_EDITE":" ","OWNERSHIP":" ","USES":" ","MHCC_NOC":" ","DATE_":" ","NOC_FOR":" ","STRUCTURE":" ","FEATURE":" ","Q":"Y","HER_NUMBER_2":"03/04","HERITAGE_NAME":"WATER TANK AT KALE ROAD"},"geometry":{"type":"Polygon","coordinates":[[[72.88222860965219,19.0836505499577],[72.88077601445612,19.083769587203346],[72.88089623758447,19.084320237494236],[72.8823454003744,19.084654390432235],[72.88265443357332,19.08403231631877],[72.88222860965219,19.0836505499577]]]}},{"type":"Feature","properties":{"layer":"DP_77","label":"Heritage building","confidence":"confirmed","HERITAGE_P":" ","GRADE":"IIA","VILLAGE":" ","VILLAGE_DI":" ","WARD":"A","REMARKS":" ","TYPE":" ","CREATED_US":" ","CREATED_DA":-2209161600000,"LAST_EDITE":" ","LAST_EDI_1":-2209161600000,"OWNERSHIP":" ","USES":" ","MHCC_NOC":" ","DATE_":" ","NOC_FOR":" ","STRUCTURE":" ","FEATURE":" ","Q":"Y","HER_NUMBER_2":"162/184","HERITAGE_NAME":"BALLARD HOUSE"},"geometry":{"type":"Polygon","coordinates":[[[72.83821483425963,18.936248176079925],[72.83853831187007,18.936031211447254],[72.83821306623894,18.936000908725735],[72.83821483425963,18.936248176079925]]]}},{"type":"Feature","properties":{"layer":"DP_77","label":"Heritage building","confidence":"confirmed","HERITAGE_P":"CANTONMENT","GRADE":"IIB","VILLAGE":"COLABA","VILLAGE_DI":"COLABA","WARD":"A","REMARKS":" ","TYPE":"Heritage","CREATED_US":" ","LAST_EDITE":" ","OWNERSHIP":" ","USES":" ","MHCC_NOC":" ","DATE_":" ","NOC_FOR":" ","STRUCTURE":" ","FEATURE":" ","Q":"Y","HER_NUMBER_2":"6/6","HERITAGE_NAME":"PAVANIKA (BUNGLOW SOUTH OF ASSAYE BUILDINGS)"},"geometry":{"type":"Polygon","coordinates":[[[72.81858400309468,18.90885593087913],[72.8183228285567,18.908654132341407],[72.81769999596715,18.90919450889899],[72.81777008400302,18.90935673549816],[72.81810777405421,18.909670670931344],[72.81858400309468,18.90885593087913]]]}},{"type":"Feature","properties":{"layer":"DP_77","label":"Heritage building","confidence":"confirmed","HERITAGE_P":"BALLARD PIER","GRADE":"IIA","VILLAGE":"FORT","VILLAGE_DI":"FORT","WARD":"A","REMARKS":" ","TYPE":"Heritage","CREATED_US":" ","LAST_EDITE":" ","OWNERSHIP":" ","USES":" ","MHCC_NOC":" ","DATE_":" ","NOC_FOR":" ","STRUCTURE":" ","FEATURE":" ","Q":"Y","HER_NUMBER_2":"123/141(5)","HERITAGE_NAME":"BUILDINGS OF BALLARD ESTATE, NAMELY 5) THACKERSEY HOUSE"},"geometry":{"type":"Polygon","coordinates":[[[72.83962668807213,18.935549921519065],[72.83966781125044,18.935738729369366],[72.84000429501242,18.93551705656329],[72.83962668807213,18.935549921519065]]]}},{"type":"Feature","properties":{"layer":"DP_77","label":"Heritage building","confidence":"confirmed","HERITAGE_P":" ","GRADE":"IIA","VILLAGE":"BANDRA-C","VILLAGE_DI":"BANDRA-C","WARD":"H/W","REMARKS":" ","TYPE":"Heritage","CREATED_US":" ","LAST_EDITE":" ","OWNERSHIP":" ","USES":" ","MHCC_NOC":" ","DATE_":" ","NOC_FOR":" ","STRUCTURE":" ","FEATURE":" ","Q":"Y","HER_NUMBER_2":"581","HERITAGE_NAME":"TAJ VILLA"},"geometry":{"type":"Polygon","coordinates":[[[72.82231836305121,19.061636692471424],[72.82282703265696,19.06156132499914],[72.82279857023507,19.061342407087448],[72.8222748596877,19.06127540438585],[72.82231836305121,19.061636692471424]]]}},{"type":"Feature","properties":{"layer":"DP_77","label":"Heritage building","confidence":"confirmed","HERITAGE_P":" ","GRADE":"III","VILLAGE":"AMBIVALI","VILLAGE_DI":"AMBIVALI","WARD":"K/W","REMARKS":" ","TYPE":"Heritage","CREATED_US":" ","LAST_EDITE":" ","OWNERSHIP":" ","USES":" ","MHCC_NOC":" ","DATE_":" ","NOC_FOR":" ","STRUCTURE":" ","FEATURE":" ","Q":"Y","HER_NUMBER_2":"138/173","HERITAGE_NAME":"Sheroo Villa"},"geometry":{"type":"Polygon","coordinates":[[[72.83571666302838,19.127774641275874],[72.83575086169252,19.127286534695045],[72.83544920462404,19.127224366019373],[72.83544189248585,19.12760823821449],[72.83571666302838,19.127774641275874]]]}},{"type":"Feature","properties":{"layer":"DP_77","label":"Heritage building","confidence":"confirmed","HERITAGE_P":"GATEWAY","GRADE":"IIA","VILLAGE":"COLABA","VILLAGE_DI":"COLABA","WARD":"A","REMARKS":" ","TYPE":"Heritage","CREATED_US":" ","LAST_EDITE":" ","OWNERSHIP":" ","USES":" ","MHCC_NOC":" ","DATE_":" ","NOC_FOR":" ","STRUCTURE":" ","FEATURE":" ","Q":"Y","HER_NUMBER_2":"185/211(c)","HERITAGE_NAME":"c) TAJMAHAL HOTEL (OLD WING)"},"geometry":{"type":"Polygon","coordinates":[[[72.83338269853635,18.92168075931277],[72.83315944673906,18.921206113992064],[72.83252915644299,18.921447006952594],[72.83279013050088,18.92226498443745],[72.83350984187929,18.92203168891519],[72.83338269853635,18.92168075931277]]]}},{"type":"Feature","properties":{"layer":"DP_77","label":"Heritage building","confidence":"confirmed","HERITAGE_P":"MUSEUM","GRADE":"I","VILLAGE":"FORT","VILLAGE_DI":"FORT","WARD":"A","REMARKS":" ","TYPE":"Heritage","CREATED_US":" ","LAST_EDITE":" ","OWNERSHIP":" ","USES":" ","MHCC_NOC":" ","DATE_":" ","NOC_FOR":" ","STRUCTURE":" ","FEATURE":" ","Q":"Y","HER_NUMBER_2":"64/74","HERITAGE_NAME":"OLD SECRETARIATE (ALSO KNOWN AS 'CITY CIVIL AND SESSIONS COURT')"},"geometry":{"type":"Polygon","coordinates":[[[72.83069047607322,18.927486779825852],[72.83068871169776,18.92688094486895],[72.82985495531722,18.92676262231518],[72.82983733409675,18.928380942295977],[72.83055836824286,18.928385817588698],[72.83069047607322,18.927486779825852]]]}},{"type":"Feature","properties":{"layer":"DP_77","label":"Heritage building","confidence":"confirmed","HERITAGE_P":" ","GRADE":"III","VILLAGE":"GIRGAUM","VILLAGE_DI":"GIRGAUM","WARD":"D","REMARKS":" ","TYPE":"Heritage","CREATED_US":" ","LAST_EDITE":" ","OWNERSHIP":" ","USES":" ","MHCC_NOC":" ","DATE_":" ","NOC_FOR":" ","STRUCTURE":" ","FEATURE":" ","Q":"Y","HER_NUMBER_2":"121/225","HERITAGE_NAME":"SARKAR BUILDING"},"geometry":{"type":"Polygon","coordinates":[[[72.82074683780667,18.95947825163849],[72.8205830177311,18.959387687332903],[72.8205783011409,18.959550173185992],[72.82074683780667,18.95947825163849]]]}},{"type":"Feature","properties":{"layer":"DP_77","label":"Heritage building","confidence":"confirmed","HERITAGE_P":" ","GRADE":"IIB","VILLAGE":"BANDRA-E","VILLAGE_DI":"BANDRA-E","WARD":"H/W","REMARKS":"polygon inside the sacred heart church at sr no 605","TYPE":"Heritage","CREATED_US":" ","LAST_EDITE":" ","OWNERSHIP":" ","USES":" ","MHCC_NOC":" ","DATE_":" ","NOC_FOR":" ","STRUCTURE":" ","FEATURE":" ","Q":"Y","HER_NUMBER_2":" ","HERITAGE_NAME":" "},"geometry":{"type":"Polygon","coordinates":[[[72.83840432865587,19.07483885589923],[72.83843619077342,19.074671699788613],[72.8380840116856,19.074705622252257],[72.83840432865587,19.07483885589923]]]}},{"type":"Feature","properties":{"layer":"DP_77","label":"Heritage building","confidence":"confirmed","HERITAGE_P":"BALLARD PIER","GRADE":"III","VILLAGE":"FORT","VILLAGE_DI":"FORT","WARD":"A","REMARKS":" ","TYPE":"Heritage","CREATED_US":" ","LAST_EDITE":" ","OWNERSHIP":" ","USES":" ","MHCC_NOC":" ","DATE_":" ","NOC_FOR":" ","STRUCTURE":" ","FEATURE":" ","Q":"Y","HER_NUMBER_2":"90/106 a)","HERITAGE_NAME":"a) BHARAT BHAVAN - 1"},"geometry":{"type":"Polygon","coordinates":[[[72.84001375501636,18.936413775095662],[72.84021542421945,18.936369414261787],[72.84016066156184,18.93615598360958],[72.83980193169859,18.936232427142684],[72.84001375501636,18.936413775095662]]]}},{"type":"Feature","properties":{"layer":"DP_77","label":"Heritage building","confidence":"confirmed","HERITAGE_P":" ","GRADE":"III","VILLAGE":"VILE PARLE","VILLAGE_DI":"VILE PARLE","WARD":"K/W","REMARKS":" ","TYPE":"Heritage","CREATED_US":" ","LAST_EDITE":" ","OWNERSHIP":" ","USES":" ","MHCC_NOC":" ","DATE_":" ","NOC_FOR":" ","STRUCTURE":" ","FEATURE":" ","Q":"Y","HER_NUMBER_2":"127/157","HERITAGE_NAME":"Sundervan Compound"},"geometry":{"type":"Polygon","coordinates":[[[72.83948140291979,19.10255721811963],[72.83986394029439,19.102596933302962],[72.83981630773685,19.10204789626177],[72.8394966270702,19.102009054291177],[72.83948140291979,19.10255721811963]]]}},{"type":"Feature","properties":{"layer":"DP_77","label":"Heritage building","confidence":"confirmed","HERITAGE_P":" ","GRADE":"III","VILLAGE":"GIRGAUM","VILLAGE_DI":"GIRGAUM","WARD":"C","REMARKS":" ","TYPE":"Heritage","CREATED_US":" ","LAST_EDITE":" ","OWNERSHIP":" ","USES":" ","MHCC_NOC":" ","DATE_":" ","NOC_FOR":" ","STRUCTURE":" ","FEATURE":" ","Q":"Y","HER_NUMBER_2":"62/200","HERITAGE_NAME":"RAMBAUG WADI"},"geometry":{"type":"Polygon","coordinates":[[[72.82604609871353,18.95409801997448],[72.8255298580017,18.953913353786145],[72.82535667964898,18.95410657838419],[72.82590401937003,18.954352483121028],[72.82604609871353,18.95409801997448]]]}},{"type":"Feature","properties":{"layer":"DP_77","label":"Heritage building","confidence":"confirmed","HERITAGE_P":" ","GRADE":"III","VILLAGE":"BHULESHWAR","VILLAGE_DI":"BHULESHWAR","WARD":"C","REMARKS":" ","TYPE":"Heritage","CREATED_US":" ","LAST_EDITE":" ","OWNERSHIP":" ","USES":" ","MHCC_NOC":" ","DATE_":" ","NOC_FOR":" ","STRUCTURE":" ","FEATURE":" ","Q":"Y","HER_NUMBER_2":"17 h","HERITAGE_NAME":"CHAPSY BUILDING"},"geometry":{"type":"Polygon","coordinates":[[[72.83079436640682,18.94777206193807],[72.8306953135937,18.9479231108916],[72.83095951087452,18.94784421753169],[72.83079436640682,18.94777206193807]]]}},{"type":"Feature","properties":{"layer":"DP_77","label":"Heritage building","confidence":"confirmed","HERITAGE_P":" ","GRADE":"IIA","VILLAGE":" ","VILLAGE_DI":" ","WARD":"D","REMARKS":"AS PER NEW AGIARY LIST AT SR. NO. 19","TYPE":" ","CREATED_US":" ","CREATED_DA":-2209161600000,"LAST_EDITE":" ","LAST_EDI_1":-2209161600000,"OWNERSHIP":" ","USES":" ","MHCC_NOC":" ","DATE_":" ","NOC_FOR":" ","STRUCTURE":" ","FEATURE":" ","Q":"Y","HER_NUMBER_2":" ","HERITAGE_NAME":"DOONGERWADI (DADGAH)"},"geometry":{"type":"Polygon","coordinates":[[[72.80719284896799,18.960082763566867],[72.80709444485908,18.960086333556234],[72.80711881761339,18.960299315922782],[72.80721676843967,18.96029876644317],[72.80719284896799,18.960082763566867]]]}},{"type":"Feature","properties":{"layer":"DP_77","label":"Heritage building","confidence":"confirmed","HERITAGE_P":" ","GRADE":"III","VILLAGE":"MAZGAON","VILLAGE_DI":"MAZGAON","WARD":"E","REMARKS":" ","TYPE":" ","CREATED_US":" ","LAST_EDITE":" ","OWNERSHIP":" ","USES":" ","MHCC_NOC":" ","DATE_":" ","NOC_FOR":" ","STRUCTURE":" ","FEATURE":" ","Q":"Y","HER_NUMBER_2":"92/385","HERITAGE_NAME":"33-a NESBIT ROAD"},"geometry":{"type":"Polygon","coordinates":[[[72.83679867324607,18.968682655807584],[72.83686482860672,18.96893492786402],[72.83735776746636,18.968810753129997],[72.83721993054736,18.968084825092774],[72.83669193473841,18.96809118977249],[72.83679867324607,18.968682655807584]]]}},{"type":"Feature","properties":{"layer":"DP_77","label":"Heritage building","confidence":"confirmed","HERITAGE_P":" ","GRADE":"III","VILLAGE":"BANDRA-B","VILLAGE_DI":"BANDRA-B","WARD":"H/W","REMARKS":" ","TYPE":"Heritage","CREATED_US":" ","LAST_EDITE":" ","OWNERSHIP":" ","USES":" ","MHCC_NOC":" ","DATE_":" ","NOC_FOR":" ","STRUCTURE":" ","FEATURE":" ","Q":"Y","HER_NUMBER_2":"591","HERITAGE_NAME":"BELVEDERE NO.18"},"geometry":{"type":"Polygon","coordinates":[[[72.82700866631053,19.052569978202406],[72.82682283673051,19.052696807556163],[72.82727922003355,19.052787591413075],[72.82700866631053,19.052569978202406]]]}},{"type":"Feature","properties":{"layer":"DP_77","label":"Heritage building","confidence":"confirmed","HERITAGE_P":" ","GRADE":"III","VILLAGE":"FORT","VILLAGE_DI":"FORT","WARD":"A","REMARKS":" ","TYPE":"Heritage","CREATED_US":" ","LAST_EDITE":" ","OWNERSHIP":" ","USES":" ","MHCC_NOC":" ","DATE_":" ","NOC_FOR":" ","STRUCTURE":" ","FEATURE":" ","Q":"Y","HER_NUMBER_2":"286/56","HERITAGE_NAME":"198, KITAB MAHAL"},"geometry":{"type":"Polygon","coordinates":[[[72.83371406059346,18.93743273448047],[72.83364767104612,18.93760804430378],[72.83408181807431,18.93757787034069],[72.83401102472314,18.93736358289429],[72.83371406059346,18.93743273448047]]]}},{"type":"Feature","properties":{"layer":"DP_77","label":"Heritage building","confidence":"confirmed","HERITAGE_P":"ESPLANDE","GRADE":"IIB","VILLAGE":"FORT","VILLAGE_DI":"FORT","WARD":"A","REMARKS":" ","TYPE":"Heritage","CREATED_US":" ","LAST_EDITE":" ","OWNERSHIP":" ","USES":" ","MHCC_NOC":" ","DATE_":" ","NOC_FOR":" ","STRUCTURE":" ","FEATURE":" ","Q":"Y","HER_NUMBER_2":"166/189","HERITAGE_NAME":"YOUNG LADIES HIGH SCHOOL"},"geometry":{"type":"Polygon","coordinates":[[[72.83166914383126,18.935574535005756],[72.83173267990263,18.935727787081785],[72.83206301105459,18.935464596224026],[72.83166914383126,18.935574535005756]]]}},{"type":"Feature","properties":{"layer":"DP_77","label":"Heritage building","confidence":"confirmed","HERITAGE_P":"BALLARD PIER","GRADE":"IIA","VILLAGE":"FORT","VILLAGE_DI":"FORT","WARD":"A","REMARKS":" ","TYPE":"Heritage","CREATED_US":" ","LAST_EDITE":" ","OWNERSHIP":" ","USES":" ","MHCC_NOC":" ","DATE_":" ","NOC_FOR":" ","STRUCTURE":" ","FEATURE":" ","Q":"Y","HER_NUMBER_2":"190/216(d)","HERITAGE_NAME":"d) BOMBAY SEAMEN'S SOCIETY & BOMBAY SIEMENS CLUB"},"geometry":{"type":"Polygon","coordinates":[[[72.83860521971975,18.935214474214543],[72.83893125777506,18.93514126587398],[72.83882920333558,18.93472558144271],[72.8384318937826,18.934811890962862],[72.83860521971975,18.935214474214543]]]}},{"type":"Feature","properties":{"layer":"DP_77","label":"Heritage building","confidence":"confirmed","HERITAGE_P":" ","GRADE":"III","VILLAGE":"BANDRA-C","VILLAGE_DI":"BANDRA-C","WARD":"H/W","REMARKS":" ","TYPE":" ","CREATED_US":" ","LAST_EDITE":" ","OWNERSHIP":" ","USES":" ","MHCC_NOC":" ","DATE_":" ","NOC_FOR":" ","STRUCTURE":" ","FEATURE":" ","Q":"Y","HER_NUMBER_2":"63/080","HERITAGE_NAME":"LA PETITE FLEUR"},"geometry":{"type":"Polygon","coordinates":[[[72.82673365914347,19.060473432696615],[72.82642066682708,19.060578926006187],[72.82683886618763,19.060653295108985],[72.82673365914347,19.060473432696615]]]}},{"type":"Feature","properties":{"layer":"DP_77","label":"Heritage building","confidence":"confirmed","HERITAGE_P":"BALLARD PIER","GRADE":"IIA","VILLAGE":"FORT","VILLAGE_DI":"FORT","WARD":"A","REMARKS":" ","TYPE":"Heritage","CREATED_US":" ","LAST_EDITE":" ","OWNERSHIP":" ","USES":" ","MHCC_NOC":" ","DATE_":" ","NOC_FOR":" ","STRUCTURE":" ","FEATURE":" ","Q":"Y","HER_NUMBER_2":"230/261(a)","HERITAGE_NAME":"a) BANK OF BARODA BUIDING (SHAW WALACE BUIDING)"},"geometry":{"type":"Polygon","coordinates":[[[72.84206635810712,18.934500843843562],[72.84194207585345,18.934220270633844],[72.84189309803116,18.934456903684353],[72.84206635810712,18.934500843843562]]]}},{"type":"Feature","properties":{"layer":"DP_77","label":"Heritage building","confidence":"confirmed","HERITAGE_P":"MUSEUM","GRADE":"IIA","VILLAGE":"FORT","VILLAGE_DI":"FORT","WARD":"A","REMARKS":" ","TYPE":"Heritage","CREATED_US":" ","LAST_EDITE":" ","OWNERSHIP":" ","USES":" ","MHCC_NOC":" ","DATE_":" ","NOC_FOR":" ","STRUCTURE":" ","FEATURE":" ","Q":"Y","HER_NUMBER_2":"147/167","HERITAGE_NAME":"ARMY & NAVY BLDG."},"geometry":{"type":"Polygon","coordinates":[[[72.83088230167458,18.92817022593758],[72.83115096908813,18.927870351909565],[72.83073650278247,18.92783393711521],[72.8306655337287,18.928153012421497],[72.83088230167458,18.92817022593758]]]}},{"type":"Feature","properties":{"layer":"DP_77","label":"Heritage building","confidence":"confirmed","HERITAGE_P":" ","GRADE":"III","VILLAGE":"DADAR-NAIGAON","VILLAGE_DI":"DADAR-NAIGAON","WARD":"F/S","REMARKS":" ","TYPE":"Heritage","CREATED_US":" ","LAST_EDITE":" ","OWNERSHIP":" ","USES":" ","MHCC_NOC":" ","DATE_":" ","NOC_FOR":" ","STRUCTURE":" ","FEATURE":" ","Q":"Y","HER_NUMBER_2":"9/485","HERITAGE_NAME":"DHUN BUILDING"},"geometry":{"type":"Polygon","coordinates":[[[72.84146772645042,19.013968040559188],[72.84129184564141,19.0140298321501],[72.84155621069016,19.014202234898264],[72.84146772645042,19.013968040559188]]]}},{"type":"Feature","properties":{"layer":"DP_77","label":"Heritage building","confidence":"confirmed","HERITAGE_P":"9999","GRADE":"IIB","VILLAGE":"BYCULLA","VILLAGE_DI":"BYCULLA","WARD":"E","REMARKS":" ","TYPE":"Heritage","CREATED_US":" ","LAST_EDITE":" ","OWNERSHIP":" ","USES":" ","MHCC_NOC":" ","DATE_":" ","NOC_FOR":" ","STRUCTURE":" ","FEATURE":" ","Q":"Y","HER_NUMBER_2":"36/327","HERITAGE_NAME":"ROBINSON MEMORIAL METHODIST CHURCH"},"geometry":{"type":"Polygon","coordinates":[[[72.83067746826971,18.97194016979529],[72.83110700704249,18.97169777171004],[72.83063944110025,18.971211482248],[72.83067746826971,18.97194016979529]]]}},{"type":"Feature","properties":{"layer":"DP_77","label":"Heritage building","confidence":"confirmed","HERITAGE_P":" ","GRADE":"I","VILLAGE":" ","VILLAGE_DI":" ","WARD":"R","REMARKS":" ","TYPE":" ","CREATED_US":" ","CREATED_DA":-2209161600000,"LAST_EDITE":" ","LAST_EDI_1":-2209161600000,"OWNERSHIP":" ","USES":" ","MHCC_NOC":" ","DATE_":" ","NOC_FOR":" ","STRUCTURE":" ","FEATURE":" ","Q":"Y","HER_NUMBER_2":"185/233","HERITAGE_NAME":"KANHERI CAVES,BORIVALI NATIONAL PARK"},"geometry":{"type":"Polygon","coordinates":[[[72.90429958045385,19.205158732182532],[72.90329926456522,19.2081761329859],[72.90335530442186,19.208682083853333],[72.9042765662696,19.210852310511154],[72.90532878905691,19.211992381756293],[72.90611078217647,19.211498793066877],[72.90650078748786,19.210919683014673],[72.90755998176888,19.207193990696535],[72.90696030563383,19.204825874062298],[72.90632607520423,19.20405385639568],[72.90512747670961,19.203978499321863],[72.90429958045385,19.205158732182532]]]}},{"type":"Feature","properties":{"layer":"DP_77","label":"Heritage building","confidence":"confirmed","HERITAGE_P":" ","GRADE":"IIB","VILLAGE":"GIRGAUM","VILLAGE_DI":"GIRGAUM","WARD":"D","REMARKS":" ","TYPE":"Heritage","CREATED_US":" ","LAST_EDITE":" ","OWNERSHIP":" ","USES":" ","MHCC_NOC":" ","DATE_":" ","NOC_FOR":" ","STRUCTURE":" ","FEATURE":" ","Q":"Y","HER_NUMBER_2":"38/406","HERITAGE_NAME":"BLAVATSKY LODGE"},"geometry":{"type":"Polygon","coordinates":[[[72.8138432305237,18.956995058831183],[72.81376954344076,18.95728830661259],[72.81394936191906,18.95722657760466],[72.8138432305237,18.956995058831183]]]}},{"type":"Feature","properties":{"layer":"DP_77","label":"Heritage building","confidence":"confirmed","HERITAGE_P":" ","GRADE":"IIB","VILLAGE":"BANDRA-B","VILLAGE_DI":"BANDRA-B","WARD":"H/W","REMARKS":" ","TYPE":"Heritage","CREATED_US":" ","LAST_EDITE":" ","OWNERSHIP":" ","USES":" ","MHCC_NOC":" ","DATE_":" ","NOC_FOR":" ","STRUCTURE":" ","FEATURE":" ","Q":"Y","HER_NUMBER_2":"609","HERITAGE_NAME":"ST. PETER'S CHURCH"},"geometry":{"type":"Polygon","coordinates":[[[72.8296836496243,19.054664604741628],[72.8293206983525,19.054588185425597],[72.82930323602457,19.05476756582538],[72.82961940828027,19.054882536519248],[72.8296836496243,19.054664604741628]]]}},{"type":"Feature","properties":{"layer":"DP_77","label":"Heritage building","confidence":"confirmed","HERITAGE_P":" ","GRADE":"III","VILLAGE":"BANDRA-C","VILLAGE_DI":"BANDRA-C","WARD":"H/W","REMARKS":" ","TYPE":"Heritage","CREATED_US":" ","LAST_EDITE":" ","OWNERSHIP":" ","USES":" ","MHCC_NOC":" ","DATE_":" ","NOC_FOR":" ","STRUCTURE":" ","FEATURE":" ","Q":"Y","HER_NUMBER_2":"42/056","HERITAGE_NAME":"UNKNOWN PREMISES NO. 5"},"geometry":{"type":"Polygon","coordinates":[[[72.82557244638076,19.05722133329913],[72.82545396899549,19.057510833754726],[72.82561656704625,19.057525695052078],[72.82557244638076,19.05722133329913]]]}},{"type":"Feature","properties":{"layer":"DP_77","label":"Heritage building","confidence":"confirmed","HERITAGE_P":"FOUNTAIN","GRADE":"IIB","VILLAGE":"FORT","VILLAGE_DI":"FORT","WARD":"A","REMARKS":" ","TYPE":"Heritage","CREATED_US":" ","LAST_EDITE":" ","OWNERSHIP":" ","USES":" ","MHCC_NOC":" ","DATE_":" ","NOC_FOR":" ","STRUCTURE":" ","FEATURE":" ","Q":"Y","HER_NUMBER_2":"149/169 ( (PT) OF 176)","HERITAGE_NAME":"OLD ORIENTAL BANK BUILDING (OLD TEACHER & CO. BLDG.)"},"geometry":{"type":"Polygon","coordinates":[[[72.8316531275285,18.931310520671275],[72.831746273914,18.93122717176177],[72.83163274749047,18.931181472907674],[72.8316531275285,18.931310520671275]]]}},{"type":"Feature","properties":{"layer":"DP_77","label":"Heritage building","confidence":"confirmed","HERITAGE_P":"CANTONMENT","GRADE":"IIB","VILLAGE":"COLABA","VILLAGE_DI":"COLABA","WARD":"A","REMARKS":" ","TYPE":"Heritage","CREATED_US":" ","LAST_EDITE":" ","OWNERSHIP":" ","USES":" ","MHCC_NOC":" ","DATE_":" ","NOC_FOR":" ","STRUCTURE":" ","FEATURE":" ","Q":"Y","HER_NUMBER_2":"22/25","HERITAGE_NAME":"EMBARCATION HEAD QUARTERS OFFICER'S MESS."},"geometry":{"type":"Polygon","coordinates":[[[72.81225723761737,18.898484774877755],[72.81238034849954,18.89905108211697],[72.8130905462012,18.898809172480657],[72.81271727765547,18.898370904784578],[72.81225723761737,18.898484774877755]]]}},{"type":"Feature","properties":{"layer":"DP_77","label":"Heritage building","confidence":"confirmed","HERITAGE_P":" ","GRADE":"III","VILLAGE":"BANDRA-D","VILLAGE_DI":"BANDRA-D","WARD":"H/W","REMARKS":" ","TYPE":"Heritage","CREATED_US":" ","LAST_EDITE":" ","OWNERSHIP":" ","USES":" ","MHCC_NOC":" ","DATE_":" ","NOC_FOR":" ","STRUCTURE":" ","FEATURE":" ","Q":"Y","HER_NUMBER_2":"77/095","HERITAGE_NAME":"DANDESHWAR SHANKAR MANDIR"},"geometry":{"type":"Polygon","coordinates":[[[72.82330553512884,19.074579490346355],[72.82334155255018,19.074967437628313],[72.82410335735912,19.074728847978562],[72.82330553512884,19.074579490346355]]]}},{"type":"Feature","properties":{"layer":"DP_77","label":"Heritage building","confidence":"confirmed","HERITAGE_P":" ","GRADE":"III","VILLAGE":"COLABA","VILLAGE_DI":"COLABA","WARD":"A","REMARKS":" ","TYPE":"Heritage","CREATED_US":" ","LAST_EDITE":" ","OWNERSHIP":" ","USES":" ","MHCC_NOC":" ","DATE_":" ","NOC_FOR":" ","STRUCTURE":" ","FEATURE":" ","Q":"Y","HER_NUMBER_2":"267/35","HERITAGE_NAME":"HOLLAND HOUSE"},"geometry":{"type":"Polygon","coordinates":[[[72.83143474548059,18.92397408339998],[72.83179916505311,18.923969182956714],[72.83171129246985,18.92371947467377],[72.83133339194737,18.923794011540625],[72.83143474548059,18.92397408339998]]]}},{"type":"Feature","properties":{"layer":"DP_77","label":"Heritage building","confidence":"confirmed","HERITAGE_P":" ","GRADE":"IIA","VILLAGE":" ","VILLAGE_DI":" ","WARD":"A","REMARKS":" ","TYPE":" ","CREATED_US":" ","CREATED_DA":-2209161600000,"LAST_EDITE":" ","LAST_EDI_1":-2209161600000,"OWNERSHIP":" ","USES":" ","MHCC_NOC":" ","DATE_":" ","NOC_FOR":" ","STRUCTURE":" ","FEATURE":" ","Q":"Y","HER_NUMBER_2":"1/1(ii)","HERITAGE_NAME":"I.N.S. ANGRE (BOMBAY CASTLE & OTHER HISTORICAL/ASETHETICALLY IMPORTANT BUILDINGS AND FEATURES AT ANGRE) ii) HEAD QUARTERS BUILDING (MANORE HOUSE)"},"geometry":{"type":"Polygon","coordinates":[[[72.83803904584205,18.931158397949797],[72.83853548945986,18.9315144114672],[72.8381191114821,18.931065152288298],[72.83803904584205,18.931158397949797]]]}},{"type":"Feature","properties":{"layer":"DP_77","label":"Heritage building","confidence":"confirmed","HERITAGE_P":"HORNIMAN CIRCLE","GRADE":"III","VILLAGE":"FORT","VILLAGE_DI":"FORT","WARD":"A","REMARKS":" ","TYPE":"Heritage","CREATED_US":" ","LAST_EDITE":" ","OWNERSHIP":" ","USES":" ","MHCC_NOC":" ","DATE_":" ","NOC_FOR":" ","STRUCTURE":" ","FEATURE":" ","Q":"Y","HER_NUMBER_2":"209/236","HERITAGE_NAME":"RESERVE BANK OF INDIA (OLD BUILDING)"},"geometry":{"type":"Polygon","coordinates":[[[72.83593966918444,18.933618129769645],[72.83676103760877,18.933601628874648],[72.83610809368126,18.932871258284496],[72.83593966918444,18.933618129769645]]]}},{"type":"Feature","properties":{"layer":"DP_77","label":"Heritage building","confidence":"confirmed","HERITAGE_P":"FOUNTAIN","GRADE":"IIA","VILLAGE":"FORT","VILLAGE_DI":"FORT","WARD":"A","REMARKS":" ","TYPE":"Heritage","CREATED_US":" ","LAST_EDITE":" ","OWNERSHIP":" ","USES":" ","MHCC_NOC":" ","DATE_":" ","NOC_FOR":" ","STRUCTURE":" ","FEATURE":" ","Q":"Y","HER_NUMBER_2":"155/176","HERITAGE_NAME":"ORIENTAL BANK BLDG."},"geometry":{"type":"Polygon","coordinates":[[[72.83161217520045,18.93118629158604],[72.83181591207571,18.93090883653827],[72.8316249838905,18.930884716029908],[72.83161217520045,18.93118629158604]]]}},{"type":"Feature","properties":{"layer":"DP_77","label":"Heritage building","confidence":"confirmed","HERITAGE_P":" ","GRADE":"III","VILLAGE":"GIRGAUM","VILLAGE_DI":"GIRGAUM","WARD":"D","REMARKS":" ","TYPE":"Heritage","CREATED_US":" ","LAST_EDITE":" ","OWNERSHIP":" ","USES":" ","MHCC_NOC":" ","DATE_":" ","NOC_FOR":" ","STRUCTURE":" ","FEATURE":" ","Q":"Y","HER_NUMBER_2":"89/480","HERITAGE_NAME":"ANAND KANNAN ( VILLA & TEMPLE )"},"geometry":{"type":"Polygon","coordinates":[[[72.81070325749508,18.957688684561024],[72.81088806836708,18.9579513833573],[72.81113760493778,18.95785796765939],[72.8109888622535,18.9575194249002],[72.81070325749508,18.957688684561024]]]}},{"type":"Feature","properties":{"layer":"DP_77","label":"Heritage building","confidence":"confirmed","HERITAGE_P":" ","GRADE":"IIB","VILLAGE":"ISMALIA","VILLAGE_DI":"ISMALIA","WARD":"K/E","REMARKS":" ","TYPE":"Heritage","CREATED_US":" ","LAST_EDITE":" ","OWNERSHIP":" ","USES":" ","MHCC_NOC":" ","DATE_":" ","NOC_FOR":" ","STRUCTURE":" ","FEATURE":" ","Q":"Y","HER_NUMBER_2":"196/245","HERITAGE_NAME":"ISMAIL YUSUF UNIVERSITY COLLAGE"},"geometry":{"type":"Polygon","coordinates":[[[72.85178544911356,19.135299985622833],[72.85209075040436,19.13546182862449],[72.85359208994203,19.135268043159538],[72.85470472611661,19.13463236037542],[72.85490431805128,19.13345531239426],[72.85478938788572,19.131668350022597],[72.85318366834306,19.131256571002996],[72.85006221685727,19.132021585048435],[72.849941686771,19.135195372148242],[72.85129097299242,19.13561472101502],[72.85178544911356,19.135299985622833]]]}},{"type":"Feature","properties":{"layer":"DP_77","label":"Heritage building","confidence":"confirmed","HERITAGE_P":" ","GRADE":"III","VILLAGE":" ","VILLAGE_DI":" ","WARD":"D","REMARKS":" ","TYPE":" ","CREATED_US":" ","CREATED_DA":-2209161600000,"LAST_EDITE":" ","LAST_EDI_1":-2209161600000,"OWNERSHIP":" ","USES":" ","MHCC_NOC":" ","DATE_":" ","NOC_FOR":" ","STRUCTURE":" ","FEATURE":" ","Q":"Y","HER_NUMBER_2":"34/399","HERITAGE_NAME":"BHASKAR MANSION"},"geometry":{"type":"Polygon","coordinates":[[[72.81653371370243,18.956729781760313],[72.81685993806327,18.956813106669582],[72.81678709141485,18.95663215706632],[72.81653371370243,18.956729781760313]]]}},{"type":"Feature","properties":{"layer":"DP_77","label":"Heritage building","confidence":"confirmed","HERITAGE_P":" ","GRADE":"IIB","VILLAGE":"BANDRA-C","VILLAGE_DI":"BANDRA-C","WARD":"H/W","REMARKS":" ","TYPE":"Heritage","CREATED_US":" ","LAST_EDITE":" ","OWNERSHIP":" ","USES":" ","MHCC_NOC":" ","DATE_":" ","NOC_FOR":" ","STRUCTURE":" ","FEATURE":" ","Q":"Y","HER_NUMBER_2":"71/088","HERITAGE_NAME":"ALEXANDER HOUSE"},"geometry":{"type":"Polygon","coordinates":[[[72.82763684160649,19.065591958380402],[72.82796276824348,19.06571159537219],[72.82829952471221,19.065508364174335],[72.82798258572583,19.065182535429834],[72.82754257046949,19.065291478842102],[72.82763684160649,19.065591958380402]]]}},{"type":"Feature","properties":{"layer":"DP_77","label":"Heritage building","confidence":"confirmed","HERITAGE_P":" ","GRADE":"IIB","VILLAGE":"BANDRA-F","VILLAGE_DI":"BANDRA-F","WARD":"H/W","REMARKS":" ","TYPE":"Heritage","CREATED_US":" ","LAST_EDITE":" ","OWNERSHIP":" ","USES":" ","MHCC_NOC":" ","DATE_":" ","NOC_FOR":" ","STRUCTURE":" ","FEATURE":" ","Q":"Y","HER_NUMBER_2":"79/097","HERITAGE_NAME":"BUSHERI BUNGLOW"},"geometry":{"type":"Polygon","coordinates":[[[72.83076300003476,19.059604363578007],[72.8306586408009,19.060260738946443],[72.8309793073999,19.060247436396306],[72.83096396781762,19.059598373926605],[72.83076300003476,19.059604363578007]]]}},{"type":"Feature","properties":{"layer":"DP_78","label":"Heritage precinct","confidence":"confirmed","NAME":"MARINE DRIVE PRECINCT","CODE":" ","REMARKS":" ","CREATED_US":" ","LAST_EDITE":" ","SUB_PRECINCT_NAME":"MARINE DRIVE PRECINCT"},"geometry":{"type":"Polygon","coordinates":[[[72.82750122597153,18.93604712465941],[72.82772086507019,18.93462187397346],[72.82713069264094,18.93442130913889],[72.82725697627839,18.93394238779972],[72.82707671866723,18.933953627092155],[72.82701713015652,18.932566887702823],[72.82735642742257,18.932300817815875],[72.82736563108588,18.931745288653246],[72.82775737166156,18.93174454659478],[72.8274860315127,18.925442359823744],[72.82730790529577,18.925438266092147],[72.82709970133104,18.925447458257658],[72.8271010134815,18.926254131088967],[72.8266410375428,18.92670578616773],[72.82158751149139,18.92971414001174],[72.82290346321973,18.9322448681753],[72.82383225499652,18.935599532771846],[72.82397207261171,18.938535887260027],[72.82354979708832,18.941463709070725],[72.82551622556825,18.941976781055157],[72.82613439726089,18.94236926678664],[72.82721391681028,18.93911716919275],[72.82750122597153,18.93604712465941]]]}},{"type":"Feature","properties":{"layer":"DP_78","label":"Heritage precinct","confidence":"confirmed","NAME":"C.S.T. ( FORMERLY V.T. ) PRECINCT","CODE":"633(11)","REMARKS":"VICTORIA TERMINUS SUB PRECINCT","CREATED_US":" ","LAST_EDITE":" ","WARD":"A","SUB_PRECINCT_NAME":"11) C.S.T. ( FORMERLY V.T. ) PRECINCT","PRECINCT_NUMBER":"238/633(11)","PRECINCT_NAME":"PRECINCTS OF THE FORT AREA: (FORMERLY TERMED AS ' THE FORT PRECINCT')"},"geometry":{"type":"Polygon","coordinates":[[[72.83926367686307,18.943192335111988],[72.83805011867393,18.938278754113245],[72.83657596335887,18.93844997379421],[72.8351327794182,18.938189413477712],[72.83453048314743,18.939505820108856],[72.83503370828292,18.939991322040036],[72.83498646856535,18.940431719377848],[72.83695002544515,18.94068523850153],[72.83714497271575,18.943000680723326],[72.83926367686307,18.943192335111988]]]}},{"type":"Feature","properties":{"layer":"DP_78","label":"Heritage precinct","confidence":"confirmed","NAME":"M.C.G.M. PRECINCT","CODE":"633(12)","REMARKS":" BMC SUB PRECINCT","CREATED_US":" ","LAST_EDITE":" ","WARD":"A","SUB_PRECINCT_NAME":"12) M.C.G.M. PRECINCT","PRECINCT_NUMBER":"238/633(12)","PRECINCT_NAME":"PRECINCTS OF THE FORT AREA: (FORMERLY TERMED AS ' THE FORT PRECINCT')"},"geometry":{"type":"Polygon","coordinates":[[[72.82985826840203,18.94302173291667],[72.82911627070243,18.94360473281231],[72.82951008742899,18.944091768172743],[72.8337355082072,18.947527501134807],[72.8346083867367,18.943939566859353],[72.83501793976227,18.940130796653285],[72.83470921141074,18.93976939342686],[72.83301860188226,18.93888375398068],[72.83267590776816,18.939372024150565],[72.83271626194073,18.940522160653043],[72.8323384533454,18.940768264339564],[72.83262192662893,18.941142482291276],[72.82985826840203,18.94302173291667]]]}},{"type":"Feature","properties":{"layer":"DP_78","label":"Heritage precinct","confidence":"confirmed","NAME":"COOPARAGE  PRECINCT","REMARKS":" ","CREATED_US":" ","LAST_EDITE":" ","SUB_PRECINCT_NAME":"COOPARAGE PRECINCT"},"geometry":{"type":"Polygon","coordinates":[[[72.82845882211932,18.921684322491323],[72.82856796066474,18.92154037430209],[72.82709689799653,18.920689610083905],[72.82694134454846,18.920229094490992],[72.82626599395478,18.920483883882106],[72.8267805838996,18.92279448400999],[72.82701974365877,18.925421544012472],[72.8279201835649,18.925408804114237],[72.82785938379466,18.921980528606902],[72.82845882211932,18.921684322491323]]]}},{"type":"Feature","properties":{"layer":"DP_78","label":"Heritage precinct","confidence":"confirmed","NAME":"MARINE DRIVE PRECINCT","CODE":" ","REMARKS":" ","CREATED_US":" ","LAST_EDITE":" ","SUB_PRECINCT_NAME":"MARINE DRIVE PRECINCT"},"geometry":{"type":"Polygon","coordinates":[[[72.80764849924311,18.954653946906184],[72.80680406483349,18.953447295038465],[72.80531640641084,18.952732393550036],[72.80519547660991,18.952879450529135],[72.80493133081836,18.953334321927407],[72.80650102736541,18.95400212442942],[72.80739060172002,18.954858779583738],[72.80760078883579,18.95604981293786],[72.80824697844291,18.95601669344747],[72.80843375634373,18.956552801700315],[72.809626937609,18.9565939942536],[72.80975525066148,18.956953948080354],[72.81037888860664,18.957002747738198],[72.81209450322342,18.956283916741494],[72.81257307356114,18.95645454948361],[72.81364619863182,18.955707848601403],[72.81352137422344,18.955495864148553],[72.81600987277622,18.953925711223885],[72.8202002571372,18.950704220222956],[72.81895005275126,18.94947438279497],[72.8177058373451,18.950812786018744],[72.8155204122188,18.952176473165977],[72.81437403683067,18.95353405336226],[72.81442907343016,18.95390352331089],[72.80987709711233,18.955669847263778],[72.80838075840877,18.95519273990026],[72.80764849924311,18.954653946906184]]]}},{"type":"Feature","properties":{"layer":"DP_78","label":"Heritage precinct","confidence":"confirmed","NAME":"OPERA HOUSE PRECINCT","CODE":"36/401","REMARKS":" ","CREATED_US":" ","LAST_EDITE":" ","SUB_PRECINCT_NAME":"OPERA HOUSE PRECINCT"},"geometry":{"type":"Polygon","coordinates":[[[72.81578908765384,18.957197433067545],[72.81665714400631,18.958366211166116],[72.817356428394,18.958213130961603],[72.81732650398175,18.957076613038765],[72.81691838417805,18.956008152496523],[72.81655954421518,18.956197896605264],[72.81622405760689,18.95544233817605],[72.81566029260965,18.95529394391468],[72.81527890674575,18.95669710289734],[72.81578908765384,18.957197433067545]]]}},{"type":"Feature","properties":{"layer":"DP_78","label":"Heritage precinct","confidence":"confirmed","NAME":"GAMDEVI PRECINCT","CODE":"56/432","REMARKS":" ","CREATED_US":" ","LAST_EDITE":" ","SUB_PRECINCT_NAME":"GAMDEVI PRECINCT"},"geometry":{"type":"Polygon","coordinates":[[[72.81237087664795,18.958990220343527],[72.811707302947,18.95950418320448],[72.81134585425954,18.95897285221605],[72.8095180208578,18.960158369874215],[72.80940597213961,18.96142387989565],[72.80994841170332,18.961648413789305],[72.80933756053287,18.96206324772761],[72.8094717477098,18.962953962836558],[72.81108817765013,18.962660731304723],[72.81042347560563,18.961402607930115],[72.81284345388183,18.95980842492084],[72.81274223968126,18.95924860980431],[72.81237087664795,18.958990220343527]]]}},{"type":"Feature","properties":{"layer":"DP_78","label":"Heritage precinct","confidence":"confirmed","NAME":"BANGANGA PRECINCT (TEMPLES & TANK)","CODE":"21/384","REMARKS":"P (PRECINCT) GRADE-1 FOR BANGANGA TANK","CREATED_US":" ","LAST_EDITE":" ","SUB_PRECINCT_NAME":"BANGANGA PRECINCT (TEMPLES & TANK)"},"geometry":{"type":"Polygon","coordinates":[[[72.79411543343772,18.946234210120938],[72.79443924932461,18.946290046700916],[72.79445464747755,18.94552463211451],[72.79398460429556,18.944329582399636],[72.79373331592907,18.944185471235727],[72.79293482552151,18.945473796898362],[72.7933115242726,18.945735959180713],[72.79307898033777,18.945901548611708],[72.79339037939306,18.946526624420688],[72.79409010379455,18.946445938362704],[72.79411543343772,18.946234210120938]]]}},{"type":"Feature","properties":{"layer":"DP_78","label":"Heritage precinct","confidence":"confirmed","NAME":"RAGHAJI ROAD PRECINCT (WEST)","CODE":"11/369","REMARKS":"CHE/33410/DP DT.23.02.2017","CREATED_US":"TPB-4315/1721/CR-149/2016/UD-11","LAST_EDITE":" ","SUB_PRECINCT_NAME":"RAGHAJI ROAD PRECINCT (WEST)"},"geometry":{"type":"Polygon","coordinates":[[[72.80956588729217,18.964992030651345],[72.81060158559859,18.965633227280644],[72.81070814573765,18.96547027282693],[72.81005229973867,18.965078536648154],[72.80968221749856,18.9637809923618],[72.80944043758454,18.963787014680936],[72.80936781257114,18.964055034495605],[72.80956588729217,18.964992030651345]]]}},{"type":"Feature","properties":{"layer":"DP_78","label":"Heritage precinct","confidence":"confirmed","NAME":"M. L. DAHANUKAR MARG PRECINCT","CODE":"69/449","REMARKS":"CHE/33410/DP DT.23.02.2017","CREATED_US":"TPB-4315/1721/CR-149/2016/UD-11","LAST_EDITE":" ","SUB_PRECINCT_NAME":"M. L. DAHANUKAR MARG PRECINCT"},"geometry":{"type":"Polygon","coordinates":[[[72.81215847035638,18.97168153114894],[72.81238229474948,18.97123864758984],[72.81227719257636,18.970549951555956],[72.81205222670812,18.970255200994053],[72.81151425794562,18.970338462008915],[72.81155585469538,18.971036412909434],[72.81110971823361,18.971259466918347],[72.81135921805195,18.972621768209752],[72.81098472653376,18.97279183032467],[72.81113780918162,18.97354507361207],[72.81054743039687,18.97425444107743],[72.80997429068226,18.97436751571555],[72.80974788090305,18.975173509690883],[72.80982971489178,18.97545191917289],[72.81071168200758,18.9754568624396],[72.81053353462484,18.976224328487238],[72.81107745337279,18.976867821223323],[72.81155796380155,18.976032747029727],[72.81202927688655,18.974128324525775],[72.81205955935192,18.97264140129962],[72.81153622669498,18.97269709860632],[72.81136934144072,18.972030839508186],[72.81214628354425,18.971901462686894],[72.81215847035638,18.97168153114894]]]}},{"type":"Feature","properties":{"layer":"DP_78","label":"Heritage precinct","confidence":"confirmed","NAME":"TELGU MUNURWAR WADI PRECINCT","CODE":"314/ 23","REMARKS":" ","CREATED_US":" ","LAST_EDITE":" ","SUB_PRECINCT_NAME":"TELGU MUNURWAR WADI PRECINCT"},"geometry":{"type":"Polygon","coordinates":[[[72.82763881821364,18.964867743147668],[72.827537558252,18.96521540291497],[72.82794582027992,18.96514872381134],[72.82800552242696,18.964969156561363],[72.82763881821364,18.964867743147668]]]}},{"type":"Feature","properties":{"layer":"DP_78","label":"Heritage precinct","confidence":"confirmed","NAME":"MATHARPAKHADI PRECINCT","CODE":"522","REMARKS":" ","CREATED_US":" ","LAST_EDITE":" ","SUB_PRECINCT_NAME":"MATHARPAKHADI PRECINCT"},"geometry":{"type":"Polygon","coordinates":[[[72.84136637388687,18.97117804492922],[72.841492162855,18.971690063167387],[72.84205641036513,18.97162569607531],[72.84234580734953,18.97204476636514],[72.84293170644705,18.97166205551916],[72.84247807025478,18.971429098279756],[72.84175018375429,18.97018753751362],[72.84121332913281,18.970072917772253],[72.84105951573302,18.97011733719893],[72.84136637388687,18.97117804492922]]]}},{"type":"Feature","properties":{"layer":"DP_78","label":"Heritage precinct","confidence":"confirmed","NAME":"CANTONMENT PRECINCT","CODE":"15","REMARKS":" Recommended for deletion by The Heritage Review Committee and endorsed by the Hon’ble M.C. However specific decision in this regard is awaited from U.D. Dept","CREATED_US":" ","LAST_EDITE":" ","SUB_PRECINCT_NAME":"CANTONMENT PRECINCT"},"geometry":{"type":"Polygon","coordinates":[[[72.81164331389553,18.895172852454277],[72.81089961804155,18.895159411533715],[72.810275494992,18.894719477644585],[72.80984321877443,18.893977756565395],[72.8095231875435,18.893990468254767],[72.80801127477022,18.894950527911394],[72.8062633922452,18.89666366371747],[72.80453132001821,18.899262927108907],[72.80376795869087,18.90235245511835],[72.80354467610886,18.904810408124153],[72.8046917525423,18.904979163369102],[72.80636483017877,18.904802755666637],[72.80652407330275,18.902798656516588],[72.80735596605689,18.901384142652656],[72.80867743943016,18.900871202413366],[72.810365070181,18.900895898253598],[72.81157936694915,18.900421781677487],[72.8118188623212,18.90236832624371],[72.81013561251844,18.902334408518573],[72.80978406862232,18.902590304405273],[72.80960073342862,18.90363249311557],[72.81175389427158,18.904024368533776],[72.81163750763851,18.90468120169333],[72.81118946349699,18.90465259052971],[72.81152516441233,18.906141938154565],[72.81253210532657,18.906216725613483],[72.81263024961933,18.905378462461915],[72.81397563940284,18.905607938646625],[72.81459053853823,18.906515897207626],[72.81504665151195,18.906625431487743],[72.81927600227581,18.910792237323573],[72.82013826969933,18.910461060290757],[72.82063804598019,18.910108154466794],[72.81983866726618,18.909217063345633],[72.81786436152079,18.907753514060996],[72.8172947142888,18.906629849652496],[72.81727685185525,18.905023136190685],[72.817482864537,18.90443850128507],[72.8170546536131,18.902933447000603],[72.81794867861544,18.90278057350301],[72.81713547349774,18.902734033857058],[72.81726953604128,18.900604614960265],[72.81471809766344,18.8975370922956],[72.81337279832736,18.895370382447243],[72.81246975841152,18.894917625991237],[72.81164331389553,18.895172852454277]]]}},{"type":"Feature","properties":{"layer":"DP_78","label":"Heritage precinct","confidence":"confirmed","NAME":"OLD CUFFE PARADE PRECINCT","CODE":"15","REMARKS":" Recommended for deletion by The Heritage Review Committee and endorsed by the Hon’ble M.C. However specific decision in this regard is awaited from U.D. Dept","CREATED_US":" ","LAST_EDITE":" ","SUB_PRECINCT_NAME":"OLD CUFFE PARADE PRECINCT"},"geometry":{"type":"Polygon","coordinates":[[[72.82099661893398,18.913471406048696],[72.8216383256075,18.912969828630246],[72.82186649444476,18.91304572211647],[72.82453381046905,18.915920340996127],[72.82505181337186,18.91512274371254],[72.8233123469768,18.913524209487843],[72.82337025975451,18.91328310068075],[72.8261330004406,18.910284864323938],[72.82551439472351,18.90987015175915],[72.8233382108499,18.91217123908706],[72.82288891318791,18.911113741542387],[72.82147643945721,18.90981121021278],[72.8212118468912,18.91004038543632],[72.8209737244841,18.90981384048635],[72.82025116364659,18.91043165240066],[72.819447467892,18.910615370239626],[72.81910249490018,18.911260584634807],[72.82099661893398,18.913471406048696]]]}},{"type":"Feature","properties":{"layer":"DP_78","label":"Heritage precinct","confidence":"confirmed","NAME":"GATEWAY PRECINCT","CODE":"633(1)","REMARKS":" GATEWAY SUB  PRECINCT","CREATED_US":" ","LAST_EDITE":" ","WARD":"A","SUB_PRECINCT_NAME":"1) GATEWAY PRECINCT","PRECINCT_NUMBER":"238/633(1)","PRECINCT_NAME":"PRECINCTS OF THE FORT AREA: (FORMERLY TERMED AS ' THE FORT PRECINCT')"},"geometry":{"type":"Polygon","coordinates":[[[72.83191851368571,18.92433048302855],[72.831948117768,18.92499028941819],[72.83277866092419,18.925187041595468],[72.8329921686495,18.925545262519126],[72.83362939528777,18.925741853349777],[72.83508648124432,18.92375888899038],[72.83435867826951,18.923218965018503],[72.8344260922905,18.9229396616916],[72.83491551071515,18.922944691677536],[72.83466793282967,18.9222781031851],[72.8349000077914,18.92199204863678],[72.83452343075835,18.92165573252477],[72.83422333628899,18.921927675046845],[72.83358996973942,18.921668707083192],[72.83196462367228,18.918390820974558],[72.83120039868969,18.918742284711826],[72.83155214842887,18.919904242832928],[72.83025052678323,18.920421032545068],[72.83121365423003,18.922194356013115],[72.83191851368571,18.92433048302855]]]}},{"type":"Feature","properties":{"layer":"DP_78","label":"Heritage precinct","confidence":"confirmed","NAME":"MUSEUM PRECINCT","CODE":"633(3)","REMARKS":"MUSEUM SUB PRECINCT","CREATED_US":" ","LAST_EDITE":" ","WARD":"A","SUB_PRECINCT_NAME":"3) MUSEUM PRECINCT","PRECINCT_NUMBER":"238/633(3)","PRECINCT_NAME":"PRECINCTS OF THE FORT AREA: (FORMERLY TERMED AS ' THE FORT PRECINCT')"},"geometry":{"type":"Polygon","coordinates":[[[72.83201085507855,18.92500683497913],[72.83168062271277,18.92537509542744],[72.82981021570153,18.925751426379104],[72.82983150107394,18.928610299470296],[72.83153882144417,18.928648138694758],[72.8317294971124,18.928259556975256],[72.83402505420287,18.92658597569292],[72.83341451400919,18.92574679164079],[72.83201085507855,18.92500683497913]]]}},{"type":"Feature","properties":{"layer":"DP_78","label":"Heritage precinct","confidence":"confirmed","CODE":"633(13)","CREATED_US":" ","LAST_EDITE":" ","WARD":"A","SUB_PRECINCT_NAME":"13) OVAL PRECINCT","PRECINCT_NUMBER":"238/633(13)","PRECINCT_NAME":"PRECINCTS OF THE FORT AREA: (FORMERLY TERMED AS ' THE FORT PRECINCT')"},"geometry":{"type":"Polygon","coordinates":[[[72.83216844767567,18.941446397464603],[72.8325866131275,18.94116671766033],[72.8323384533454,18.940768264339564],[72.83271626194073,18.940522160653043],[72.83267590776816,18.939372024150565],[72.83301860188226,18.93888375398068],[72.83216226512062,18.938147801285698],[72.83055553865678,18.934463265581375],[72.8298522103026,18.930380189311926],[72.82987620863788,18.926430850424037],[72.8294618679782,18.92319911553713],[72.82785711185534,18.921904351782594],[72.82795065878844,18.925323500246265],[72.82749136986263,18.92558042321254],[72.82775737168681,18.931743737274957],[72.8274310966754,18.931740745185987],[72.82736780753578,18.932292361124134],[72.82701140256603,18.93255721444624],[72.82725697627839,18.93394238779972],[72.82713069264094,18.93442130913889],[72.82877203468544,18.934777495018224],[72.82929980990562,18.935184257729144],[72.82916118178703,18.938620021768397],[72.82839267437676,18.941360188580546],[72.82972316885251,18.941678262502336],[72.82946991146366,18.942906280838585],[72.82969154855746,18.943152728379793],[72.83216844767567,18.941446397464603]]]}},{"type":"Feature","properties":{"layer":"DP_78","label":"Heritage precinct","confidence":"confirmed","NAME":"BALLARD ESTATE PRECINCT","CODE":"633(9)","REMARKS":"BALLARD ESTATE SUB PRECINCT","CREATED_US":" ","LAST_EDITE":" ","WARD":"A","SUB_PRECINCT_NAME":"9) BALLARD ESTATE PRECINCT","PRECINCT_NUMBER":"238/633(9)","PRECINCT_NAME":"PRECINCTS OF THE FORT AREA: (FORMERLY TERMED AS ' THE FORT PRECINCT')"},"geometry":{"type":"Polygon","coordinates":[[[72.83730432267541,18.934485120063616],[72.83725688595842,18.934959502752413],[72.83839105405121,18.934709663204288],[72.83881763648675,18.93586891655543],[72.83799552023025,18.93604484923904],[72.83811395364829,18.936469019577153],[72.83888177141446,18.936301223586693],[72.83929827107916,18.938137714689585],[72.83985279437583,18.937863123598024],[72.8419046978458,18.935320084450304],[72.8424422177122,18.933970733508264],[72.8423258657933,18.93335138447686],[72.83730432267541,18.934485120063616]]]}},{"type":"Feature","properties":{"layer":"DP_78","label":"Heritage precinct","confidence":"confirmed","NAME":"UNIVERSITY PRECINCT","CODE":"633(4)","REMARKS":"UNIVERSITY SUB PRECINCT","CREATED_US":" ","LAST_EDITE":" ","WARD":"A","SUB_PRECINCT_NAME":"4) UNIVERSITY PRECINCT","PRECINCT_NUMBER":"238/633(4)","PRECINCT_NAME":"PRECINCTS OF THE FORT AREA: (FORMERLY TERMED AS ' THE FORT PRECINCT')"},"geometry":{"type":"Polygon","coordinates":[[[72.83109617803682,18.931826924915224],[72.83113694269866,18.928617255192272],[72.82983150107394,18.928610299470296],[72.82996453541911,18.931200057611427],[72.83085145271573,18.935312554097845],[72.83109617803682,18.931826924915224]]]}},{"type":"Feature","properties":{"layer":"DP_78","label":"Heritage precinct","confidence":"confirmed","NAME":"ESPLANDE  PRECINCT","CODE":"633(5)","REMARKS":"ESPLANDE SUB PRECINCT","CREATED_US":" ","LAST_EDITE":" ","WARD":"A","SUB_PRECINCT_NAME":"5) ESPLANDE  PRECINCT","PRECINCT_NUMBER":"238/633(5)","PRECINCT_NAME":"PRECINCTS OF THE FORT AREA: (FORMERLY TERMED AS ' THE FORT PRECINCT')"},"geometry":{"type":"Polygon","coordinates":[[[72.83351171805336,18.937266967060815],[72.8325061845748,18.93479520736565],[72.83179371981726,18.93412392853678],[72.83187034684327,18.933723457665998],[72.83102766563442,18.93362525436117],[72.83085141413903,18.93531554072819],[72.83216222656101,18.93815078791775],[72.83439710069663,18.939572369182255],[72.83471417644851,18.93917220121464],[72.83402999744133,18.938743874266034],[72.83351171805336,18.937266967060815]]]}},{"type":"Feature","properties":{"layer":"DP_78","label":"Heritage precinct","confidence":"confirmed","NAME":"BAZAR  GATE PRECINCT","CODE":"633(10)","REMARKS":"BAZARGATE SUB PRECINCT","CREATED_US":" ","LAST_EDITE":" ","WARD":"A","SUB_PRECINCT_NAME":"10) BAZAR  GATE PRECINCT","PRECINCT_NUMBER":"238/633(10)","PRECINCT_NAME":"PRECINCTS OF THE FORT AREA: (FORMERLY TERMED AS ' THE FORT PRECINCT')"},"geometry":{"type":"Polygon","coordinates":[[[72.8393612993099,18.938347131072867],[72.83892632896112,18.93640890425428],[72.8381262976232,18.936459928510317],[72.83800786417699,18.93603575817724],[72.83882998036935,18.935859826336127],[72.83865757312897,18.93519622871144],[72.8384261105336,18.934806040864036],[72.8372692298535,18.934950411734874],[72.83704204091453,18.933590540600548],[72.83595955390462,18.933629489073503],[72.83598501925931,18.93312226178322],[72.83513408422482,18.933220774711117],[72.83452161904478,18.932863985820724],[72.83270977433021,18.93308462214063],[72.83273642934753,18.93363039773439],[72.83296837983961,18.933599633986123],[72.83316235873426,18.934361137598327],[72.83372999244159,18.934913315037228],[72.83370500872267,18.935418152389285],[72.83398376013375,18.9354251197183],[72.83400090981026,18.935903098478],[72.83450027479986,18.93586558166936],[72.8346328373601,18.936372888467403],[72.83443865395441,18.93662127076375],[72.83465842043726,18.936601188557937],[72.83484170109992,18.937536782002923],[72.83462274994555,18.937945200543982],[72.83658831987472,18.938439927346153],[72.83802643061658,18.93817170588209],[72.83829526295334,18.938622991450305],[72.8393612993099,18.938347131072867]]]}},{"type":"Feature","properties":{"layer":"DP_78","label":"Heritage precinct","confidence":"confirmed","NAME":"HORNIMAN CIRCLE  PRECINCT","CODE":"633(7)","REMARKS":"HORNIMAN CIRCLE SUB PRECINCT","CREATED_US":" ","LAST_EDITE":" ","WARD":"A","SUB_PRECINCT_NAME":"7) HORNIMAN CIRCLE  PRECINCT","PRECINCT_NUMBER":"238/633(7)","PRECINCT_NAME":"PRECINCTS OF THE FORT AREA: (FORMERLY TERMED AS ' THE FORT PRECINCT')"},"geometry":{"type":"Polygon","coordinates":[[[72.83264317660598,18.933095942219776],[72.83438351754279,18.93286615448336],[72.83513408422482,18.933220774711117],[72.8359726369802,18.93313433846143],[72.83594717157081,18.933641566648614],[72.83700771586173,18.933527439380242],[72.83662790749293,18.93297761487876],[72.83645863089902,18.931487263273716],[72.83613863641807,18.930979543250135],[72.83664459189525,18.93010919071179],[72.8364367631989,18.92986721511221],[72.83602159884747,18.930112485181787],[72.83574087049645,18.929944881301832],[72.8354963017763,18.930312839758233],[72.83480052994392,18.930164542564466],[72.8347662216211,18.930649390978985],[72.83258827492668,18.93084161036166],[72.83256860509161,18.9314339218074],[72.83227153410364,18.93150929149975],[72.83264317660598,18.933095942219776]]]}},{"type":"Feature","properties":{"layer":"DP_78","label":"Heritage precinct","confidence":"confirmed","NAME":"NAVAL DOCKYARD  PRECINCT","CODE":"633(8)","REMARKS":" NAVAL DOCK SUB PRECINCT","CREATED_US":" ","LAST_EDITE":" ","WARD":"A","SUB_PRECINCT_NAME":"8) NAVAL DOCKYARD  PRECINCT","PRECINCT_NUMBER":"238/633(8)","PRECINCT_NAME":"PRECINCTS OF THE FORT AREA: (FORMERLY TERMED AS ' THE FORT PRECINCT')"},"geometry":{"type":"Polygon","coordinates":[[[72.8388424550513,18.931546669536427],[72.83741250556216,18.930399005476666],[72.83696886353181,18.929556288076967],[72.83716195268312,18.928690316898372],[72.83677035931215,18.928454833518487],[72.83706607455606,18.92804703544739],[72.83654974451382,18.927722790679756],[72.83666356186666,18.926912631275446],[72.83649473227733,18.926817407841625],[72.83701973525552,18.926515440428066],[72.83697715612726,18.926341180445057],[72.83515069169276,18.923805709078216],[72.8341022877294,18.92495061720273],[72.8342482313343,18.925068995211355],[72.83359064682435,18.925889600968375],[72.83400956479629,18.92651308223464],[72.83407495641994,18.927973879023096],[72.83505743729856,18.930027191187186],[72.83549634025945,18.930309853117045],[72.83574090898612,18.929941893756908],[72.83602163732087,18.930109498539483],[72.83641265952865,18.929855355956946],[72.83659726920867,18.93004942268065],[72.83618464150028,18.930939848569803],[72.83651014628884,18.9314762978498],[72.8366365056546,18.933018271681128],[72.83727376174873,18.934385473374398],[72.83897900609142,18.934119804178145],[72.83898140980537,18.932757050339852],[72.83866313298148,18.932076997512233],[72.8388424550513,18.931546669536427]]]}},{"type":"Feature","properties":{"layer":"DP_78","label":"Heritage precinct","confidence":"confirmed","NAME":"MARINE DRIVE PRECINCT","CODE":" ","REMARKS":" ","CREATED_US":" ","LAST_EDITE":" ","SUB_PRECINCT_NAME":"MARINE DRIVE PRECINCT"},"geometry":{"type":"Polygon","coordinates":[[[72.82025982367033,18.950632080616767],[72.82243109848648,18.94822753555292],[72.82527306888923,18.94415565493778],[72.82613439726089,18.94236926678664],[72.82556891163343,18.941990487168855],[72.82351438942098,18.941586195885773],[72.82282317069665,18.94358091281236],[72.82171023835087,18.945733057501112],[72.81896031416588,18.949404006428335],[72.82025982367033,18.950632080616767]]]}},{"type":"Feature","properties":{"layer":"DP_78","label":"Heritage precinct","confidence":"confirmed","NAME":"DABUL PRECINCT","CODE":"298","REMARKS":"III","CREATED_US":" ","LAST_EDITE":" ","SUB_PRECINCT_NAME":"DABUL PRECINCT"},"geometry":{"type":"Polygon","coordinates":[[[72.82342681079841,18.949564635583457],[72.82417081075805,18.950093725353117],[72.82436050388041,18.949949516396607],[72.82326090636735,18.948960167010622],[72.82281759694357,18.94907097785023],[72.82342681079841,18.949564635583457]]]}},{"type":"Feature","properties":{"layer":"DP_78","label":"Heritage precinct","confidence":"confirmed","NAME":"ANDHERI VILLAGE PRECINCT","CODE":"135/169","REMARKS":" ","CREATED_US":" ","LAST_EDITE":" ","SUB_PRECINCT_NAME":"ANDHERI VILLAGE PRECINCT"},"geometry":{"type":"Polygon","coordinates":[[[72.84562506741229,19.120989356430908],[72.84476315160647,19.12079195716098],[72.8443833684454,19.12126385782356],[72.84443953477701,19.12202023279078],[72.84488884687583,19.122602643083415],[72.84609667998795,19.122034294063752],[72.84582352973923,19.12093234807529],[72.84562506741229,19.120989356430908]]]}},{"type":"Feature","properties":{"layer":"DP_78","label":"Heritage precinct","confidence":"confirmed","NAME":"KEVNI VILLAGE PRECINCT PASCAL HOUSE,THE HEAVEN,MATHIDA VILLA, HILL'S VIEW","CODE":"139/175","REMARKS":" ","CREATED_US":" ","LAST_EDITE":" ","SUB_PRECINCT_NAME":"KEVNI VILLAGE PRECINCT PASCAL HOUSE,THE HEAVEN,MATHIDA VILLA, HILL'S VIEW"},"geometry":{"type":"Polygon","coordinates":[[[72.8448756438112,19.12819759584271],[72.84522080308311,19.128283477334477],[72.84536751152517,19.128802472951715],[72.84582876955812,19.128854277523196],[72.84587007474715,19.12866027792837],[72.84616898290989,19.128670273002673],[72.84619982418506,19.128366660405266],[72.84675071525847,19.128235809175273],[72.84677311430553,19.127826865987725],[72.84500928857649,19.12786549955462],[72.8448756438112,19.12819759584271]]]}},{"type":"Feature","properties":{"layer":"DP_78","label":"Heritage precinct","confidence":"confirmed","NAME":"AMBIVALI VILLAGE PRECINCT,D'MELLO HOUSE,UNKNOWN,J.B.D'MELLO HOUSE","CODE":"140/176","REMARKS":" ","CREATED_US":" ","LAST_EDITE":" ","SUB_PRECINCT_NAME":"AMBIVALI VILLAGE PRECINCT,D'MELLO HOUSE,UNKNOWN,J.B.D'MELLO HOUSE"},"geometry":{"type":"Polygon","coordinates":[[[72.84228875898125,19.12996518290508],[72.84241982687044,19.130235452163678],[72.84264707812336,19.13017179863864],[72.84301946205085,19.129098661296325],[72.8428753496806,19.12879510006711],[72.84250199651005,19.128518139638715],[72.84195448987741,19.128850829544245],[72.8418751282134,19.128388950107883],[72.84121704073316,19.128348792862308],[72.84111378226879,19.12947303401983],[72.84158235094937,19.129572350303867],[72.84168257980495,19.129895090781947],[72.84228875898125,19.12996518290508]]]}},{"type":"Feature","properties":{"layer":"DP_78","label":"Heritage precinct","confidence":"confirmed","NAME":"MALCOLM BUNGALOW PRECINCT","CODE":"141/177","REMARKS":" ","CREATED_US":" ","LAST_EDITE":" ","SUB_PRECINCT_NAME":"MALCOLM BUNGALOW PRECINCT"},"geometry":{"type":"Polygon","coordinates":[[[72.84671514190921,19.13471314763826],[72.84764401382333,19.134590813655567],[72.84750653651389,19.132221131420174],[72.84571911000569,19.13152970638431],[72.8456744480094,19.13173520099347],[72.84508574091096,19.131610802176816],[72.84492668648005,19.13218805949667],[72.8446521469658,19.132123337812974],[72.84443007525843,19.132704964448806],[72.84379111708702,19.132605203436675],[72.84405653914857,19.13304078516475],[72.84382903944243,19.134776755285642],[72.84500390340027,19.134451800896695],[72.84671514190921,19.13471314763826]]]}},{"type":"Feature","properties":{"layer":"DP_78","label":"Heritage precinct","confidence":"confirmed","NAME":"BANSRA PRECINCT, RANWARL PRECINCT","CODE":"612,619","REMARKS":" ","CREATED_US":" ","LAST_EDITE":" ","SUB_PRECINCT_NAME":"BANSRA PRECINCT, RANWARL PRECINCT"},"geometry":{"type":"Polygon","coordinates":[[[72.82784317299301,19.053867185387812],[72.82761305808934,19.053703989219713],[72.82763834913102,19.05336952856698],[72.82772393953493,19.052924540997754],[72.82794995053762,19.052888468031743],[72.82758101351882,19.052701816782108],[72.82734490391809,19.05289445513902],[72.82633579907531,19.0527441357285],[72.82623562263072,19.05388211667298],[72.82565970445523,19.054050130641315],[72.82553149549945,19.054627608515045],[72.82842606000666,19.054787080803717],[72.82828872251321,19.05427698720945],[72.82872340001805,19.054123713666183],[72.82784317299301,19.053867185387812]]]}},{"type":"Feature","properties":{"layer":"DP_78","label":"Heritage precinct","confidence":"confirmed","NAME":"BANDRA CHIMBAI ROAD PRECINCT","CODE":"52/67","REMARKS":" ","CREATED_US":" ","LAST_EDITE":" ","SUB_PRECINCT_NAME":"BANDRA CHIMBAI ROAD PRECINCT"},"geometry":{"type":"Polygon","coordinates":[[[72.82515770735223,19.05515589869393],[72.82373799470162,19.055340117670035],[72.82362168262598,19.056459714373908],[72.82308771998842,19.057171498005953],[72.82398039747478,19.057650125347816],[72.824543734416,19.05621923372097],[72.82497840284005,19.055950712611647],[72.82515770735223,19.05515589869393]]]}},{"type":"Feature","properties":{"layer":"DP_78","label":"Heritage precinct","confidence":"confirmed","NAME":"PALI MALA ROAD VILLAGE PRECINCT","CODE":"59/76","REMARKS":" ","CREATED_US":" ","LAST_EDITE":" ","SUB_PRECINCT_NAME":"PALI MALA ROAD VILLAGE PRECINCT"},"geometry":{"type":"Polygon","coordinates":[[[72.82456527302506,19.06365249387593],[72.82470482686698,19.063959859358626],[72.82490554386466,19.063708433722258],[72.82525104825633,19.063859257535825],[72.82556764970045,19.063301538273546],[72.82535040113865,19.06267387982316],[72.8245096617556,19.062783917229858],[72.82433550392238,19.063153257643858],[72.82456527302506,19.06365249387593]]]}},{"type":"Feature","properties":{"layer":"DP_78","label":"Heritage precinct","confidence":"confirmed","NAME":"PALI  VILLAGE PRECINCT","CODE":"78/96","REMARKS":"NAME OF PALI HILL  PREINCT IS CHANGED TO PALI VILLAGE PRECINCT","CREATED_US":" ","LAST_EDITE":" ","SUB_PRECINCT_NAME":"PALI  VILLAGE PRECINCT"},"geometry":{"type":"Polygon","coordinates":[[[72.83038225787011,19.063227049484365],[72.8301579651657,19.06278995384875],[72.82954890988908,19.062702927382183],[72.8294484778373,19.06287206822195],[72.82978336574392,19.06479079820907],[72.83048053002176,19.064894967102596],[72.83076805361428,19.06447931170385],[72.8304851293236,19.063713911685248],[72.83059527385684,19.063378417451005],[72.83038225787011,19.063227049484365]]]}},{"type":"Feature","properties":{"layer":"DP_78","label":"Heritage precinct","confidence":"confirmed","NAME":"MAHALAXMI TEMPLE  PRECINCT ( THE TEMPLE SETTING SHALL HAVE TO BE IDENTIFIED TO MAINTAIN THE","CODE":"62/442","REMARKS":"CHE/33410/DP DT.23.02.2017","CREATED_US":"TPB-4315/1721/CR-149/2016/UD-11","LAST_EDITE":" ","SUB_PRECINCT_NAME":"MAHALAXMI TEMPLE  PRECINCT ( THE TEMPLE SETTING SHALL HAVE TO BE IDENTIFIED TO MAINTAIN THE"},"geometry":{"type":"Polygon","coordinates":[[[72.80673852666735,18.977639744254216],[72.806859316985,18.97782942708999],[72.80696752025139,18.97750665716444],[72.80799156755577,18.977476164258192],[72.8079811601017,18.977175214087858],[72.80746854744139,18.97729582425234],[72.80726554889006,18.976748999317106],[72.80670092047617,18.976754804810206],[72.80587508364043,18.97736145469852],[72.80587067096002,18.977639664117355],[72.80673852666735,18.977639744254216]]]}},{"type":"Feature","properties":{"layer":"DP_78","label":"Heritage precinct","confidence":"confirmed","NAME":"KHOTACHI WADI  PRECINCT","CODE":"113/519","REMARKS":" ","CREATED_US":" ","LAST_EDITE":" ","SUB_PRECINCT_NAME":"KHOTACHI WADI  PRECINCT"},"geometry":{"type":"Polygon","coordinates":[[[72.81988777761066,18.955090479752684],[72.82036987768666,18.95627639033926],[72.82075172961068,18.956232863182265],[72.82070078371765,18.95589962273693],[72.82118842051933,18.95578412643327],[72.82120325066849,18.955183655002582],[72.81990429349607,18.954772393773794],[72.81988777761066,18.955090479752684]]]}},{"type":"Feature","properties":{"layer":"DP_78","label":"Heritage precinct","confidence":"confirmed","NAME":"OLD CUFFE PARADE PRECINCT","CODE":"15","REMARKS":"Recommended for deletion by The Heritage Review Committee and endorsed by the Hon’ble M.C. However specific decision in this regard is awaited from U.D. Dept","CREATED_US":" ","LAST_EDITE":" ","SUB_PRECINCT_NAME":"OLD CUFFE PARADE PRECINCT"},"geometry":{"type":"Polygon","coordinates":[[[72.82504098107034,18.918184659443295],[72.82532971301201,18.91853134618116],[72.82424667748391,18.915460290666267],[72.82262037147643,18.914062039991965],[72.82173014629136,18.912869464775223],[72.82099661893398,18.913471406048696],[72.82504098107034,18.918184659443295]]]}},{"type":"Feature","properties":{"layer":"DP_78","label":"Heritage precinct","confidence":"confirmed","NAME":"COOPARAGE SUB PRECINCT","CODE":"15","REMARKS":" ","CREATED_US":" ","LAST_EDITE":" ","SUB_PRECINCT_NAME":"COOPARAGE SUB PRECINCT"},"geometry":{"type":"Polygon","coordinates":[[[72.82785938379466,18.921980528606902],[72.82785953567836,18.921985594059823],[72.8278595484518,18.9219822557607],[72.82785938379466,18.921980528606902]]]}},{"type":"Feature","properties":{"layer":"DP_78","label":"Heritage precinct","confidence":"confirmed","NAME":"MAJESTIC  PRECINCT","CODE":"633(2)","REMARKS":"MAJESTIC SUB PRECINCT","CREATED_US":" ","LAST_EDITE":" ","WARD":"A","SUB_PRECINCT_NAME":"2) MAJESTIC  PRECINCT","PRECINCT_NUMBER":"238/633(2)","PRECINCT_NAME":"PRECINCTS OF THE FORT AREA: (FORMERLY TERMED AS ' THE FORT PRECINCT')"},"geometry":{"type":"Polygon","coordinates":[[[72.83190644478717,18.924288585125158],[72.83111202952088,18.92196852895001],[72.82934640439409,18.922783883686932],[72.82972386579806,18.9257678348219],[72.8318671773518,18.925329283403396],[72.83190644478717,18.924288585125158]]]}},{"type":"Feature","properties":{"layer":"DP_78","label":"Heritage precinct","confidence":"confirmed","CODE":"633(6)","CREATED_US":" ","LAST_EDITE":" ","WARD":"A","SUB_PRECINCT_NAME":"14) DALAL STREET PRECINCT","PRECINCT_NUMBER":"238/633(14)","PRECINCT_NAME":"PRECINCTS OF THE FORT AREA: (FORMERLY TERMED AS ' THE FORT PRECINCT')"},"geometry":{"type":"Polygon","coordinates":[[[72.83396271528655,18.926862934262445],[72.83402587314818,18.926589965931292],[72.83153439319007,18.928453071955477],[72.83153882144417,18.928648138694758],[72.8322160479527,18.9288643726944],[72.83165210604994,18.929817800374202],[72.83165162382151,18.930445941431344],[72.83191176822754,18.930490123884002],[72.83176967251724,18.931137596091617],[72.83257469422058,18.93126597459986],[72.83272953125737,18.93075523526366],[72.83474546051939,18.930732490862905],[72.83469394470653,18.930189969088627],[72.83502720160925,18.93004025537733],[72.83407609205986,18.92798776097194],[72.83396271528655,18.926862934262445]]]}},{"type":"Feature","properties":{"layer":"DP_78","label":"Heritage precinct","confidence":"confirmed","CODE":"633(6)","CREATED_US":" ","LAST_EDITE":" ","WARD":"A","SUB_PRECINCT_NAME":"6)D.N.RAOD PRECINCT","PRECINCT_NUMBER":"238/633(6)","PRECINCT_NAME":"PRECINCTS OF THE FORT AREA: (FORMERLY TERMED AS ' THE FORT PRECINCT')"},"geometry":{"type":"Polygon","coordinates":[[[72.83109617803682,18.931826924915224],[72.83102770420427,18.933622267729923],[72.8317310913536,18.93370806585688],[72.83179375837459,18.93412094190416],[72.83225492274647,18.934732565167547],[72.8324549818922,18.934669768345366],[72.83403003596902,18.93874088763047],[72.83471421496499,18.939169214577852],[72.8351347516678,18.93819230435969],[72.83461973512121,18.937961252431908],[72.83482935688546,18.937545872824334],[72.83464866901915,18.93661311879201],[72.83442828106601,18.936633252439517],[72.83462246545076,18.936384870168318],[72.83449826560907,18.935865558208583],[72.83400090350511,18.93590292497812],[72.83398376013375,18.9354251197183],[72.83370500872267,18.935418152389285],[72.83372999244159,18.934913315037228],[72.83321704745526,18.934385998385938],[72.83296837983961,18.933599633986123],[72.83273642934753,18.93363039773439],[72.83227153410364,18.93150929149975],[72.83257469422058,18.93126597459986],[72.83187836815796,18.931130228716583],[72.83191176822754,18.930490123884002],[72.83165162382151,18.930445941431344],[72.83166185111835,18.929944223600703],[72.8322160479527,18.9288643726944],[72.83183488009941,18.928826672774573],[72.8318584466083,18.928663516630536],[72.83126792386807,18.92862550581631],[72.83109617803682,18.931826924915224]]]}},{"type":"Feature","properties":{"layer":"DP_78","label":"Heritage precinct","confidence":"confirmed","NAME":"OLD KHAR VILLAGE PRECINCT","CODE":"83/102","REMARKS":" ","CREATED_US":" ","LAST_EDITE":" ","SUB_PRECINCT_NAME":"OLD KHAR VILLAGE PRECINCT"},"geometry":{"type":"Polygon","coordinates":[[[72.8363756646182,19.066037069540513],[72.83601900427786,19.06638577627268],[72.83603102819988,19.066924398120687],[72.83705106160137,19.067238812252857],[72.83717669859888,19.066073375453428],[72.8363756646182,19.066037069540513]]]}},{"type":"Feature","properties":{"layer":"DP_78","label":"Heritage precinct","confidence":"confirmed","NAME":"BOMBAY CATHOLIC CO-OPERATIVE HOUSING SOCITY PRECINCT","CODE":"112/133","REMARKS":" ","CREATED_US":" ","LAST_EDITE":" ","SUB_PRECINCT_NAME":"BOMBAY CATHOLIC CO-OPERATIVE HOUSING SOCITY PRECINCT"},"geometry":{"type":"Polygon","coordinates":[[[72.83779904892505,19.077085016074406],[72.83782654198941,19.077657164674065],[72.83857393084598,19.077595031294283],[72.83879024412609,19.078149509428137],[72.8397299033759,19.077887430524182],[72.83946135551487,19.07690905148247],[72.83779904892505,19.077085016074406]]]}},{"type":"Feature","properties":{"layer":"DP_78","label":"Heritage precinct","confidence":"confirmed","NAME":"VILEPARLE VILLAGE PRECINCT","CODE":"209/264","REMARKS":" ","CREATED_US":" ","LAST_EDITE":" ","SUB_PRECINCT_NAME":"VILEPARLE VILLAGE PRECINCT"},"geometry":{"type":"Polygon","coordinates":[[[72.84421949677417,19.09743718793946],[72.84428821356576,19.097940772896585],[72.8456781918764,19.097709804031545],[72.84568840079878,19.09645550824181],[72.84517484832335,19.09630534885946],[72.84507527548682,19.095893245702037],[72.84413046640346,19.095983617170113],[72.84396889141541,19.095704130448585],[72.8439615542742,19.096877067525924],[72.84421949677417,19.09743718793946]]]}},{"type":"Feature","properties":{"layer":"DP_78","label":"Heritage precinct","confidence":"confirmed","NAME":"GUNDAVALI VILLAGE PRECINCT","CODE":"199/250","REMARKS":" ","CREATED_US":" ","LAST_EDITE":" ","SUB_PRECINCT_NAME":"GUNDAVALI VILLAGE PRECINCT"},"geometry":{"type":"Polygon","coordinates":[[[72.85446760152433,19.118849618000702],[72.85469521639621,19.118565257625914],[72.85460302724958,19.118003172835053],[72.85374641774547,19.11744771270358],[72.85344156846419,19.11855233388848],[72.85359640705514,19.11916584517284],[72.85400395836785,19.11908092229233],[72.85422442642037,19.11935078294402],[72.85446760152433,19.118849618000702]]]}},{"type":"Feature","properties":{"layer":"DP_78","label":"Heritage precinct","confidence":"confirmed","NAME":"MAROL VILLAGE PRECINCT","CODE":"193/242","REMARKS":" ","CREATED_US":" ","LAST_EDITE":" ","SUB_PRECINCT_NAME":"MAROL VILLAGE PRECINCT"},"geometry":{"type":"Polygon","coordinates":[[[72.87795938896623,19.110592804725314],[72.87774123786637,19.11107012000158],[72.87821075230276,19.112329544317372],[72.87776064574574,19.11245779594984],[72.87786171309637,19.11401784649753],[72.87843863358563,19.115156894489516],[72.87966138699277,19.11469759750949],[72.87943766597363,19.113307903027987],[72.87844907147803,19.110647073777248],[72.87795938896623,19.110592804725314]]]}},{"type":"Feature","properties":{"layer":"DP_78","label":"Heritage precinct","confidence":"confirmed","NAME":"SARASWATI BAUG BUNGLOWS PRECINCT","CODE":"197/248","REMARKS":" ","CREATED_US":" ","LAST_EDITE":" ","SUB_PRECINCT_NAME":"SARASWATI BAUG BUNGLOWS PRECINCT"},"geometry":{"type":"Polygon","coordinates":[[[72.84850194312565,19.13034273457299],[72.84862429035205,19.131361243596526],[72.84981798858507,19.131459796919845],[72.84988227016586,19.129417169473314],[72.84849449053607,19.129375270530556],[72.84850194312565,19.13034273457299]]]}},{"type":"Feature","properties":{"layer":"DP_78","label":"Heritage precinct","confidence":"confirmed","NAME":"THEOSOPHICAL COLONY PRECINCT","CODE":"116/143","REMARKS":" ","CREATED_US":" ","LAST_EDITE":" ","SUB_PRECINCT_NAME":"THEOSOPHICAL COLONY PRECINCT"},"geometry":{"type":"Polygon","coordinates":[[[72.82601535557593,19.099259357581957],[72.82573451213254,19.100207306154875],[72.82588604089734,19.100684567873486],[72.82718343969461,19.100890627776373],[72.82751493170267,19.099654324258427],[72.82601535557593,19.099259357581957]]]}},{"type":"Feature","properties":{"layer":"DP_78","label":"Heritage precinct","confidence":"confirmed","NAME":"VERSOVA VILLAGE PRECINCT","CODE":"143/179","REMARKS":" ","CREATED_US":" ","LAST_EDITE":" ","SUB_PRECINCT_NAME":"VERSOVA VILLAGE PRECINCT"},"geometry":{"type":"Polygon","coordinates":[[[72.80772379292755,19.139600288080484],[72.80615899108052,19.139048506208844],[72.80515598899522,19.139610264637355],[72.80395044985444,19.14123128437562],[72.80477063743793,19.143578210164673],[72.80537602204325,19.14406696756687],[72.8056358400124,19.144735468116696],[72.80669190657724,19.14428466129687],[72.80709710280966,19.14463029954065],[72.80740848020532,19.14446235006054],[72.80742530094965,19.143825659572197],[72.80700601761507,19.143106910624454],[72.80700499517224,19.142740860225555],[72.8074105083252,19.14266418449556],[72.80722065164146,19.141675095893305],[72.80738787432439,19.14075828765022],[72.80708802689756,19.14067918158918],[72.80691101890942,19.140145250065],[72.80772379292755,19.139600288080484]]]}},{"type":"Feature","properties":{"layer":"DP_78","label":"Heritage precinct","confidence":"confirmed","NAME":"MADH VILLAGE PRECINCT","CODE":"178/226","REMARKS":" ","CREATED_US":" ","LAST_EDITE":" ","SUB_PRECINCT_NAME":"MADH VILLAGE PRECINCT"},"geometry":{"type":"Polygon","coordinates":[[[72.79009069364812,19.14477628549189],[72.79034645123275,19.144424175191446],[72.79095029978856,19.144499582562364],[72.79078947154791,19.144150062219147],[72.7909649961836,19.144078713372753],[72.79067697271157,19.143025144462722],[72.79010008016368,19.14300050498473],[72.7899424160259,19.14268187449422],[72.78984636394955,19.14156904089145],[72.7905739703454,19.139659469540394],[72.79008221235685,19.138848389738918],[72.78855224946375,19.139278487941045],[72.78813055495054,19.1402638682705],[72.78820385790551,19.14186254424877],[72.78798924008223,19.142336536316076],[72.78804860673102,19.142967790570573],[72.78899161676966,19.144536467757106],[72.79009069364812,19.14477628549189]]]}},{"type":"Feature","properties":{"layer":"DP_78","label":"Heritage precinct","confidence":"confirmed","NAME":"ERRANGALN VILLAGE PRECINCT","CODE":"176/224","REMARKS":"Part portion of Beach is shown in Data card","CREATED_US":" ","LAST_EDITE":" ","SUB_PRECINCT_NAME":"ERRANGALN VILLAGE PRECINCT"},"geometry":{"type":"Polygon","coordinates":[[[72.78431219338664,19.16399883984952],[72.78448714537416,19.164242826146467],[72.78523281999217,19.164209994861647],[72.78617583369123,19.16328833700665],[72.78415241540372,19.162365058548737],[72.78351950721478,19.163480899763563],[72.78431778207012,19.163760268733906],[72.78431219338664,19.16399883984952]]]}},{"type":"Feature","properties":{"layer":"DP_78","label":"Heritage precinct","confidence":"confirmed","NAME":"AKSA VILLAGE PRECINCT","CODE":"175/223","REMARKS":" ","CREATED_US":" ","LAST_EDITE":" ","SUB_PRECINCT_NAME":"AKSA VILLAGE PRECINCT"},"geometry":{"type":"Polygon","coordinates":[[[72.79692329603466,19.176584056577507],[72.79734847867523,19.17679566098145],[72.79791309068017,19.176279549076746],[72.79797658652627,19.175610292892927],[72.79714515206763,19.175937050244347],[72.79692329603466,19.176584056577507]]]}},{"type":"Feature","properties":{"layer":"DP_78","label":"Heritage precinct","confidence":"confirmed","NAME":"OLD MALAD PRECINCT","CODE":"146/182","REMARKS":" ","CREATED_US":" ","LAST_EDITE":" ","SUB_PRECINCT_NAME":"OLD MALAD PRECINCT"},"geometry":{"type":"Polygon","coordinates":[[[72.84355512552769,19.184277601934625],[72.8439446679256,19.184418910106555],[72.84400839143244,19.18384699062309],[72.8437726384511,19.18375321921656],[72.84416174680655,19.18335780051028],[72.84359532153107,19.183123970748365],[72.8429035534455,19.183232263480683],[72.84257713057696,19.182713166583948],[72.8422338399917,19.182756712532157],[72.84168006553875,19.183386885555333],[72.84191000435666,19.184198197272963],[72.8416884130562,19.18461123865393],[72.84219039159875,19.184578987286677],[72.84229023628774,19.185156707488204],[72.84297870828547,19.18522464912374],[72.84299803883624,19.185632124333182],[72.84339092585137,19.185391812411545],[72.84355512552769,19.184277601934625]]]}},{"type":"Feature","properties":{"layer":"DP_78","label":"Heritage precinct","confidence":"confirmed","NAME":"ZAKARIA PATEL COLONY PRECINCT","CODE":"148/185","REMARKS":" ","CREATED_US":" ","LAST_EDITE":" ","SUB_PRECINCT_NAME":"ZAKARIA PATEL COLONY PRECINCT"},"geometry":{"type":"Polygon","coordinates":[[[72.84585014569305,19.186251264371254],[72.8455485420902,19.187015326394597],[72.8456389931241,19.18763836327208],[72.8462848409038,19.187743929602696],[72.84606654910974,19.18699933917002],[72.8464580462575,19.18710206360381],[72.84652190019632,19.186928760504777],[72.84585014569305,19.186251264371254]]]}},{"type":"Feature","properties":{"layer":"DP_78","label":"Heritage precinct","confidence":"confirmed","NAME":"RATHODI VILLAGE PRECINCT","CODE":"172/220","REMARKS":" ","CREATED_US":" ","LAST_EDITE":" ","SUB_PRECINCT_NAME":"RATHODI VILLAGE PRECINCT"},"geometry":{"type":"Polygon","coordinates":[[[72.81583398403484,19.195654702324074],[72.81564212759133,19.195520470600975],[72.81533241908606,19.195796204608257],[72.8156044948416,19.196567373848097],[72.81699798115257,19.196538263253878],[72.81668009199282,19.195355114312527],[72.81629633783076,19.195518827438427],[72.81614544680161,19.1952726137892],[72.8161502952121,19.19553066426486],[72.81583398403484,19.195654702324074]]]}},{"type":"Feature","properties":{"layer":"DP_78","label":"Heritage precinct","confidence":"confirmed","NAME":"MARVE VILLAGE PRECINCT","CODE":"174/222","REMARKS":" ","CREATED_US":" ","LAST_EDITE":" ","SUB_PRECINCT_NAME":"MARVE VILLAGE PRECINCT"},"geometry":{"type":"Polygon","coordinates":[[[72.79876106896857,19.196025908154105],[72.79960147708141,19.19581841721084],[72.79934290461631,19.195114096780177],[72.79902646634702,19.195015068476398],[72.79863874059214,19.195381301934173],[72.79876106896857,19.196025908154105]]]}},{"type":"Feature","properties":{"layer":"DP_78","label":"Heritage precinct","confidence":"confirmed","NAME":"MANORI VILLAGE PRECINCT","CODE":"183/231","REMARKS":" ","CREATED_US":" ","LAST_EDITE":" ","SUB_PRECINCT_NAME":"MANORI VILLAGE PRECINCT"},"geometry":{"type":"Polygon","coordinates":[[[72.78487911481432,19.20825930669941],[72.7864652042054,19.20668227087185],[72.7872130208784,19.205479768862606],[72.78684896891242,19.205365724563226],[72.78691578233054,19.205115722662594],[72.78644426817813,19.204549761457383],[72.78615706754589,19.204843596563286],[72.78582127520387,19.204757123768875],[72.78436664884136,19.206218693725575],[72.78388405531946,19.20642037147621],[72.78151707631555,19.206787787717488],[72.7804933222953,19.206588655879123],[72.78037937762093,19.206761833384096],[72.78037497583585,19.207603321149627],[72.78087596652855,19.209461455945384],[72.78320741906808,19.209321069248055],[72.78487911481432,19.20825930669941]]]}},{"type":"Feature","properties":{"layer":"DP_78","label":"Heritage precinct","confidence":"confirmed","NAME":"GORAI VILLAGE PRECINCT","CODE":"180/228","REMARKS":" ","CREATED_US":" ","LAST_EDITE":" ","SUB_PRECINCT_NAME":"GORAI VILLAGE PRECINCT"},"geometry":{"type":"Polygon","coordinates":[[[72.78185725366069,19.242637533916884],[72.78243648298373,19.242028752685712],[72.78317176924921,19.241842025306763],[72.78304810711391,19.241358116005948],[72.78376776320559,19.241027895557867],[72.78395282490595,19.24064147227255],[72.78365288066814,19.240224366597598],[72.78386387558733,19.23993410634699],[72.78302509258494,19.239453590971575],[72.78329730826488,19.23907430106856],[72.78303914025497,19.237762541770856],[72.78268680703509,19.237361964983123],[72.77990409366231,19.238084904088563],[72.7809841143189,19.2395522918616],[72.78168441791216,19.241704647614565],[72.78107580789512,19.242168785672956],[72.78118001229367,19.242432049291164],[72.78185725366069,19.242637533916884]]]}},{"type":"Feature","properties":{"layer":"DP_78","label":"Heritage precinct","confidence":"confirmed","NAME":"KANDIVALI POINSUR PRECINCT","CODE":"155/197","REMARKS":" ","CREATED_US":" ","LAST_EDITE":" ","SUB_PRECINCT_NAME":"KANDIVALI POINSUR PRECINCT"},"geometry":{"type":"Polygon","coordinates":[[[72.85311724356123,19.212379916062464],[72.85291703249516,19.21214188170442],[72.85309651380322,19.212124256428318],[72.85312535798192,19.21166972895826],[72.85181300285984,19.211439442801776],[72.85128171676878,19.21170111794826],[72.85188889661218,19.213061215542595],[72.8518074145493,19.21338613612294],[72.852475916441,19.213524591056704],[72.8524834597129,19.21371009894334],[72.85133016793901,19.213880366622856],[72.85175955459147,19.214641086835115],[72.85128434043044,19.214865042392137],[72.85283085044502,19.215587311491714],[72.85291082504408,19.21480582651761],[72.8532072874331,19.214568219149655],[72.85361316784098,19.21464083199765],[72.85311724356123,19.212379916062464]]]}},{"type":"Feature","properties":{"layer":"DP_78","label":"Heritage precinct","confidence":"confirmed","NAME":"BHATT CHALI PRECINCT","CODE":"161/205","REMARKS":" ","CREATED_US":" ","LAST_EDITE":" ","SUB_PRECINCT_NAME":"BHATT CHALI PRECINCT"},"geometry":{"type":"Polygon","coordinates":[[[72.85318127407216,19.226420351959028],[72.85313588503553,19.225677338624667],[72.85266579889002,19.225764537731308],[72.8527170224076,19.226423930068325],[72.85318127407216,19.226420351959028]]]}},{"type":"Feature","properties":{"layer":"DP_78","label":"Heritage precinct","confidence":"confirmed","NAME":"BABHAI VILLAGE PRECINCT SARASWATI NIWAS, PATIL HOUSE, CHOUGLE HOUSE, NARMADA","CODE":"165/211","REMARKS":" ","CREATED_US":" ","LAST_EDITE":" ","SUB_PRECINCT_NAME":"BABHAI VILLAGE PRECINCT SARASWATI NIWAS, PATIL HOUSE, CHOUGLE HOUSE, NARMADA"},"geometry":{"type":"Polygon","coordinates":[[[72.84736317764536,19.227330884100606],[72.84615124885302,19.227657670899763],[72.84662664529193,19.22813366785774],[72.84673033895801,19.229166120176888],[72.84774634864661,19.22908605406719],[72.84777236285277,19.227797736616658],[72.84736317764536,19.227330884100606]]]}},{"type":"Feature","properties":{"layer":"DP_78","label":"Heritage precinct","confidence":"confirmed","NAME":"BOMBAY GOWSHALA PRECINCT","CODE":"187/235","REMARKS":" ","CREATED_US":" ","CREATED_DA":-2209161600000,"LAST_EDITE":" ","LAST_EDI_1":-2209161600000,"SUB_PRECINCT_NAME":"BOMBAY GOWSHALA PRECINCT"},"geometry":{"type":"Polygon","coordinates":[[[72.85906902897192,19.199457765942686],[72.85866594642147,19.19978012562444],[72.85869468241404,19.200845295866085],[72.85825704728559,19.20153565043332],[72.86009427326321,19.20160917986808],[72.86110882016266,19.201325505420392],[72.86079217456489,19.20009074612752],[72.86001594480429,19.198997945680446],[72.85906902897192,19.199457765942686]],[[72.85985045809414,19.199118063695977],[72.85985298279371,19.19911795136269],[72.8598527717405,19.19912133157612],[72.85985045809414,19.199118063695977]]]}},{"type":"Feature","properties":{"layer":"DP_78","label":"Heritage precinct","confidence":"confirmed","NAME":"CHUIM VILLAGE PRECINCT","CODE":"565","REMARKS":" ","CREATED_US":" ","CREATED_DA":-2209161600000,"LAST_EDITE":" ","LAST_EDI_1":-2209161600000,"SUB_PRECINCT_NAME":"CHUIM VILLAGE PRECINCT"},"geometry":{"type":"Polygon","coordinates":[[[72.82512885223043,19.074280500561013],[72.82582169553805,19.074160488754586],[72.82617623339766,19.073424622696436],[72.82582059506964,19.073269822549438],[72.82616761321712,19.073097590062883],[72.82574792669058,19.07288034996675],[72.82564410927252,19.07329730846937],[72.8251700985569,19.07354611447671],[72.82512885223043,19.074280500561013]]]}},{"type":"Feature","properties":{"layer":"DP_78","label":"Heritage precinct","confidence":"confirmed","NAME":"SHERELY RAJAN VILLAGE PRECINCT","CODE":"587","REMARKS":" ","CREATED_US":" ","CREATED_DA":-2209161600000,"LAST_EDITE":" ","LAST_EDI_1":-2209161600000,"SUB_PRECINCT_NAME":"SHERELY RAJAN VILLAGE PRECINCT"},"geometry":{"type":"Polygon","coordinates":[[[72.8231965750602,19.069013394723704],[72.8234582903064,19.06810316618953],[72.8243732023375,19.067705183966698],[72.82478756443122,19.067163609188825],[72.82482284414137,19.065255028519832],[72.82429683764842,19.06512409778757],[72.82426604649451,19.065338558034092],[72.82334022735797,19.065541559469352],[72.82270549985633,19.067563794205807],[72.8227280328758,19.06814623442718],[72.8231965750602,19.069013394723704]]]}},{"type":"Feature","properties":{"layer":"DP_78","label":"Heritage precinct","confidence":"confirmed","NAME":"NEW KANTIWADI PRECINCT","CODE":"601","REMARKS":" ","CREATED_US":" ","CREATED_DA":-2209161600000,"LAST_EDITE":" ","LAST_EDI_1":-2209161600000,"SUB_PRECINCT_NAME":"NEW KANTIWADI PRECINCT"},"geometry":{"type":"Polygon","coordinates":[[[72.82381877795585,19.060970103737255],[72.8238991925247,19.061418706961756],[72.82453754911731,19.061198432325128],[72.82449285448013,19.060838451735698],[72.82414005599378,19.060685719159107],[72.82379423685516,19.06068164603019],[72.82381877795585,19.060970103737255]]]}},{"type":"Feature","properties":{"layer":"DP_78","label":"Heritage precinct","confidence":"confirmed","NAME":"RANWAL PRECINCT","CODE":"619","REMARKS":" ","CREATED_US":" ","CREATED_DA":-2209161600000,"LAST_EDITE":" ","LAST_EDI_1":-2209161600000,"SUB_PRECINCT_NAME":"RANWAL PRECINCT"},"geometry":{"type":"Polygon","coordinates":[[[72.82717248373405,19.05325128520847],[72.82730756176876,19.05332376394409],[72.82734490391809,19.05289445513902],[72.82717248373405,19.05325128520847]]]}},{"type":"Feature","properties":{"layer":"DP_78","label":"Heritage precinct","confidence":"confirmed","NAME":"BANDRA VILLAGE PRECINCT","CODE":"612","REMARKS":" ","CREATED_US":" ","CREATED_DA":-2209161600000,"LAST_EDITE":" ","LAST_EDI_1":-2209161600000,"SUB_PRECINCT_NAME":"BANDRA VILLAGE PRECINCT"},"geometry":{"type":"Polygon","coordinates":[[[72.82720415373926,19.053248658520417],[72.82731411115542,19.053308671014992],[72.82731207927152,19.0532611271712],[72.82720415373926,19.053248658520417]]]}},{"type":"Feature","properties":{"layer":"DP_78","label":"Heritage precinct","confidence":"confirmed","NAME":"BANDRA VILLAGE  PRECINCT","CODE":"612","REMARKS":" ","CREATED_US":" ","CREATED_DA":-2209161600000,"LAST_EDITE":" ","LAST_EDI_1":-2209161600000,"SUB_PRECINCT_NAME":"BANDRA VILLAGE  PRECINCT"},"geometry":{"type":"Polygon","coordinates":[[[72.82930786125446,19.0524782419652],[72.82887736005752,19.05225296944856],[72.82851563867438,19.051308799149137],[72.82828302777152,19.052036584928175],[72.82872340001805,19.054123713666183],[72.82981886696714,19.053763831793347],[72.83056778141865,19.05385001993389],[72.83079077133347,19.053401492948648],[72.82930786125446,19.0524782419652]]]}},{"type":"Feature","properties":{"layer":"DP_78","label":"Heritage precinct","confidence":"confirmed","NAME":"PARSI COLONY PRESINCT","CODE":"17/444","REMARKS":"CHE/33410/DP DT.23.02.2017","CREATED_US":" ","CREATED_DA":-2209161600000,"LAST_EDITE":" ","LAST_EDI_1":-2209161600000,"SUB_PRECINCT_NAME":"PARSI COLONY PRESINCT"},"geometry":{"type":"Polygon","coordinates":[[[72.85147157692748,19.017374349168925],[72.85080920357446,19.017813150765523],[72.84974816979087,19.01718138004981],[72.84945840647418,19.01736567602149],[72.84922214076147,19.017018147400037],[72.8485062690805,19.017470726471153],[72.8500324894582,19.019527832150377],[72.84960335921643,19.019863731956434],[72.85140387835399,19.02226893325124],[72.85236928777894,19.021578076686882],[72.85343416239645,19.022708120164467],[72.85355919711556,19.02240339640119],[72.85419435285907,19.022273213308843],[72.85426963066782,19.022602476505266],[72.85543527850277,19.022379037609493],[72.85473316952707,19.019370976989443],[72.85537220207475,19.01896915156485],[72.85510368551412,19.01860617944487],[72.85337333131599,19.017770143888114],[72.85301706695358,19.017092104873704],[72.85229486109188,19.01748693718836],[72.85191676000312,19.01702166377034],[72.85147157692748,19.017374349168925]]]}},{"type":"Feature","properties":{"layer":"DP_78","label":"Heritage precinct","confidence":"confirmed","NAME":"INDIA UNITED MILLS LIMITED NO 2 & 3","CODE":"1","REMARKS":"Sr No 1 Pricinct and Heritage Sr no 2 to 7","CREATED_US":" ","CREATED_DA":-2209161600000,"LAST_EDITE":" ","LAST_EDI_1":-2209161600000,"SUB_PRECINCT_NAME":"INDIA UNITED MILLS LIMITED NO 2 & 3"},"geometry":{"type":"Polygon","coordinates":[[[72.83987737472354,18.98751853849083],[72.84036798435069,18.988069710136845],[72.8410958708112,18.988093845663798],[72.84135192181363,18.987844878517535],[72.84132899800542,18.985484410216475],[72.83804982215095,18.985690060503227],[72.83987737472354,18.98751853849083]]]}},{"type":"Feature","properties":{"layer":"DP_79","label":"Heritage buffer","confidence":"confirmed","SCANTION_N":" ","SCANTION_D":" ","NAME":"FORT OPP. BEACH IN VERSOVA BUFFER","GRADE":" ","HER_NUMBER":"100 MT","REMARK":" ","BUFFER":0},"geometry":{"type":"Polygon","coordinates":[[[72.79444016524364,19.13378362340457],[72.79565652470053,19.1334595747149],[72.7961054875034,19.13231156293389],[72.79569600104271,19.131189144768225],[72.79478369366198,19.130736767301137],[72.79391909908855,19.131034002910727],[72.79346337395766,19.132148553082835],[72.79356744819864,19.133335404619697],[72.79444016524364,19.13378362340457]]]}},{"type":"Feature","properties":{"layer":"DP_79","label":"Heritage buffer","confidence":"confirmed","SCANTION_N":" ","SCANTION_D":" ","NAME":"MAHIM FORT BUFFER","GRADE":" ","HER_NUMBER":" ","REMARK":" ","BUFFER":0},"geometry":{"type":"Polygon","coordinates":[[[72.83836172519597,19.043300328562335],[72.83893559932721,19.043675483849363],[72.83881913208033,19.044241024561668],[72.83899772085529,19.044568150230212],[72.83997762730787,19.042849497025884],[72.83992578648707,19.04215693334148],[72.83982254639893,19.04186371071849],[72.83856347913392,19.041887630555735],[72.83770303875897,19.041288100510226],[72.83753094181576,19.04088735533346],[72.83740217579503,19.04248432260702],[72.83771783731046,19.042961971131714],[72.83836172519597,19.043300328562335]]]}},{"type":"Feature","properties":{"layer":"DP_79","label":"Heritage buffer","confidence":"confirmed","SCANTION_N":" ","SCANTION_D":" ","NAME":"WORLI FORT BUFFER","GRADE":" ","HER_NUMBER":" ","REMARK":" ","BUFFER":0},"geometry":{"type":"Polygon","coordinates":[[[72.81668824946493,19.024929516106866],[72.81731583688723,19.024058852890956],[72.81820143555842,19.023377426061145],[72.81586028718674,19.022305280403227],[72.81563703089762,19.024454409425914],[72.8143949128114,19.026850621975647],[72.81551753184986,19.026200473605353],[72.81668824946493,19.024929516106866]]]}},{"type":"Feature","properties":{"layer":"DP_79","label":"Heritage buffer","confidence":"confirmed","SCANTION_N":" ","SCANTION_D":" ","NAME":"SION FORT BUFFER","GRADE":" ","HER_NUMBER":"100 MT","REMARK":"CHE/33410/DP DT.23.02.2017","BUFFER":100},"geometry":{"type":"MultiPolygon","coordinates":[[[[72.8642855572647,19.044270401827486],[72.8653572658359,19.046094962191667],[72.86559945277,19.048268423750894],[72.86701235536198,19.047720664902645],[72.86756929921123,19.048255967819795],[72.86919013110712,19.048963438981946],[72.86914999954988,19.046014602264542],[72.86824742570309,19.04323251507408],[72.86717029467127,19.043855225100156],[72.8642855572647,19.044270401827486]]],[[[72.86428451347078,19.044270543304222],[72.8642855572647,19.044270401827486],[72.86428467476213,19.044268998777873],[72.86428451347078,19.044270543304222]]]]}},{"type":"Feature","properties":{"layer":"DP_79","label":"Heritage buffer","confidence":"confirmed","SCANTION_N":" ","SCANTION_D":" ","NAME":"SION FORT ASI BUFFER","GRADE":" ","HER_NUMBER":"ASI BUFFER 300 MT","REMARK":"CHE/33410/DP DT.23.02.2017","BUFFER":300},"geometry":{"type":"Polygon","coordinates":[[[72.86764355227447,19.0422590620235],[72.86578001421982,19.04256428462804],[72.86481052528536,19.04308172631291],[72.86404404217556,19.044073198608235],[72.86371061504364,19.045647687562006],[72.8638218912101,19.047512701471508],[72.86434157280353,19.048639682989386],[72.8659247835547,19.049901535056037],[72.86746634996841,19.0503161699943],[72.86893108447764,19.050078856466367],[72.87001550329805,19.049502637091326],[72.87110947075666,19.04836662011024],[72.87150847188617,19.047016318085067],[72.87103777007474,19.045096389042023],[72.87030738863724,19.04361527230298],[72.86901504274543,19.042580979371927],[72.86764355227447,19.0422590620235]]]}},{"type":"Feature","properties":{"layer":"DP_79","label":"Heritage buffer","confidence":"confirmed","SCANTION_N":" ","SCANTION_D":" ","NAME":"KALA KILLA BUFFER","GRADE":" ","HER_NUMBER":" ","REMARK":" ","BUFFER":0},"geometry":{"type":"Polygon","coordinates":[[[72.86066501178047,19.050526627933504],[72.85920181593299,19.050595978149108],[72.85863595352498,19.051252491277292],[72.85872002307752,19.051456095202823],[72.8608554570999,19.051950994548456],[72.86066501178047,19.050526627933504]]]}},{"type":"Feature","properties":{"layer":"DP_79","label":"Heritage buffer","confidence":"confirmed","SCANTION_N":" ","SCANTION_D":" ","NAME":"CASTELLA DE AGUADA BUFFER","GRADE":" ","HER_NUMBER":"100 MT","REMARK":" ","BUFFER":0},"geometry":{"type":"Polygon","coordinates":[[[72.81722692770684,19.043327725044307],[72.81972813429499,19.043004775358288],[72.82008820291209,19.042277735953963],[72.81879755035686,19.041282913811315],[72.81826428235874,19.041225566323252],[72.81775956170715,19.041771653422202],[72.81722692770684,19.043327725044307]]]}},{"type":"Feature","properties":{"layer":"DP_79","label":"Heritage buffer","confidence":"confirmed","SCANTION_N":" ","SCANTION_D":" ","NAME":"MOUNT MARRY BUFFER","GRADE":" ","HER_NUMBER":"100 MT","REMARK":" ","BUFFER":0},"geometry":{"type":"Polygon","coordinates":[[[72.823141049444,19.045871908390698],[72.82194068725538,19.045876443344465],[72.82185602999348,19.04695007469198],[72.82220887529162,19.04694682616616],[72.82220381315904,19.047244899288824],[72.82251430603289,19.04677945662465],[72.82376013045177,19.046820975606455],[72.82462277511087,19.047417785485738],[72.82404682166019,19.046501320618084],[72.82366554892403,19.04638791276534],[72.82359581396959,19.045859703985244],[72.823141049444,19.045871908390698]]]}},{"type":"Feature","properties":{"layer":"DP_79","label":"Heritage buffer","confidence":"confirmed","SCANTION_N":" ","SCANTION_D":" ","NAME":"BANDRA RAILWAY STATION BUFFER","GRADE":" ","HER_NUMBER":"100 MT","REMARK":" ","BUFFER":0},"geometry":{"type":"Polygon","coordinates":[[[72.84130673780454,19.05604143273032],[72.84152691673204,19.054120303174738],[72.83957115827154,19.053954149018196],[72.83931281515166,19.055864638593047],[72.83949838576729,19.055926853260427],[72.83970435487666,19.055568598772616],[72.84130673780454,19.05604143273032]]]}},{"type":"Feature","properties":{"layer":"DP_79","label":"Heritage buffer","confidence":"confirmed","SCANTION_N":" ","SCANTION_D":" ","NAME":"SHIVAJI PARK BUFFER","GRADE":" ","HER_NUMBER":" ","REMARK":" ","BUFFER":0},"geometry":{"type":"Polygon","coordinates":[[[72.83630364942482,19.02624341736739],[72.83815461346799,19.02967278175827],[72.84055673240805,19.028262548731746],[72.8400859082926,19.026149028477224],[72.83916299075608,19.025192071697575],[72.83787173840518,19.02502921181611],[72.8361896820384,19.025910975143752],[72.83630364942482,19.02624341736739]]]}},{"type":"Feature","properties":{"layer":"DP_79","label":"Heritage buffer","confidence":"confirmed","SCANTION_N":" ","SCANTION_D":" ","NAME":"SEWEREE FORT BUFFER","GRADE":" ","HER_NUMBER":" ","REMARK":" ","BUFFER":0},"geometry":{"type":"Polygon","coordinates":[[[72.85976492843571,19.000748776413367],[72.86064683311976,19.00247054912962],[72.86239913207052,19.002292252829715],[72.86222168587501,19.001953930450306],[72.86106893124332,19.002158890791968],[72.86082388988974,19.00066955474807],[72.86007205545273,18.998957245275342],[72.8597778084656,18.998804677163278],[72.85934469982861,18.99980310873001],[72.85976492843571,19.000748776413367]]]}},{"type":"Feature","properties":{"layer":"DP_79","label":"Heritage buffer","confidence":"confirmed","SCANTION_N":" ","SCANTION_D":" ","NAME":"MONOLATHIC BASS OF SHIVA MANDIR (BARA DEVI) ASI BUFFER","GRADE":" ","HER_NUMBER":"300 MT ASI BUFFER","REMARK":" ","BUFFER":300},"geometry":{"type":"Polygon","coordinates":[[[72.84737471106591,19.003523062392535],[72.84829234412693,19.003389935103513],[72.84926189746305,19.002872448011047],[72.8499493755417,19.002041485791413],[72.85025021673148,19.0010235304229],[72.85011863277796,18.9999735515524],[72.84957461002034,18.99905131400038],[72.84870104143322,18.99839737826427],[72.84744458779967,18.998103211932325],[72.84635174032677,18.99829677496316],[72.84541994198442,18.998873406719714],[72.84479098960172,18.9997454021354],[72.84456075802346,19.000779885831975],[72.84476422495773,19.001819431666082],[72.8453704798844,19.002705861775322],[72.84628715020405,19.003304065273863],[72.84737471106591,19.003523062392535]]]}},{"type":"Feature","properties":{"layer":"DP_79","label":"Heritage buffer","confidence":"confirmed","SCANTION_N":" ","SCANTION_D":" ","NAME":" ","GRADE":" ","HER_NUMBER":" ","REMARK":" ","BUFFER":0},"geometry":{"type":"Polygon","coordinates":[[[72.81172374990118,18.960065654650165],[72.81153635632735,18.95963410596011],[72.81124432703456,18.95982553637369],[72.81172374990118,18.960065654650165]]]}},{"type":"Feature","properties":{"layer":"DP_79","label":"Heritage buffer","confidence":"confirmed","SCANTION_N":"TPB-4315/1721/CR-149/2016/UD-11","SCANTION_D":"29.10.2016","NAME":" ","GRADE":"III","HER_NUMBER":" ","REMARK":"CHE/33410/DP DT.23.02.2017","BUFFER":0},"geometry":{"type":"Polygon","coordinates":[[[72.81038790332116,18.956997954150783],[72.81190910212784,18.956363126382406],[72.81278401400988,18.95634630218783],[72.81336583064564,18.95576113957589],[72.81484525197095,18.955157588800848],[72.8153934593042,18.954260430509276],[72.8135221697221,18.95549550229981],[72.81160110251265,18.956140150064495],[72.81005242020335,18.956205862282722],[72.80814732223024,18.955578003070368],[72.8083219830585,18.956047506171064],[72.80962894712592,18.956594227563606],[72.81024232712704,18.95651403167999],[72.81038790332116,18.956997954150783]]]}},{"type":"Feature","properties":{"layer":"DP_79","label":"Heritage buffer","confidence":"confirmed","SCANTION_N":" ","SCANTION_D":" ","NAME":"JOGESHWARI CAVES BUFFER","GRADE":" ","HER_NUMBER":"100 MT","REMARK":" ","BUFFER":0},"geometry":{"type":"Polygon","coordinates":[[[72.85757113167487,19.137746369037544],[72.85651558060563,19.137929947416666],[72.85599500420676,19.13841271359436],[72.8558998431742,19.139440278081395],[72.85633550586584,19.1399938220852],[72.85689027582418,19.140140353738822],[72.85827569542191,19.13995200636001],[72.85897519471706,19.13941991739933],[72.85892514028187,19.138181275105374],[72.85850297650359,19.137843679316635],[72.85757113167487,19.137746369037544]]]}},{"type":"Feature","properties":{"layer":"DP_79","label":"Heritage buffer","confidence":"confirmed","SCANTION_N":" ","SCANTION_D":" ","NAME":"JOGESHWARI CAVES BUFFER","GRADE":" ","HER_NUMBER":"ASI BUFFER 300 MT","REMARK":" ","BUFFER":0},"geometry":{"type":"Polygon","coordinates":[[[72.85759168783869,19.135905927566746],[72.85531102176039,19.13646313847021],[72.85451486082665,19.13720146899777],[72.85412117602934,19.138000998859454],[72.85397022498942,19.13932145581873],[72.85424574535469,19.140351521882785],[72.85491203725236,19.14119811096315],[72.85604635292005,19.141791469692944],[72.85723660489472,19.14189355156203],[72.85932850065585,19.141474520744655],[72.86033937025061,19.140705577775513],[72.86084355261899,19.13976318349131],[72.860928583964,19.13814360680157],[72.86029213429283,19.136878171784012],[72.85907523949754,19.13608471521931],[72.85759168783869,19.135905927566746]]]}},{"type":"Feature","properties":{"layer":"DP_79","label":"Heritage buffer","confidence":"confirmed","SCANTION_N":" ","SCANTION_D":" ","NAME":"MAHAKALI CAVES BUFFER","GRADE":" ","HER_NUMBER":"100 MT","REMARK":" ","BUFFER":0},"geometry":{"type":"Polygon","coordinates":[[[72.87332567220038,19.12900747511959],[72.87253936506325,19.129364907848608],[72.8721631903435,19.13033828407551],[72.87283346058182,19.13194038131897],[72.8736449636295,19.132301227021475],[72.87499279826751,19.131605869046787],[72.87526327526906,19.130794072537082],[72.87464619343766,19.129615562535378],[72.87332567220038,19.12900747511959]]]}},{"type":"Feature","properties":{"layer":"DP_79","label":"Heritage buffer","confidence":"confirmed","SCANTION_N":" ","SCANTION_D":" ","NAME":"MAHAKALI CAVES BUFFER","GRADE":" ","HER_NUMBER":"ASI BUFFER 300 MT","REMARK":" ","BUFFER":0},"geometry":{"type":"Polygon","coordinates":[[[72.87812527886425,19.130974773855367],[72.87777595128662,19.12930478822155],[72.8768944153986,19.12790982033259],[72.87515480263713,19.12671988983196],[72.87385650057043,19.126306728010167],[72.87227027700312,19.12640571264759],[72.87088938550912,19.12708651490329],[72.86996411478384,19.128131486445096],[72.86934414369244,19.129752707149724],[72.8694527024072,19.131272103678167],[72.87045586234532,19.13341463184541],[72.87164921172415,19.134477228277085],[72.87304774428361,19.1349465626032],[72.87485590362274,19.13477676745881],[72.87679578301388,19.133675868902905],[72.8777537988178,19.132488342909806],[72.87812527886425,19.130974773855367]]]}},{"type":"Feature","properties":{"layer":"DP_79","label":"Heritage buffer","confidence":"confirmed","SCANTION_N":" ","SCANTION_D":" ","NAME":" ","GRADE":" ","HER_NUMBER":" ","REMARK":" ","BUFFER":0},"geometry":{"type":"Polygon","coordinates":[[[72.9054871740265,19.202947417164605],[72.90460722737812,19.203222526244254],[72.90397202613904,19.203763614554912],[72.90235345047952,19.208084339467785],[72.90246122734465,19.208989237584532],[72.90382850304597,19.2119212224768],[72.9048682082844,19.21278253210196],[72.90536001105808,19.21289510062327],[72.90675950307875,19.212159086865757],[72.90730166633072,19.211406435313233],[72.90850579652168,19.207285757119315],[72.9077361142826,19.204303801707287],[72.9067866216263,19.203263699635038],[72.9054871740265,19.202947417164605]]]}},{"type":"Feature","properties":{"layer":"DP_79","label":"Heritage buffer","confidence":"confirmed","SCANTION_N":" ","SCANTION_D":" ","NAME":" ","GRADE":" ","HER_NUMBER":" ","REMARK":" ","BUFFER":0},"geometry":{"type":"Polygon","coordinates":[[[72.85339383850256,19.246586911913102],[72.85465939486564,19.245967296167773],[72.85495669615688,19.24552546368966],[72.85486063217833,19.24444261943971],[72.85431940878556,19.24398045758178],[72.85258252597752,19.244189141439467],[72.8520615713826,19.244671857667672],[72.85213649761707,19.245964711700694],[72.85339383850256,19.246586911913102]]]}},{"type":"Feature","properties":{"layer":"DP_79","label":"Heritage buffer","confidence":"confirmed","SCANTION_N":" ","SCANTION_D":" ","NAME":"GRADE I HERITAGE SITE BUFFER/ VISTA","GRADE":" ","HER_NUMBER":" ","REMARK":" ","BUFFER":0},"geometry":{"type":"Polygon","coordinates":[[[72.83435800006227,18.932737775785924],[72.8353259521345,18.933197734471587],[72.83582370516056,18.933129993944938],[72.83578664405738,18.933588143477156],[72.83676103760877,18.933601628874648],[72.83662775775903,18.932893511202597],[72.83695954874433,18.931753813258318],[72.83671233766914,18.931179581009772],[72.83546751996047,18.930402460765016],[72.83497669852446,18.930666613298147],[72.83256441190255,18.930746158492298],[72.83257461440456,18.9314225946732],[72.83177319867322,18.9316368290115],[72.83206898755539,18.93274850725568],[72.83435800006227,18.932737775785924]]]}},{"type":"Feature","properties":{"layer":"DP_79","label":"Heritage buffer","confidence":"confirmed","SCANTION_N":" ","SCANTION_D":" ","NAME":"GRADE I HERITAGE SITE BUFFER/ VISTA","GRADE":" ","HER_NUMBER":" ","REMARK":" ","BUFFER":0},"geometry":{"type":"Polygon","coordinates":[[[72.83685121651769,18.934322129764414],[72.83686276649023,18.93575069467217],[72.83744680355348,18.935766965790105],[72.83685121651769,18.934322129764414]]]}},{"type":"Feature","properties":{"layer":"DP_79","label":"Heritage buffer","confidence":"confirmed","SCANTION_N":" ","SCANTION_D":" ","NAME":" GRADE I HERITAGE SITE BUFFER/ VISTA","GRADE":" ","HER_NUMBER":" ","REMARK":" ","BUFFER":0},"geometry":{"type":"Polygon","coordinates":[[[72.83989986714299,18.93387890269051],[72.84008278382832,18.93464772762543],[72.8402829234086,18.93459083036283],[72.8402180907839,18.934336214638844],[72.84057477820015,18.934383960413786],[72.84030207566428,18.933791045308155],[72.83989986714299,18.93387890269051]]]}},{"type":"Feature","properties":{"layer":"DP_79","label":"Heritage buffer","confidence":"confirmed","SCANTION_N":" ","SCANTION_D":" ","NAME":" GRADE I HERITAGE SITE BUFFER/ VISTA","GRADE":" ","HER_NUMBER":" ","REMARK":" ","BUFFER":0},"geometry":{"type":"Polygon","coordinates":[[[72.83300659849199,18.940872576070923],[72.83388992401721,18.94197378522588],[72.83448667675259,18.942083957486556],[72.83918665594562,18.941072530954784],[72.83824812734403,18.937529677383882],[72.83608537489783,18.93813606719821],[72.83466038935532,18.93785513322748],[72.83380003015387,18.938063601896772],[72.83415430990763,18.93958350415939],[72.83382566986928,18.940243485418048],[72.83300659849199,18.940872576070923]]]}},{"type":"Feature","properties":{"layer":"DP_79","label":"Heritage buffer","confidence":"confirmed","SCANTION_N":" ","SCANTION_D":" ","NAME":"GRADE I HERITAGE SITE BUFFER/ VISTA","GRADE":" ","HER_NUMBER":" ","REMARK":" ","BUFFER":0},"geometry":{"type":"Polygon","coordinates":[[[72.83510227394164,18.9484884034746],[72.83564201664683,18.948378992819865],[72.83524400833507,18.946304260481064],[72.83405038365514,18.946306204735208],[72.83377627132832,18.94601924228201],[72.83326512813149,18.946848993850093],[72.8318394798638,18.94612504065105],[72.83510227394164,18.9484884034746]]]}},{"type":"Feature","properties":{"layer":"DP_79","label":"Heritage buffer","confidence":"confirmed","SCANTION_N":" ","SCANTION_D":" ","NAME":"GRADE I HERITAGE SITE BUFFER/ VISTA","GRADE":" ","HER_NUMBER":" ","REMARK":" ","BUFFER":0},"geometry":{"type":"Polygon","coordinates":[[[72.83352595739643,18.92202542324917],[72.83280571861843,18.922305288493227],[72.83307003165379,18.92285065050874],[72.83219011594464,18.924018236479256],[72.8333013295381,18.924303440648508],[72.83366303869113,18.923868687487143],[72.83487095350691,18.92359996160164],[72.83680604075386,18.921581722887993],[72.83280846080505,18.918224033205075],[72.83195630534233,18.918384365743474],[72.83352595739643,18.92202542324917]]]}},{"type":"Feature","properties":{"layer":"DP_79","label":"Heritage buffer","confidence":"confirmed","SCANTION_N":" ","SCANTION_D":" ","NAME":"GRADE I HERITAGE SITE BUFFER/ VISTA","GRADE":" ","HER_NUMBER":" ","REMARK":" ","BUFFER":0},"geometry":{"type":"Polygon","coordinates":[[[72.83272469767982,18.92751860359119],[72.83402267843086,18.92657441690858],[72.83352988041698,18.92585332456891],[72.83424822944791,18.925068994286068],[72.83330284370082,18.924304965874384],[72.83219011594464,18.924018236479256],[72.8318671773518,18.925329283403396],[72.82972386579806,18.9257678348219],[72.8274855737112,18.92543049105365],[72.82775737166156,18.93174454659478],[72.82743088090874,18.931745391732328],[72.82736780753578,18.932292361124134],[72.82701140256603,18.93255721444624],[72.82708196087309,18.932947332884886],[72.82776942725098,18.933228520109502],[72.82748648068718,18.934684210153538],[72.83121942715242,18.93464163702013],[72.83140458175623,18.93366120993189],[72.83235355398008,18.933493510754705],[72.83153052329396,18.930893634378716],[72.83153261799964,18.92846676812889],[72.83272469767982,18.92751860359119]]]}},{"type":"Feature","properties":{"layer":"DP_79","label":"Heritage buffer","confidence":"confirmed","SCANTION_N":" ","SCANTION_D":" ","NAME":"GRADE I HERITAGE SITE BUFFER/ VISTA","GRADE":" ","HER_NUMBER":" ","REMARK":" ","BUFFER":0},"geometry":{"type":"Polygon","coordinates":[[[72.81795261255043,18.907572100575194],[72.81636459503954,18.9058195901134],[72.81513806752237,18.90597721838391],[72.81482112295602,18.906360244849267],[72.8161113757096,18.907683717556488],[72.8175547177942,18.907901338381162],[72.81795261255043,18.907572100575194]]]}},{"type":"Feature","properties":{"layer":"DP_79","label":"Heritage buffer","confidence":"confirmed","SCANTION_N":" ","SCANTION_D":" ","NAME":" GRADE I HERITAGE SITE BUFFER/ VISTA","GRADE":" ","HER_NUMBER":" ","REMARK":" ","BUFFER":0},"geometry":{"type":"Polygon","coordinates":[[[72.82484394053539,18.915160238359853],[72.8250052344593,18.915265819763313],[72.82547227063176,18.91491768263358],[72.824800803677,18.914214873312062],[72.82502716579287,18.913837574138466],[72.82456887514415,18.913544353520702],[72.82471008674798,18.91309868002014],[72.82419528277617,18.91260799984638],[72.8233123469768,18.913524209487843],[72.82484394053539,18.915160238359853]]]}}]}